t,phi,alpha,theta,phi_dot,alpha_dot,theta_dot,tau
0.0010,0.000000,-0.000000,0.150000,0.0000,0.0000,0.0000,0.00
0.0020,0.000000,-0.000000,0.150000,0.0003,-0.0004,0.0007,0.00
0.0030,0.000001,-0.000001,0.150002,0.0005,-0.0008,0.0014,0.00
0.0040,0.000001,-0.000002,0.150004,0.0008,-0.0013,0.0022,0.00
0.0050,0.000002,-0.000004,0.150006,0.0010,-0.0018,0.0031,0.00
0.0060,0.000003,-0.000006,0.150010,0.0013,-0.0023,0.0040,0.00
0.0070,0.000005,-0.000008,0.150015,0.0015,-0.0029,0.0050,0.00
0.0080,0.000006,-0.000012,0.150020,0.0017,-0.0035,0.0061,0.00
0.0090,0.000008,-0.000016,0.150027,0.0019,-0.0042,0.0072,0.00
0.0100,0.000010,-0.000020,0.150035,0.0021,-0.0049,0.0086,0.00
0.0110,0.000012,-0.000026,0.150044,0.0022,-0.0058,0.0100,0.00
0.0120,0.000015,-0.000032,0.150055,0.0023,-0.0067,0.0116,0.00
0.0130,0.000017,-0.000039,0.150068,0.0024,-0.0077,0.0133,0.00
0.0140,0.000020,-0.000048,0.150082,0.0025,-0.0088,0.0152,0.00
0.0150,0.000022,-0.000057,0.150099,0.0026,-0.0100,0.0173,0.00
0.0160,0.000025,-0.000068,0.150118,0.0026,-0.0113,0.0196,0.00
0.0170,0.000027,-0.000080,0.150139,0.0026,-0.0127,0.0220,0.00
0.0180,0.000030,-0.000094,0.150162,0.0025,-0.0142,0.0247,0.00
0.0190,0.000032,-0.000109,0.150189,0.0024,-0.0159,0.0276,0.00
0.0200,0.000035,-0.000126,0.150218,0.0023,-0.0177,0.0307,0.00
0.0210,0.000037,-0.000145,0.150251,0.0021,-0.0196,0.0340,0.00
0.0220,0.000039,-0.000166,0.150287,0.0019,-0.0216,0.0375,0.00
0.0230,0.000041,-0.000189,0.150327,0.0017,-0.0238,0.0413,0.00
0.0240,0.000042,-0.000215,0.150370,0.0014,-0.0261,0.0454,0.00
0.0250,0.000043,-0.000242,0.150418,0.0011,-0.0286,0.0496,0.00
0.0260,0.000044,-0.000273,0.150471,0.0007,-0.0312,0.0542,0.00
0.0270,0.000045,-0.000306,0.150528,0.0003,-0.0339,0.0590,0.00
0.0280,0.000045,-0.000341,0.150589,-0.0001,-0.0368,0.0640,0.00
0.0290,0.000044,-0.000380,0.150657,-0.0006,-0.0399,0.0693,0.00
0.0300,0.000043,-0.000422,0.150729,-0.0012,-0.0431,0.0749,0.00
0.0310,0.000042,-0.000468,0.150807,-0.0018,-0.0464,0.0807,0.00
0.0320,0.000040,-0.000516,0.150892,-0.0024,-0.0499,0.0868,0.00
0.0330,0.000037,-0.000569,0.150982,-0.0031,-0.0536,0.0932,0.00
0.0340,0.000033,-0.000625,0.151079,-0.0038,-0.0574,0.0999,0.00
0.0350,0.000029,-0.000685,0.151183,-0.0046,-0.0613,0.1068,0.00
0.0360,0.000024,-0.000749,0.151294,-0.0054,-0.0655,0.1140,0.00
0.0370,0.000018,-0.000817,0.151413,-0.0062,-0.0697,0.1214,0.00
0.0380,0.000011,-0.000890,0.151539,-0.0072,-0.0741,0.1291,0.00
0.0390,0.000003,-0.000967,0.151672,-0.0081,-0.0787,0.1371,0.00
0.0400,-0.000005,-0.001049,0.151814,-0.0091,-0.0834,0.1453,0.00
0.0410,-0.000015,-0.001136,0.151965,-0.0101,-0.0883,0.1537,0.00
0.0420,-0.000026,-0.001227,0.152123,-0.0112,-0.0933,0.1624,0.00
0.0430,-0.000038,-0.001324,0.152291,-0.0124,-0.0984,0.1714,0.00
0.0440,-0.000051,-0.001426,0.152468,-0.0135,-0.1037,0.1806,0.00
0.0450,-0.000065,-0.001533,0.152654,-0.0148,-0.1091,0.1900,0.00
0.0460,-0.000081,-0.001646,0.152850,-0.0160,-0.1146,0.1996,0.00
0.0470,-0.000098,-0.001765,0.153055,-0.0173,-0.1203,0.2095,0.00
0.0480,-0.000116,-0.001889,0.153271,-0.0186,-0.1261,0.2196,0.00
0.0490,-0.000135,-0.002019,0.153497,-0.0200,-0.1320,0.2298,0.00
0.0500,-0.000156,-0.002155,0.153733,-0.0214,-0.1381,0.2403,0.00
0.0510,-0.000178,-0.002297,0.153979,-0.0229,-0.1442,0.2509,0.00
0.0520,-0.000202,-0.002445,0.154237,-0.0244,-0.1505,0.2618,0.00
0.0530,-0.000228,-0.002600,0.154505,-0.0259,-0.1569,0.2728,0.00
0.0540,-0.000254,-0.002761,0.154785,-0.0274,-0.1633,0.2839,0.00
0.0550,-0.000283,-0.002928,0.155075,-0.0290,-0.1699,0.2952,0.00
0.0560,-0.000313,-0.003103,0.155377,-0.0306,-0.1765,0.3066,0.00
0.0570,-0.000344,-0.003284,0.155691,-0.0322,-0.1833,0.3182,0.00
0.0580,-0.000378,-0.003471,0.156016,-0.0339,-0.1901,0.3298,0.00
0.0590,-0.000413,-0.003666,0.156353,-0.0356,-0.1970,0.3416,0.00
0.0600,-0.000449,-0.003867,0.156702,-0.0373,-0.2040,0.3535,0.00
0.0610,-0.000488,-0.004076,0.157063,-0.0390,-0.2110,0.3654,0.00
0.0620,-0.000528,-0.004291,0.157436,-0.0408,-0.2181,0.3774,0.00
0.0630,-0.000570,-0.004514,0.157821,-0.0425,-0.2252,0.3895,0.00
0.0640,-0.000613,-0.004743,0.158218,-0.0443,-0.2324,0.4016,0.00
0.0650,-0.000659,-0.004980,0.158627,-0.0461,-0.2396,0.4138,0.00
0.0660,-0.000706,-0.005224,0.159049,-0.0479,-0.2468,0.4260,0.00
0.0670,-0.000755,-0.005476,0.159482,-0.0497,-0.2541,0.4381,0.00
0.0680,-0.000806,-0.005734,0.159928,-0.0515,-0.2613,0.4503,0.00
0.0690,-0.000858,-0.006000,0.160386,-0.0533,-0.2686,0.4625,0.00
0.0700,-0.000913,-0.006273,0.160856,-0.0552,-0.2759,0.4746,0.00
0.0710,-0.000969,-0.006554,0.161338,-0.0570,-0.2832,0.4867,0.00
0.0720,-0.001027,-0.006841,0.161833,-0.0588,-0.2905,0.4987,0.00
0.0730,-0.001087,-0.007136,0.162339,-0.0606,-0.2977,0.5107,0.00
0.0740,-0.001149,-0.007438,0.162857,-0.0624,-0.3049,0.5226,0.00
0.0750,-0.001213,-0.007747,0.163388,-0.0642,-0.3121,0.5343,0.00
0.0760,-0.001278,-0.008064,0.163929,-0.0660,-0.3192,0.5460,0.00
0.0770,-0.001345,-0.008387,0.164483,-0.0677,-0.3263,0.5576,0.00
0.0780,-0.001414,-0.008718,0.165048,-0.0695,-0.3333,0.5690,0.00
0.0790,-0.001484,-0.009056,0.165624,-0.0712,-0.3403,0.5803,0.00
0.0800,-0.001557,-0.009400,0.166211,-0.0729,-0.3471,0.5914,0.00
0.0810,-0.001631,-0.009751,0.166810,-0.0746,-0.3539,0.6024,0.00
0.0820,-0.001706,-0.010109,0.167419,-0.0762,-0.3606,0.6132,0.00
0.0830,-0.001783,-0.010474,0.168039,-0.0778,-0.3672,0.6238,0.00
0.0840,-0.001862,-0.010845,0.168670,-0.0794,-0.3737,0.6342,0.00
0.0850,-0.001943,-0.011222,0.169311,-0.0809,-0.3801,0.6443,0.00
0.0860,-0.002024,-0.011606,0.169961,-0.0824,-0.3863,0.6543,0.00
0.0870,-0.002108,-0.011996,0.170622,-0.0839,-0.3924,0.6640,0.00
0.0880,-0.002192,-0.012392,0.171292,-0.0853,-0.3984,0.6735,0.00
0.0890,-0.002279,-0.012794,0.171972,-0.0867,-0.4042,0.6828,0.00
0.0900,-0.002366,-0.013202,0.172660,-0.0880,-0.4098,0.6918,0.00
0.0910,-0.002455,-0.013615,0.173358,-0.0892,-0.4153,0.7005,0.00
0.0920,-0.002545,-0.014034,0.174064,-0.0905,-0.4207,0.7089,0.00
0.0930,-0.002636,-0.014457,0.174778,-0.0916,-0.4259,0.7171,0.00
0.0940,-0.002728,-0.014886,0.175500,-0.0927,-0.4308,0.7250,0.00
0.0950,-0.002822,-0.015320,0.176230,-0.0938,-0.4357,0.7326,0.00
0.0960,-0.002916,-0.015759,0.176967,-0.0948,-0.4403,0.7399,0.00
0.0970,-0.003012,-0.016202,0.177712,-0.0957,-0.4447,0.7469,0.00
0.0980,-0.003108,-0.016649,0.178463,-0.0966,-0.4489,0.7537,0.00
0.0990,-0.003205,-0.017101,0.179221,-0.0974,-0.4530,0.7601,0.00
0.1000,-0.003303,-0.017556,0.179984,-0.0981,-0.4568,0.7662,0.00
0.1010,-0.003401,-0.018015,0.180754,-0.0988,-0.4605,0.7720,0.00
0.1020,-0.003500,-0.018478,0.181530,-0.0994,-0.4639,0.7775,0.00
0.1030,-0.003600,-0.018944,0.182311,-0.0999,-0.4671,0.7827,0.00
0.1040,-0.003700,-0.019413,0.183096,-0.1004,-0.4701,0.7876,0.00
0.1050,-0.003801,-0.019885,0.183887,-0.1008,-0.4729,0.7922,0.00
0.1060,-0.003902,-0.020360,0.184682,-0.1012,-0.4756,0.7965,0.00
0.1070,-0.004003,-0.020837,0.185481,-0.1014,-0.4780,0.8005,0.00
0.1080,-0.004105,-0.021316,0.186283,-0.1017,-0.4802,0.8042,0.00
0.1090,-0.004207,-0.021798,0.187090,-0.1018,-0.4822,0.8076,0.00
0.1100,-0.004309,-0.022281,0.187899,-0.1019,-0.4840,0.8108,0.00
0.1110,-0.004410,-0.022766,0.188712,-0.1019,-0.4856,0.8137,0.00
0.1120,-0.004512,-0.023253,0.189527,-0.1019,-0.4871,0.8164,0.00
0.1130,-0.004614,-0.023741,0.190345,-0.1018,-0.4883,0.8187,0.00
0.1140,-0.004716,-0.024230,0.191165,-0.1016,-0.4894,0.8209,0.00
0.1150,-0.004817,-0.024720,0.191987,-0.1014,-0.4903,0.8228,0.00
0.1160,-0.004919,-0.025211,0.192811,-0.1012,-0.4911,0.8245,0.00
0.1170,-0.005020,-0.025703,0.193636,-0.1009,-0.4917,0.8261,0.00
0.1180,-0.005120,-0.026195,0.194463,-0.1005,-0.4922,0.8274,0.00
0.1190,-0.005221,-0.026688,0.195291,-0.1001,-0.4926,0.8285,0.00
0.1200,-0.005321,-0.027180,0.196120,-0.0997,-0.4928,0.8295,0.00
0.1210,-0.005420,-0.027673,0.196950,-0.0992,-0.4929,0.8303,0.00
0.1220,-0.005519,-0.028166,0.197780,-0.0987,-0.4930,0.8311,0.00
0.1230,-0.005617,-0.028659,0.198612,-0.0982,-0.4929,0.8317,0.00
0.1240,-0.005715,-0.029152,0.199444,-0.0977,-0.4928,0.8322,0.00
0.1250,-0.005813,-0.029645,0.200276,-0.0971,-0.4926,0.8326,0.00
0.1260,-0.005909,-0.030138,0.201109,-0.0965,-0.4924,0.8329,0.00
0.1270,-0.006005,-0.030630,0.201942,-0.0959,-0.4921,0.8333,0.00
0.1280,-0.006101,-0.031122,0.202775,-0.0953,-0.4919,0.8336,0.00
0.1290,-0.006196,-0.031614,0.203609,-0.0947,-0.4916,0.8339,0.00
0.1300,-0.006290,-0.032105,0.204443,-0.0941,-0.4914,0.8342,0.00
0.1310,-0.006384,-0.032596,0.205278,-0.0935,-0.4912,0.8345,0.00
0.1320,-0.006477,-0.033087,0.206112,-0.0929,-0.4910,0.8350,0.00
0.1330,-0.006569,-0.033578,0.206948,-0.0923,-0.4909,0.8354,0.00
0.1340,-0.006661,-0.034069,0.207784,-0.0918,-0.4909,0.8360,0.00
0.1350,-0.006753,-0.034560,0.208620,-0.0913,-0.4910,0.8367,0.00
0.1360,-0.006844,-0.035051,0.209457,-0.0908,-0.4912,0.8376,0.00
0.1370,-0.006934,-0.035542,0.210296,-0.0903,-0.4915,0.8386,0.00
0.1380,-0.007024,-0.036034,0.211135,-0.0899,-0.4920,0.8397,0.00
0.1390,-0.007114,-0.036526,0.211976,-0.0896,-0.4926,0.8411,0.00
0.1400,-0.007203,-0.037019,0.212818,-0.0893,-0.4934,0.8427,0.00
0.1410,-0.007293,-0.037513,0.213662,-0.0891,-0.4944,0.8445,0.00
0.1420,-0.007382,-0.038008,0.214508,-0.0889,-0.4956,0.8466,0.00
0.1430,-0.007470,-0.038504,0.215356,-0.0888,-0.4971,0.8489,0.00
0.1440,-0.007559,-0.039002,0.216206,-0.0888,-0.4987,0.8515,0.00
0.1450,-0.007648,-0.039502,0.217060,-0.0888,-0.5007,0.8545,0.00
0.1460,-0.007737,-0.040004,0.217917,-0.0890,-0.5029,0.8577,0.00
0.1470,-0.007826,-0.040508,0.218777,-0.0892,-0.5053,0.8613,0.00
0.1480,-0.007915,-0.041015,0.219641,-0.0896,-0.5081,0.8653,0.00
0.1490,-0.008005,-0.041525,0.220509,-0.0900,-0.5112,0.8696,0.00
0.1500,-0.008096,-0.042038,0.221381,-0.0905,-0.5146,0.8743,0.00
0.1510,-0.008186,-0.042555,0.222259,-0.0912,-0.5183,0.8794,0.00
0.1520,-0.008278,-0.043076,0.223142,-0.0919,-0.5224,0.8849,0.00
0.1530,-0.008370,-0.043601,0.224031,-0.0928,-0.5268,0.8908,0.00
0.1540,-0.008464,-0.044130,0.224925,-0.0938,-0.5316,0.8972,0.00
0.1550,-0.008558,-0.044665,0.225827,-0.0949,-0.5368,0.9040,0.00
0.1560,-0.008654,-0.045205,0.226736,-0.0961,-0.5423,0.9112,0.00
0.1570,-0.008751,-0.045751,0.227652,-0.0974,-0.5482,0.9189,0.00
0.1580,-0.008849,-0.046303,0.228576,-0.0989,-0.5546,0.9271,0.00
0.1590,-0.008949,-0.046861,0.229508,-0.1005,-0.5613,0.9357,0.00
0.1600,-0.009051,-0.047427,0.230450,-0.1023,-0.5684,0.9448,0.00
0.1610,-0.009154,-0.048000,0.231400,-0.1042,-0.5759,0.9544,0.00
0.1620,-0.009260,-0.048581,0.232361,-0.1062,-0.5838,0.9644,0.00
0.1630,-0.009367,-0.049170,0.233332,-0.1083,-0.5922,0.9750,0.00
0.1640,-0.009477,-0.049767,0.234314,-0.1106,-0.6009,0.9860,0.00
0.1650,-0.009589,-0.050374,0.235307,-0.1131,-0.6101,0.9975,0.00
0.1660,-0.009704,-0.050990,0.236312,-0.1156,-0.6196,1.0094,0.00
0.1670,-0.009821,-0.051615,0.237329,-0.1183,-0.6296,1.0218,0.00
0.1680,-0.009941,-0.052251,0.238359,-0.1212,-0.6400,1.0347,0.00
0.1690,-0.010064,-0.052898,0.239402,-0.1241,-0.6508,1.0481,0.00
0.1700,-0.010190,-0.053556,0.240458,-0.1272,-0.6619,1.0619,0.00
0.1710,-0.010319,-0.054225,0.241529,-0.1305,-0.6735,1.0762,0.00
0.1720,-0.010452,-0.054906,0.242614,-0.1339,-0.6855,1.0908,0.00
0.1730,-0.010588,-0.055599,0.243715,-0.1374,-0.6978,1.1060,0.00
0.1740,-0.010728,-0.056305,0.244830,-0.1410,-0.7105,1.1215,0.00
0.1750,-0.010871,-0.057023,0.245962,-0.1447,-0.7235,1.1374,0.00
0.1760,-0.011018,-0.057755,0.247109,-0.1486,-0.7369,1.1537,0.00
0.1770,-0.011169,-0.058501,0.248273,-0.1526,-0.7507,1.1704,0.00
0.1780,-0.011324,-0.059260,0.249454,-0.1567,-0.7647,1.1875,0.00
0.1790,-0.011484,-0.060034,0.250652,-0.1609,-0.7791,1.2048,0.00
0.1800,-0.011647,-0.060822,0.251868,-0.1652,-0.7938,1.2225,0.00
0.1810,-0.011815,-0.061625,0.253102,-0.1696,-0.8087,1.2406,0.00
0.1820,-0.011987,-0.062443,0.254354,-0.1741,-0.8239,1.2588,0.00
0.1830,-0.012164,-0.063277,0.255624,-0.1786,-0.8394,1.2774,0.00
0.1840,-0.012346,-0.064126,0.256913,-0.1833,-0.8551,1.2962,0.00
0.1850,-0.012532,-0.064991,0.258221,-0.1881,-0.8710,1.3152,0.00
0.1860,-0.012723,-0.065872,0.259548,-0.1929,-0.8871,1.3344,0.00
0.1870,-0.012919,-0.066770,0.260895,-0.1977,-0.9034,1.3538,0.00
0.1880,-0.013120,-0.067683,0.262261,-0.2027,-0.9198,1.3733,0.00
0.1890,-0.013326,-0.068613,0.263646,-0.2076,-0.9363,1.3929,0.00
0.1900,-0.013536,-0.069560,0.265051,-0.2126,-0.9530,1.4126,0.00
0.1910,-0.013752,-0.070523,0.266476,-0.2177,-0.9697,1.4324,0.00
0.1920,-0.013973,-0.071504,0.267921,-0.2228,-0.9865,1.4522,0.00
0.1930,-0.014199,-0.072501,0.269386,-0.2278,-1.0033,1.4721,0.00
0.1940,-0.014430,-0.073514,0.270870,-0.2329,-1.0202,1.4919,0.00
0.1950,-0.014666,-0.074545,0.272374,-0.2380,-1.0370,1.5117,0.00
0.1960,-0.014907,-0.075593,0.273898,-0.2431,-1.0538,1.5313,0.00
0.1970,-0.015154,-0.076657,0.275442,-0.2482,-1.0705,1.5509,0.00
0.1980,-0.015405,-0.077738,0.277005,-0.2532,-1.0871,1.5704,0.00
0.1990,-0.015661,-0.078835,0.278588,-0.2582,-1.1037,1.5896,0.00
0.2000,-0.015923,-0.079949,0.280189,-0.2632,-1.1200,1.6087,0.00
0.2010,-0.016189,-0.081079,0.281810,-0.2681,-1.1362,1.6276,0.00
0.2020,-0.016460,-0.082226,0.283449,-0.2730,-1.1522,1.6462,0.00
0.2030,-0.016736,-0.083388,0.285107,-0.2777,-1.1680,1.6645,0.00
0.2040,-0.017017,-0.084566,0.286783,-0.2824,-1.1835,1.6825,0.00
0.2050,-0.017302,-0.085759,0.288476,-0.2870,-1.1987,1.7002,0.00
0.2060,-0.017592,-0.086967,0.290187,-0.2916,-1.2137,1.7175,0.00
0.2070,-0.017886,-0.088190,0.291915,-0.2960,-1.2283,1.7344,0.00
0.2080,-0.018185,-0.089427,0.293660,-0.3002,-1.2425,1.7509,0.00
0.2090,-0.018488,-0.090678,0.295421,-0.3044,-1.2564,1.7669,0.00
0.2100,-0.018795,-0.091943,0.297198,-0.3084,-1.2699,1.7824,0.00
0.2110,-0.019106,-0.093222,0.298989,-0.3123,-1.2829,1.7975,0.00
0.2120,-0.019420,-0.094513,0.300796,-0.3160,-1.2955,1.8121,0.00
0.2130,-0.019738,-0.095816,0.302617,-0.3196,-1.3076,1.8261,0.00
0.2140,-0.020060,-0.097131,0.304451,-0.3230,-1.3193,1.8395,0.00
0.2150,-0.020385,-0.098458,0.306299,-0.3263,-1.3304,1.8524,0.00
0.2160,-0.020713,-0.099795,0.308159,-0.3293,-1.3410,1.8647,0.00
0.2170,-0.021045,-0.101142,0.310031,-0.3322,-1.3511,1.8763,0.00
0.2180,-0.021379,-0.102500,0.311914,-0.3349,-1.3606,1.8874,0.00
0.2190,-0.021715,-0.103866,0.313808,-0.3374,-1.3695,1.8978,0.00
0.2200,-0.022054,-0.105241,0.315711,-0.3397,-1.3778,1.9075,0.00
0.2210,-0.022395,-0.106624,0.317624,-0.3418,-1.3856,1.9166,0.00
0.2220,-0.022738,-0.108015,0.319546,-0.3437,-1.3927,1.9251,0.00
0.2230,-0.023083,-0.109412,0.321476,-0.3454,-1.3993,1.9328,0.00
0.2240,-0.023429,-0.110815,0.323413,-0.3469,-1.4052,1.9399,0.00
0.2250,-0.023777,-0.112224,0.325357,-0.3481,-1.4105,1.9464,0.00
0.2260,-0.024126,-0.113638,0.327306,-0.3492,-1.4152,1.9521,0.00
0.2270,-0.024475,-0.115056,0.329261,-0.3501,-1.4193,1.9572,0.00
0.2280,-0.024826,-0.116478,0.331221,-0.3507,-1.4227,1.9616,0.00
0.2290,-0.025177,-0.117903,0.333185,-0.3511,-1.4256,1.9654,0.00
0.2300,-0.025528,-0.119331,0.335152,-0.3513,-1.4278,1.9685,0.00
0.2310,-0.025879,-0.120760,0.337122,-0.3514,-1.4295,1.9710,0.00
0.2320,-0.026231,-0.122191,0.339094,-0.3512,-1.4306,1.9729,0.00
0.2330,-0.026582,-0.123622,0.341067,-0.3508,-1.4311,1.9742,0.00
0.2340,-0.026932,-0.125054,0.343041,-0.3502,-1.4311,1.9749,0.00
0.2350,-0.027282,-0.126485,0.345016,-0.3495,-1.4306,1.9751,0.00
0.2360,-0.027631,-0.127915,0.346991,-0.3486,-1.4295,1.9747,0.00
0.2370,-0.027979,-0.129344,0.348965,-0.3475,-1.4280,1.9738,0.00
0.2380,-0.028325,-0.130771,0.350937,-0.3462,-1.4260,1.9725,0.00
0.2390,-0.028671,-0.132196,0.352908,-0.3448,-1.4236,1.9706,0.00
0.2400,-0.029015,-0.133618,0.354877,-0.3433,-1.4208,1.9684,0.00
0.2410,-0.029357,-0.135038,0.356844,-0.3416,-1.4176,1.9658,0.00
0.2420,-0.029697,-0.136453,0.358808,-0.3398,-1.4141,1.9628,0.00
0.2430,-0.030036,-0.137865,0.360768,-0.3379,-1.4103,1.9595,0.00
0.2440,-0.030372,-0.139273,0.362725,-0.3359,-1.4062,1.9559,0.00
0.2450,-0.030707,-0.140677,0.364679,-0.3338,-1.4019,1.9521,0.00
0.2460,-0.031039,-0.142076,0.366628,-0.3316,-1.3973,1.9481,0.00
0.2470,-0.031370,-0.143471,0.368574,-0.3294,-1.3927,1.9439,0.00
0.2480,-0.031698,-0.144860,0.370515,-0.3271,-1.3879,1.9397,0.00
0.2490,-0.032023,-0.146245,0.372452,-0.3248,-1.3830,1.9353,0.00
0.2500,-0.032347,-0.147625,0.374385,-0.3225,-1.3781,1.9309,0.00
0.2510,-0.032668,-0.149000,0.376313,-0.3202,-1.3733,1.9265,0.00
0.2520,-0.032986,-0.150371,0.378237,-0.3179,-1.3685,1.9222,0.00
0.2530,-0.033303,-0.151736,0.380156,-0.3156,-1.3638,1.9180,0.00
0.2540,-0.033617,-0.153097,0.382072,-0.3134,-1.3592,1.9139,0.00
0.2550,-0.033929,-0.154453,0.383984,-0.3112,-1.3548,1.9101,0.00
0.2560,-0.034239,-0.155805,0.385892,-0.3092,-1.3507,1.9064,0.00
0.2570,-0.034547,-0.157153,0.387796,-0.3072,-1.3468,1.9031,0.00
0.2580,-0.034853,-0.158498,0.389698,-0.3053,-1.3433,1.9001,0.00
0.2590,-0.035157,-0.159839,0.391596,-0.3035,-1.3401,1.8974,0.00
0.2600,-0.035460,-0.161177,0.393492,-0.3019,-1.3373,1.8951,0.00
0.2610,-0.035761,-0.162512,0.395387,-0.3004,-1.3350,1.8933,0.00
0.2620,-0.036060,-0.163846,0.397279,-0.2991,-1.3331,1.8920,0.00
0.2630,-0.036359,-0.165178,0.399171,-0.2980,-1.3318,1.8912,0.00
0.2640,-0.036656,-0.166509,0.401063,-0.2970,-1.3310,1.8910,0.00
0.2650,-0.036953,-0.167839,0.402954,-0.2963,-1.3308,1.8913,0.00
0.2660,-0.037248,-0.169170,0.404846,-0.2958,-1.3312,1.8923,0.00
0.2670,-0.037544,-0.170501,0.406740,-0.2955,-1.3323,1.8939,0.00
0.2680,-0.037839,-0.171834,0.408635,-0.2954,-1.3340,1.8962,0.00
0.2690,-0.038135,-0.173170,0.410534,-0.2956,-1.3365,1.8992,0.00
0.2700,-0.038431,-0.174508,0.412435,-0.2961,-1.3397,1.9030,0.00
0.2710,-0.038727,-0.175849,0.414341,-0.2968,-1.3436,1.9075,0.00
0.2720,-0.039025,-0.177195,0.416252,-0.2977,-1.3483,1.9127,0.00
0.2730,-0.039323,-0.178547,0.418169,-0.2990,-1.3538,1.9188,0.00
0.2740,-0.039623,-0.179904,0.420092,-0.3005,-1.3601,1.9256,0.00
0.2750,-0.039925,-0.181268,0.422023,-0.3024,-1.3672,1.9333,0.00
0.2760,-0.040228,-0.182640,0.423962,-0.3045,-1.3751,1.9417,0.00
0.2770,-0.040534,-0.184020,0.425909,-0.3069,-1.3838,1.9510,0.00
0.2780,-0.040843,-0.185409,0.427867,-0.3096,-1.3934,1.9611,0.00
0.2790,-0.041154,-0.186809,0.429835,-0.3126,-1.4037,1.9720,0.00
0.2800,-0.041469,-0.188219,0.431814,-0.3159,-1.4149,1.9837,0.00
0.2810,-0.041787,-0.189641,0.433806,-0.3194,-1.4269,1.9962,0.00
0.2820,-0.042109,-0.191076,0.435810,-0.3233,-1.4397,2.0095,0.00
0.2830,-0.042435,-0.192524,0.437829,-0.3274,-1.4533,2.0236,0.00
0.2840,-0.042765,-0.193986,0.439862,-0.3319,-1.4676,2.0385,0.00
0.2850,-0.043100,-0.195463,0.441910,-0.3366,-1.4828,2.0540,0.00
0.2860,-0.043439,-0.196955,0.443974,-0.3415,-1.4986,2.0703,0.00
0.2870,-0.043784,-0.198464,0.446055,-0.3468,-1.5151,2.0873,0.00
0.2880,-0.044134,-0.199989,0.448153,-0.3522,-1.5323,2.1049,0.00
0.2890,-0.044490,-0.201533,0.450269,-0.3579,-1.5501,2.1232,0.00
0.2900,-0.044852,-0.203094,0.452404,-0.3639,-1.5686,2.1420,0.00
0.2910,-0.045219,-0.204675,0.454558,-0.3700,-1.5876,2.1614,0.00
0.2920,-0.045593,-0.206274,0.456732,-0.3764,-1.6072,2.1813,0.00
0.2930,-0.045974,-0.207894,0.458926,-0.3829,-1.6272,2.2017,0.00
0.2940,-0.046361,-0.209534,0.461141,-0.3896,-1.6477,2.2225,0.00
0.2950,-0.046755,-0.211194,0.463376,-0.3964,-1.6686,2.2437,0.00
0.2960,-0.047155,-0.212876,0.465633,-0.4034,-1.6898,2.2652,0.00
0.2970,-0.047563,-0.214579,0.467912,-0.4105,-1.7114,2.2870,0.00
0.2980,-0.047978,-0.216304,0.470213,-0.4177,-1.7332,2.3090,0.00
0.2990,-0.048401,-0.218051,0.472536,-0.4250,-1.7552,2.3312,0.00
0.3000,-0.048830,-0.219820,0.474881,-0.4324,-1.7773,2.3535,0.00
0.3010,-0.049267,-0.221611,0.477248,-0.4397,-1.7995,2.3759,0.00
0.3020,-0.049712,-0.223425,0.479638,-0.4472,-1.8218,2.3983,0.00
0.3030,-0.050163,-0.225260,0.482050,-0.4546,-1.8440,2.4206,0.00
0.3040,-0.050622,-0.227118,0.484485,-0.4620,-1.8661,2.4428,0.00
0.3050,-0.051089,-0.228998,0.486941,-0.4693,-1.8881,2.4649,0.00
0.3060,-0.051563,-0.230900,0.489420,-0.4766,-1.9099,2.4867,0.00
0.3070,-0.052044,-0.232823,0.491920,-0.4838,-1.9314,2.5082,0.00
0.3080,-0.052532,-0.234768,0.494442,-0.4909,-1.9526,2.5294,0.00
0.3090,-0.053028,-0.236733,0.496984,-0.4979,-1.9735,2.5503,0.00
0.3100,-0.053530,-0.238720,0.499547,-0.5047,-1.9938,2.5706,0.00
0.3110,-0.054039,-0.240726,0.502130,-0.5114,-2.0137,2.5905,0.00
0.3120,-0.054554,-0.242752,0.504733,-0.5179,-2.0331,2.6098,0.00
0.3130,-0.055076,-0.244797,0.507355,-0.5242,-2.0519,2.6285,0.00
0.3140,-0.055604,-0.246860,0.509994,-0.5302,-2.0700,2.6465,0.00
0.3150,-0.056138,-0.248941,0.512652,-0.5360,-2.0874,2.6639,0.00
0.3160,-0.056677,-0.251039,0.515326,-0.5415,-2.1040,2.6805,0.00
0.3170,-0.057222,-0.253153,0.518017,-0.5468,-2.1199,2.6963,0.00
0.3180,-0.057772,-0.255283,0.520723,-0.5518,-2.1349,2.7113,0.00
0.3190,-0.058327,-0.257427,0.523443,-0.5564,-2.1490,2.7254,0.00
0.3200,-0.058886,-0.259584,0.526176,-0.5608,-2.1623,2.7386,0.00
0.3210,-0.059449,-0.261755,0.528923,-0.5648,-2.1746,2.7509,0.00
0.3220,-0.060016,-0.263937,0.531681,-0.5684,-2.1859,2.7622,0.00
0.3230,-0.060587,-0.266129,0.534450,-0.5717,-2.1962,2.7726,0.00
0.3240,-0.061160,-0.268332,0.537228,-0.5746,-2.2055,2.7820,0.00
0.3250,-0.061737,-0.270543,0.540015,-0.5772,-2.2138,2.7904,0.00
0.3260,-0.062315,-0.272761,0.542810,-0.5793,-2.2210,2.7977,0.00
0.3270,-0.062896,-0.274987,0.545612,-0.5811,-2.2272,2.8041,0.00
0.3280,-0.063478,-0.277217,0.548419,-0.5825,-2.2323,2.8094,0.00
0.3290,-0.064061,-0.279453,0.551231,-0.5835,-2.2363,2.8137,0.00
0.3300,-0.064645,-0.281691,0.554047,-0.5842,-2.2392,2.8170,0.00
0.3310,-0.065229,-0.283932,0.556865,-0.5844,-2.2411,2.8193,0.00
0.3320,-0.065814,-0.286174,0.559685,-0.5843,-2.2420,2.8206,0.00
0.3330,-0.066398,-0.288417,0.562506,-0.5837,-2.2419,2.8209,0.00
0.3340,-0.066981,-0.290658,0.565327,-0.5828,-2.2407,2.8203,0.00
0.3350,-0.067563,-0.292898,0.568146,-0.5816,-2.2386,2.8188,0.00
0.3360,-0.068143,-0.295135,0.570963,-0.5800,-2.2355,2.8164,0.00
0.3370,-0.068722,-0.297368,0.573777,-0.5780,-2.2315,2.8132,0.00
0.3380,-0.069299,-0.299597,0.576588,-0.5758,-2.2266,2.8091,0.00
0.3390,-0.069873,-0.301821,0.579394,-0.5732,-2.2210,2.8043,0.00
0.3400,-0.070445,-0.304038,0.582194,-0.5704,-2.2145,2.7988,0.00
0.3410,-0.071013,-0.306249,0.584989,-0.5672,-2.2073,2.7926,0.00
0.3420,-0.071578,-0.308451,0.587777,-0.5638,-2.1995,2.7858,0.00
0.3430,-0.072140,-0.310646,0.590558,-0.5602,-2.1910,2.7784,0.00
0.3440,-0.072697,-0.312832,0.593332,-0.5564,-2.1820,2.7705,0.00
0.3450,-0.073251,-0.315008,0.596097,-0.5523,-2.1725,2.7622,0.00
0.3460,-0.073801,-0.317175,0.598854,-0.5482,-2.1626,2.7535,0.00
0.3470,-0.074347,-0.319331,0.601601,-0.5438,-2.1524,2.7445,0.00
0.3480,-0.074888,-0.321477,0.604340,-0.5394,-2.1418,2.7353,0.00
0.3490,-0.075424,-0.323612,0.607069,-0.5349,-2.1311,2.7259,0.00
0.3500,-0.075956,-0.325737,0.609789,-0.5303,-2.1202,2.7163,0.00
0.3510,-0.076484,-0.327850,0.612500,-0.5257,-2.1093,2.7068,0.00
0.3520,-0.077006,-0.329952,0.615200,-0.5210,-2.0983,2.6972,0.00
0.3530,-0.077525,-0.332044,0.617892,-0.5164,-2.0875,2.6878,0.00
0.3540,-0.078038,-0.334125,0.620574,-0.5119,-2.0768,2.6785,0.00
0.3550,-0.078547,-0.336195,0.623247,-0.5074,-2.0664,2.6694,0.00
0.3560,-0.079052,-0.338255,0.625911,-0.5031,-2.0563,2.6606,0.00
0.3570,-0.079552,-0.340305,0.628566,-0.4988,-2.0465,2.6522,0.00
0.3580,-0.080049,-0.342345,0.631213,-0.4948,-2.0373,2.6442,0.00
0.3590,-0.080541,-0.344377,0.633853,-0.4909,-2.0285,2.6366,0.00
0.3600,-0.081030,-0.346400,0.636485,-0.4872,-2.0203,2.6296,0.00
0.3610,-0.081515,-0.348416,0.639111,-0.4838,-2.0128,2.6232,0.00
0.3620,-0.081996,-0.350424,0.641731,-0.4806,-2.0060,2.6175,0.00
0.3630,-0.082475,-0.352426,0.644345,-0.4777,-2.0000,2.6124,0.00
0.3640,-0.082951,-0.354422,0.646955,-0.4751,-1.9948,2.6081,0.00
0.3650,-0.083425,-0.356414,0.649561,-0.4728,-1.9904,2.6046,0.00
0.3660,-0.083896,-0.358402,0.652165,-0.4709,-1.9870,2.6018,0.00
0.3670,-0.084366,-0.360387,0.654765,-0.4693,-1.9845,2.6000,0.00
0.3680,-0.084835,-0.362370,0.657365,-0.4680,-1.9831,2.5990,0.00
0.3690,-0.085302,-0.364352,0.659964,-0.4672,-1.9826,2.5989,0.00
0.3700,-0.085769,-0.366335,0.662563,-0.4667,-1.9832,2.5997,0.00
0.3710,-0.086236,-0.368319,0.665164,-0.4666,-1.9849,2.6015,0.00
0.3720,-0.086702,-0.370305,0.667768,-0.4670,-1.9877,2.6043,0.00
0.3730,-0.087170,-0.372295,0.670374,-0.4677,-1.9916,2.6080,0.00
0.3740,-0.087638,-0.374289,0.672985,-0.4689,-1.9965,2.6127,0.00
0.3750,-0.088108,-0.376289,0.675601,-0.4705,-2.0026,2.6183,0.00
0.3760,-0.088580,-0.378296,0.678224,-0.4725,-2.0098,2.6249,0.00
0.3770,-0.089054,-0.380310,0.680853,-0.4749,-2.0180,2.6324,0.00
0.3780,-0.089530,-0.382334,0.683491,-0.4777,-2.0274,2.6408,0.00
0.3790,-0.090010,-0.384367,0.686137,-0.4808,-2.0378,2.6502,0.00
0.3800,-0.090493,-0.386412,0.688793,-0.4844,-2.0492,2.6604,0.00
0.3810,-0.090980,-0.388468,0.691461,-0.4884,-2.0615,2.6714,0.00
0.3820,-0.091471,-0.390538,0.694139,-0.4927,-2.0749,2.6833,0.00
0.3830,-0.091966,-0.392621,0.696830,-0.4974,-2.0891,2.6959,0.00
0.3840,-0.092467,-0.394720,0.699534,-0.5023,-2.1042,2.7092,0.00
0.3850,-0.092973,-0.396834,0.702252,-0.5076,-2.1201,2.7232,0.00
0.3860,-0.093484,-0.398964,0.704984,-0.5132,-2.1368,2.7378,0.00
0.3870,-0.094001,-0.401112,0.707731,-0.5191,-2.1542,2.7530,0.00
0.3880,-0.094523,-0.403277,0.710494,-0.5252,-2.1722,2.7687,0.00
0.3890,-0.095052,-0.405460,0.713273,-0.5315,-2.1907,2.7848,0.00
0.3900,-0.095588,-0.407663,0.716067,-0.5380,-2.2098,2.8013,0.00
0.3910,-0.096130,-0.409885,0.718879,-0.5447,-2.2292,2.8181,0.00
0.3920,-0.096679,-0.412126,0.721708,-0.5515,-2.2491,2.8352,0.00
0.3930,-0.097235,-0.414388,0.724554,-0.5584,-2.2692,2.8525,0.00
0.3940,-0.097798,-0.416669,0.727417,-0.5654,-2.2894,2.8698,0.00
0.3950,-0.098367,-0.418972,0.730297,-0.5724,-2.3098,2.8873,0.00
0.3960,-0.098944,-0.421294,0.733195,-0.5795,-2.3303,2.9046,0.00
0.3970,-0.099528,-0.423637,0.736111,-0.5866,-2.3506,2.9219,0.00
0.3980,-0.100119,-0.426000,0.739043,-0.5936,-2.3709,2.9391,0.00
0.3990,-0.100717,-0.428384,0.741993,-0.6005,-2.3910,2.9560,0.00
0.4000,-0.101322,-0.430787,0.744959,-0.6074,-2.4107,2.9726,0.00
0.4010,-0.101933,-0.433210,0.747942,-0.6141,-2.4301,2.9888,0.00
0.4020,-0.102552,-0.435652,0.750941,-0.6206,-2.4491,3.0046,0.00
0.4030,-0.103176,-0.438113,0.753955,-0.6270,-2.4675,3.0199,0.00
0.4040,-0.103807,-0.440592,0.756985,-0.6331,-2.4854,3.0347,0.00
0.4050,-0.104444,-0.443088,0.760028,-0.6390,-2.5026,3.0489,0.00
0.4060,-0.105086,-0.445601,0.763086,-0.6446,-2.5191,3.0624,0.00
0.4070,-0.105734,-0.448130,0.766156,-0.6499,-2.5348,3.0752,0.00
0.4080,-0.106387,-0.450674,0.769239,-0.6549,-2.5497,3.0873,0.00
0.4090,-0.107045,-0.453233,0.772334,-0.6596,-2.5637,3.0985,0.00
0.4100,-0.107708,-0.455805,0.775439,-0.6639,-2.5768,3.1090,0.00
0.4110,-0.108374,-0.458390,0.778554,-0.6679,-2.5888,3.1186,0.00
0.4120,-0.109044,-0.460986,0.781678,-0.6714,-2.5999,3.1273,0.00
0.4130,-0.109718,-0.463592,0.784811,-0.6746,-2.6099,3.1351,0.00
0.4140,-0.110394,-0.466208,0.787950,-0.6773,-2.6188,3.1420,0.00
0.4150,-0.111073,-0.468832,0.791096,-0.6796,-2.6266,3.1479,0.00
0.4160,-0.111754,-0.471463,0.794248,-0.6815,-2.6333,3.1530,0.00
0.4170,-0.112436,-0.474100,0.797403,-0.6830,-2.6389,3.1570,0.00
0.4180,-0.113120,-0.476742,0.800562,-0.6840,-2.6433,3.1601,0.00
0.4190,-0.113804,-0.479388,0.803724,-0.6845,-2.6466,3.1623,0.00
0.4200,-0.114489,-0.482036,0.806887,-0.6847,-2.6488,3.1636,0.00
0.4210,-0.115173,-0.484686,0.810051,-0.6844,-2.6499,3.1640,0.00
0.4220,-0.115857,-0.487336,0.813215,-0.6837,-2.6498,3.1635,0.00
0.4230,-0.116540,-0.489985,0.816378,-0.6825,-2.6488,3.1621,0.00
0.4240,-0.117222,-0.492633,0.819539,-0.6810,-2.6467,3.1599,0.00
0.4250,-0.117902,-0.495278,0.822697,-0.6791,-2.6436,3.1570,0.00
0.4260,-0.118579,-0.497920,0.825851,-0.6768,-2.6395,3.1533,0.00
0.4270,-0.119254,-0.500556,0.829002,-0.6741,-2.6346,3.1489,0.00
0.4280,-0.119927,-0.503188,0.832148,-0.6711,-2.6288,3.1438,0.00
0.4290,-0.120596,-0.505813,0.835288,-0.6678,-2.6223,3.1382,0.00
0.4300,-0.121261,-0.508431,0.838423,-0.6643,-2.6150,3.1320,0.00
0.4310,-0.121923,-0.511041,0.841551,-0.6604,-2.6071,3.1253,0.00
0.4320,-0.122581,-0.513643,0.844671,-0.6563,-2.5986,3.1182,0.00
0.4330,-0.123235,-0.516236,0.847785,-0.6521,-2.5896,3.1107,0.00
0.4340,-0.123884,-0.518820,0.850891,-0.6476,-2.5801,3.1029,0.00
0.4350,-0.124529,-0.521394,0.853989,-0.6430,-2.5704,3.0949,0.00
0.4360,-0.125169,-0.523958,0.857078,-0.6383,-2.5603,3.0867,0.00
0.4370,-0.125804,-0.526512,0.860160,-0.6335,-2.5501,3.0784,0.00
0.4380,-0.126435,-0.529056,0.863233,-0.6287,-2.5398,3.0700,0.00
0.4390,-0.127060,-0.531589,0.866298,-0.6238,-2.5295,3.0617,0.00
0.4400,-0.127681,-0.534112,0.869355,-0.6190,-2.5193,3.0534,0.00
0.4410,-0.128297,-0.536625,0.872403,-0.6142,-2.5092,3.0453,0.00
0.4420,-0.128909,-0.539128,0.875443,-0.6095,-2.4994,3.0374,0.00
0.4430,-0.129515,-0.541622,0.878476,-0.6050,-2.4899,3.0298,0.00
0.4440,-0.130117,-0.544106,0.881501,-0.6005,-2.4808,3.0225,0.00
0.4450,-0.130715,-0.546581,0.884519,-0.5963,-2.4722,3.0155,0.00
0.4460,-0.131309,-0.549048,0.887531,-0.5922,-2.4642,3.0090,0.00
0.4470,-0.131899,-0.551507,0.890536,-0.5884,-2.4568,3.0030,0.00
0.4480,-0.132485,-0.553960,0.893535,-0.5849,-2.4501,2.9975,0.00
0.4490,-0.133068,-0.556406,0.896530,-0.5817,-2.4441,2.9925,0.00
0.4500,-0.133648,-0.558846,0.899520,-0.5787,-2.4390,2.9882,0.00
0.4510,-0.134225,-0.561283,0.902505,-0.5761,-2.4348,2.9845,0.00
0.4520,-0.134799,-0.563715,0.905488,-0.5739,-2.4316,2.9815,0.00
0.4530,-0.135372,-0.566145,0.908468,-0.5720,-2.4292,2.9792,0.00
0.4540,-0.135943,-0.568573,0.911446,-0.5705,-2.4280,2.9776,0.00
0.4550,-0.136513,-0.571000,0.914422,-0.5694,-2.4277,2.9767,0.00
0.4560,-0.137082,-0.573428,0.917399,-0.5687,-2.4285,2.9765,0.00
0.4570,-0.137651,-0.575857,0.920375,-0.5685,-2.4304,2.9771,0.00
0.4580,-0.138219,-0.578289,0.923353,-0.5686,-2.4335,2.9785,0.00
0.4590,-0.138788,-0.580725,0.926333,-0.5692,-2.4376,2.9806,0.00
0.4600,-0.139358,-0.583166,0.929315,-0.5702,-2.4428,2.9834,0.00
0.4610,-0.139929,-0.585612,0.932300,-0.5716,-2.4492,2.9870,0.00
0.4620,-0.140502,-0.588066,0.935289,-0.5735,-2.4566,2.9913,0.00
0.4630,-0.141076,-0.590527,0.938283,-0.5757,-2.4651,2.9962,0.00
0.4640,-0.141654,-0.592998,0.941283,-0.5784,-2.4746,3.0018,0.00
0.4650,-0.142234,-0.595479,0.944288,-0.5814,-2.4852,3.0081,0.00
0.4660,-0.142818,-0.597971,0.947300,-0.5848,-2.4967,3.0149,0.00
0.4670,-0.143405,-0.600475,0.950319,-0.5886,-2.5091,3.0223,0.00
0.4680,-0.143996,-0.602992,0.953346,-0.5926,-2.5224,3.0303,0.00
0.4690,-0.144591,-0.605523,0.956381,-0.5970,-2.5366,3.0386,0.00
0.4700,-0.145191,-0.608069,0.959424,-0.6017,-2.5514,3.0474,0.00
0.4710,-0.145796,-0.610629,0.962477,-0.6067,-2.5670,3.0566,0.00
0.4720,-0.146406,-0.613206,0.965539,-0.6119,-2.5832,3.0661,0.00
0.4730,-0.147021,-0.615800,0.968611,-0.6172,-2.6000,3.0759,0.00
0.4740,-0.147642,-0.618410,0.971693,-0.6228,-2.6172,3.0859,0.00
0.4750,-0.148268,-0.621039,0.974785,-0.6285,-2.6349,3.0960,0.00
0.4760,-0.148900,-0.623684,0.977887,-0.6343,-2.6528,3.1063,0.00
0.4770,-0.149538,-0.626348,0.980999,-0.6403,-2.6710,3.1165,0.00
0.4780,-0.150182,-0.629031,0.984122,-0.6462,-2.6893,3.1268,0.00
0.4790,-0.150832,-0.631732,0.987255,-0.6522,-2.7077,3.1370,0.00
0.4800,-0.151488,-0.634451,0.990398,-0.6581,-2.7261,3.1471,0.00
0.4810,-0.152150,-0.637188,0.993551,-0.6640,-2.7444,3.1569,0.00
0.4820,-0.152818,-0.639944,0.996714,-0.6698,-2.7625,3.1666,0.00
0.4830,-0.153491,-0.642717,0.999887,-0.6755,-2.7803,3.1759,0.00
0.4840,-0.154170,-0.645509,1.003068,-0.6811,-2.7977,3.1849,0.00
0.4850,-0.154854,-0.648317,1.006259,-0.6864,-2.8148,3.1935,0.00
0.4860,-0.155544,-0.651142,1.009457,-0.6916,-2.8313,3.2017,0.00
0.4870,-0.156239,-0.653984,1.012664,-0.6965,-2.8472,3.2095,0.00
0.4880,-0.156938,-0.656841,1.015878,-0.7011,-2.8625,3.2167,0.00
0.4890,-0.157642,-0.659712,1.019099,-0.7055,-2.8771,3.2233,0.00
0.4900,-0.158350,-0.662598,1.022327,-0.7095,-2.8909,3.2294,0.00
0.4910,-0.159062,-0.665498,1.025560,-0.7132,-2.9039,3.2349,0.00
0.4920,-0.159777,-0.668409,1.028798,-0.7166,-2.9160,3.2398,0.00
0.4930,-0.160496,-0.671333,1.032041,-0.7195,-2.9272,3.2441,0.00
0.4940,-0.161217,-0.674267,1.035288,-0.7221,-2.9375,3.2477,0.00
0.4950,-0.161940,-0.677210,1.038538,-0.7243,-2.9467,3.2506,0.00
0.4960,-0.162666,-0.680162,1.041790,-0.7261,-2.9549,3.2528,0.00
0.4970,-0.163393,-0.683122,1.045044,-0.7274,-2.9621,3.2544,0.00
0.4980,-0.164121,-0.686088,1.048300,-0.7284,-2.9683,3.2554,0.00
0.4990,-0.164850,-0.689060,1.051556,-0.7289,-2.9734,3.2557,0.00
0.5000,-0.165579,-0.692036,1.054811,-0.7290,-2.9775,3.2553,0.00
0.5010,-0.166307,-0.695016,1.058066,-0.7286,-2.9805,3.2543,0.00
0.5020,-0.167036,-0.697998,1.061320,-0.7279,-2.9825,3.2528,0.00
0.5030,-0.167763,-0.700981,1.064572,-0.7267,-2.9835,3.2506,0.00
0.5040,-0.168489,-0.703965,1.067821,-0.7252,-2.9836,3.2479,0.00
0.5050,-0.169213,-0.706948,1.071067,-0.7233,-2.9827,3.2446,0.00
0.5060,-0.169935,-0.709930,1.074310,-0.7210,-2.9809,3.2409,0.00
0.5070,-0.170654,-0.712910,1.077548,-0.7184,-2.9783,3.2367,0.00
0.5080,-0.171371,-0.715886,1.080783,-0.7155,-2.9750,3.2321,0.00
0.5090,-0.172084,-0.718859,1.084012,-0.7123,-2.9709,3.2272,0.00
0.5100,-0.172794,-0.721827,1.087236,-0.7089,-2.9661,3.2219,0.00
0.5110,-0.173501,-0.724790,1.090455,-0.7051,-2.9608,3.2163,0.00
0.5120,-0.174204,-0.727747,1.093667,-0.7012,-2.9550,3.2104,0.00
0.5130,-0.174902,-0.730698,1.096874,-0.6971,-2.9487,3.2044,0.00
0.5140,-0.175597,-0.733643,1.100074,-0.6929,-2.9421,3.1982,0.00
0.5150,-0.176287,-0.736581,1.103269,-0.6885,-2.9352,3.1919,0.00
0.5160,-0.176973,-0.739512,1.106457,-0.6841,-2.9282,3.1856,0.00
0.5170,-0.177654,-0.742436,1.109638,-0.6796,-2.9211,3.1792,0.00
0.5180,-0.178331,-0.745352,1.112813,-0.6752,-2.9140,3.1728,0.00
0.5190,-0.179003,-0.748262,1.115982,-0.6707,-2.9069,3.1666,0.00
0.5200,-0.179671,-0.751164,1.119144,-0.6663,-2.9001,3.1604,0.00
0.5210,-0.180335,-0.754060,1.122301,-0.6620,-2.8935,3.1544,0.00
0.5220,-0.180994,-0.756950,1.125452,-0.6578,-2.8872,3.1485,0.00
0.5230,-0.181649,-0.759833,1.128596,-0.6538,-2.8814,3.1429,0.00
0.5240,-0.182301,-0.762711,1.131736,-0.6499,-2.8761,3.1376,0.00
0.5250,-0.182948,-0.765584,1.134870,-0.6463,-2.8714,3.1325,0.00
0.5260,-0.183593,-0.768452,1.137999,-0.6429,-2.8674,3.1277,0.00
0.5270,-0.184234,-0.771317,1.141123,-0.6398,-2.8641,3.1233,0.00
0.5280,-0.184872,-0.774180,1.144243,-0.6370,-2.8616,3.1192,0.00
0.5290,-0.185507,-0.777040,1.147360,-0.6345,-2.8600,3.1154,0.00
0.5300,-0.186140,-0.779899,1.150472,-0.6323,-2.8592,3.1121,0.00
0.5310,-0.186771,-0.782758,1.153583,-0.6305,-2.8595,3.1091,0.00
0.5320,-0.187401,-0.785618,1.156689,-0.6291,-2.8607,3.1066,0.00
0.5330,-0.188029,-0.788480,1.159794,-0.6280,-2.8630,3.1044,0.00
0.5340,-0.188657,-0.791344,1.162896,-0.6273,-2.8663,3.1027,0.00
0.5350,-0.189284,-0.794213,1.165997,-0.6270,-2.8707,3.1013,0.00
0.5360,-0.189911,-0.797086,1.169097,-0.6271,-2.8761,3.1003,0.00
0.5370,-0.190538,-0.799966,1.172196,-0.6275,-2.8827,3.0997,0.00
0.5380,-0.191166,-0.802853,1.175294,-0.6284,-2.8903,3.0994,0.00
0.5390,-0.191795,-0.805748,1.178393,-0.6296,-2.8990,3.0995,0.00
0.5400,-0.192426,-0.808653,1.181491,-0.6313,-2.9088,3.0998,0.00
0.5410,-0.193058,-0.811568,1.184590,-0.6332,-2.9196,3.1005,0.00
0.5420,-0.193693,-0.814494,1.187691,-0.6356,-2.9314,3.1015,0.00
0.5430,-0.194330,-0.817433,1.190792,-0.6382,-2.9441,3.1027,0.00
0.5440,-0.194970,-0.820386,1.193894,-0.6412,-2.9577,3.1041,0.00
0.5450,-0.195613,-0.823352,1.196998,-0.6444,-2.9722,3.1057,0.00
0.5460,-0.196260,-0.826333,1.200104,-0.6479,-2.9874,3.1074,0.00
0.5470,-0.196910,-0.829330,1.203211,-0.6516,-3.0034,3.1092,0.00
0.5480,-0.197564,-0.832343,1.206321,-0.6555,-3.0200,3.1111,0.00
0.5490,-0.198222,-0.835374,1.209432,-0.6596,-3.0372,3.1131,0.00
0.5500,-0.198885,-0.838422,1.212545,-0.6639,-3.0548,3.1151,0.00
0.5510,-0.199551,-0.841487,1.215661,-0.6682,-3.0729,3.1170,0.00
0.5520,-0.200222,-0.844571,1.218778,-0.6726,-3.0913,3.1189,0.00
0.5530,-0.200897,-0.847674,1.221897,-0.6771,-3.1099,3.1207,0.00
0.5540,-0.201577,-0.850796,1.225018,-0.6816,-3.1287,3.1223,0.00
0.5550,-0.202262,-0.853936,1.228141,-0.6860,-3.1475,3.1238,0.00
0.5560,-0.202950,-0.857095,1.231265,-0.6904,-3.1663,3.1251,0.00
0.5570,-0.203644,-0.860273,1.234391,-0.6946,-3.1849,3.1262,0.00
0.5580,-0.204341,-0.863469,1.237517,-0.6988,-3.2033,3.1271,0.00
0.5590,-0.205042,-0.866684,1.240644,-0.7027,-3.2214,3.1276,0.00
0.5600,-0.205747,-0.869916,1.243772,-0.7065,-3.2391,3.1279,0.00
0.5610,-0.206456,-0.873166,1.246900,-0.7100,-3.2563,3.1279,0.00
0.5620,-0.207168,-0.876433,1.250027,-0.7133,-3.2729,3.1276,0.00
0.5630,-0.207883,-0.879716,1.253154,-0.7163,-3.2889,3.1269,0.00
0.5640,-0.208601,-0.883015,1.256281,-0.7190,-3.3042,3.1258,0.00
0.5650,-0.209322,-0.886328,1.259406,-0.7213,-3.3187,3.1244,0.00
0.5660,-0.210044,-0.889656,1.262530,-0.7233,-3.3324,3.1227,0.00
0.5670,-0.210769,-0.892996,1.265652,-0.7249,-3.3451,3.1205,0.00
0.5680,-0.211494,-0.896349,1.268771,-0.7262,-3.3570,3.1181,0.00
0.5690,-0.212221,-0.899713,1.271888,-0.7270,-3.3679,3.1152,0.00
0.5700,-0.212948,-0.903088,1.275002,-0.7274,-3.3777,3.1120,0.00
0.5710,-0.213676,-0.906471,1.278112,-0.7274,-3.3866,3.1085,0.00
0.5720,-0.214403,-0.909863,1.281219,-0.7270,-3.3944,3.1046,0.00
0.5730,-0.215130,-0.913262,1.284322,-0.7262,-3.4012,3.1004,0.00
0.5740,-0.215855,-0.916667,1.287419,-0.7250,-3.4069,3.0959,0.00
0.5750,-0.216579,-0.920077,1.290513,-0.7234,-3.4116,3.0912,0.00
0.5760,-0.217301,-0.923492,1.293602,-0.7213,-3.4153,3.0861,0.00
0.5770,-0.218021,-0.926909,1.296685,-0.7189,-3.4181,3.0809,0.00
0.5780,-0.218738,-0.930328,1.299763,-0.7161,-3.4199,3.0754,0.00
0.5790,-0.219453,-0.933750,1.302835,-0.7130,-3.4208,3.0697,0.00
0.5800,-0.220163,-0.937170,1.305902,-0.7096,-3.4208,3.0638,0.00
0.5810,-0.220871,-0.940591,1.308962,-0.7058,-3.4201,3.0578,0.00
0.5820,-0.221574,-0.944011,1.312016,-0.7018,-3.4187,3.0516,0.00
0.5830,-0.222273,-0.947428,1.315064,-0.6975,-3.4166,3.0454,0.00
0.5840,-0.222968,-0.950843,1.318106,-0.6931,-3.4140,3.0390,0.00
0.5850,-0.223658,-0.954256,1.321141,-0.6884,-3.4109,3.0326,0.00
0.5860,-0.224344,-0.957664,1.324169,-0.6836,-3.4075,3.0262,0.00
0.5870,-0.225024,-0.961070,1.327191,-0.6787,-3.4037,3.0197,0.00
0.5880,-0.225700,-0.964471,1.330206,-0.6737,-3.3998,3.0132,0.00
0.5890,-0.226370,-0.967868,1.333215,-0.6686,-3.3958,3.0068,0.00
0.5900,-0.227036,-0.971261,1.336217,-0.6635,-3.3918,3.0003,0.00
0.5910,-0.227696,-0.974650,1.339213,-0.6585,-3.3879,2.9940,0.00
0.5920,-0.228351,-0.978036,1.342202,-0.6535,-3.3842,2.9876,0.00
0.5930,-0.229002,-0.981417,1.345185,-0.6486,-3.3808,2.9814,0.00
0.5940,-0.229648,-0.984796,1.348161,-0.6439,-3.3778,2.9752,0.00
0.5950,-0.230289,-0.988172,1.351131,-0.6393,-3.3753,2.9691,0.00
0.5960,-0.230925,-0.991546,1.354094,-0.6348,-3.3734,2.9630,0.00
0.5970,-0.231557,-0.994918,1.357052,-0.6306,-3.3722,2.9571,0.00
0.5980,-0.232185,-0.998289,1.360003,-0.6266,-3.3718,2.9512,0.00
0.5990,-0.232810,-1.001660,1.362949,-0.6229,-3.3722,2.9454,0.00
0.6000,-0.233430,-1.005033,1.365889,-0.6195,-3.3734,2.9397,0.00
0.6010,-0.234048,-1.008406,1.368822,-0.6163,-3.3757,2.9341,0.00
0.6020,-0.234662,-1.011784,1.371750,-0.6135,-3.3789,2.9285,0.00
0.6030,-0.235274,-1.015164,1.374672,-0.6110,-3.3832,2.9230,0.00
0.6040,-0.235884,-1.018550,1.377588,-0.6087,-3.3886,2.9175,0.00
0.6050,-0.236491,-1.021942,1.380498,-0.6069,-3.3950,2.9120,0.00
0.6060,-0.237097,-1.025340,1.383404,-0.6053,-3.4026,2.9066,0.00
0.6070,-0.237702,-1.028747,1.386303,-0.6041,-3.4113,2.9011,0.00
0.6080,-0.238305,-1.032164,1.389196,-0.6032,-3.4211,2.8957,0.00
0.6090,-0.238908,-1.035590,1.392084,-0.6026,-3.4320,2.8902,0.00
0.6100,-0.239510,-1.039029,1.394967,-0.6022,-3.4440,2.8847,0.00
0.6110,-0.240112,-1.042480,1.397843,-0.6022,-3.4570,2.8791,0.00
0.6120,-0.240715,-1.045945,1.400713,-0.6024,-3.4711,2.8735,0.00
0.6130,-0.241317,-1.049424,1.403579,-0.6028,-3.4860,2.8678,0.00
0.6140,-0.241921,-1.052919,1.406438,-0.6035,-3.5018,2.8620,0.00
0.6150,-0.242525,-1.056430,1.409292,-0.6043,-3.5184,2.8560,0.00
0.6160,-0.243130,-1.059958,1.412138,-0.6053,-3.5358,2.8500,0.00
0.6170,-0.243736,-1.063504,1.414979,-0.6064,-3.5537,2.8439,0.00
0.6180,-0.244343,-1.067068,1.417814,-0.6076,-3.5722,2.8376,0.00
0.6190,-0.244951,-1.070651,1.420643,-0.6088,-3.5912,2.8312,0.00
0.6200,-0.245561,-1.074254,1.423464,-0.6101,-3.6105,2.8246,0.00
0.6210,-0.246172,-1.077876,1.426280,-0.6113,-3.6300,2.8179,0.00
0.6220,-0.246784,-1.081517,1.429089,-0.6125,-3.6496,2.8111,0.00
0.6230,-0.247397,-1.085178,1.431891,-0.6136,-3.6693,2.8041,0.00
0.6240,-0.248011,-1.088859,1.434686,-0.6145,-3.6888,2.7970,0.00
0.6250,-0.248626,-1.092560,1.437474,-0.6153,-3.7082,2.7898,0.00
0.6260,-0.249242,-1.096279,1.440256,-0.6159,-3.7272,2.7824,0.00
0.6270,-0.249858,-1.100018,1.443030,-0.6163,-3.7459,2.7749,0.00
0.6280,-0.250474,-1.103775,1.445795,-0.6164,-3.7640,2.7674,0.00
0.6290,-0.251091,-1.107550,1.448555,-0.6163,-3.7815,2.7597,0.00
0.6300,-0.251707,-1.111341,1.451307,-0.6158,-3.7982,2.7520,0.00
0.6310,-0.252322,-1.115150,1.454050,-0.6151,-3.8142,2.7441,0.00
0.6320,-0.252936,-1.118973,1.456787,-0.6139,-3.8294,2.7363,0.00
0.6330,-0.253549,-1.122812,1.459516,-0.6124,-3.8436,2.7284,0.00
0.6340,-0.254161,-1.126663,1.462237,-0.6106,-3.8568,2.7205,0.00
0.6350,-0.254770,-1.130528,1.464950,-0.6083,-3.8689,2.7126,0.00
0.6360,-0.255377,-1.134404,1.467655,-0.6057,-3.8800,2.7047,0.00
0.6370,-0.255980,-1.138291,1.470353,-0.6026,-3.8900,2.6969,0.00
0.6380,-0.256581,-1.142186,1.473042,-0.5992,-3.8988,2.6891,0.00
0.6390,-0.257178,-1.146090,1.475724,-0.5954,-3.9066,2.6814,0.00
0.6400,-0.257771,-1.150001,1.478397,-0.5912,-3.9132,2.6738,0.00
0.6410,-0.258359,-1.153918,1.481064,-0.5866,-3.9187,2.6662,0.00
0.6420,-0.258943,-1.157840,1.483723,-0.5817,-3.9232,2.6588,0.00
0.6430,-0.259521,-1.161766,1.486373,-0.5765,-3.9267,2.6514,0.00
0.6440,-0.260094,-1.165694,1.489016,-0.5709,-3.9291,2.6442,0.00
0.6450,-0.260661,-1.169624,1.491650,-0.5651,-3.9307,2.6371,0.00
0.6460,-0.261223,-1.173556,1.494278,-0.5590,-3.9315,2.6301,0.00
0.6470,-0.261778,-1.177487,1.496897,-0.5526,-3.9315,2.6232,0.00
0.6480,-0.262326,-1.181418,1.499508,-0.5461,-3.9308,2.6165,0.00
0.6490,-0.262868,-1.185348,1.502113,-0.5394,-3.9296,2.6099,0.00
0.6500,-0.263403,-1.189276,1.504707,-0.5325,-3.9280,2.6034,0.00
0.6510,-0.263931,-1.193202,1.507294,-0.5255,-3.9260,2.5970,0.00
0.6520,-0.264452,-1.197126,1.509874,-0.5185,-3.9237,2.5906,0.00
0.6530,-0.264967,-1.201047,1.512446,-0.5114,-3.9214,2.5844,0.00
0.6540,-0.265473,-1.204966,1.515006,-0.5042,-3.9190,2.5782,0.00
0.6550,-0.265973,-1.208882,1.517560,-0.4971,-3.9168,2.5720,0.00
0.6560,-0.266466,-1.212796,1.520104,-0.4901,-3.9148,2.5659,0.00
0.6570,-0.266952,-1.216709,1.522637,-0.4831,-3.9131,2.5598,0.00
0.6580,-0.267430,-1.220619,1.525160,-0.4763,-3.9119,2.5536,0.00
0.6590,-0.267903,-1.224528,1.527669,-0.4695,-3.9113,2.5474,0.00
0.6600,-0.268368,-1.228437,1.530169,-0.4629,-3.9113,2.5412,0.00
0.6610,-0.268827,-1.232346,1.532653,-0.4565,-3.9120,2.5349,0.00
0.6620,-0.269279,-1.236256,1.535121,-0.4502,-3.9136,2.5285,0.00
0.6630,-0.269726,-1.240168,1.537573,-0.4442,-3.9160,2.5220,0.00
0.6640,-0.270166,-1.244083,1.540002,-0.4383,-3.9194,2.5153,0.00
0.6650,-0.270601,-1.248001,1.542408,-0.4327,-3.9238,2.5085,0.00
0.6660,-0.271030,-1.251925,1.544788,-0.4273,-3.9292,2.5015,0.00
0.6670,-0.271454,-1.255853,1.547128,-0.4221,-3.9356,2.4944,0.00
0.6680,-0.271873,-1.259789,1.549431,-0.4171,-3.9432,2.4870,0.00
0.6690,-0.272287,-1.263733,1.551668,-0.4123,-3.9518,2.4795,0.00
0.6700,-0.272697,-1.267686,1.553831,-0.4077,-3.9614,2.4718,0.00
0.6710,-0.273102,-1.271648,1.555887,-0.4033,-3.9721,2.4639,0.00
0.6720,-0.273502,-1.275622,1.557797,-0.3990,-3.9838,2.4558,0.00
0.6730,-0.273899,-1.279609,1.559472,-0.3949,-3.9965,2.4474,0.00
0.6740,-0.274291,-1.283607,1.560824,-0.3909,-4.0100,2.4389,0.00
0.6750,-0.274680,-1.287620,1.561712,-0.3871,-4.0243,2.4302,0.00
0.6760,-0.275064,-1.291648,1.561986,-0.3833,-4.0394,2.4214,0.00
0.6770,-0.275445,-1.295690,1.561616,-0.3795,-4.0552,2.4124,0.00
0.6780,-0.275822,-1.299749,1.560666,-0.3758,-4.0714,2.4032,0.00
0.6790,-0.276196,-1.303824,1.559298,-0.3721,-4.0882,2.3940,0.00
0.6800,-0.276566,-1.307916,1.557630,-0.3684,-4.1053,2.3846,0.00
0.6810,-0.276932,-1.312026,1.555788,-0.3646,-4.1226,2.3752,0.00
0.6820,-0.277294,-1.316152,1.553825,-0.3607,-4.1400,2.3658,0.00
0.6830,-0.277652,-1.320296,1.551775,-0.3568,-4.1575,2.3563,0.00
0.6840,-0.278006,-1.324457,1.549671,-0.3527,-4.1749,2.3468,0.00
0.6850,-0.278356,-1.328636,1.547531,-0.3484,-4.1920,2.3374,0.00
0.6860,-0.278702,-1.332831,1.545367,-0.3440,-4.2089,2.3281,0.00
0.6870,-0.279043,-1.337044,1.543190,-0.3394,-4.2254,2.3189,0.00
0.6880,-0.279380,-1.341272,1.540997,-0.3345,-4.2413,2.3097,0.00
0.6890,-0.279711,-1.345515,1.538801,-0.3294,-4.2567,2.3008,0.00
0.6900,-0.280037,-1.349774,1.536598,-0.3241,-4.2713,2.2920,0.00
0.6910,-0.280358,-1.354047,1.534393,-0.3186,-4.2853,2.2834,0.00
0.6920,-0.280673,-1.358333,1.532188,-0.3128,-4.2984,2.2750,0.00
0.6930,-0.280982,-1.362631,1.529987,-0.3067,-4.3107,2.2669,0.00
0.6940,-0.281284,-1.366941,1.527786,-0.3003,-4.3221,2.2590,0.00
0.6950,-0.281581,-1.371262,1.525585,-0.2937,-4.3326,2.2515,0.00
0.6960,-0.281870,-1.375592,1.523389,-0.2868,-4.3421,2.2441,0.00
0.6970,-0.282152,-1.379931,1.521193,-0.2797,-4.3508,2.2371,0.00
0.6980,-0.282427,-1.384278,1.519003,-0.2723,-4.3585,2.2304,0.00
0.6990,-0.282695,-1.388631,1.516812,-0.2646,-4.3652,2.2239,0.00
0.7000,-0.282955,-1.392989,1.514629,-0.2568,-4.3712,2.2177,0.00
0.7010,-0.283206,-1.397352,1.512443,-0.2487,-4.3762,2.2119,0.00
0.7020,-0.283450,-1.401719,1.510260,-0.2404,-4.3805,2.2062,0.00
0.7030,-0.283685,-1.406088,1.508082,-0.2319,-4.3841,2.2009,0.00
0.7040,-0.283912,-1.410460,1.505905,-0.2232,-4.3870,2.1958,0.00
0.7050,-0.284129,-1.414833,1.503732,-0.2144,-4.3893,2.1909,0.00
0.7060,-0.284338,-1.419206,1.501559,-0.2055,-4.3912,2.1862,0.00
0.7070,-0.284538,-1.423579,1.499390,-0.1964,-4.3926,2.1818,0.00
0.7080,-0.284729,-1.427952,1.497222,-0.1873,-4.3936,2.1774,0.00
0.7090,-0.284910,-1.432323,1.495056,-0.1780,-4.3945,2.1733,0.00
0.7100,-0.285083,-1.436692,1.492894,-0.1687,-4.3951,2.1692,0.00
0.7110,-0.285245,-1.441059,1.490732,-0.1594,-4.3957,2.1653,0.00
0.7120,-0.285399,-1.445424,1.488573,-0.1500,-4.3964,2.1614,0.00
0.7130,-0.285543,-1.449787,1.486416,-0.1406,-4.3971,2.1575,0.00
0.7140,-0.285678,-1.454147,1.484261,-0.1312,-4.3981,2.1537,0.00
0.7150,-0.285803,-1.458503,1.482109,-0.1219,-4.3993,2.1499,0.00
0.7160,-0.285919,-1.462857,1.479959,-0.1125,-4.4009,2.1461,0.00
0.7170,-0.286026,-1.467208,1.477811,-0.1032,-4.4028,2.1422,0.00
0.7180,-0.286123,-1.471554,1.475666,-0.0939,-4.4053,2.1383,0.00
0.7190,-0.286212,-1.475896,1.473524,-0.0847,-4.4083,2.1342,0.00
0.7200,-0.286290,-1.480235,1.471386,-0.0755,-4.4118,2.1301,0.00
0.7210,-0.286360,-1.484567,1.469249,-0.0664,-4.4160,2.1259,0.00
0.7220,-0.286421,-1.488895,1.467118,-0.0574,-4.4209,2.1216,0.00
0.7230,-0.286473,-1.493216,1.464991,-0.0484,-4.4264,2.1172,0.00
0.7240,-0.286516,-1.497531,1.462866,-0.0395,-4.4325,2.1126,0.00
0.7250,-0.286550,-1.501835,1.460747,-0.0306,-4.4394,2.1080,0.00
0.7260,-0.286575,-1.506126,1.458632,-0.0218,-4.4470,2.1032,0.00
0.7270,-0.286591,-1.510403,1.456521,-0.0131,-4.4552,2.0982,0.00
0.7280,-0.286599,-1.514658,1.454416,-0.0044,-4.4642,2.0932,0.00
0.7290,-0.286598,-1.518886,1.452314,0.0043,-4.4737,2.0881,0.00
0.7300,-0.286588,-1.523081,1.450218,0.0129,-4.4839,2.0828,0.00
0.7310,-0.286570,-1.527226,1.448128,0.0216,-4.4946,2.0775,0.00
0.7320,-0.286543,-1.531304,1.446043,0.0302,-4.5059,2.0721,0.00
0.7330,-0.286507,-1.535291,1.443964,0.0388,-4.5177,2.0666,0.00
0.7340,-0.286463,-1.539146,1.441890,0.0474,-4.5299,2.0611,0.00
0.7350,-0.286410,-1.542805,1.439824,0.0560,-4.5425,2.0556,0.00
0.7360,-0.286349,-1.546181,1.437762,0.0646,-4.5555,2.0500,0.00
0.7370,-0.286279,-1.549131,1.435705,0.0733,-4.5687,2.0445,0.00
0.7380,-0.286200,-1.551454,1.433654,0.0821,-4.5822,2.0390,0.00
0.7390,-0.286113,-1.552879,1.431611,0.0909,-4.5958,2.0335,0.00
0.7400,-0.286016,-1.553201,1.429572,0.0998,-4.6095,2.0281,0.00
0.7410,-0.285911,-1.552325,1.427539,0.1087,-4.6233,2.0228,0.00
0.7420,-0.285796,-1.550418,1.425512,0.1178,-4.6370,2.0175,0.00
0.7430,-0.285673,-1.547714,1.423490,0.1269,-4.6507,2.0124,0.00
0.7440,-0.285540,-1.544451,1.421473,0.1362,-4.6643,2.0075,0.00
0.7450,-0.285398,-1.540808,1.419463,0.1456,-4.6777,2.0027,0.00
0.7460,-0.285247,-1.536900,1.417456,0.1551,-4.6909,1.9980,0.00
0.7470,-0.285086,-1.532801,1.415454,0.1647,-4.7038,1.9935,0.00
0.7480,-0.284915,-1.528570,1.413458,0.1745,-4.7164,1.9893,0.00
0.7490,-0.284734,-1.524237,1.411465,0.1844,-4.7287,1.9852,0.00
0.7500,-0.284543,-1.519817,1.409477,0.1945,-4.7406,1.9814,0.00
0.7510,-0.284343,-1.515338,1.407493,0.2046,-4.7521,1.9777,0.00
0.7520,-0.284131,-1.510806,1.405513,0.2150,-4.7632,1.9743,0.00
0.7530,-0.283910,-1.506233,1.403535,0.2255,-4.7739,1.9712,0.00
0.7540,-0.283678,-1.501621,1.401561,0.2361,-4.7841,1.9682,0.00
0.7550,-0.283435,-1.496980,1.399590,0.2468,-4.7939,1.9655,0.00
0.7560,-0.283181,-1.492312,1.397622,0.2577,-4.8032,1.9631,0.00
0.7570,-0.282917,-1.487618,1.395657,0.2687,-4.8121,1.9608,0.00
0.7580,-0.282641,-1.482906,1.393694,0.2799,-4.8206,1.9588,0.00
0.7590,-0.282354,-1.478173,1.391733,0.2911,-4.8286,1.9571,0.00
0.7600,-0.282056,-1.473426,1.389773,0.3025,-4.8363,1.9555,0.00
0.7610,-0.281746,-1.468662,1.387817,0.3140,-4.8436,1.9542,0.00
0.7620,-0.281425,-1.463886,1.385860,0.3256,-4.8505,1.9531,0.00
0.7630,-0.281092,-1.459096,1.383906,0.3373,-4.8572,1.9521,0.00
0.7640,-0.280748,-1.454296,1.381952,0.3490,-4.8636,1.9514,0.00
0.7650,-0.280391,-1.449485,1.379999,0.3608,-4.8698,1.9508,0.00
0.7660,-0.280023,-1.444662,1.378049,0.3727,-4.8757,1.9503,0.00
0.7670,-0.279643,-1.439831,1.376098,0.3847,-4.8816,1.9501,0.00
0.7680,-0.279251,-1.434992,1.374148,0.3967,-4.8874,1.9499,0.00
0.7690,-0.278846,-1.430145,1.372197,0.4087,-4.8931,1.9499,0.00
0.7700,-0.278430,-1.425288,1.370248,0.4208,-4.8989,1.9499,0.00
0.7710,-0.278002,-1.420424,1.368298,0.4329,-4.9047,1.9501,0.00
0.7720,-0.277561,-1.415552,1.366350,0.4451,-4.9107,1.9503,0.00
0.7730,-0.277109,-1.410673,1.364401,0.4572,-4.9168,1.9507,0.00
0.7740,-0.276644,-1.405786,1.362452,0.4694,-4.9231,1.9510,0.00
0.7750,-0.276167,-1.400889,1.360502,0.4816,-4.9297,1.9514,0.00
0.7760,-0.275677,-1.395986,1.358554,0.4938,-4.9365,1.9519,0.00
0.7770,-0.275176,-1.391075,1.356604,0.5060,-4.9438,1.9524,0.00
0.7780,-0.274662,-1.386153,1.354655,0.5182,-4.9514,1.9529,0.00
0.7790,-0.274137,-1.381224,1.352705,0.5304,-4.9594,1.9534,0.00
0.7800,-0.273599,-1.376285,1.350754,0.5426,-4.9678,1.9539,0.00
0.7810,-0.273048,-1.371337,1.348805,0.5549,-4.9767,1.9545,0.00
0.7820,-0.272486,-1.366378,1.346854,0.5671,-4.9862,1.9550,0.00
0.7830,-0.271911,-1.361409,1.344903,0.5794,-4.9961,1.9556,0.00
0.7840,-0.271324,-1.356429,1.342951,0.5917,-5.0065,1.9561,0.00
0.7850,-0.270725,-1.351438,1.341000,0.6040,-5.0174,1.9567,0.00
0.7860,-0.270113,-1.346434,1.339048,0.6163,-5.0289,1.9573,0.00
0.7870,-0.269489,-1.341418,1.337095,0.6287,-5.0409,1.9579,0.00
0.7880,-0.268852,-1.336388,1.335142,0.6411,-5.0534,1.9586,0.00
0.7890,-0.268203,-1.331346,1.333188,0.6536,-5.0664,1.9592,0.00
0.7900,-0.267542,-1.326289,1.331234,0.6661,-5.0799,1.9600,0.00
0.7910,-0.266868,-1.321218,1.329278,0.6786,-5.0939,1.9607,0.00
0.7920,-0.266182,-1.316133,1.327322,0.6913,-5.1083,1.9615,0.00
0.7930,-0.265482,-1.311031,1.325366,0.7040,-5.1231,1.9624,0.00
0.7940,-0.264770,-1.305914,1.323408,0.7167,-5.1383,1.9634,0.00
0.7950,-0.264046,-1.300782,1.321449,0.7296,-5.1538,1.9645,0.00
0.7960,-0.263308,-1.295632,1.319489,0.7425,-5.1697,1.9657,0.00
0.7970,-0.262557,-1.290467,1.317527,0.7556,-5.1858,1.9670,0.00
0.7980,-0.261794,-1.285284,1.315565,0.7687,-5.2022,1.9684,0.00
0.7990,-0.261017,-1.280085,1.313601,0.7820,-5.2188,1.9700,0.00
0.8000,-0.260226,-1.274868,1.311635,0.7953,-5.2356,1.9717,0.00
0.8010,-0.259423,-1.269634,1.309668,0.8088,-5.2525,1.9736,0.00
0.8020,-0.258605,-1.264383,1.307698,0.8223,-5.2694,1.9757,0.00
0.8030,-0.257774,-1.259114,1.305725,0.8360,-5.2865,1.9780,0.00
0.8040,-0.256930,-1.253828,1.303751,0.8498,-5.3035,1.9804,0.00
0.8050,-0.256071,-1.248525,1.301774,0.8637,-5.3206,1.9830,0.00
0.8060,-0.255199,-1.243204,1.299794,0.8778,-5.3376,1.9859,0.00
0.8070,-0.254312,-1.237866,1.297811,0.8919,-5.3545,1.9890,0.00
0.8080,-0.253411,-1.232511,1.295826,0.9062,-5.3714,1.9922,0.00
0.8090,-0.252496,-1.227138,1.293836,0.9206,-5.3882,1.9957,0.00
0.8100,-0.251567,-1.221749,1.291844,0.9351,-5.4048,1.9995,0.00
0.8110,-0.250622,-1.216343,1.289846,0.9497,-5.4213,2.0034,0.00
0.8120,-0.249663,-1.210920,1.287845,0.9644,-5.4377,2.0076,0.00
0.8130,-0.248690,-1.205481,1.285840,0.9792,-5.4539,2.0120,0.00
0.8140,-0.247701,-1.200025,1.283831,0.9942,-5.4700,2.0167,0.00
0.8150,-0.246698,-1.194554,1.281817,1.0092,-5.4859,2.0216,0.00
0.8160,-0.245679,-1.189066,1.279798,1.0243,-5.5017,2.0267,0.00
0.8170,-0.244645,-1.183563,1.277773,1.0396,-5.5174,2.0320,0.00
0.8180,-0.243596,-1.178044,1.275744,1.0549,-5.5330,2.0376,0.00
0.8190,-0.242531,-1.172509,1.273708,1.0704,-5.5485,2.0434,0.00
0.8200,-0.241451,-1.166959,1.271667,1.0859,-5.5639,2.0494,0.00
0.8210,-0.240356,-1.161394,1.269620,1.1015,-5.5793,2.0556,0.00
0.8220,-0.239244,-1.155813,1.267566,1.1172,-5.5947,2.0620,0.00
0.8230,-0.238117,-1.150217,1.265506,1.1330,-5.6101,2.0686,0.00
0.8240,-0.236974,-1.144605,1.263440,1.1489,-5.6256,2.0755,0.00
0.8250,-0.235815,-1.138978,1.261367,1.1649,-5.6411,2.0825,0.00
0.8260,-0.234641,-1.133335,1.259287,1.1810,-5.6568,2.0897,0.00
0.8270,-0.233449,-1.127676,1.257199,1.1972,-5.6726,2.0972,0.00
0.8280,-0.232242,-1.122002,1.255104,1.2134,-5.6887,2.1048,0.00
0.8290,-0.231018,-1.116311,1.253002,1.2298,-5.7049,2.1126,0.00
0.8300,-0.229778,-1.110604,1.250891,1.2463,-5.7214,2.1207,0.00
0.8310,-0.228522,-1.104880,1.248772,1.2628,-5.7383,2.1289,0.00
0.8320,-0.227249,-1.099139,1.246646,1.2795,-5.7554,2.1373,0.00
0.8330,-0.225958,-1.093381,1.244510,1.2963,-5.7730,2.1460,0.00
0.8340,-0.224652,-1.087605,1.242366,1.3132,-5.7909,2.1548,0.00
0.8350,-0.223328,-1.081811,1.240212,1.3303,-5.8093,2.1639,0.00
0.8360,-0.221987,-1.075998,1.238050,1.3475,-5.8281,2.1731,0.00
0.8370,-0.220628,-1.070166,1.235879,1.3648,-5.8474,2.1826,0.00
0.8380,-0.219253,-1.064315,1.233698,1.3822,-5.8672,2.1923,0.00
0.8390,-0.217860,-1.058443,1.231507,1.3998,-5.8876,2.2023,0.00
0.8400,-0.216449,-1.052551,1.229305,1.4176,-5.9085,2.2125,0.00
0.8410,-0.215020,-1.046637,1.227094,1.4355,-5.9300,2.2229,0.00
0.8420,-0.213573,-1.040701,1.224871,1.4536,-5.9521,2.2336,0.00
0.8430,-0.212108,-1.034743,1.222638,1.4718,-5.9747,2.2446,0.00
0.8440,-0.210625,-1.028762,1.220394,1.4902,-5.9980,2.2558,0.00
0.8450,-0.209123,-1.022757,1.218138,1.5089,-6.0219,2.2674,0.00
0.8460,-0.207602,-1.016728,1.215870,1.5277,-6.0464,2.2792,0.00
0.8470,-0.206063,-1.010673,1.213590,1.5467,-6.0715,2.2914,0.00
0.8480,-0.204504,-1.004593,1.211298,1.5659,-6.0972,2.3039,0.00
0.8490,-0.202926,-0.998487,1.208993,1.5853,-6.1236,2.3167,0.00
0.8500,-0.201329,-0.992354,1.206674,1.6049,-6.1505,2.3298,0.00
0.8510,-0.199711,-0.986194,1.204342,1.6248,-6.1781,2.3434,0.00
0.8520,-0.198074,-0.980006,1.201997,1.6449,-6.2062,2.3573,0.00
0.8530,-0.196416,-0.973789,1.199637,1.6652,-6.2350,2.3716,0.00
0.8540,-0.194738,-0.967543,1.197262,1.6857,-6.2643,2.3862,0.00
0.8550,-0.193040,-0.961267,1.194872,1.7065,-6.2942,2.4013,0.00
0.8560,-0.191320,-0.954961,1.192467,1.7275,-6.3247,2.4169,0.00
0.8570,-0.189579,-0.948624,1.190046,1.7488,-6.3557,2.4328,0.00
0.8580,-0.187817,-0.942255,1.187608,1.7703,-6.3872,2.4492,0.00
0.8590,-0.186033,-0.935855,1.185153,1.7921,-6.4193,2.4661,0.00
0.8600,-0.184227,-0.929422,1.182682,1.8141,-6.4520,2.4834,0.00
0.8610,-0.182399,-0.922956,1.180192,1.8364,-6.4851,2.5012,0.00
0.8620,-0.180549,-0.916456,1.177684,1.8589,-6.5188,2.5195,0.00
0.8630,-0.178676,-0.909923,1.175158,1.8817,-6.5530,2.5383,0.00
0.8640,-0.176780,-0.903354,1.172611,1.9048,-6.5877,2.5577,0.00
0.8650,-0.174860,-0.896751,1.170046,1.9281,-6.6229,2.5776,0.00
0.8660,-0.172917,-0.890112,1.167459,1.9517,-6.6586,2.5980,0.00
0.8670,-0.170951,-0.883437,1.164852,1.9756,-6.6948,2.6190,0.00
0.8680,-0.168960,-0.876726,1.162223,1.9998,-6.7315,2.6405,0.00
0.8690,-0.166945,-0.869978,1.159573,2.0242,-6.7688,2.6627,0.00
0.8700,-0.164905,-0.863191,1.156899,2.0490,-6.8066,2.6854,0.00
0.8710,-0.162841,-0.856367,1.154202,2.0740,-6.8450,2.7087,0.00
0.8720,-0.160751,-0.849504,1.151481,2.0993,-6.8839,2.7327,0.00
0.8730,-0.158636,-0.842602,1.148735,2.1249,-6.9234,2.7574,0.00
0.8740,-0.156495,-0.835660,1.145965,2.1509,-6.9634,2.7827,0.00
0.8750,-0.154327,-0.828678,1.143168,2.1771,-7.0041,2.8087,0.00
0.8760,-0.152134,-0.821654,1.140343,2.2037,-7.0455,2.8354,0.00
0.8770,-0.149913,-0.814589,1.137493,2.2306,-7.0875,2.8628,0.00
0.8780,-0.147666,-0.807482,1.134614,2.2578,-7.1302,2.8910,0.00
0.8790,-0.145391,-0.800331,1.131705,2.2854,-7.1737,2.9200,0.00
0.8800,-0.143088,-0.793137,1.128767,2.3133,-7.2179,2.9498,0.00
0.8810,-0.140757,-0.785898,1.125798,2.3416,-7.2629,2.9803,0.00
0.8820,-0.138398,-0.778614,1.122799,2.3702,-7.3087,3.0118,0.00
0.8830,-0.136009,-0.771283,1.119766,2.3993,-7.3554,3.0441,0.00
0.8840,-0.133592,-0.763905,1.116700,2.4287,-7.4030,3.0774,0.00
0.8850,-0.131144,-0.756479,1.113600,2.4586,-7.4516,3.1116,0.00
0.8860,-0.128667,-0.749004,1.110465,2.4889,-7.5011,3.1468,0.00
0.8870,-0.126159,-0.741480,1.107293,2.5196,-7.5517,3.1831,0.00
0.8880,-0.123620,-0.733904,1.104084,2.5508,-7.6034,3.2204,0.00
0.8890,-0.121049,-0.726275,1.100836,2.5824,-7.6563,3.2588,0.00
0.8900,-0.118447,-0.718594,1.097549,2.6145,-7.7103,3.2984,0.00
0.8910,-0.115812,-0.710858,1.094220,2.6471,-7.7655,3.3392,0.00
0.8920,-0.113144,-0.703066,1.090850,2.6803,-7.8221,3.3813,0.00
0.8930,-0.110443,-0.695217,1.087436,2.7139,-7.8800,3.4246,0.00
0.8940,-0.107707,-0.687309,1.083977,2.7481,-7.9392,3.4694,0.00
0.8950,-0.104938,-0.679341,1.080471,2.7829,-8.0000,3.5156,0.00
0.8960,-0.102133,-0.671312,1.076918,2.8183,-8.0622,3.5633,0.00
0.8970,-0.099292,-0.663220,1.073315,2.8542,-8.1260,3.6125,0.00
0.8980,-0.096415,-0.655064,1.069661,2.8908,-8.1915,3.6634,0.00
0.8990,-0.093501,-0.646841,1.065955,2.9281,-8.2586,3.7159,0.00
0.9000,-0.090549,-0.638551,1.062193,2.9660,-8.3275,3.7703,0.00
0.9010,-0.087559,-0.630190,1.058375,3.0046,-8.3982,3.8265,0.00
0.9020,-0.084530,-0.621759,1.054499,3.0438,-8.4707,3.8847,0.00
0.9030,-0.081461,-0.613253,1.050562,3.0839,-8.5452,3.9449,0.00
0.9040,-0.078352,-0.604673,1.046562,3.1246,-8.6218,4.0072,0.00
0.9050,-0.075201,-0.596015,1.042497,3.1661,-8.7004,4.0717,0.00
0.9060,-0.072009,-0.587277,1.038365,3.2085,-8.7811,4.1386,0.00
0.9070,-0.068774,-0.578458,1.034164,3.2516,-8.8640,4.2079,0.00
0.9080,-0.065495,-0.569555,1.029889,3.2955,-8.9493,4.2798,0.00
0.9090,-0.062171,-0.560566,1.025539,3.3404,-9.0369,4.3543,0.00
0.9100,-0.058802,-0.551488,1.021112,3.3860,-9.1270,4.4316,0.00
0.9110,-0.055387,-0.542320,1.016603,3.4326,-9.2196,4.5119,0.00
0.9120,-0.051925,-0.533057,1.012011,3.4801,-9.3148,4.5952,0.00
0.9130,-0.048415,-0.523699,1.007331,3.5285,-9.4126,4.6818,0.00
0.9140,-0.044855,-0.514241,1.002560,3.5779,-9.5133,4.7717,0.00
0.9150,-0.041246,-0.504682,0.997694,3.6282,-9.6168,4.8652,0.00
0.9160,-0.037586,-0.495018,0.992730,3.6795,-9.7233,4.9624,0.00
0.9170,-0.033874,-0.485247,0.987664,3.7318,-9.8328,5.0634,0.00
0.9180,-0.030109,-0.475366,0.982491,3.7851,-9.9455,5.1686,0.00
0.9190,-0.026290,-0.465370,0.977208,3.8394,-10.0614,5.2780,0.00
0.9200,-0.022416,-0.455258,0.971809,3.8948,-10.1806,5.3920,0.00
0.9210,-0.018486,-0.445026,0.966289,3.9512,-10.3032,5.5106,0.00
0.9220,-0.014499,-0.434671,0.960644,4.0086,-10.4293,5.6343,0.00
0.9230,-0.010454,-0.424188,0.954867,4.0670,-10.5591,5.7631,0.00
0.9240,-0.006350,-0.413575,0.948954,4.1265,-10.6925,5.8974,0.00
0.9250,-0.002186,-0.402828,0.942898,4.1869,-10.8297,6.0375,0.00
0.9260,0.002039,-0.391943,0.936693,4.2484,-10.9708,6.1836,0.00
0.9270,0.006327,-0.380917,0.930332,4.3107,-11.1158,6.3361,0.00
0.9280,0.010677,-0.369745,0.923809,4.3740,-11.2647,6.4952,0.00
0.9290,0.015091,-0.358425,0.917115,4.4381,-11.4178,6.6613,0.00
0.9300,0.019569,-0.346951,0.910243,4.5030,-11.5749,6.8348,0.00
0.9310,0.024113,-0.335321,0.903186,4.5685,-11.7361,7.0159,0.00
0.9320,0.028723,-0.323530,0.895933,4.6346,-11.9014,7.2051,0.00
0.9330,0.033399,-0.311575,0.888477,4.7012,-12.0707,7.4028,0.00
0.9340,0.038142,-0.299452,0.880807,4.7681,-12.2440,7.6092,0.00
0.9350,0.042952,-0.287157,0.872915,4.8351,-12.4212,7.8249,0.00
0.9360,0.047829,-0.274688,0.864788,4.9020,-12.6020,8.0502,0.00
0.9370,0.052773,-0.262041,0.856417,4.9685,-12.7863,8.2854,0.00
0.9380,0.057782,-0.249213,0.847790,5.0343,-12.9737,8.5310,0.00
0.9390,0.062857,-0.236202,0.838894,5.0991,-13.1638,8.7873,0.00
0.9400,0.067996,-0.223007,0.829719,5.1624,-13.3560,9.0546,0.00
0.9410,0.073197,-0.209626,0.820251,5.2238,-13.5499,9.3331,0.00
0.9420,0.078458,-0.196058,0.810476,5.2826,-13.7445,9.6231,0.00
0.9430,0.083775,-0.182306,0.800382,5.3383,-13.9389,9.9248,0.00
0.9440,0.089146,-0.168370,0.789955,5.3900,-14.1320,10.2380,0.00
0.9450,0.094566,-0.154253,0.779181,5.4370,-14.3223,10.5627,0.00
0.9460,0.100029,-0.139961,0.768047,5.4782,-14.5083,10.8987,0.00
0.9470,0.105530,-0.125499,0.756540,5.5126,-14.6881,11.2454,0.00
0.9480,0.111059,-0.110877,0.744646,5.5389,-14.8595,11.6021,0.00
0.9490,0.116610,-0.096106,0.732355,5.5558,-15.0201,11.9679,0.00
0.9500,0.122170,-0.081198,0.719656,5.5619,-15.1671,12.3414,0.00
0.9510,0.127729,-0.066172,0.706540,5.5556,-15.2974,12.7211,0.00
0.9520,0.133273,-0.051045,0.693000,5.5353,-15.4077,13.1049,0.00
0.9530,0.138787,-0.035841,0.679034,5.4994,-15.4945,13.4903,0.00
0.9540,0.144255,-0.020586,0.664640,5.4463,-15.5544,13.8746,0.00
0.9550,0.149658,-0.005309,0.649821,5.3744,-15.5836,14.2545,0.00
0.9560,0.154976,0.009959,0.634587,5.2825,-15.5788,14.6267,0.00
0.9570,0.160190,0.025183,0.618949,5.1696,-15.5371,14.9872,0.00
0.9580,0.165278,0.040327,0.602928,5.0374,-15.4586,15.3276,0.00
0.9590,0.170223,0.055358,0.586552,4.8874,-15.3435,15.6410,0.00
0.9600,0.175008,0.070241,0.569854,4.7205,-15.1926,15.9255,0.00
0.9610,0.179615,0.084943,0.552869,4.5377,-15.0063,16.1792,0.00
0.9620,0.184031,0.099434,0.535636,4.3405,-14.7863,16.4009,0.00
0.9630,0.188241,0.113685,0.518193,4.1309,-14.5348,16.5899,0.00
0.9640,0.192235,0.127671,0.500582,3.9109,-14.2544,16.7462,0.00
0.9650,0.196004,0.141369,0.482842,3.6827,-13.9480,16.8704,0.00
0.9660,0.199541,0.154759,0.465012,3.4486,-13.6186,16.9635,0.00
0.9670,0.202841,0.167825,0.447131,3.2109,-13.2689,17.0270,0.00
0.9680,0.205902,0.180552,0.429233,2.9715,-12.9015,17.0627,0.00
0.9690,0.208724,0.192927,0.411350,2.7324,-12.5188,17.0727,0.00
0.9700,0.211308,0.204939,0.393512,2.4951,-12.1226,17.0591,0.00
0.9710,0.213657,0.216579,0.375745,2.2609,-11.7142,17.0242,0.00
0.9720,0.215773,0.227835,0.358071,2.0309,-11.2949,16.9700,0.00
0.9730,0.217663,0.238700,0.340511,1.8058,-10.8653,16.8988,0.00
0.9740,0.219331,0.249162,0.323080,1.5863,-10.4260,16.8124,0.00
0.9750,0.220784,0.259214,0.305792,1.3727,-9.9773,16.7128,0.00
0.9760,0.222026,0.268845,0.288660,1.1652,-9.5195,16.6015,0.00
0.9770,0.223065,0.278045,0.271692,0.9637,-9.0528,16.4802,0.00
0.9780,0.223906,0.286806,0.254897,0.7683,-8.5773,16.3502,0.00
0.9790,0.224556,0.295117,0.238280,0.5787,-8.0933,16.2127,0.00
0.9800,0.225019,0.302970,0.221847,0.3946,-7.6011,16.0686,0.00
0.9810,0.225301,0.310356,0.205602,0.2158,-7.1010,15.9191,0.00
0.9820,0.225408,0.317266,0.189547,0.0420,-6.5936,15.7647,0.00
0.9830,0.225344,0.323693,0.173686,-0.1274,-6.0794,15.6062,0.00
0.9840,0.225113,0.329630,0.158021,-0.2927,-5.5588,15.4441,0.00
0.9850,0.224719,0.335072,0.142554,-0.4543,-5.0327,15.2787,0.00
0.9860,0.224166,0.340014,0.127287,-0.6127,-4.5016,15.1105,0.00
0.9870,0.223455,0.344450,0.112221,-0.7683,-3.9662,14.9397,0.00
0.9880,0.222591,0.348379,0.097360,-0.9216,-3.4273,14.7664,0.00
0.9890,0.221575,0.351798,0.082706,-1.0732,-2.8856,14.5906,0.00
0.9900,0.220408,0.354705,0.068260,-1.2234,-2.3418,14.4125,0.00
0.9910,0.219091,0.357099,0.054026,-1.3727,-1.7964,14.2318,0.00
0.9920,0.217625,0.358982,0.040007,-1.5216,-1.2502,14.0486,0.00
0.9930,0.216010,0.360353,0.026206,-1.6707,-0.7038,13.8627,0.00
0.9940,0.214246,0.361215,0.012628,-1.8202,-0.1578,13.6739,0.00
0.9950,0.212332,0.361570,-0.000723,-1.9707,0.3874,13.4820,0.00
0.9960,0.210266,0.361419,-0.013842,-2.1227,0.9311,13.2867,0.00
0.9970,0.208048,0.360767,-0.026723,-2.2765,1.4730,13.0879,0.00
0.9980,0.205674,0.359618,-0.039360,-2.4325,2.0125,12.8852,0.00
0.9990,0.203143,0.357975,-0.051747,-2.5912,2.5494,12.6785,0.00
1.0000,0.200451,0.355842,-0.063877,-2.7528,3.0830,12.4674,0.00
1.0100,0.164565,0.310925,-0.170569,-4.3079,7.2147,10.4797,0.00
1.0200,0.116698,0.245001,-0.259174,-5.0994,7.9408,9.7135,0.00
1.0300,0.064823,0.180001,-0.347191,-5.2027,7.1204,10.1267,0.00
1.0400,0.012845,0.119576,-0.444347,-5.2123,6.6827,10.8283,0.00
1.0500,-0.040045,0.056634,-0.549951,-5.3947,7.2054,11.3179,0.00
1.0600,-0.095145,-0.017309,-0.656937,-5.5677,8.3575,10.9339,0.00
1.0700,-0.148801,-0.100776,-0.756119,-4.9853,8.1898,9.5523,0.00
1.0800,-0.191513,-0.174224,-0.846318,-3.5489,5.6090,8.0285,0.00
1.0900,-0.219104,-0.220272,-0.931675,-2.0123,2.0890,7.0582,0.00
1.1000,-0.231682,-0.229665,-1.010655,-0.5594,-1.5046,6.3566,0.00
1.1100,-0.230336,-0.202156,-1.076888,0.7767,-4.5304,5.3260,0.00
1.1200,-0.217737,-0.149192,-1.125887,1.5400,-5.6937,4.2549,0.00
1.1300,-0.202672,-0.096001,-1.169248,1.3570,-4.6923,4.7119,0.00
1.1400,-0.192191,-0.055334,-1.227125,0.7291,-3.0223,6.9678,0.00
1.1500,-0.188126,-0.025332,-1.310527,0.1111,-1.4711,9.8246,0.00
1.1600,-0.189723,0.000450,-1.414951,-0.3692,-0.0275,12.5294,0.00
1.1700,-0.194161,0.028410,-1.476877,-0.4321,0.7384,12.9205,0.00
1.1800,-0.196704,0.058711,-1.414355,-0.0257,0.1616,9.9361,0.00
1.1900,-0.194199,0.082922,-1.356465,0.4988,-1.3998,5.1303,0.00
1.2000,-0.186639,0.095900,-1.338919,1.0067,-3.2031,0.3471,0.00
1.2100,-0.174348,0.101288,-1.346144,1.4021,-4.2591,-2.3102,0.00
1.2200,-0.159341,0.107181,-1.344657,1.5640,-4.2073,-1.9226,0.00
1.2300,-0.143300,0.118538,-1.317620,1.6461,-3.7521,0.2360,0.00
1.2400,-0.126154,0.137372,-1.265939,1.7915,-3.4761,2.4546,0.00
1.2500,-0.107425,0.162687,-1.196138,1.9339,-3.4733,3.4119,0.00
1.2600,-0.088258,0.188563,-1.118289,1.8400,-3.3597,2.7842,0.00
1.2700,-0.072254,0.204160,-1.044985,1.2910,-2.4433,1.5486,0.00
1.2800,-0.064030,0.199779,-0.987627,0.3341,-0.4886,1.0321,0.00
1.2900,-0.065885,0.175104,-0.952155,-0.6418,1.5816,1.2881,0.00
1.3000,-0.075581,0.138827,-0.934869,-1.1861,2.6193,1.5248,0.00
1.3100,-0.087627,0.101755,-0.924078,-1.1296,2.4935,1.5961,0.00
1.3200,-0.096578,0.071794,-0.906977,-0.6201,1.7728,1.7609,0.00
1.3300,-0.099304,0.052088,-0.875585,0.0620,0.9526,1.9025,0.00
1.3400,-0.095572,0.041162,-0.829668,0.6278,0.3124,1.6884,0.00
1.3500,-0.087916,0.034221,-0.776385,0.8180,0.1380,1.2357,0.00
1.3600,-0.081008,0.025829,-0.726931,0.4839,0.7176,1.2328,0.00
1.3700,-0.079802,0.013196,-0.691254,-0.2684,1.9353,2.0508,0.00
1.3800,-0.086741,-0.003406,-0.672772,-1.0718,3.1322,3.1061,0.00
1.3900,-0.100301,-0.022684,-0.667027,-1.5560,3.7304,3.6547,0.00
1.4000,-0.116466,-0.042528,-0.665698,-1.6103,3.7627,3.6698,0.00
1.4100,-0.131494,-0.059628,-0.661305,-1.3698,3.6320,3.5857,0.00
1.4200,-0.143499,-0.070722,-0.649640,-1.0397,3.6364,3.6642,0.00
1.4300,-0.152434,-0.074036,-0.630664,-0.7726,3.7947,3.8256,0.00
1.4400,-0.159333,-0.069998,-0.607975,-0.6327,3.9294,3.8634,0.00
1.4500,-0.165438,-0.061616,-0.586516,-0.6026,3.8128,3.6452,0.00
1.4600,-0.171536,-0.054208,-0.569773,-0.6184,3.3007,3.1494,0.00
1.4700,-0.177766,-0.053505,-0.558616,-0.6231,2.4439,2.4380,0.00
1.4800,-0.183908,-0.062448,-0.552329,-0.6025,1.5115,1.6678,0.00
1.4900,-0.189787,-0.079291,-0.549796,-0.5748,0.8631,1.0868,0.00
1.5000,-0.195446,-0.098880,-0.549297,-0.5610,0.7513,0.9375,0.00
1.5100,-0.201090,-0.115666,-0.548131,-0.5719,1.2035,1.3084,0.00
1.5200,-0.206966,-0.125857,-0.543555,-0.6052,2.0233,2.0518,0.00
1.5300,-0.213213,-0.128190,-0.534404,-0.6409,2.8581,2.8256,0.00
1.5400,-0.219661,-0.124121,-0.521870,-0.6385,3.2981,3.2250,0.00
1.5500,-0.225699,-0.117777,-0.508844,-0.5554,3.0241,2.9530,0.00
1.5600,-0.230431,-0.114876,-0.498496,-0.3824,1.9908,1.9776,0.00
1.5700,-0.233132,-0.120103,-0.493143,-0.1609,0.5225,0.5931,0.00
1.5800,-0.233671,-0.134397,-0.493694,0.0387,-0.8230,-0.6997,0.00
1.5900,-0.232597,-0.154599,-0.499262,0.1564,-1.5683,-1.4505,0.00
1.6000,-0.230878,-0.175676,-0.507137,0.1703,-1.5514,-1.4767,0.00
1.6100,-0.229475,-0.193357,-0.513748,0.1017,-0.9362,-0.9049,0.00
1.6200,-0.228981,-0.205491,-0.516332,-0.0014,-0.0765,-0.0693,0.00
1.6300,-0.229458,-0.212170,-0.514249,-0.0842,0.6330,0.6332,0.00
1.6400,-0.230458,-0.215313,-0.509239,-0.1018,0.8739,0.8740,0.00
1.6500,-0.231198,-0.217974,-0.504648,-0.0335,0.5026,0.5007,0.00
1.6600,-0.230854,-0.223259,-0.504084,0.1083,-0.3879,-0.4017,0.00
1.6700,-0.228880,-0.233047,-0.510061,0.2833,-1.4990,-1.5417,0.00
1.6800,-0.225199,-0.247225,-0.523130,0.4426,-2.4689,-2.5568,0.00
1.6900,-0.220170,-0.263982,-0.541741,0.5503,-3.0437,-3.1813,0.00
1.7000,-0.214375,-0.280870,-0.562901,0.5983,-3.1662,-3.3397,0.00
1.7100,-0.208343,-0.295899,-0.583349,0.6032,-2.9510,-3.1329,0.00
1.7200,-0.202364,-0.308076,-0.600724,0.5923,-2.5949,-2.7587,0.00
1.7300,-0.196478,-0.317388,-0.614308,0.5872,-2.2906,-2.4252,0.00
1.7400,-0.190568,-0.324478,-0.625128,0.5971,-2.1688,-2.2854,0.00
1.7500,-0.184491,-0.330262,-0.635491,0.6190,-2.2741,-2.4029,0.00
1.7600,-0.178180,-0.335572,-0.648188,0.6418,-2.5695,-2.7510,0.00
1.7700,-0.171688,-0.340890,-0.665666,0.6534,-2.9634,-3.2406,0.00
1.7800,-0.165172,-0.346219,-0.689376,0.6469,-3.3505,-3.7616,0.00
1.7900,-0.158800,-0.351147,-0.719414,0.6267,-3.6509,-4.2203,0.00
1.8000,-0.152638,-0.355045,-0.754469,0.6083,-3.8328,-4.5600,0.00
1.8100,-0.146559,-0.357274,-0.792113,0.6127,-3.9127,-4.7640,0.00
1.8200,-0.140249,-0.357303,-0.829391,0.6553,-3.9376,-4.8501,0.00
1.8300,-0.133305,-0.354733,-0.863603,0.7369,-3.9585,-4.8602,0.00
1.8400,-0.125418,-0.349284,-0.893060,0.8390,-4.0044,-4.8452,0.00
1.8500,-0.116553,-0.340826,-0.917560,0.9257,-4.0653,-4.8451,0.00
1.8600,-0.107085,-0.329458,-0.938422,0.9541,-4.0919,-4.8745,0.00
1.8700,-0.097783,-0.315608,-0.958036,0.8911,-4.0205,-4.9251,0.00
1.8800,-0.089614,-0.300055,-0.978962,0.7327,-3.8135,-4.9874,0.00
1.8900,-0.083384,-0.283790,-1.002824,0.5133,-3.4924,-5.0668,0.00
1.9000,-0.079399,-0.267687,-1.029360,0.2950,-3.1360,-5.1762,0.00
1.9100,-0.077317,-0.252125,-1.056161,0.1396,-2.8417,-5.3100,0.00
1.9200,-0.076302,-0.236808,-1.079366,0.0820,-2.6781,-5.4348,0.00
1.9300,-0.075365,-0.220899,-1.095141,0.1177,-2.6568,-5.5098,0.00
1.9400,-0.073744,-0.203455,-1.101228,0.2092,-2.7332,-5.5192,0.00
1.9500,-0.071154,-0.183926,-1.097621,0.3020,-2.8239,-5.4873,0.00
1.9600,-0.067861,-0.162528,-1.085995,0.3435,-2.8350,-5.4699,0.00
1.9700,-0.064569,-0.140324,-1.068400,0.3006,-2.6944,-5.5313,0.00
1.9800,-0.062167,-0.118978,-1.046081,0.1696,-2.3783,-5.7210,0.00
1.9900,-0.061428,-0.100255,-1.018950,-0.0242,-1.9209,-6.0554,0.00
2.0000,-0.062772,-0.085482,-0.985805,-0.2392,-1.3975,-6.5112,0.00
2.0100,-0.066200,-0.075216,-0.945100,-0.4356,-0.8910,-7.0361,0.00
2.0200,-0.071382,-0.069235,-0.895737,-0.5889,-0.4611,-7.5752,0.00
2.0300,-0.077844,-0.066814,-0.837416,-0.6931,-0.1309,-8.0980,0.00
2.0400,-0.085117,-0.067064,-0.770388,-0.7531,0.1055,-8.6098,0.00
2.0500,-0.092771,-0.069143,-0.694972,-0.7690,0.2609,-9.1330,0.00
2.0600,-0.100279,-0.072229,-0.611372,-0.7195,0.3286,-9.6579,0.00
2.0700,-0.106748,-0.075341,-0.520249,-0.5535,0.2719,-10.0735,0.00
2.0800,-0.110683,-0.077367,-0.424153,-0.2087,0.0518,-10.1372,0.00
2.0900,-0.110162,-0.077632,-0.328833,0.3268,-0.3070,-9.6086,0.00
2.1000,-0.103687,-0.076485,-0.241839,0.9541,-0.6989,-8.5518,0.00
2.1100,-0.091212,-0.074765,-0.167715,1.4998,-1.0115,-7.4153,0.00
2.1200,-0.074313,-0.072972,-0.104594,1.8302,-1.1775,-6.6805,0.00
2.1300,-0.055369,-0.071556,-0.046154,1.9199,-1.1748,-6.5364,0.00
2.1400,-0.036497,-0.071465,0.014012,1.8363,-1.0278,-6.8669,0.00
2.1500,-0.018893,-0.073950,0.079519,1.6864,-0.8049,-7.3869,0.00
2.1600,-0.002675,-0.079842,0.150288,1.5734,-0.6188,-7.7649,0.00
2.1700,0.012936,-0.088607,0.222780,1.5713,-0.6263,-7.7210,0.00
2.1800,0.029230,-0.097587,0.291132,1.7057,-0.9742,-7.1187,0.00
2.1900,0.047435,-0.102267,0.349134,1.9399,-1.6875,-6.0016,0.00
2.2000,0.068135,-0.098028,0.392412,2.1881,-2.6097,-4.5572,0.00
2.2100,0.090988,-0.082275,0.419894,2.3595,-3.4920,-3.0512,0.00
2.2200,0.114923,-0.055310,0.433894,2.4042,-4.1486,-1.7450,0.00
2.2300,0.138651,-0.019518,0.438752,2.3248,-4.5294,-0.7996,0.00
2.2400,0.161064,0.022049,0.438908,2.1481,-4.6691,-0.2318,0.00
2.2500,0.181280,0.066365,0.437602,1.8869,-4.5819,0.0264,0.00
2.2600,0.198398,0.109969,0.436760,1.5277,-4.1916,0.0299,0.00
2.2700,0.211363,0.148234,0.437608,1.0604,-3.3811,-0.1975,0.00
2.2800,0.219276,0.176143,0.441180,0.5344,-2.1986,-0.5738,0.00
2.2900,0.222163,0.191470,0.448091,0.0797,-1.0404,-0.9182,0.00
2.3000,0.221527,0.197730,0.457877,-0.1554,-0.4714,-1.0898,0.00
2.3100,0.219968,0.202955,0.469034,-0.1150,-0.7706,-1.1253,0.00
2.3200,0.219856,0.214764,0.479978,0.1001,-1.6870,-1.1748,0.00
2.3300,0.221854,0.235372,0.490005,0.2665,-2.5136,-1.3336,0.00
2.3400,0.224322,0.259506,0.500126,0.1786,-2.4306,-1.4946,0.00
2.3500,0.224503,0.278139,0.513288,-0.1611,-1.2558,-1.4029,0.00
2.3600,0.220957,0.286895,0.531656,-0.5174,0.0950,-1.0592,0.00
2.3700,0.214895,0.290302,0.553353,-0.6423,0.4659,-0.8194,0.00
2.3800,0.209001,0.297367,0.574557,-0.5096,-0.3111,-0.9206,0.00
2.3900,0.204881,0.313326,0.593528,-0.3359,-1.3159,-1.1903,0.00
2.4000,0.201610,0.335193,0.611377,-0.3615,-1.4221,-1.1652,0.00
2.4100,0.196849,0.355410,0.630769,-0.6090,-0.3808,-0.5711,0.00
2.4200,0.189283,0.369633,0.652986,-0.8814,0.8692,0.2247,0.00
2.4300,0.179753,0.380433,0.676091,-0.9876,1.2608,0.6252,0.00
2.4400,0.170087,0.394097,0.697656,-0.9317,0.7661,0.5540,0.00
2.4500,0.161117,0.414009,0.717239,-0.8793,0.2871,0.4868,0.00
2.4600,0.152023,0.437178,0.735330,-0.9627,0.6580,0.9302,0.00
2.4700,0.141459,0.457219,0.751572,-1.1531,1.8355,1.8986,0.00
2.4800,0.128998,0.470155,0.763999,-1.3208,3.0321,2.9173,0.00
2.4900,0.115391,0.477226,0.770178,-1.3801,3.6374,3.6138,0.00
2.5000,0.101683,0.482124,0.768798,-1.3540,3.8032,4.1002,0.00
2.5100,0.088352,0.485549,0.758841,-1.3164,4.1206,4.7287,0.00
2.5200,0.075260,0.482806,0.738051,-1.3071,4.9498,5.6455,0.00
2.5300,0.062170,0.466949,0.703809,-1.3095,6.0984,6.6411,0.00
2.5400,0.049167,0.434570,0.655502,-1.2840,7.0821,7.4220,0.00
2.5500,0.036680,0.388064,0.595132,-1.2063,7.6286,7.9211,0.00
2.5600,0.025215,0.332164,0.525576,-1.0850,7.8470,8.2587,0.00
2.5700,0.015046,0.269745,0.449017,-0.9538,7.9810,8.5288,0.00
2.5800,0.006086,0.201339,0.367086,-0.8467,8.1466,8.7203,0.00
2.5900,-0.001991,0.127166,0.281564,-0.7761,8.3009,8.7968,0.00
2.6000,-0.009505,0.048515,0.194343,-0.7303,8.3713,8.7788,0.00
2.6100,-0.016604,-0.032739,0.106764,-0.6902,8.3668,8.7417,0.00
2.6200,-0.023289,-0.115300,0.019226,-0.6476,8.3612,8.7524,0.00
2.6300,-0.029552,-0.198749,-0.068409,-0.6073,8.3893,8.8095,0.00
2.6400,-0.035470,-0.282691,-0.155930,-0.5798,8.3885,8.8441,0.00
2.6500,-0.041205,-0.365806,-0.242285,-0.5705,8.2593,8.7870,0.00
2.6600,-0.046928,-0.446032,-0.326074,-0.5754,7.9953,8.6514,0.00
2.6700,-0.052731,-0.521910,-0.406636,-0.5852,7.7373,8.5432,0.00
2.6800,-0.058635,-0.593630,-0.484502,-0.5955,7.6541,8.5652,0.00
2.6900,-0.064661,-0.662233,-0.560473,-0.6108,7.7542,8.7061,0.00
2.7000,-0.070894,-0.727369,-0.634265,-0.6370,7.8514,8.8483,0.00
2.7100,-0.077447,-0.786004,-0.704282,-0.6744,7.7706,8.8966,0.00
2.7200,-0.084422,-0.833889,-0.768685,-0.7208,7.5694,8.8789,0.00
2.7300,-0.091915,-0.868264,-0.826015,-0.7787,7.4589,8.8787,0.00
2.7400,-0.100068,-0.888384,-0.874359,-0.8529,7.4903,8.8796,0.00
2.7500,-0.109030,-0.893590,-0.910870,-0.9378,7.4473,8.7419,0.00
2.7600,-0.118821,-0.882801,-0.933284,-1.0158,7.1106,8.3256,0.00
2.7700,-0.129290,-0.857060,-0.941708,-1.0725,6.5137,7.6319,0.00
2.7800,-0.140200,-0.820748,-0.938427,-1.1049,5.8636,6.8224,0.00
2.7900,-0.151327,-0.779082,-0.926407,-1.1168,5.2905,6.0530,0.00
2.8000,-0.162468,-0.735676,-0.908528,-1.1077,4.7568,5.3366,0.00
2.8100,-0.173391,-0.692544,-0.887644,-1.0734,4.1879,4.6194,0.00
2.8200,-0.183849,-0.650971,-0.866299,-1.0170,3.6040,3.9154,0.00
2.8300,-0.193684,-0.611798,-0.846008,-0.9511,3.0920,3.3015,0.00
2.8400,-0.202857,-0.575350,-0.827156,-0.8855,2.6917,2.8150,0.00
2.8500,-0.211373,-0.541613,-0.809740,-0.8185,2.3539,2.4070,0.00
2.8600,-0.219180,-0.510555,-0.794064,-0.7430,2.0095,2.0068,0.00
2.8700,-0.226181,-0.482222,-0.780676,-0.6582,1.6475,1.6005,0.00
2.8800,-0.232317,-0.456594,-0.769819,-0.5715,1.3122,1.2307,0.00
2.8900,-0.237608,-0.433473,-0.761231,-0.4899,1.0364,0.9297,0.00
2.9000,-0.242106,-0.412607,-0.754512,-0.4118,0.8014,0.6770,0.00
2.9100,-0.245814,-0.393854,-0.749561,-0.3309,0.5640,0.4274,0.00
2.9200,-0.248683,-0.377191,-0.746561,-0.2443,0.3086,0.1642,0.00
2.9300,-0.250675,-0.362577,-0.745618,-0.1565,0.0580,-0.0896,0.00
2.9400,-0.251806,-0.349862,-0.746545,-0.0726,-0.1624,-0.3084,0.00
2.9500,-0.252121,-0.338855,-0.749030,0.0072,-0.3567,-0.4973,0.00
2.9600,-0.251639,-0.329431,-0.752923,0.0877,-0.5503,-0.6830,0.00
2.9700,-0.250334,-0.321552,-0.758279,0.1717,-0.7575,-0.8810,0.00
2.9800,-0.248178,-0.315176,-0.765153,0.2572,-0.9685,-1.0810,0.00
2.9900,-0.245178,-0.310201,-0.773435,0.3401,-1.1661,-1.2658,0.00
3.0000,-0.241368,-0.306487,-0.782903,0.4195,-1.3488,-1.4343,0.00
3.0100,-0.236770,-0.303924,-0.793405,0.4983,-1.5307,-1.6017,0.00
3.0200,-0.231377,-0.302443,-0.804903,0.5787,-1.7232,-1.7800,0.00
3.0300,-0.225174,-0.301970,-0.817374,0.6599,-1.9237,-1.9667,0.00
3.0400,-0.218167,-0.302393,-0.830696,0.7390,-2.1222,-2.1519,0.00
3.0500,-0.210386,-0.303570,-0.844653,0.8147,-2.3159,-2.3332,0.00
3.0600,-0.201863,-0.305354,-0.859021,0.8879,-2.5120,-2.5185,0.00
3.0700,-0.192614,-0.307593,-0.873596,0.9601,-2.7191,-2.7169,0.00
3.0800,-0.182649,-0.310108,-0.888153,1.0308,-2.9393,-2.9305,0.00
3.0900,-0.171991,-0.312669,-0.902364,1.0982,-3.1689,-3.1561,0.00
3.1000,-0.160687,-0.314996,-0.915773,1.1602,-3.4061,-3.3922,0.00
3.1100,-0.148793,-0.316755,-0.927815,1.2162,-3.6547,-3.6427,0.00
3.1200,-0.136371,-0.317535,-0.937814,1.2659,-3.9218,-3.9146,0.00
3.1300,-0.123487,-0.316828,-0.944955,1.3086,-4.2130,-4.2128,0.00
3.1400,-0.110221,-0.313991,-0.948243,1.3418,-4.5314,-4.5392,0.00
3.1500,-0.096684,-0.308233,-0.946500,1.3627,-4.8790,-4.8941,0.00
3.1600,-0.083016,-0.298592,-0.938407,1.3679,-5.2590,-5.2778,0.00
3.1700,-0.069393,-0.283909,-0.922576,1.3536,-5.6758,-5.6901,0.00
3.1800,-0.056032,-0.262818,-0.897662,1.3152,-6.1308,-6.1260,0.00
3.1900,-0.043204,-0.233793,-0.862523,1.2464,-6.6168,-6.5717,0.00
3.2000,-0.031252,-0.195301,-0.816445,1.1397,-7.1087,-6.9983,0.00
3.2100,-0.020594,-0.146151,-0.759461,0.9876,-7.5513,-7.3595,0.00
3.2200,-0.011714,-0.086117,-0.692734,0.7847,-7.8463,-7.5949,0.00
3.2300,-0.005126,-0.016783,-0.618867,0.5313,-7.8543,-7.6532,0.00
3.2400,-0.001299,0.057722,-0.541769,0.2356,-7.4397,-7.5376,0.00
3.2500,-0.000592,0.130904,-0.465661,-0.0899,-6.5690,-7.3422,0.00
3.2600,-0.003239,0.195620,-0.393501,-0.4327,-5.3997,-7.2097,0.00
3.2700,-0.009340,0.246759,-0.326149,-0.7775,-4.2419,-7.2033,0.00
3.2800,-0.018791,0.282859,-0.263287,-1.0977,-3.3609,-7.2302,0.00
3.2900,-0.031144,0.305028,-0.205035,-1.3505,-2.7766,-7.1290,0.00
3.3000,-0.045394,0.314065,-0.152445,-1.4664,-2.2666,-6.7995,0.00
3.3100,-0.059741,0.308850,-0.106618,-1.3654,-1.6017,-6.2387,0.00
3.3200,-0.071931,0.287874,-0.067380,-1.0533,-0.7933,-5.5384,0.00
3.3300,-0.080432,0.252473,-0.033072,-0.6555,-0.1138,-4.8303,0.00
3.3400,-0.085114,0.208138,-0.002239,-0.3040,0.1735,-4.2108,0.00
3.3500,-0.086725,0.161787,0.025056,-0.0370,0.0614,-3.6995,0.00
3.3600,-0.085948,0.117900,0.047862,0.1830,-0.2363,-3.2638,0.00
3.3700,-0.083063,0.077134,0.065787,0.3861,-0.4796,-2.8858,0.00
3.3800,-0.078301,0.037706,0.079886,0.5522,-0.5540,-2.5714,0.00
3.3900,-0.072260,-0.002228,0.092371,0.6375,-0.4908,-2.3362,0.00
3.4000,-0.065864,-0.043022,0.105345,0.6282,-0.3893,-2.2051,0.00
3.4100,-0.059893,-0.083626,0.119669,0.5635,-0.3296,-2.1839,0.00
3.4200,-0.054595,-0.122606,0.134903,0.5020,-0.3357,-2.2314,0.00
3.4300,-0.049750,-0.158976,0.150099,0.4734,-0.3879,-2.2914,0.00
3.4400,-0.045065,-0.192410,0.164613,0.4644,-0.4558,-2.3408,0.00
3.4500,-0.040521,-0.222993,0.178450,0.4392,-0.5225,-2.3949,0.00
3.4600,-0.036450,-0.250846,0.192145,0.3678,-0.5878,-2.4818,0.00
3.4700,-0.033363,-0.275891,0.206423,0.2452,-0.6605,-2.6190,0.00
3.4800,-0.031683,-0.297833,0.221859,0.0922,-0.7508,-2.8062,0.00
3.4900,-0.031550,-0.316256,0.238710,-0.0590,-0.8664,-3.0273,0.00
3.5000,-0.032802,-0.330704,0.256948,-0.1820,-1.0126,-3.2589,0.00
3.5100,-0.035077,-0.340710,0.276392,-0.2639,-1.1951,-3.4785,0.00
3.5200,-0.037950,-0.345758,0.296810,-0.3027,-1.4244,-3.6675,0.00
3.5300,-0.040992,-0.345215,0.317943,-0.2983,-1.7198,-3.8079,0.00
3.5400,-0.043753,-0.338249,0.339468,-0.2466,-2.1095,-3.8795,0.00
3.5500,-0.045715,-0.323776,0.361025,-0.1383,-2.6267,-3.8656,0.00
3.5600,-0.046265,-0.300503,0.382392,0.0353,-3.2972,-3.7705,0.00
3.5700,-0.044736,-0.267108,0.403829,0.2749,-4.1244,-3.6394,0.00
3.5800,-0.040530,-0.222568,0.426444,0.5654,-5.0753,-3.5666,0.00
3.5900,-0.033288,-0.166548,0.452368,0.8750,-6.0785,-3.6759,0.00
3.6000,-0.023039,-0.099748,0.484474,1.1596,-7.0363,-4.0717,0.00
3.6100,-0.010268,-0.024106,0.525582,1.3747,-7.8482,-4.7802,0.00
3.6200,0.004164,0.057214,0.577384,1.4913,-8.4397,-5.7159,0.00
3.6300,0.019245,0.140134,0.639565,1.5097,-8.7890,-6.7004,0.00
3.6400,0.034121,0.220278,0.709518,1.4583,-8.9249,-7.5297,0.00
3.6500,0.048285,0.293617,0.782641,1.3738,-8.8843,-8.0404,0.00
3.6600,0.061544,0.356947,0.852893,1.2796,-8.6682,-8.1402,0.00
3.6700,0.073838,0.408336,0.913629,1.1807,-8.2469,-7.8171,0.00
3.6800,0.085098,0.447587,0.959026,1.0720,-7.6061,-7.1442,0.00
3.6900,0.095206,0.476286,0.985936,0.9505,-6.7941,-6.2732,0.00
3.7000,0.104048,0.497056,0.995050,0.8206,-5.9368,-5.4069,0.00
3.7100,0.111592,0.512285,0.990195,0.6927,-5.2109,-4.7512,0.00
3.7200,0.117911,0.523051,0.976196,0.5764,-4.7823,-4.4596,0.00
3.7300,0.123144,0.528767,0.956828,0.4753,-4.7381,-4.5784,0.00
3.7400,0.127434,0.527587,0.933817,0.3866,-5.0386,-5.0157,0.00
3.7500,0.130877,0.517376,0.906966,0.3048,-5.5136,-5.5541,0.00
3.7600,0.133514,0.497083,0.875275,0.2243,-5.9047,-5.9233,0.00
3.7700,0.135324,0.468102,0.838565,0.1383,-5.9515,-5.9126,0.00
3.7800,0.136215,0.434674,0.798484,0.0400,-5.5006,-5.4674,0.00
3.7900,0.136048,0.402633,0.758030,-0.0728,-4.5879,-4.7062,0.00
3.8000,0.134713,0.376975,0.720041,-0.1907,-3.4398,-3.8474,0.00
3.8100,0.132252,0.359749,0.685932,-0.2950,-2.3808,-3.1120,0.00
3.8200,0.128889,0.349467,0.655383,-0.3704,-1.6971,-2.6587,0.00
3.8300,0.124929,0.342110,0.626778,-0.4163,-1.5258,-2.5536,0.00
3.8400,0.120613,0.332980,0.597998,-0.4446,-1.8173,-2.7535,0.00
3.8500,0.116044,0.318496,0.567271,-0.4688,-2.3713,-3.1181,0.00
3.8600,0.111218,0.297347,0.533842,-0.4963,-2.9222,-3.4633,0.00
3.8700,0.106095,0.270748,0.498246,-0.5283,-3.2352,-3.6370,0.00
3.8800,0.100627,0.241855,0.462059,-0.5651,-3.1792,-3.5742,0.00
3.8900,0.094765,0.214587,0.427240,-0.6071,-2.7543,-3.3018,0.00
3.9000,0.088466,0.192341,0.395428,-0.6518,-2.0695,-2.9004,0.00
3.9100,0.081733,0.177086,0.367537,-0.6922,-1.2881,-2.4583,0.00
3.9200,0.074656,0.169089,0.343722,-0.7197,-0.5677,-2.0448,0.00
3.9300,0.067394,0.167211,0.323552,-0.7298,-0.0167,-1.7049,0.00
3.9400,0.060107,0.169531,0.306222,-0.7259,0.3230,-1.4623,0.00
3.9500,0.052896,0.174018,0.290779,-0.7164,0.4699,-1.3194,0.00
3.9600,0.045773,0.179047,0.276336,-0.7092,0.4830,-1.2575,0.00
3.9700,0.038699,0.183680,0.262281,-0.7063,0.4365,-1.2393,0.00
3.9800,0.031651,0.187701,0.248414,-0.7023,0.3979,-1.2184,0.00
3.9900,0.024695,0.191452,0.234984,-0.6861,0.4116,-1.1509,0.00
4.0000,0.018023,0.195562,0.222619,-0.6441,0.4927,-1.0049,0.00
4.0100,0.011951,0.200658,0.212171,-0.5654,0.6299,-0.7661,0.00
4.0200,0.006879,0.207165,0.204538,-0.4452,0.7982,-0.4388,0.00
4.0300,0.003208,0.215234,0.200487,-0.2877,0.9725,-0.0433,0.00
4.0400,0.001244,0.224796,0.200501,-0.1074,1.1367,0.3862,0.00
4.0500,0.001109,0.235663,0.204668,0.0740,1.2843,0.8067,0.00
4.0600,0.002688,0.247590,0.212606,0.2319,1.4104,1.1710,0.00
4.0700,0.005633,0.260264,0.223476,0.3456,1.5047,1.4375,0.00
4.0800,0.009436,0.273251,0.236092,0.4042,1.5515,1.5804,0.00
4.0900,0.013547,0.285997,0.249146,0.4102,1.5393,1.6006,0.00
4.1000,0.017511,0.297936,0.261523,0.3791,1.4741,1.5305,0.00
4.1100,0.021081,0.308686,0.272599,0.3361,1.3846,1.4298,0.00
4.1200,0.024278,0.318224,0.282439,0.3088,1.3163,1.3698,0.00
4.1300,0.027384,0.326947,0.291782,0.3201,1.3166,1.4133,0.00
4.1400,0.030856,0.335601,0.301833,0.3812,1.4191,1.5951,0.00
4.1500,0.035180,0.345077,0.313892,0.4872,1.6349,1.9108,0.00
4.1600,0.040711,0.356184,0.328934,0.6173,1.9476,2.3159,0.00
4.1700,0.047534,0.369372,0.347248,0.7402,2.3109,2.7359,0.00
4.1800,0.055410,0.384495,0.368249,0.8242,2.6507,3.0844,0.00
4.1900,0.063829,0.400662,0.390565,0.8484,2.8804,3.2873,0.00
4.2000,0.072168,0.416349,0.412427,0.8109,2.9348,3.3074,0.00
4.2100,0.079880,0.429850,0.432257,0.7282,2.8091,3.1634,0.00
4.2200,0.086653,0.439921,0.449197,0.6284,2.5759,2.9315,0.00
4.2300,0.092462,0.446282,0.463293,0.5394,2.3623,2.7236,0.00
4.2400,0.097518,0.449702,0.475273,0.4786,2.2967,2.6458,0.00
4.2500,0.102124,0.451624,0.486044,0.4479,2.4527,2.7560,0.00
4.2600,0.106527,0.453478,0.496162,0.4343,2.8175,3.0429,0.00
4.2700,0.110795,0.455966,0.505467,0.4174,3.2963,3.4331,0.00
4.2800,0.114795,0.458621,0.513092,0.3788,3.7532,3.8188,0.00
4.2900,0.118254,0.459924,0.517847,0.3095,4.0726,4.0978,0.00
4.3000,0.120868,0.457979,0.518828,0.2117,4.2121,4.2129,0.00
4.3100,0.122400,0.451316,0.515802,0.0955,4.2160,4.1780,0.00
4.3200,0.122722,0.439309,0.509076,-0.0287,4.1839,4.0715,0.00
4.3300,0.121787,0.422006,0.498974,-0.1556,4.2200,3.9994,0.00
4.3400,0.119563,0.399611,0.485322,-0.2873,4.3930,4.0493,0.00
4.3500,0.115963,0.371989,0.467260,-0.4321,4.7221,4.2583,0.00
4.3600,0.110802,0.338391,0.443441,-0.6009,5.1878,4.6045,0.00
4.3700,0.103785,0.297467,0.412479,-0.8038,5.7553,5.0197,0.00
4.3800,0.094536,0.247559,0.373470,-1.0465,6.3919,5.4094,0.00
4.3900,0.082679,0.187281,0.326506,-1.3215,7.0552,5.6724,0.00
4.4000,0.068061,0.116586,0.273183,-1.5875,7.6280,5.7194,0.00
4.4100,0.051231,0.038564,0.217101,-1.7461,7.8386,5.5157,0.00
4.4200,0.033856,-0.039119,0.163645,-1.6909,7.3865,5.1291,0.00
4.4300,0.018105,-0.106615,0.118060,-1.4442,6.3234,4.6539,0.00
4.4400,0.005191,-0.157393,0.083371,-1.1505,5.0309,4.0844,0.00
4.4500,-0.005090,-0.190548,0.060239,-0.9283,3.8316,3.3903,0.00
4.4600,-0.013691,-0.209134,0.047661,-0.8111,2.8639,2.6406,0.00
4.4700,-0.021547,-0.217624,0.043419,-0.7697,2.1587,1.9861,0.00
4.4800,-0.029162,-0.219931,0.044644,-0.7544,1.7036,1.5615,0.00
4.4900,-0.036603,-0.218367,0.048685,-0.7317,1.4611,1.4187,0.00
4.5000,-0.043733,-0.213421,0.053887,-0.6924,1.3598,1.5137,0.00
4.5100,-0.050375,-0.203882,0.059999,-0.6339,1.2852,1.7156,0.00
4.5200,-0.056309,-0.187313,0.068138,-0.5510,1.1142,1.8244,0.00
4.5300,-0.061334,-0.161802,0.080156,-0.4582,0.8185,1.6502,0.00
4.5400,-0.065604,-0.129173,0.097156,-0.4100,0.5472,1.2133,0.00
4.5500,-0.069853,-0.096405,0.118047,-0.4541,0.5351,0.8356,0.00
4.5600,-0.074894,-0.071622,0.139941,-0.5526,0.8557,0.7793,0.00
4.5700,-0.080777,-0.057912,0.159997,-0.6090,1.2872,0.9301,0.00
4.5800,-0.086795,-0.051110,0.177062,-0.5840,1.4847,1.0647,0.00
4.5900,-0.092332,-0.042760,0.192326,-0.5244,1.2781,1.1057,0.00
4.6000,-0.097315,-0.025352,0.208281,-0.4765,0.7669,1.0348,0.00
4.6100,-0.101878,0.003623,0.226599,-0.4362,0.2546,0.8912,0.00
4.6200,-0.105964,0.039551,0.246142,-0.3774,0.1720,0.9016,0.00
4.6300,-0.109267,0.071686,0.262613,-0.2770,0.8094,1.3488,0.00
4.6400,-0.111281,0.089263,0.270949,-0.1207,1.9419,2.1470,0.00
4.6500,-0.111523,0.089262,0.268755,0.0686,2.9158,2.8494,0.00
4.6600,-0.109951,0.078243,0.257964,0.2329,3.2556,3.1983,0.00
4.6700,-0.107039,0.066015,0.242860,0.3378,3.0486,3.3165,0.00
4.6800,-0.103241,0.058038,0.226060,0.4235,2.7118,3.4589,0.00
4.6900,-0.098302,0.052993,0.206189,0.5793,2.6218,3.8429,0.00
4.7000,-0.091148,0.044743,0.178487,0.8678,2.9399,4.5677,0.00
4.7100,-0.080444,0.026560,0.137714,1.2789,3.5294,5.5462,0.00
4.7200,-0.065246,-0.003870,0.081657,1.7537,4.0253,6.5748,0.00
4.7300,-0.045272,-0.042670,0.012251,2.2212,4.1749,7.4912,0.00
4.7400,-0.021105,-0.083963,-0.066241,2.5708,4.1368,8.1381,0.00
4.7500,0.005283,-0.125714,-0.148978,2.6516,4.2939,8.2952,0.00
4.7600,0.030970,-0.170058,-0.231623,2.4566,4.7121,8.0064,0.00
4.7700,0.053961,-0.217606,-0.311424,2.1419,5.0004,7.5228,0.00
4.7800,0.073718,-0.263429,-0.385869,1.8214,4.7377,6.8668,0.00
4.7900,0.090425,-0.299899,-0.451962,1.5340,3.9535,5.9967,0.00
4.8000,0.104483,-0.323884,-0.508534,1.2918,3.1956,5.1313,0.00
4.8100,0.116380,-0.340128,-0.557988,1.1006,3.0163,4.6373,0.00
4.8200,0.126586,-0.356808,-0.604746,0.9490,3.4674,4.6411,0.00
4.8300,0.135362,-0.378402,-0.651738,0.8095,4.0935,4.8784,0.00
4.8400,0.142719,-0.402252,-0.698181,0.6646,4.3060,4.8767,0.00
4.8500,0.148626,-0.421397,-0.740843,0.5227,3.8650,4.3451,0.00
4.8600,0.153214,-0.431180,-0.777519,0.4024,3.0981,3.4964,0.00
4.8700,0.156733,-0.432995,-0.808806,0.3074,2.5791,2.8606,0.00
4.8800,0.159374,-0.431987,-0.836971,0.2232,2.6028,2.7499,0.00
4.8900,0.161158,-0.432284,-0.863841,0.1344,2.9889,3.0091,0.00
4.9000,0.162027,-0.434255,-0.889496,0.0422,3.3023,3.2105,0.00
4.9100,0.162027,-0.435426,-0.912757,-0.0361,3.2215,3.0199,0.00
4.9200,0.161386,-0.433506,-0.932862,-0.0858,2.7629,2.4503,0.00
4.9300,0.160383,-0.428299,-0.950188,-0.1118,2.2173,1.8143,0.00
4.9400,0.159150,-0.421280,-0.965541,-0.1356,1.8902,1.4360,0.00
4.9500,0.157609,-0.414167,-0.979395,-0.1748,1.8801,1.4069,0.00
4.9600,0.155596,-0.407876,-0.991751,-0.2274,2.0446,1.5642,0.00
4.9700,0.153069,-0.402315,-1.002399,-0.2739,2.1374,1.6459,0.00
4.9800,0.150205,-0.396942,-1.011388,-0.2928,1.9899,1.4833,0.00
4.9900,0.147325,-0.391478,-1.019283,-0.2788,1.6130,1.0989,0.00
5.0000,0.144694,-0.386113,-1.026825,-0.2472,1.1662,0.6631,0.00
5.0100,0.142361,-0.381223,-1.034357,-0.2230,0.8347,0.3616,0.00
5.0200,0.140158,-0.377099,-1.041664,-0.2219,0.7072,0.2755,0.00
5.0300,0.137853,-0.373865,-1.048306,-0.2404,0.7300,0.3426,0.00
5.0400,0.135345,-0.371516,-1.054051,-0.2589,0.7573,0.4132,0.00
5.0500,0.132744,-0.370010,-1.059113,-0.2567,0.6531,0.3527,0.00
5.0600,0.130310,-0.369359,-1.064098,-0.2265,0.3773,0.1237,0.00
5.0700,0.128282,-0.369617,-1.069641,-0.1792,0.0033,-0.2006,0.00
5.0800,0.126723,-0.370796,-1.075973,-0.1362,-0.3386,-0.4926,0.00
5.0900,0.125493,-0.372832,-1.082802,-0.1146,-0.5484,-0.6555,0.00
5.1000,0.124356,-0.375661,-1.089600,-0.1157,-0.6190,-0.6828,0.00
5.1100,0.123145,-0.379275,-1.096004,-0.1262,-0.6335,-0.6570,0.00
5.1200,0.121860,-0.383680,-1.102027,-0.1282,-0.7050,-0.6910,0.00
5.1300,0.120645,-0.388829,-1.107973,-0.1121,-0.9014,-0.8541,0.00
5.1400,0.119669,-0.394573,-1.114145,-0.0825,-1.2033,-1.1295,0.00
5.1500,0.118997,-0.400690,-1.120551,-0.0542,-1.5228,-1.4308,0.00
5.1600,0.118537,-0.406977,-1.126817,-0.0416,-1.7664,-1.6637,0.00
5.1700,0.118099,-0.413361,-1.132420,-0.0486,-1.8983,-1.7905,0.00
5.1800,0.117519,-0.419892,-1.136970,-0.0679,-1.9608,-1.8527,0.00
5.1900,0.116734,-0.426578,-1.140275,-0.0879,-2.0401,-1.9375,0.00
5.2000,0.115780,-0.433188,-1.142160,-0.1014,-2.2038,-2.1150,0.00
5.2100,0.114719,-0.439218,-1.142252,-0.1106,-2.4562,-2.3904,0.00
5.2200,0.113550,-0.444065,-1.139939,-0.1242,-2.7400,-2.7052,0.00
5.2300,0.112187,-0.447303,-1.134577,-0.1502,-2.9819,-2.9841,0.00
5.2400,0.110489,-0.448836,-1.125767,-0.1906,-3.1462,-3.1908,0.00
5.2500,0.108328,-0.448766,-1.113393,-0.2418,-3.2567,-3.3498,0.00
5.2600,0.105622,-0.447042,-1.097380,-0.2985,-3.3727,-3.5205,0.00
5.2700,0.102330,-0.443185,-1.077414,-0.3590,-3.5427,-3.7483,0.00
5.2800,0.098409,-0.436342,-1.052964,-0.4250,-3.7707,-4.0328,0.00
5.2900,0.093784,-0.425657,-1.023587,-0.4999,-4.0194,-4.3349,0.00
5.3000,0.088352,-0.410666,-0.989237,-0.5861,-4.2421,-4.6114,0.00
5.3100,0.081999,-0.391387,-0.950271,-0.6839,-4.4164,-4.8464,0.00
5.3200,0.074614,-0.368070,-0.907175,-0.7922,-4.5518,-5.0542,0.00
5.3300,0.066095,-0.340852,-0.860298,-0.9103,-4.6703,-5.2571,0.00
5.3400,0.056347,-0.309654,-0.809819,-1.0376,-4.7806,-5.4626,0.00
5.3500,0.045282,-0.274412,-0.755942,-1.1734,-4.8661,-5.6596,0.00
5.3600,0.032821,-0.235436,-0.699095,-1.3163,-4.8947,-5.8333,0.00
5.3700,0.018903,-0.193593,-0.639923,-1.4645,-4.8399,-5.9824,0.00
5.3800,0.003488,-0.150185,-0.579102,-1.6146,-4.6943,-6.1206,0.00
5.3900,-0.013403,-0.106646,-0.517155,-1.7577,-4.4694,-6.2597,0.00
5.4000,-0.031612,-0.064265,-0.454496,-1.8746,-4.1881,-6.3864,0.00
5.4100,-0.050727,-0.024085,-0.391723,-1.9345,-3.8800,-6.4486,0.00
5.4200,-0.070012,0.013109,-0.329957,-1.9071,-3.5795,-6.3766,0.00
5.4300,-0.088534,0.046788,-0.270820,-1.7860,-3.3184,-6.1374,0.00
5.4400,-0.105464,0.076714,-0.215913,-1.5963,-3.1136,-5.7643,0.00
5.4500,-0.120300,0.102922,-0.166298,-1.3738,-2.9603,-5.3234,0.00
5.4600,-0.132862,0.125525,-0.122462,-1.1446,-2.8315,-4.8665,0.00
5.4700,-0.143153,0.144401,-0.084598,-0.9204,-2.6898,-4.4196,0.00
5.4800,-0.151243,0.159105,-0.052791,-0.7044,-2.5127,-3.9943,0.00
5.4900,-0.157221,0.169148,-0.026984,-0.4982,-2.3088,-3.5999,0.00
5.5000,-0.161198,0.174432,-0.006859,-0.3045,-2.1086,-3.2454,0.00
5.5100,-0.163315,0.175391,0.008142,-0.1261,-1.9366,-2.9351,0.00
5.5200,-0.163727,0.172715,0.018649,0.0373,-1.7932,-2.6660,0.00
5.5300,-0.162569,0.166932,0.025191,0.1889,-1.6620,-2.4305,0.00
5.5400,-0.159940,0.158251,0.028165,0.3323,-1.5294,-2.2230,0.00
5.5500,-0.155911,0.146735,0.027925,0.4689,-1.3971,-2.0436,0.00
5.5600,-0.150555,0.132587,0.024883,0.5975,-1.2787,-1.8953,0.00
5.5700,-0.143962,0.116284,0.019540,0.7163,-1.1871,-1.7808,0.00
5.5800,-0.136234,0.098475,0.012439,0.8251,-1.1268,-1.6996,0.00
5.5900,-0.127463,0.079808,0.004115,0.9254,-1.0947,-1.6506,0.00
5.6000,-0.117721,0.060823,-0.004907,1.0199,-1.0863,-1.6339,0.00
5.6100,-0.107054,0.042001,-0.014072,1.1107,-1.1014,-1.6523,0.00
5.6200,-0.095490,0.023880,-0.022742,1.1997,-1.1445,-1.7097,0.00
5.6300,-0.083039,0.007162,-0.030160,1.2883,-1.2227,-1.8090,0.00
5.6400,-0.069698,-0.007244,-0.035445,1.3781,-1.3437,-1.9521,0.00
5.6500,-0.055443,-0.018241,-0.037593,1.4712,-1.5139,-2.1400,0.00
5.6600,-0.040233,-0.024588,-0.035489,1.5693,-1.7382,-2.3740,0.00
5.6700,-0.024017,-0.024981,-0.027927,1.6717,-2.0174,-2.6562,0.00
5.6800,-0.006780,-0.018205,-0.013681,1.7716,-2.3415,-2.9889,0.00
5.6900,0.011365,-0.003505,0.008324,1.8493,-2.6727,-3.3746,0.00
5.7000,0.030016,0.018756,0.038676,1.8663,-2.9266,-3.8107,0.00
5.7100,0.048318,0.046368,0.077006,1.7754,-2.9895,-4.2665,0.00
5.7200,0.065064,0.075446,0.121575,1.5602,-2.8100,-4.6323,0.00
5.7300,0.079178,0.102198,0.169293,1.2617,-2.4632,-4.7136,0.00
5.7400,0.090162,0.124894,0.216326,0.9445,-2.0563,-4.3473,0.00
5.7500,0.098085,0.144122,0.259132,0.6544,-1.6264,-3.5509,0.00
5.7600,0.103357,0.161449,0.295555,0.4160,-1.1827,-2.5575,0.00
5.7700,0.106580,0.177973,0.325563,0.2451,-0.7926,-1.7149,0.00
5.7800,0.108483,0.193984,0.351387,0.1508,-0.5822,-1.3303,0.00
5.7900,0.109827,0.209606,0.376982,0.1297,-0.6620,-1.5561,0.00
5.8000,0.111260,0.225216,0.406877,0.1627,-1.0585,-2.3493,0.00
5.8100,0.113173,0.240983,0.444581,0.2200,-1.6897,-3.4774,0.00
5.8200,0.115653,0.256107,0.490922,0.2715,-2.3704,-4.5406,0.00
5.8300,0.118516,0.268962,0.543019,0.2942,-2.8354,-5.0573,0.00
5.8400,0.121384,0.278752,0.594961,0.2715,-2.8152,-4.6790,0.00
5.8500,0.123755,0.287277,0.640413,0.1961,-2.1869,-3.4239,0.00
5.8600,0.125151,0.298147,0.675357,0.0823,-1.1008,-1.6797,0.00
5.8700,0.125367,0.313580,0.699011,-0.0331,0.0686,0.0183,0.00
5.8800,0.124577,0.332461,0.713307,-0.1157,0.9253,1.1974,0.00
5.8900,0.123180,0.351687,0.722214,-0.1563,1.2438,1.5840,0.00
5.9000,0.121544,0.368784,0.730867,-0.1674,1.0324,1.1900,0.00
5.9100,0.119869,0.383058,0.744016,-0.1669,0.4763,0.2927,0.00
5.9200,0.118204,0.394953,0.764253,-0.1668,-0.1610,-0.6952,0.00
5.9300,0.116514,0.405105,0.791083,-0.1720,-0.6238,-1.3810,0.00
5.9400,0.114742,0.414123,0.821271,-0.1831,-0.7293,-1.5125,0.00
5.9500,0.112835,0.422826,0.850122,-0.1981,-0.4146,-1.0375,0.00
5.9600,0.110778,0.432167,0.872976,-0.2123,0.2506,-0.0837,0.00
5.9700,0.108611,0.442626,0.886306,-0.2193,1.1014,1.1194,0.00
5.9800,0.106430,0.453630,0.888289,-0.2153,1.9470,2.3256,0.00
5.9900,0.104332,0.463606,0.879009,-0.2041,2.6382,3.3302,0.00
6.0000,0.102337,0.470672,0.860300,-0.1966,3.1058,4.0081,0.00
6.0100,0.100345,0.473412,0.835131,-0.2050,3.3629,4.3342,0.00
6.0200,0.098155,0.471214,0.806606,-0.2362,3.4788,4.3772,0.00
6.0300,0.095541,0.464100,0.777015,-0.2882,3.5399,4.2613,0.00
6.0400,0.092339,0.452327,0.747343,-0.3512,3.6143,4.1155,0.00
6.0500,0.088513,0.436130,0.717321,-0.4106,3.7306,4.0338,0.00
6.0600,0.084183,0.415714,0.685894,-0.4499,3.8745,4.0575,0.00
6.0700,0.079626,0.391416,0.651828,-0.4547,4.0005,4.1803,0.00
6.0800,0.075236,0.363883,0.614245,-0.4171,4.0561,4.3657,0.00
6.0900,0.071432,0.334080,0.572900,-0.3400,4.0091,4.5687,0.00
6.1000,0.068539,0.303104,0.528176,-0.2388,3.8647,4.7503,0.00
6.1100,0.066683,0.271878,0.480880,-0.1369,3.6633,4.8833,0.00
6.1200,0.065749,0.240910,0.431985,-0.0573,3.4619,4.9541,0.00
6.1300,0.065432,0.210227,0.382399,-0.0135,3.3102,4.9651,0.00
6.1400,0.065367,0.179495,0.332790,-0.0049,3.2356,4.9356,0.00
6.1500,0.065259,0.148219,0.283467,-0.0186,3.2401,4.8975,0.00
6.1600,0.064978,0.115933,0.234353,-0.0365,3.3065,4.8833,0.00
6.1700,0.064565,0.082344,0.185081,-0.0430,3.4075,4.9126,0.00
6.1800,0.064178,0.047396,0.135198,-0.0319,3.5140,4.9815,0.00
6.1900,0.063969,0.011289,0.084442,-0.0100,3.6014,5.0583,0.00
6.2000,0.063953,-0.025537,0.033021,0.0029,3.6530,5.0868,0.00
6.2100,0.063906,-0.062460,-0.018169,-0.0199,3.6592,5.0020,0.00
6.2200,0.063351,-0.098737,-0.067538,-0.0997,3.6150,4.7576,0.00
6.2300,0.061682,-0.133598,-0.113114,-0.2396,3.5191,4.3545,0.00
6.2400,0.058386,-0.166367,-0.153145,-0.4186,3.3760,3.8505,0.00
6.2500,0.053264,-0.196588,-0.186738,-0.5979,3.2005,3.3406,0.00
6.2600,0.046522,-0.224114,-0.214218,-0.7374,3.0179,2.9213,0.00
6.2700,0.038714,-0.249115,-0.237006,-0.8102,2.8577,2.6583,0.00
6.2800,0.030553,-0.271998,-0.257125,-0.8105,2.7430,2.5709,0.00
6.2900,0.022709,-0.293245,-0.276564,-0.7521,2.6812,2.6312,0.00
6.3000,0.015636,-0.313230,-0.296742,-0.6619,2.6605,2.7767,0.00
6.3100,0.009493,-0.332068,-0.318178,-0.5716,2.6521,2.9249,0.00
6.3200,0.004125,-0.349534,-0.340383,-0.5103,2.6172,2.9919,0.00
6.3300,-0.000871,-0.365111,-0.361961,-0.4986,2.5164,2.9108,0.00
6.3400,-0.006041,-0.378133,-0.380942,-0.5433,2.3237,2.6505,0.00
6.3500,-0.011913,-0.388011,-0.395320,-0.6351,2.0373,2.2273,0.00
6.3600,-0.018854,-0.394431,-0.403648,-0.7521,1.6843,1.7011,0.00
6.3700,-0.026976,-0.397448,-0.405479,-0.8667,1.3141,1.1579,0.00
6.3800,-0.036125,-0.397467,-0.401471,-0.9550,0.9817,0.6852,0.00
6.3900,-0.045961,-0.395121,-0.393124,-1.0041,0.7288,0.3464,0.00
6.4000,-0.056080,-0.391120,-0.382289,-1.0135,0.5710,0.1644,0.00
6.4100,-0.066130,-0.386097,-0.370648,-0.9930,0.4955,0.1182,0.00
6.4200,-0.075880,-0.380484,-0.359335,-0.9563,0.4685,0.1539,0.00
6.4300,-0.085232,-0.374445,-0.348796,-0.9153,0.4464,0.2038,0.00
6.4400,-0.094184,-0.367875,-0.338836,-0.8768,0.3869,0.2045,0.00
6.4500,-0.102768,-0.360462,-0.328820,-0.8411,0.2579,0.1115,0.00
6.4600,-0.110989,-0.351783,-0.317936,-0.8030,0.0433,-0.0925,0.00
6.4700,-0.118782,-0.341396,-0.305446,-0.7541,-0.2556,-0.3957,0.00
6.4800,-0.125988,-0.328895,-0.290894,-0.6847,-0.6225,-0.7608,0.00
6.4900,-0.132360,-0.313917,-0.274197,-0.5868,-1.0340,-1.1348,0.00
6.5000,-0.137585,-0.296129,-0.255643,-0.4558,-1.4666,-1.4629,0.00
6.5100,-0.141329,-0.275227,-0.235801,-0.2920,-1.9023,-1.7014,0.00
6.5200,-0.143289,-0.250972,-0.215388,-0.1007,-2.3276,-1.8270,0.00
6.5300,-0.143235,-0.223266,-0.195157,0.1081,-2.7297,-1.8384,0.00
6.5400,-0.141060,-0.192260,-0.175828,0.3212,-3.0906,-1.7522,0.00
6.5500,-0.136797,-0.158455,-0.158084,0.5234,-3.3855,-1.5932,0.00
6.5600,-0.130629,-0.122764,-0.142623,0.7003,-3.5863,-1.3858,0.00
6.5700,-0.122873,-0.086492,-0.130214,0.8406,-3.6697,-1.1474,0.00
6.5800,-0.113926,-0.051195,-0.121699,0.9396,-3.6280,-0.8871,0.00
6.5900,-0.104188,-0.018406,-0.117907,1.0008,-3.4759,-0.6109,0.00
6.6000,-0.093992,0.010669,-0.119452,1.0340,-3.2483,-0.3304,0.00
6.6100,-0.083559,0.035386,-0.126506,1.0503,-2.9886,-0.0687,0.00
6.6200,-0.073014,0.055699,-0.138621,1.0572,-2.7346,0.1417,0.00
6.6300,-0.062440,0.072016,-0.154738,1.0561,-2.5089,0.2715,0.00
6.6400,-0.051928,0.084940,-0.173398,1.0445,-2.3161,0.3082,0.00
6.6500,-0.041598,0.095036,-0.193094,1.0198,-2.1494,0.2610,0.00
6.6600,-0.031582,0.102714,-0.212583,0.9822,-1.9992,0.1533,0.00
6.6700,-0.021997,0.108226,-0.231017,0.9345,-1.8595,0.0091,0.00
6.6800,-0.012930,0.111750,-0.247852,0.8792,-1.7285,-0.1587,0.00
6.6900,-0.004454,0.113486,-0.262617,0.8160,-1.6074,-0.3527,0.00
6.7000,0.003332,0.113722,-0.274690,0.7405,-1.4965,-0.5874,0.00
6.7100,0.010273,0.112871,-0.283169,0.6461,-1.3932,-0.8796,0.00
6.7200,0.016140,0.111429,-0.286933,0.5257,-1.2905,-1.2387,0.00
6.7300,0.020655,0.109875,-0.284865,0.3761,-1.1784,-1.6593,0.00
6.7400,0.023531,0.108566,-0.276141,0.1997,-1.0497,-2.1215,0.00
6.7500,0.024544,0.107685,-0.260445,0.0057,-0.9086,-2.5988,0.00
6.7600,0.023579,0.107322,-0.237979,-0.1933,-0.7745,-3.0672,0.00
6.7700,0.020649,0.107638,-0.209256,-0.3862,-0.6764,-3.5149,0.00
6.7800,0.015847,0.109010,-0.174776,-0.5677,-0.6376,-3.9460,0.00
6.7900,0.009284,0.111993,-0.134756,-0.7393,-0.6583,-4.3752,0.00
6.8000,0.001049,0.117075,-0.089104,-0.9016,-0.7086,-4.8085,0.00
6.8100,-0.008710,0.124305,-0.037780,-1.0405,-0.7377,-5.2080,0.00
6.8200,-0.019593,0.133013,0.018482,-1.1210,-0.6983,-5.4733,0.00
6.8300,-0.030826,0.141909,0.077636,-1.1091,-0.5772,-5.4944,0.00
6.8400,-0.041460,0.149710,0.136801,-1.0081,-0.4206,-5.2599,0.00
6.8500,-0.050794,0.156106,0.193640,-0.8584,-0.3304,-4.8835,0.00
6.8600,-0.058571,0.162301,0.247394,-0.7024,-0.4034,-4.5128,0.00
6.8700,-0.064857,0.170450,0.298710,-0.5611,-0.6553,-4.2332,0.00
6.8800,-0.069810,0.182378,0.348663,-0.4344,-1.0016,-4.0382,0.00
6.8900,-0.073533,0.198407,0.397717,-0.3136,-1.2956,-3.8559,0.00
6.9000,-0.076060,0.216940,0.445246,-0.1954,-1.3991,-3.6052,0.00
6.9100,-0.077438,0.235138,0.489862,-0.0847,-1.2674,-3.2531,0.00
6.9200,-0.077776,0.250547,0.530321,0.0120,-0.9952,-2.8453,0.00
6.9300,-0.077227,0.262636,0.566391,0.0934,-0.7603,-2.4794,0.00
6.9400,-0.075930,0.273021,0.599018,0.1628,-0.6961,-2.2318,0.00
6.9500,-0.073977,0.284206,0.629674,0.2257,-0.8065,-2.1031,0.00
6.9600,-0.071409,0.297882,0.659367,0.2861,-0.9787,-2.0210,0.00
6.9700,-0.068248,0.313882,0.688020,0.3439,-1.0629,-1.8914,0.00
6.9800,-0.064541,0.330324,0.714580,0.3947,-0.9660,-1.6600,0.00
6.9900,-0.060379,0.344854,0.737806,0.4352,-0.7154,-1.3486,0.00
7.0000,-0.055852,0.356243,0.757134,0.4688,-0.4420,-1.0367,0.00
7.0100,-0.050989,0.365203,0.773017,0.5038,-0.2832,-0.7992,0.00
7.0200,-0.045743,0.373760,0.786504,0.5456,-0.2816,-0.6512,0.00
7.0300,-0.040048,0.383707,0.798440,0.5924,-0.3643,-0.5439,0.00
7.0400,-0.033897,0.395329,0.808885,0.6351,-0.4038,-0.4082,0.00
7.0500,-0.027386,0.407231,0.817204,0.6632,-0.3105,-0.2092,0.00
7.0600,-0.020687,0.417374,0.822676,0.6740,-0.0981,0.0309,0.00
7.0700,-0.013927,0.424628,0.825101,0.6781,0.1265,0.2588,0.00
7.0800,-0.007090,0.429617,0.824891,0.6916,0.2515,0.4394,0.00
7.0900,-0.000033,0.434092,0.822674,0.7213,0.2517,0.5801,0.00
7.1000,0.007366,0.439403,0.818806,0.7570,0.2015,0.7136,0.00
7.1100,0.015066,0.445388,0.813247,0.7786,0.2075,0.8594,0.00
7.1200,0.022846,0.450557,0.805853,0.7727,0.3192,1.0057,0.00
7.1300,0.030450,0.453425,0.796704,0.7471,0.4876,1.1294,0.00
7.1400,0.037794,0.453818,0.786106,0.7248,0.6114,1.2267,0.00
7.1500,0.045006,0.452922,0.774354,0.7209,0.6330,1.3123,0.00
7.1600,0.052251,0.452078,0.761591,0.7278,0.5874,1.3955,0.00
7.1700,0.059522,0.451570,0.747926,0.7226,0.5617,1.4640,0.00
7.1800,0.066606,0.450519,0.733600,0.6905,0.6115,1.4984,0.00
7.1900,0.073256,0.447866,0.718974,0.6393,0.7134,1.4975,0.00
7.2000,0.079385,0.443409,0.704322,0.5895,0.7940,1.4819,0.00
7.2100,0.085084,0.437905,0.689724,0.5537,0.8058,1.4708,0.00
7.2200,0.090479,0.432268,0.675159,0.5262,0.7687,1.4635,0.00
7.2300,0.095579,0.426773,0.660684,0.4923,0.7421,1.4433,0.00
7.2400,0.100262,0.420967,0.646505,0.4432,0.7654,1.3981,0.00
7.2500,0.104394,0.414252,0.632861,0.3837,0.8260,1.3329,0.00
7.2600,0.107924,0.406480,0.619885,0.3248,0.8787,1.2637,0.00
7.2700,0.110904,0.398041,0.607561,0.2740,0.8919,1.2028,0.00
7.2800,0.113413,0.389463,0.595807,0.2293,0.8733,1.1501,0.00
7.2900,0.115475,0.380963,0.584593,0.1834,0.8559,1.0954,0.00
7.3000,0.117044,0.372359,0.573997,0.1304,0.8648,1.0295,0.00
7.3100,0.118046,0.363325,0.564145,0.0708,0.8974,0.9530,0.00
7.3200,0.118440,0.353718,0.555111,0.0098,0.9303,0.8749,0.00
7.3300,0.118240,0.343683,0.546857,-0.0475,0.9437,0.8054,0.00
7.3400,0.117492,0.333492,0.539272,-0.1001,0.9369,0.7474,0.00
7.3500,0.116228,0.323310,0.532258,-0.1515,0.9252,0.6951,0.00
7.3600,0.114437,0.313086,0.525797,-0.2062,0.9240,0.6405,0.00
7.3700,0.112073,0.302645,0.519932,-0.2658,0.9361,0.5814,0.00
7.3800,0.109098,0.291853,0.514675,-0.3276,0.9524,0.5243,0.00
7.3900,0.105513,0.280711,0.509941,-0.3872,0.9618,0.4793,0.00
7.4000,0.101357,0.269325,0.505549,-0.4417,0.9608,0.4528,0.00
7.4100,0.096682,0.257796,0.501292,-0.4915,0.9541,0.4438,0.00
7.4200,0.091523,0.246133,0.496996,-0.5391,0.9494,0.4471,0.00
7.4300,0.085890,0.234260,0.492529,-0.5862,0.9505,0.4609,0.00
7.4400,0.079795,0.222082,0.487741,-0.6312,0.9556,0.4891,0.00
7.4500,0.073275,0.209556,0.482415,-0.6706,0.9596,0.5386,0.00
7.4600,0.066403,0.196716,0.476269,-0.7012,0.9590,0.6145,0.00
7.4700,0.059278,0.183638,0.468999,-0.7217,0.9530,0.7168,0.00
7.4800,0.051998,0.170393,0.460321,-0.7325,0.9433,0.8422,0.00
7.4900,0.044655,0.157024,0.449990,-0.7347,0.9319,0.9874,0.00
7.5000,0.037331,0.143547,0.437782,-0.7288,0.9195,1.1507,0.00
7.5100,0.030110,0.129979,0.423488,-0.7143,0.9049,1.3312,0.00
7.5200,0.023080,0.116365,0.406917,-0.6908,0.8863,1.5272,0.00
7.5300,0.016332,0.102783,0.387911,-0.6582,0.8621,1.7361,0.00
7.5400,0.009953,0.089333,0.366365,-0.6172,0.8314,1.9541,0.00
7.5500,0.004026,0.076123,0.342224,-0.5683,0.7942,2.1776,0.00
7.5600,-0.001377,0.063260,0.315478,-0.5124,0.7505,2.4037,0.00
7.5700,-0.006185,0.050840,0.286154,-0.4497,0.7005,2.6305,0.00
7.5800,-0.010333,0.038963,0.254309,-0.3805,0.6433,2.8554,0.00
7.5900,-0.013755,0.027741,0.220042,-0.3048,0.5778,3.0752,0.00
7.6000,-0.016391,0.017315,0.183512,-0.2234,0.5023,3.2852,0.00
7.6100,-0.018188,0.007859,0.144953,-0.1374,0.4155,3.4787,0.00
7.6200,-0.019109,-0.000421,0.104698,-0.0489,0.3169,3.6471,0.00
7.6300,-0.019147,-0.007297,0.063192,0.0388,0.2074,3.7798,0.00
7.6400,-0.018331,-0.012544,0.021011,0.1210,0.0908,3.8639,0.00
7.6500,-0.016746,-0.015968,-0.021130,0.1915,-0.0264,3.8856,0.00
7.6600,-0.014547,-0.017455,-0.062385,0.2432,-0.1345,3.8316,0.00
7.6700,-0.011957,-0.017002,-0.101819,0.2696,-0.2223,3.6939,0.00
7.6800,-0.009247,-0.014750,-0.138486,0.2674,-0.2803,3.4737,0.00
7.6900,-0.006704,-0.010959,-0.171548,0.2377,-0.3032,3.1832,0.00
7.7000,-0.004578,-0.005979,-0.200365,0.1858,-0.2913,2.8432,0.00
7.7100,-0.003050,-0.000193,-0.224569,0.1197,-0.2494,2.4783,0.00
7.7200,-0.002222,0.006013,-0.244066,0.0472,-0.1840,2.1117,0.00
7.7300,-0.002123,0.012277,-0.259013,-0.0250,-0.1015,1.7620,0.00
7.7400,-0.002725,0.018264,-0.269758,-0.0925,-0.0067,1.4417,0.00
7.7500,-0.003966,0.023673,-0.276772,-0.1529,0.0970,1.1576,0.00
7.7600,-0.005770,0.028238,-0.280586,-0.2053,0.2076,0.9114,0.00
7.7700,-0.008058,0.031722,-0.281734,-0.2499,0.3241,0.7015,0.00
7.7800,-0.010755,0.033917,-0.280728,-0.2874,0.4463,0.5248,0.00
7.7900,-0.013792,0.034636,-0.278040,-0.3182,0.5747,0.3779,0.00
7.8000,-0.017106,0.033705,-0.274108,-0.3429,0.7096,0.2587,0.00
7.8100,-0.020635,0.030961,-0.269349,-0.3614,0.8513,0.1658,0.00
7.8200,-0.024317,0.026255,-0.264168,-0.3737,0.9994,0.0994,0.00
7.8300,-0.028091,0.019460,-0.258968,-0.3797,1.1521,0.0597,0.00
7.8400,-0.031889,0.010489,-0.254139,-0.3789,1.3062,0.0469,0.00
7.8500,-0.035644,-0.000691,-0.250048,-0.3710,1.4570,0.0599,0.00
7.8600,-0.039281,-0.014040,-0.247014,-0.3555,1.5983,0.0959,0.00
7.8700,-0.042722,-0.029431,-0.245285,-0.3319,1.7233,0.1505,0.00
7.8800,-0.045885,-0.046651,-0.245017,-0.3001,1.8251,0.2176,0.00
7.8900,-0.048686,-0.065404,-0.246264,-0.2598,1.8980,0.2900,0.00
7.9000,-0.051044,-0.085337,-0.248976,-0.2118,1.9379,0.3600,0.00
7.9100,-0.052886,-0.106061,-0.253011,-0.1570,1.9433,0.4203,0.00
7.9200,-0.054153,-0.127184,-0.258151,-0.0971,1.9148,0.4644,0.00
7.9300,-0.054802,-0.148333,-0.264126,-0.0340,1.8550,0.4875,0.00
7.9400,-0.054815,-0.169175,-0.270639,0.0299,1.7674,0.4865,0.00
7.9500,-0.054193,-0.189423,-0.277388,0.0926,1.6564,0.4602,0.00
7.9600,-0.052959,-0.208841,-0.284079,0.1521,1.5264,0.4092,0.00
7.9700,-0.051153,-0.227239,-0.290445,0.2069,1.3818,0.3359,0.00
7.9800,-0.048828,-0.244472,-0.296257,0.2558,1.2268,0.2439,0.00
7.9900,-0.046047,-0.260432,-0.301328,0.2983,1.0651,0.1375,0.00
8.0000,-0.042874,-0.275040,-0.305518,0.3343,0.9003,0.0218,0.00
8.0100,-0.039374,-0.288246,-0.308734,0.3639,0.7354,-0.0989,0.00
8.0200,-0.035608,-0.300016,-0.310923,0.3878,0.5727,-0.2204,0.00
8.0300,-0.031629,-0.310335,-0.312063,0.4067,0.4139,-0.3401,0.00
8.0400,-0.027484,-0.319194,-0.312153,0.4211,0.2599,-0.4564,0.00
8.0500,-0.023216,-0.326589,-0.311199,0.4318,0.1108,-0.5690,0.00
8.0600,-0.018858,-0.332515,-0.309205,0.4390,-0.0340,-0.6787,0.00
8.0700,-0.014445,-0.336961,-0.306164,0.4429,-0.1754,-0.7867,0.00
8.0800,-0.010009,-0.339912,-0.302054,0.4437,-0.3142,-0.8945,0.00
8.0900,-0.005582,-0.341343,-0.296838,0.4413,-0.4514,-1.0034,0.00
8.1000,-0.001194,-0.341227,-0.290468,0.4358,-0.5875,-1.1141,0.00
8.1100,0.003124,-0.339533,-0.282892,0.4275,-0.7226,-1.2265,0.00
8.1200,0.007346,-0.336238,-0.274064,0.4168,-0.8564,-1.3397,0.00
8.1300,0.011451,-0.331324,-0.263951,0.4045,-0.9880,-1.4523,0.00
8.1400,0.015429,-0.324786,-0.252536,0.3913,-1.1168,-1.5628,0.00
8.1500,0.019275,-0.316633,-0.239823,0.3784,-1.2419,-1.6695,0.00
8.1600,0.022996,-0.306887,-0.225833,0.3663,-1.3626,-1.7713,0.00
8.1700,0.026603,-0.295583,-0.210601,0.3556,-1.4787,-1.8676,0.00
8.1800,0.030111,-0.282763,-0.194166,0.3466,-1.5902,-1.9586,0.00
8.1900,0.033537,-0.268476,-0.176565,0.3391,-1.6976,-2.0451,0.00
8.2000,0.036895,-0.252768,-0.157827,0.3328,-1.8016,-2.1284,0.00
8.2100,0.040194,-0.235685,-0.137970,0.3271,-1.9030,-2.2100,0.00
8.2200,0.043437,-0.217268,-0.117001,0.3217,-2.0024,-2.2911,0.00
8.2300,0.046625,-0.197556,-0.094916,0.3161,-2.1006,-2.3727,0.00
0.0010,0.000000,-0.000000,0.150000,0.0000,0.0000,0.0000,284.26
0.0020,-0.000024,-0.000082,0.150080,-0.0389,-0.1312,0.1282,266.48
0.0030,-0.000086,-0.000290,0.150283,-0.0752,-0.2538,0.2481,249.62
0.0040,-0.000182,-0.000615,0.150601,-0.1091,-0.3683,0.3601,233.65
0.0050,-0.000311,-0.001050,0.151027,-0.1407,-0.4751,0.4646,218.52
0.0060,-0.000470,-0.001588,0.151552,-0.1702,-0.5747,0.5621,204.19
0.0070,-0.000658,-0.002220,0.152171,-0.1976,-0.6674,0.6528,190.63
0.0080,-0.000871,-0.002942,0.152877,-0.2230,-0.7537,0.7373,177.79
0.0090,-0.001109,-0.003745,0.153663,-0.2466,-0.8338,0.8158,165.65
0.0100,-0.001369,-0.004625,0.154524,-0.2685,-0.9081,0.8887,154.16
0.0110,-0.001650,-0.005577,0.155455,-0.2888,-0.9769,0.9563,143.29
0.0120,-0.001951,-0.006593,0.156451,-0.3075,-1.0406,1.0189,133.02
0.0130,-0.002269,-0.007671,0.157506,-0.3247,-1.0994,1.0768,123.30
0.0140,-0.002604,-0.008804,0.158616,-0.3406,-1.1536,1.1302,114.12
0.0150,-0.002954,-0.009989,0.159777,-0.3552,-1.2036,1.1795,105.45
0.0160,-0.003317,-0.011221,0.160985,-0.3686,-1.2495,1.2250,97.25
0.0170,-0.003693,-0.012497,0.162236,-0.3809,-1.2916,1.2667,89.50
0.0180,-0.004081,-0.013813,0.163526,-0.3920,-1.3301,1.3050,82.19
0.0190,-0.004480,-0.015165,0.164853,-0.4022,-1.3653,1.3402,75.28
0.0200,-0.004888,-0.016550,0.166214,-0.4115,-1.3974,1.3723,68.75
0.0210,-0.005304,-0.017966,0.167604,-0.4198,-1.4266,1.4016,62.58
0.0220,-0.005729,-0.019409,0.169022,-0.4274,-1.4530,1.4283,56.76
0.0230,-0.006161,-0.020877,0.170466,-0.4342,-1.4769,1.4526,51.26
0.0240,-0.006599,-0.022367,0.171932,-0.4403,-1.4984,1.4746,46.06
0.0250,-0.007042,-0.023878,0.173419,-0.4457,-1.5176,1.4945,41.16
0.0260,-0.007491,-0.025406,0.174925,-0.4505,-1.5349,1.5125,36.52
0.0270,-0.007944,-0.026950,0.176447,-0.4547,-1.5502,1.5287,32.14
0.0280,-0.008401,-0.028509,0.177985,-0.4584,-1.5637,1.5432,28.00
0.0290,-0.008861,-0.030080,0.179536,-0.4616,-1.5756,1.5561,24.08
0.0300,-0.009325,-0.031662,0.181099,-0.4643,-1.5860,1.5677,20.38
0.0310,-0.009790,-0.033254,0.182673,-0.4667,-1.5950,1.5779,16.88
0.0320,-0.010258,-0.034854,0.184257,-0.4686,-1.6027,1.5869,13.56
0.0330,-0.010728,-0.036461,0.185848,-0.4702,-1.6093,1.5949,10.42
0.0340,-0.011199,-0.038074,0.187448,-0.4715,-1.6147,1.6018,7.45
0.0350,-0.011671,-0.039691,0.189053,-0.4725,-1.6192,1.6079,4.63
0.0360,-0.012144,-0.041313,0.190664,-0.4733,-1.6228,1.6131,1.96
0.0370,-0.012618,-0.042937,0.192280,-0.4738,-1.6256,1.6176,-0.58
0.0380,-0.013092,-0.044564,0.193900,-0.4740,-1.6276,1.6214,-3.00
0.0390,-0.013566,-0.046193,0.195523,-0.4741,-1.6290,1.6246,-5.29
0.0400,-0.014040,-0.047823,0.197149,-0.4740,-1.6298,1.6273,-7.47
0.0410,-0.014514,-0.049453,0.198777,-0.4738,-1.6300,1.6295,-9.56
0.0420,-0.014987,-0.051083,0.200408,-0.4734,-1.6298,1.6313,-11.54
0.0430,-0.015460,-0.052712,0.202040,-0.4729,-1.6291,1.6326,-13.44
0.0440,-0.015933,-0.054341,0.203673,-0.4723,-1.6281,1.6337,-15.25
0.0450,-0.016405,-0.055968,0.205307,-0.4717,-1.6267,1.6345,-16.99
0.0460,-0.016876,-0.057594,0.206941,-0.4709,-1.6250,1.6350,-18.65
0.0470,-0.017346,-0.059217,0.208576,-0.4701,-1.6231,1.6353,-20.25
0.0480,-0.017816,-0.060839,0.210211,-0.4692,-1.6209,1.6354,-21.79
0.0490,-0.018284,-0.062459,0.211846,-0.4682,-1.6186,1.6353,-23.27
0.0500,-0.018752,-0.064076,0.213481,-0.4673,-1.6161,1.6351,-24.70
0.0510,-0.019219,-0.065690,0.215116,-0.4663,-1.6134,1.6348,-26.08
0.0520,-0.019684,-0.067302,0.216751,-0.4652,-1.6106,1.6344,-27.41
0.0530,-0.020149,-0.068911,0.218384,-0.4642,-1.6078,1.6339,-28.70
0.0540,-0.020612,-0.070517,0.220018,-0.4631,-1.6048,1.6333,-29.96
0.0550,-0.021075,-0.072120,0.221650,-0.4621,-1.6018,1.6327,-31.18
0.0560,-0.021536,-0.073720,0.223282,-0.4610,-1.5987,1.6319,-32.37
0.0570,-0.021996,-0.075317,0.224914,-0.4599,-1.5955,1.6312,-33.53
0.0580,-0.022456,-0.076910,0.226544,-0.4588,-1.5923,1.6304,-34.66
0.0590,-0.022914,-0.078501,0.228174,-0.4577,-1.5890,1.6295,-35.76
0.0600,-0.023371,-0.080088,0.229803,-0.4566,-1.5857,1.6286,-36.84
0.0610,-0.023827,-0.081671,0.231431,-0.4555,-1.5824,1.6276,-37.90
0.0620,-0.024281,-0.083251,0.233057,-0.4544,-1.5789,1.6266,-38.94
0.0630,-0.024735,-0.084828,0.234683,-0.4532,-1.5755,1.6255,-39.96
0.0640,-0.025188,-0.086402,0.236308,-0.4521,-1.5719,1.6243,-40.97
0.0650,-0.025639,-0.087971,0.237931,-0.4509,-1.5684,1.6230,-41.95
0.0660,-0.026089,-0.089537,0.239553,-0.4498,-1.5647,1.6216,-42.93
0.0670,-0.026538,-0.091100,0.241174,-0.4486,-1.5609,1.6201,-43.88
0.0680,-0.026986,-0.092658,0.242793,-0.4474,-1.5571,1.6185,-44.83
0.0690,-0.027433,-0.094213,0.244410,-0.4461,-1.5531,1.6168,-45.76
0.0700,-0.027878,-0.095763,0.246026,-0.4449,-1.5490,1.6149,-46.67
0.0710,-0.028322,-0.097310,0.247640,-0.4436,-1.5448,1.6129,-47.58
0.0720,-0.028765,-0.098852,0.249251,-0.4422,-1.5404,1.6107,-48.47
0.0730,-0.029206,-0.100389,0.250860,-0.4408,-1.5359,1.6082,-49.35
0.0740,-0.029646,-0.101922,0.252467,-0.4393,-1.5312,1.6056,-50.21
0.0750,-0.030084,-0.103450,0.254071,-0.4378,-1.5263,1.6028,-51.07
0.0760,-0.030521,-0.104974,0.255672,-0.4362,-1.5212,1.5997,-51.91
0.0770,-0.030956,-0.106491,0.257269,-0.4346,-1.5159,1.5963,-52.74
0.0780,-0.031390,-0.108004,0.258863,-0.4328,-1.5104,1.5927,-53.55
0.0790,-0.031821,-0.109511,0.260454,-0.4310,-1.5046,1.5888,-54.35
0.0800,-0.032251,-0.111011,0.262040,-0.4291,-1.4986,1.5846,-55.14
0.0810,-0.032679,-0.112506,0.263622,-0.4271,-1.4922,1.5800,-55.91
0.0820,-0.033105,-0.113994,0.265199,-0.4251,-1.4856,1.5752,-56.67
0.0830,-0.033529,-0.115475,0.266771,-0.4229,-1.4787,1.5700,-57.41
0.0840,-0.033950,-0.116950,0.268337,-0.4206,-1.4715,1.5644,-58.14
0.0850,-0.034369,-0.118416,0.269898,-0.4182,-1.4639,1.5585,-58.85
0.0860,-0.034786,-0.119875,0.271453,-0.4156,-1.4560,1.5522,-59.54
0.0870,-0.035200,-0.121326,0.273001,-0.4130,-1.4478,1.5455,-60.22
0.0880,-0.035611,-0.122769,0.274542,-0.4102,-1.4392,1.5385,-60.88
0.0890,-0.036020,-0.124202,0.276076,-0.4074,-1.4303,1.5310,-61.51
0.0900,-0.036425,-0.125627,0.277602,-0.4043,-1.4209,1.5231,-62.13
0.0910,-0.036827,-0.127042,0.279120,-0.4012,-1.4113,1.5148,-62.73
0.0920,-0.037227,-0.128447,0.280629,-0.3979,-1.4012,1.5061,-63.31
0.0930,-0.037622,-0.129841,0.282130,-0.3945,-1.3908,1.4970,-63.87
0.0940,-0.038015,-0.131225,0.283621,-0.3909,-1.3799,1.4875,-64.41
0.0950,-0.038403,-0.132598,0.285102,-0.3873,-1.3687,1.4775,-64.93
0.0960,-0.038788,-0.133960,0.286573,-0.3834,-1.3571,1.4672,-65.42
0.0970,-0.039169,-0.135310,0.288034,-0.3795,-1.3452,1.4564,-65.90
0.0980,-0.039546,-0.136647,0.289483,-0.3754,-1.3328,1.4452,-66.35
0.0990,-0.039919,-0.137972,0.290921,-0.3712,-1.3201,1.4337,-66.78
0.1000,-0.040287,-0.139284,0.292348,-0.3668,-1.3071,1.4217,-67.19
0.1010,-0.040651,-0.140583,0.293762,-0.3623,-1.2936,1.4093,-67.57
0.1020,-0.041011,-0.141868,0.295163,-0.3577,-1.2799,1.3966,-67.94
0.1030,-0.041366,-0.143139,0.296551,-0.3530,-1.2658,1.3835,-68.28
0.1040,-0.041715,-0.144396,0.297927,-0.3481,-1.2514,1.3701,-68.60
0.1050,-0.042061,-0.145639,0.299288,-0.3432,-1.2366,1.3564,-68.90
0.1060,-0.042401,-0.146866,0.300636,-0.3381,-1.2216,1.3423,-69.18
0.1070,-0.042735,-0.148078,0.301969,-0.3329,-1.2063,1.3279,-69.44
0.1080,-0.043065,-0.149275,0.303287,-0.3276,-1.1907,1.3132,-69.68
0.1090,-0.043389,-0.150456,0.304591,-0.3222,-1.1749,1.2983,-69.90
0.1100,-0.043708,-0.151621,0.305880,-0.3168,-1.1589,1.2831,-70.11
0.1110,-0.044021,-0.152769,0.307154,-0.3112,-1.1426,1.2677,-70.29
0.1120,-0.044329,-0.153902,0.308411,-0.3056,-1.1262,1.2521,-70.47
0.1130,-0.044631,-0.155018,0.309654,-0.2999,-1.1096,1.2364,-70.62
0.1140,-0.044928,-0.156117,0.310880,-0.2942,-1.0928,1.2204,-70.77
0.1150,-0.045218,-0.157199,0.312090,-0.2884,-1.0760,1.2043,-70.90
0.1160,-0.045503,-0.158265,0.313285,-0.2826,-1.0590,1.1882,-71.02
0.1170,-0.045782,-0.159313,0.314462,-0.2767,-1.0420,1.1719,-71.13
0.1180,-0.046055,-0.160345,0.315624,-0.2708,-1.0249,1.1556,-71.23
0.1190,-0.046322,-0.161359,0.316769,-0.2649,-1.0078,1.1392,-71.32
0.1200,-0.046583,-0.162356,0.317898,-0.2590,-0.9908,1.1228,-71.41
0.1210,-0.046838,-0.163336,0.319011,-0.2530,-0.9737,1.1064,-71.49
0.1220,-0.047088,-0.164300,0.320107,-0.2471,-0.9567,1.0901,-71.57
0.1230,-0.047331,-0.165246,0.321187,-0.2412,-0.9397,1.0738,-71.65
0.1240,-0.047569,-0.166175,0.322251,-0.2354,-0.9229,1.0576,-71.72
0.1250,-0.047800,-0.167087,0.323298,-0.2295,-0.9062,1.0416,-71.80
0.1260,-0.048026,-0.167983,0.324330,-0.2237,-0.8896,1.0256,-71.88
0.1270,-0.048246,-0.168862,0.325346,-0.2180,-0.8732,1.0098,-71.97
0.1280,-0.048461,-0.169725,0.326346,-0.2123,-0.8570,0.9942,-72.06
0.1290,-0.048670,-0.170572,0.327330,-0.2067,-0.8410,0.9788,-72.16
0.1300,-0.048873,-0.171403,0.328300,-0.2012,-0.8253,0.9636,-72.26
0.1310,-0.049071,-0.172219,0.329254,-0.1957,-0.8098,0.9487,-72.38
0.1320,-0.049263,-0.173019,0.330194,-0.1904,-0.7945,0.9340,-72.51
0.1330,-0.049450,-0.173804,0.331119,-0.1851,-0.7796,0.9196,-72.64
0.1340,-0.049632,-0.174574,0.332030,-0.1799,-0.7650,0.9055,-72.80
0.1350,-0.049809,-0.175330,0.332926,-0.1749,-0.7508,0.8917,-72.96
0.1360,-0.049981,-0.176072,0.333810,-0.1700,-0.7368,0.8783,-73.15
0.1370,-0.050148,-0.176801,0.334680,-0.1652,-0.7233,0.8651,-73.34
0.1380,-0.050310,-0.177515,0.335537,-0.1605,-0.7101,0.8524,-73.56
0.1390,-0.050467,-0.178217,0.336382,-0.1559,-0.6973,0.8400,-73.80
0.1400,-0.050621,-0.178907,0.337215,-0.1515,-0.6849,0.8280,-74.05
0.1410,-0.050769,-0.179584,0.338035,-0.1473,-0.6729,0.8164,-74.32
0.1420,-0.050914,-0.180249,0.338845,-0.1432,-0.6613,0.8051,-74.62
0.1430,-0.051055,-0.180903,0.339643,-0.1392,-0.6501,0.7943,-74.93
0.1440,-0.051192,-0.181546,0.340431,-0.1354,-0.6394,0.7839,-75.27
0.1450,-0.051325,-0.182179,0.341209,-0.1317,-0.6291,0.7739,-75.63
0.1460,-0.051454,-0.182802,0.341977,-0.1282,-0.6192,0.7642,-76.01
0.1470,-0.051580,-0.183415,0.342735,-0.1248,-0.6097,0.7551,-76.41
0.1480,-0.051703,-0.184019,0.343485,-0.1216,-0.6007,0.7463,-76.83
0.1490,-0.051822,-0.184614,0.344226,-0.1185,-0.5921,0.7379,-77.28
0.1500,-0.051939,-0.185201,0.344959,-0.1156,-0.5840,0.7299,-77.75
0.1510,-0.052053,-0.185780,0.345684,-0.1128,-0.5762,0.7224,-78.24
0.1520,-0.052164,-0.186351,0.346402,-0.1102,-0.5689,0.7152,-78.75
0.1530,-0.052273,-0.186915,0.347113,-0.1078,-0.5620,0.7084,-79.28
0.1540,-0.052379,-0.187473,0.347817,-0.1055,-0.5555,0.7020,-79.83
0.1550,-0.052483,-0.188025,0.348516,-0.1033,-0.5494,0.6959,-80.41
0.1560,-0.052585,-0.188570,0.349208,-0.1012,-0.5436,0.6903,-81.00
0.1570,-0.052685,-0.189110,0.349895,-0.0993,-0.5383,0.6849,-81.61
0.1580,-0.052784,-0.189645,0.350577,-0.0976,-0.5332,0.6799,-82.24
0.1590,-0.052880,-0.190175,0.351254,-0.0959,-0.5286,0.6752,-82.88
0.1600,-0.052975,-0.190701,0.351926,-0.0944,-0.5242,0.6708,-83.54
0.1610,-0.053069,-0.191222,0.352595,-0.0930,-0.5202,0.6667,-84.22
0.1620,-0.053161,-0.191740,0.353259,-0.0917,-0.5164,0.6629,-84.91
0.1630,-0.053252,-0.192254,0.353919,-0.0905,-0.5129,0.6593,-85.61
0.1640,-0.053341,-0.192765,0.354577,-0.0894,-0.5097,0.6560,-86.32
0.1650,-0.053430,-0.193272,0.355231,-0.0884,-0.5067,0.6529,-87.05
0.1660,-0.053518,-0.193777,0.355882,-0.0875,-0.5039,0.6499,-87.78
0.1670,-0.053605,-0.194279,0.356530,-0.0866,-0.5013,0.6471,-88.52
0.1680,-0.053691,-0.194779,0.357175,-0.0859,-0.4989,0.6445,-89.27
0.1690,-0.053777,-0.195276,0.357818,-0.0852,-0.4966,0.6420,-90.02
0.1700,-0.053861,-0.195772,0.358459,-0.0845,-0.4945,0.6397,-90.78
0.1710,-0.053945,-0.196265,0.359097,-0.0839,-0.4924,0.6374,-91.54
0.1720,-0.054029,-0.196756,0.359733,-0.0833,-0.4905,0.6352,-92.30
0.1730,-0.054112,-0.197245,0.360367,-0.0827,-0.4886,0.6330,-93.07
0.1740,-0.054194,-0.197732,0.360998,-0.0822,-0.4867,0.6308,-93.83
0.1750,-0.054276,-0.198218,0.361628,-0.0817,-0.4849,0.6286,-94.58
0.1760,-0.054358,-0.198701,0.362255,-0.0812,-0.4830,0.6264,-95.33
0.1770,-0.054438,-0.199183,0.362880,-0.0807,-0.4811,0.6242,-96.08
0.1780,-0.054519,-0.199663,0.363503,-0.0802,-0.4792,0.6219,-96.82
0.1790,-0.054599,-0.200141,0.364123,-0.0796,-0.4772,0.6195,-97.55
0.1800,-0.054678,-0.200617,0.364741,-0.0791,-0.4751,0.6170,-98.27
0.1810,-0.054757,-0.201090,0.365356,-0.0785,-0.4728,0.6144,-98.98
0.1820,-0.054835,-0.201562,0.365969,-0.0778,-0.4705,0.6116,-99.68
0.1830,-0.054912,-0.202031,0.366579,-0.0771,-0.4680,0.6086,-100.36
0.1840,-0.054989,-0.202497,0.367185,-0.0764,-0.4653,0.6055,-101.02
0.1850,-0.055064,-0.202960,0.367789,-0.0756,-0.4624,0.6021,-101.67
0.1860,-0.055139,-0.203421,0.368389,-0.0747,-0.4593,0.5986,-102.30
0.1870,-0.055214,-0.203878,0.368985,-0.0737,-0.4559,0.5947,-102.92
0.1880,-0.055287,-0.204332,0.369577,-0.0727,-0.4523,0.5907,-103.51
0.1890,-0.055359,-0.204782,0.370165,-0.0715,-0.4485,0.5863,-104.08
0.1900,-0.055429,-0.205228,0.370748,-0.0703,-0.4444,0.5817,-104.63
0.1910,-0.055499,-0.205669,0.371327,-0.0690,-0.4400,0.5768,-105.15
0.1920,-0.055567,-0.206106,0.371901,-0.0676,-0.4352,0.5716,-105.65
0.1930,-0.055634,-0.206538,0.372469,-0.0660,-0.4302,0.5660,-106.13
0.1940,-0.055699,-0.206965,0.373031,-0.0644,-0.4249,0.5602,-106.58
0.1950,-0.055762,-0.207387,0.373587,-0.0627,-0.4192,0.5540,-107.00
0.1960,-0.055823,-0.207802,0.374137,-0.0608,-0.4132,0.5474,-107.39
0.1970,-0.055883,-0.208212,0.374680,-0.0588,-0.4068,0.5405,-107.76
0.1980,-0.055940,-0.208614,0.375216,-0.0567,-0.4001,0.5333,-108.10
0.1990,-0.055996,-0.209010,0.375745,-0.0544,-0.3931,0.5257,-108.41
0.2000,-0.056049,-0.209399,0.376266,-0.0521,-0.3857,0.5178,-108.68
0.2010,-0.056099,-0.209780,0.376778,-0.0496,-0.3779,0.5095,-108.93
0.2020,-0.056147,-0.210152,0.377282,-0.0470,-0.3698,0.5008,-109.15
0.2030,-0.056192,-0.210517,0.377778,-0.0442,-0.3613,0.4918,-109.34
0.2040,-0.056235,-0.210873,0.378264,-0.0413,-0.3525,0.4825,-109.50
0.2050,-0.056274,-0.211220,0.378740,-0.0384,-0.3433,0.4728,-109.62
0.2060,-0.056311,-0.211557,0.379207,-0.0352,-0.3338,0.4628,-109.72
0.2070,-0.056344,-0.211885,0.379663,-0.0320,-0.3240,0.4524,-109.79
0.2080,-0.056374,-0.212203,0.380108,-0.0286,-0.3138,0.4417,-109.83
0.2090,-0.056400,-0.212510,0.380543,-0.0252,-0.3033,0.4307,-109.83
0.2100,-0.056423,-0.212807,0.380967,-0.0216,-0.2925,0.4194,-109.81
0.2110,-0.056443,-0.213093,0.381379,-0.0179,-0.2814,0.4079,-109.76
0.2120,-0.056458,-0.213367,0.381780,-0.0141,-0.2701,0.3960,-109.68
0.2130,-0.056470,-0.213630,0.382168,-0.0102,-0.2584,0.3839,-109.58
0.2140,-0.056478,-0.213881,0.382544,-0.0062,-0.2465,0.3715,-109.45
0.2150,-0.056481,-0.214120,0.382908,-0.0021,-0.2344,0.3589,-109.29
0.2160,-0.056481,-0.214347,0.383258,0.0020,-0.2220,0.3460,-109.11
0.2170,-0.056476,-0.214562,0.383596,0.0063,-0.2095,0.3330,-108.90
0.2180,-0.056467,-0.214763,0.383921,0.0106,-0.1967,0.3198,-108.68
0.2190,-0.056454,-0.214952,0.384232,0.0150,-0.1838,0.3064,-108.43
0.2200,-0.056436,-0.215128,0.384530,0.0194,-0.1707,0.2928,-108.16
0.2210,-0.056414,-0.215290,0.384815,0.0239,-0.1575,0.2792,-107.87
0.2220,-0.056387,-0.215440,0.385085,0.0285,-0.1441,0.2654,-107.56
0.2230,-0.056356,-0.215575,0.385342,0.0331,-0.1307,0.2515,-107.23
0.2240,-0.056320,-0.215698,0.385585,0.0377,-0.1172,0.2375,-106.90
0.2250,-0.056279,-0.215807,0.385813,0.0423,-0.1036,0.2235,-106.54
0.2260,-0.056234,-0.215902,0.386028,0.0470,-0.0900,0.2094,-106.18
0.2270,-0.056184,-0.215983,0.386228,0.0517,-0.0764,0.1954,-105.80
0.2280,-0.056129,-0.216051,0.386415,0.0564,-0.0628,0.1813,-105.41
0.2290,-0.056070,-0.216106,0.386588,0.0610,-0.0491,0.1672,-105.02
0.2300,-0.056006,-0.216146,0.386746,0.0657,-0.0356,0.1532,-104.62
0.2310,-0.055938,-0.216174,0.386890,0.0704,-0.0221,0.1393,-104.21
0.2320,-0.055864,-0.216187,0.387021,0.0750,-0.0087,0.1254,-103.80
0.2330,-0.055786,-0.216188,0.387138,0.0796,0.0046,0.1116,-103.39
0.2340,-0.055704,-0.216175,0.387241,0.0842,0.0178,0.0980,-102.97
0.2350,-0.055617,-0.216149,0.387330,0.0887,0.0309,0.0844,-102.56
0.2360,-0.055525,-0.216110,0.387406,0.0932,0.0438,0.0710,-102.15
0.2370,-0.055429,-0.216058,0.387469,0.0976,0.0566,0.0578,-101.74
0.2380,-0.055329,-0.215994,0.387519,0.1020,0.0691,0.0448,-101.34
0.2390,-0.055224,-0.215917,0.387556,0.1063,0.0815,0.0319,-100.94
0.2400,-0.055115,-0.215828,0.387580,0.1105,0.0936,0.0192,-100.54
0.2410,-0.055002,-0.215727,0.387591,0.1147,0.1055,0.0068,-100.16
0.2420,-0.054885,-0.215614,0.387590,0.1187,0.1172,-0.0054,-99.78
0.2430,-0.054764,-0.215489,0.387577,0.1227,0.1286,-0.0174,-99.42
0.2440,-0.054639,-0.215354,0.387553,0.1266,0.1398,-0.0291,-99.06
0.2450,-0.054510,-0.215207,0.387517,0.1304,0.1507,-0.0406,-98.72
0.2460,-0.054377,-0.215050,0.387469,0.1341,0.1613,-0.0517,-98.39
0.2470,-0.054241,-0.214882,0.387411,0.1377,0.1716,-0.0627,-98.08
0.2480,-0.054101,-0.214704,0.387341,0.1412,0.1816,-0.0733,-97.77
0.2490,-0.053957,-0.214516,0.387262,0.1446,0.1914,-0.0836,-97.49
0.2500,-0.053811,-0.214318,0.387172,0.1479,0.2008,-0.0937,-97.21
0.2510,-0.053661,-0.214112,0.387072,0.1511,0.2099,-0.1035,-96.96
0.2520,-0.053508,-0.213896,0.386962,0.1542,0.2187,-0.1129,-96.71
0.2530,-0.053352,-0.213672,0.386844,0.1571,0.2272,-0.1221,-96.49
0.2540,-0.053193,-0.213440,0.386716,0.1600,0.2353,-0.1310,-96.28
0.2550,-0.053031,-0.213200,0.386580,0.1627,0.2432,-0.1395,-96.09
0.2560,-0.052867,-0.212951,0.386435,0.1653,0.2507,-0.1478,-95.91
0.2570,-0.052700,-0.212696,0.386283,0.1679,0.2580,-0.1558,-95.75
0.2580,-0.052531,-0.212434,0.386122,0.1703,0.2649,-0.1635,-95.61
0.2590,-0.052359,-0.212164,0.385954,0.1726,0.2715,-0.1709,-95.48
0.2600,-0.052185,-0.211889,0.385779,0.1748,0.2779,-0.1780,-95.37
0.2610,-0.052009,-0.211607,0.385596,0.1769,0.2839,-0.1848,-95.28
0.2620,-0.051831,-0.211319,0.385407,0.1789,0.2896,-0.1914,-95.20
0.2630,-0.051651,-0.211026,0.385212,0.1808,0.2951,-0.1977,-95.13
0.2640,-0.051469,-0.210728,0.385011,0.1826,0.3003,-0.2038,-95.08
0.2650,-0.051285,-0.210424,0.384803,0.1843,0.3053,-0.2096,-95.05
0.2660,-0.051100,-0.210116,0.384590,0.1859,0.3100,-0.2151,-95.02
0.2670,-0.050913,-0.209803,0.384372,0.1874,0.3144,-0.2205,-95.01
0.2680,-0.050725,-0.209486,0.384148,0.1888,0.3186,-0.2256,-95.01
0.2690,-0.050535,-0.209165,0.383919,0.1902,0.3226,-0.2305,-95.02
0.2700,-0.050344,-0.208839,0.383686,0.1915,0.3264,-0.2352,-95.04
0.2710,-0.050152,-0.208511,0.383448,0.1927,0.3300,-0.2398,-95.07
0.2720,-0.049958,-0.208178,0.383205,0.1938,0.3335,-0.2441,-95.11
0.2730,-0.049764,-0.207843,0.382959,0.1949,0.3367,-0.2483,-95.16
0.2740,-0.049568,-0.207504,0.382708,0.1959,0.3398,-0.2524,-95.21
0.2750,-0.049372,-0.207162,0.382453,0.1969,0.3428,-0.2563,-95.27
0.2760,-0.049174,-0.206818,0.382194,0.1978,0.3456,-0.2601,-95.33
0.2770,-0.048976,-0.206470,0.381932,0.1987,0.3483,-0.2638,-95.40
0.2780,-0.048777,-0.206120,0.381666,0.1995,0.3509,-0.2673,-95.47
0.2790,-0.048577,-0.205768,0.381396,0.2003,0.3534,-0.2708,-95.54
0.2800,-0.048376,-0.205413,0.381124,0.2011,0.3558,-0.2743,-95.61
0.2810,-0.048174,-0.205056,0.380847,0.2018,0.3582,-0.2776,-95.68
0.2820,-0.047972,-0.204696,0.380567,0.2025,0.3605,-0.2810,-95.75
0.2830,-0.047769,-0.204334,0.380284,0.2032,0.3628,-0.2842,-95.82
0.2840,-0.047566,-0.203970,0.379998,0.2039,0.3650,-0.2875,-95.88
0.2850,-0.047361,-0.203603,0.379709,0.2046,0.3673,-0.2907,-95.94
0.2860,-0.047156,-0.203235,0.379416,0.2053,0.3695,-0.2940,-96.00
0.2870,-0.046950,-0.202864,0.379120,0.2059,0.3718,-0.2973,-96.05
0.2880,-0.046744,-0.202491,0.378821,0.2066,0.3740,-0.3006,-96.09
0.2890,-0.046537,-0.202115,0.378518,0.2073,0.3764,-0.3039,-96.12
0.2900,-0.046329,-0.201737,0.378212,0.2080,0.3787,-0.3073,-96.15
0.2910,-0.046121,-0.201357,0.377903,0.2088,0.3812,-0.3107,-96.16
0.2920,-0.045912,-0.200974,0.377590,0.2095,0.3836,-0.3142,-96.17
0.2930,-0.045702,-0.200589,0.377273,0.2103,0.3862,-0.3177,-96.16
0.2940,-0.045491,-0.200201,0.376953,0.2111,0.3889,-0.3214,-96.14
0.2950,-0.045279,-0.199811,0.376630,0.2119,0.3916,-0.3251,-96.11
0.2960,-0.045067,-0.199417,0.376302,0.2128,0.3945,-0.3289,-96.07
0.2970,-0.044853,-0.199021,0.375971,0.2137,0.3974,-0.3329,-96.01
0.2980,-0.044639,-0.198621,0.375635,0.2146,0.4005,-0.3369,-95.94
0.2990,-0.044424,-0.198219,0.375296,0.2156,0.4037,-0.3411,-95.85
0.3000,-0.044208,-0.197813,0.374952,0.2166,0.4070,-0.3453,-95.75
0.3010,-0.043990,-0.197404,0.374604,0.2177,0.4105,-0.3497,-95.63
0.3020,-0.043772,-0.196991,0.374252,0.2188,0.4141,-0.3542,-95.49
0.3030,-0.043552,-0.196575,0.373895,0.2200,0.4178,-0.3589,-95.34
0.3040,-0.043332,-0.196155,0.373533,0.2212,0.4217,-0.3637,-95.17
0.3050,-0.043110,-0.195731,0.373166,0.2225,0.4257,-0.3686,-94.99
0.3060,-0.042886,-0.195303,0.372794,0.2238,0.4298,-0.3737,-94.79
0.3070,-0.042662,-0.194870,0.372417,0.2252,0.4341,-0.3788,-94.57
0.3080,-0.042435,-0.194433,0.372035,0.2266,0.4386,-0.3842,-94.33
0.3090,-0.042208,-0.193992,0.371648,0.2281,0.4432,-0.3896,-94.08
0.3100,-0.041979,-0.193546,0.371254,0.2296,0.4479,-0.3952,-93.81
0.3110,-0.041748,-0.193095,0.370856,0.2312,0.4528,-0.4009,-93.52
0.3120,-0.041516,-0.192639,0.370451,0.2328,0.4578,-0.4068,-93.21
0.3130,-0.041282,-0.192178,0.370041,0.2345,0.4630,-0.4128,-92.89
0.3140,-0.041046,-0.191712,0.369624,0.2363,0.4682,-0.4189,-92.55
0.3150,-0.040809,-0.191240,0.369201,0.2380,0.4737,-0.4251,-92.20
0.3160,-0.040570,-0.190763,0.368772,0.2399,0.4792,-0.4314,-91.82
0.3170,-0.040329,-0.190281,0.368337,0.2417,0.4848,-0.4378,-91.44
0.3180,-0.040086,-0.189792,0.367895,0.2436,0.4906,-0.4444,-91.03
0.3190,-0.039841,-0.189298,0.367446,0.2456,0.4965,-0.4510,-90.61
0.3200,-0.039594,-0.188798,0.366991,0.2476,0.5025,-0.4577,-90.18
0.3210,-0.039345,-0.188292,0.366529,0.2496,0.5085,-0.4645,-89.73
0.3220,-0.039095,-0.187779,0.366061,0.2517,0.5147,-0.4714,-89.27
0.3230,-0.038842,-0.187261,0.365585,0.2537,0.5209,-0.4784,-88.80
0.3240,-0.038587,-0.186736,0.365102,0.2559,0.5272,-0.4854,-88.31
0.3250,-0.038329,-0.186205,0.364612,0.2580,0.5336,-0.4924,-87.82
0.3260,-0.038070,-0.185667,0.364115,0.2602,0.5400,-0.4995,-87.31
0.3270,-0.037809,-0.185123,0.363611,0.2624,0.5465,-0.5067,-86.79
0.3280,-0.037545,-0.184573,0.363100,0.2646,0.5530,-0.5138,-86.26
0.3290,-0.037279,-0.184016,0.362582,0.2668,0.5595,-0.5210,-85.72
0.3300,-0.037011,-0.183452,0.362056,0.2690,0.5661,-0.5282,-85.17
0.3310,-0.036740,-0.182882,0.361524,0.2712,0.5726,-0.5354,-84.62
0.3320,-0.036468,-0.182306,0.360984,0.2735,0.5792,-0.5426,-84.06
0.3330,-0.036193,-0.181722,0.360437,0.2757,0.5857,-0.5498,-83.49
0.3340,-0.035916,-0.181133,0.359883,0.2779,0.5922,-0.5569,-82.92
0.3350,-0.035636,-0.180536,0.359321,0.2802,0.5987,-0.5640,-82.34
0.3360,-0.035355,-0.179934,0.358753,0.2824,0.6052,-0.5711,-81.76
0.3370,-0.035071,-0.179324,0.358177,0.2846,0.6116,-0.5781,-81.18
0.3380,-0.034785,-0.178709,0.357595,0.2868,0.6180,-0.5851,-80.59
0.3390,-0.034497,-0.178087,0.357005,0.2890,0.6243,-0.5920,-80.00
0.3400,-0.034207,-0.177459,0.356409,0.2911,0.6305,-0.5988,-79.41
0.3410,-0.033914,-0.176824,0.355806,0.2933,0.6367,-0.6055,-78.83
0.3420,-0.033620,-0.176184,0.355196,0.2954,0.6427,-0.6122,-78.24
0.3430,-0.033323,-0.175538,0.354580,0.2974,0.6487,-0.6187,-77.65
0.3440,-0.033024,-0.174885,0.353957,0.2995,0.6546,-0.6252,-77.07
0.3450,-0.032724,-0.174227,0.353328,0.3015,0.6603,-0.6315,-76.49
0.3460,-0.032421,-0.173563,0.352693,0.3034,0.6660,-0.6377,-75.91
0.3470,-0.032116,-0.172894,0.352051,0.3054,0.6715,-0.6438,-75.33
0.3480,-0.031810,-0.172219,0.351404,0.3073,0.6768,-0.6497,-74.77
0.3490,-0.031501,-0.171539,0.350751,0.3091,0.6821,-0.6555,-74.20
0.3500,-0.031191,-0.170854,0.350092,0.3109,0.6872,-0.6612,-73.64
0.3510,-0.030879,-0.170163,0.349427,0.3126,0.6922,-0.6667,-73.09
0.3520,-0.030565,-0.169468,0.348757,0.3143,0.6970,-0.6721,-72.55
0.3530,-0.030250,-0.168768,0.348082,0.3160,0.7016,-0.6773,-72.01
0.3540,-0.029933,-0.168064,0.347401,0.3176,0.7061,-0.6823,-71.48
0.3550,-0.029614,-0.167355,0.346716,0.3191,0.7105,-0.6872,-70.96
0.3560,-0.029294,-0.166642,0.346026,0.3206,0.7146,-0.6919,-70.44
0.3570,-0.028973,-0.165925,0.345331,0.3220,0.7186,-0.6965,-69.94
0.3580,-0.028650,-0.165204,0.344632,0.3234,0.7225,-0.7009,-69.44
0.3590,-0.028326,-0.164479,0.343928,0.3247,0.7261,-0.7051,-68.95
0.3600,-0.028000,-0.163751,0.343221,0.3259,0.7296,-0.7091,-68.48
0.3610,-0.027674,-0.163019,0.342509,0.3271,0.7329,-0.7130,-68.01
0.3620,-0.027346,-0.162284,0.341794,0.3283,0.7361,-0.7167,-67.55
0.3630,-0.027017,-0.161546,0.341075,0.3293,0.7390,-0.7202,-67.10
0.3640,-0.026687,-0.160805,0.340352,0.3304,0.7418,-0.7236,-66.67
0.3650,-0.026356,-0.160062,0.339627,0.3313,0.7444,-0.7268,-66.24
0.3660,-0.026024,-0.159316,0.338898,0.3322,0.7469,-0.7298,-65.82
0.3670,-0.025691,-0.158568,0.338167,0.3330,0.7491,-0.7326,-65.41
0.3680,-0.025358,-0.157817,0.337432,0.3338,0.7512,-0.7353,-65.02
0.3690,-0.025024,-0.157065,0.336695,0.3345,0.7532,-0.7378,-64.63
0.3700,-0.024689,-0.156310,0.335956,0.3352,0.7550,-0.7401,-64.25
0.3710,-0.024353,-0.155554,0.335215,0.3358,0.7566,-0.7423,-63.88
0.3720,-0.024017,-0.154797,0.334471,0.3364,0.7580,-0.7443,-63.52
0.3730,-0.023680,-0.154038,0.333726,0.3368,0.7593,-0.7462,-63.17
0.3740,-0.023343,-0.153278,0.332978,0.3373,0.7605,-0.7479,-62.83
0.3750,-0.023006,-0.152517,0.332229,0.3377,0.7615,-0.7495,-62.50
0.3760,-0.022668,-0.151755,0.331479,0.3380,0.7623,-0.7509,-62.18
0.3770,-0.022330,-0.150992,0.330727,0.3383,0.7631,-0.7522,-61.87
0.3780,-0.021991,-0.150228,0.329974,0.3386,0.7636,-0.7534,-61.56
0.3790,-0.021652,-0.149465,0.329220,0.3388,0.7641,-0.7544,-61.27
0.3800,-0.021314,-0.148700,0.328465,0.3389,0.7644,-0.7553,-60.98
0.3810,-0.020975,-0.147936,0.327709,0.3390,0.7646,-0.7561,-60.69
0.3820,-0.020635,-0.147171,0.326953,0.3391,0.7647,-0.7568,-60.42
0.3830,-0.020296,-0.146406,0.326196,0.3391,0.7647,-0.7573,-60.15
0.3840,-0.019957,-0.145642,0.325438,0.3391,0.7646,-0.7578,-59.89
0.3850,-0.019618,-0.144877,0.324680,0.3391,0.7643,-0.7581,-59.63
0.3860,-0.019279,-0.144113,0.323922,0.3390,0.7640,-0.7583,-59.38
0.3870,-0.018940,-0.143349,0.323163,0.3389,0.7636,-0.7585,-59.13
0.3880,-0.018601,-0.142586,0.322405,0.3387,0.7631,-0.7586,-58.89
0.3890,-0.018263,-0.141823,0.321646,0.3386,0.7626,-0.7586,-58.65
0.3900,-0.017924,-0.141061,0.320888,0.3384,0.7619,-0.7585,-58.42
0.3910,-0.017586,-0.140300,0.320129,0.3382,0.7612,-0.7584,-58.19
0.3920,-0.017248,-0.139539,0.319371,0.3379,0.7605,-0.7581,-57.96
0.3930,-0.016910,-0.138779,0.318613,0.3377,0.7596,-0.7579,-57.74
0.3940,-0.016573,-0.138020,0.317855,0.3374,0.7588,-0.7575,-57.52
0.3950,-0.016236,-0.137262,0.317098,0.3371,0.7578,-0.7572,-57.30
0.3960,-0.015899,-0.136504,0.316341,0.3368,0.7569,-0.7568,-57.08
0.3970,-0.015562,-0.135748,0.315585,0.3364,0.7559,-0.7563,-56.86
0.3980,-0.015226,-0.134993,0.314829,0.3361,0.7548,-0.7558,-56.65
0.3990,-0.014890,-0.134239,0.314073,0.3357,0.7538,-0.7553,-56.43
0.4000,-0.014555,-0.133486,0.313318,0.3354,0.7527,-0.7547,-56.22
0.4010,-0.014219,-0.132734,0.312564,0.3350,0.7516,-0.7542,-56.01
0.4020,-0.013885,-0.131983,0.311810,0.3346,0.7505,-0.7536,-55.79
0.4030,-0.013550,-0.131233,0.311057,0.3343,0.7494,-0.7530,-55.58
0.4040,-0.013216,-0.130484,0.310304,0.3339,0.7483,-0.7524,-55.36
0.4050,-0.012883,-0.129737,0.309552,0.3335,0.7471,-0.7518,-55.14
0.4060,-0.012549,-0.128990,0.308801,0.3331,0.7460,-0.7512,-54.93
0.4070,-0.012217,-0.128245,0.308050,0.3327,0.7449,-0.7505,-54.71
0.4080,-0.011884,-0.127501,0.307300,0.3323,0.7438,-0.7499,-54.49
0.4090,-0.011552,-0.126758,0.306550,0.3320,0.7427,-0.7493,-54.26
0.4100,-0.011220,-0.126016,0.305801,0.3316,0.7416,-0.7487,-54.04
0.4110,-0.010889,-0.125275,0.305053,0.3312,0.7405,-0.7482,-53.81
0.4120,-0.010558,-0.124535,0.304305,0.3308,0.7395,-0.7476,-53.58
0.4130,-0.010227,-0.123796,0.303558,0.3305,0.7385,-0.7470,-53.35
0.4140,-0.009897,-0.123058,0.302811,0.3301,0.7375,-0.7465,-53.11
0.4150,-0.009567,-0.122321,0.302065,0.3298,0.7365,-0.7460,-52.87
0.4160,-0.009238,-0.121585,0.301319,0.3295,0.7355,-0.7455,-52.63
0.4170,-0.008908,-0.120850,0.300574,0.3291,0.7346,-0.7450,-52.39
0.4180,-0.008579,-0.120116,0.299829,0.3288,0.7337,-0.7446,-52.14
0.4190,-0.008251,-0.119383,0.299085,0.3285,0.7329,-0.7441,-51.89
0.4200,-0.007922,-0.118651,0.298341,0.3282,0.7320,-0.7437,-51.64
0.4210,-0.007594,-0.117919,0.297598,0.3279,0.7312,-0.7434,-51.38
0.4220,-0.007267,-0.117189,0.296854,0.3276,0.7304,-0.7430,-51.12
0.4230,-0.006939,-0.116459,0.296112,0.3274,0.7297,-0.7427,-50.86
0.4240,-0.006612,-0.115729,0.295369,0.3271,0.7290,-0.7424,-50.59
0.4250,-0.006285,-0.115001,0.294627,0.3269,0.7283,-0.7421,-50.33
0.4260,-0.005958,-0.114273,0.293885,0.3266,0.7276,-0.7419,-50.05
0.4270,-0.005632,-0.113546,0.293143,0.3264,0.7270,-0.7417,-49.78
0.4280,-0.005305,-0.112819,0.292402,0.3262,0.7264,-0.7415,-49.50
0.4290,-0.004979,-0.112093,0.291660,0.3260,0.7258,-0.7413,-49.22
0.4300,-0.004654,-0.111368,0.290919,0.3258,0.7253,-0.7411,-48.94
0.4310,-0.004328,-0.110643,0.290178,0.3256,0.7248,-0.7410,-48.65
0.4320,-0.004002,-0.109918,0.289437,0.3254,0.7243,-0.7409,-48.37
0.4330,-0.003677,-0.109194,0.288696,0.3253,0.7238,-0.7408,-48.08
0.4340,-0.003352,-0.108471,0.287956,0.3251,0.7234,-0.7407,-47.79
0.4350,-0.003027,-0.107748,0.287215,0.3249,0.7229,-0.7406,-47.49
0.4360,-0.002702,-0.107025,0.286475,0.3248,0.7225,-0.7406,-47.20
0.4370,-0.002377,-0.106303,0.285734,0.3246,0.7221,-0.7405,-46.90
0.4380,-0.002053,-0.105581,0.284994,0.3245,0.7217,-0.7405,-46.60
0.4390,-0.001728,-0.104859,0.284253,0.3244,0.7213,-0.7404,-46.30
0.4400,-0.001404,-0.104138,0.283513,0.3242,0.7210,-0.7404,-46.00
0.4410,-0.001080,-0.103418,0.282772,0.3241,0.7206,-0.7404,-45.70
0.4420,-0.000756,-0.102697,0.282032,0.3240,0.7202,-0.7404,-45.40
0.4430,-0.000432,-0.101977,0.281292,0.3238,0.7199,-0.7403,-45.09
0.4440,-0.000108,-0.101258,0.280551,0.3237,0.7195,-0.7403,-44.79
0.4450,0.000215,-0.100538,0.279811,0.3236,0.7192,-0.7403,-44.49
0.4460,0.000539,-0.099819,0.279071,0.3234,0.7188,-0.7402,-44.19
0.4470,0.000862,-0.099101,0.278331,0.3233,0.7184,-0.7402,-43.88
0.4480,0.001185,-0.098383,0.277590,0.3232,0.7180,-0.7401,-43.58
0.4490,0.001508,-0.097665,0.276850,0.3230,0.7176,-0.7400,-43.28
0.4500,0.001831,-0.096948,0.276111,0.3229,0.7172,-0.7399,-42.98
0.4510,0.002154,-0.096231,0.275371,0.3227,0.7168,-0.7398,-42.68
0.4520,0.002477,-0.095514,0.274631,0.3226,0.7163,-0.7396,-42.39
0.4530,0.002799,-0.094798,0.273892,0.3224,0.7158,-0.7395,-42.09
0.4540,0.003122,-0.094083,0.273152,0.3222,0.7153,-0.7392,-41.80
0.4550,0.003444,-0.093368,0.272413,0.3220,0.7148,-0.7390,-41.50
0.4560,0.003766,-0.092653,0.271674,0.3219,0.7143,-0.7388,-41.21
0.4570,0.004087,-0.091939,0.270936,0.3216,0.7137,-0.7385,-40.93
0.4580,0.004409,-0.091226,0.270197,0.3214,0.7131,-0.7381,-40.64
0.4590,0.004730,-0.090513,0.269459,0.3212,0.7124,-0.7378,-40.36
0.4600,0.005051,-0.089801,0.268722,0.3210,0.7117,-0.7374,-40.08
0.4610,0.005372,-0.089090,0.267985,0.3207,0.7110,-0.7369,-39.80
0.4620,0.005692,-0.088380,0.267248,0.3204,0.7102,-0.7364,-39.53
0.4630,0.006013,-0.087670,0.266512,0.3201,0.7094,-0.7359,-39.26
0.4640,0.006333,-0.086961,0.265776,0.3198,0.7085,-0.7353,-38.99
0.4650,0.006652,-0.086253,0.265041,0.3195,0.7076,-0.7347,-38.73
0.4660,0.006972,-0.085546,0.264307,0.3192,0.7067,-0.7340,-38.47
0.4670,0.007291,-0.084840,0.263573,0.3188,0.7057,-0.7333,-38.21
0.4680,0.007609,-0.084135,0.262841,0.3185,0.7046,-0.7325,-37.96
0.4690,0.007927,-0.083431,0.262108,0.3181,0.7035,-0.7317,-37.71
0.4700,0.008245,-0.082729,0.261377,0.3177,0.7024,-0.7309,-37.47
0.4710,0.008563,-0.082027,0.260647,0.3173,0.7012,-0.7299,-37.23
0.4720,0.008880,-0.081327,0.259918,0.3168,0.6999,-0.7290,-36.99
0.4730,0.009196,-0.080628,0.259189,0.3164,0.6986,-0.7279,-36.76
0.4740,0.009512,-0.079930,0.258462,0.3159,0.6973,-0.7268,-36.53
0.4750,0.009828,-0.079233,0.257736,0.3154,0.6959,-0.7257,-36.31
0.4760,0.010143,-0.078539,0.257011,0.3149,0.6944,-0.7245,-36.09
0.4770,0.010457,-0.077845,0.256287,0.3143,0.6929,-0.7233,-35.87
0.4780,0.010771,-0.077153,0.255564,0.3137,0.6913,-0.7220,-35.66
0.4790,0.011085,-0.076463,0.254843,0.3132,0.6897,-0.7206,-35.45
0.4800,0.011398,-0.075774,0.254124,0.3126,0.6880,-0.7192,-35.25
0.4810,0.011710,-0.075088,0.253405,0.3119,0.6862,-0.7177,-35.05
0.4820,0.012021,-0.074403,0.252688,0.3113,0.6845,-0.7162,-34.86
0.4830,0.012332,-0.073719,0.251973,0.3106,0.6826,-0.7146,-34.67
0.4840,0.012642,-0.073038,0.251259,0.3100,0.6807,-0.7130,-34.48
0.4850,0.012952,-0.072358,0.250547,0.3093,0.6788,-0.7113,-34.30
0.4860,0.013261,-0.071681,0.249837,0.3085,0.6768,-0.7096,-34.12
0.4870,0.013569,-0.071006,0.249128,0.3078,0.6747,-0.7078,-33.94
0.4880,0.013876,-0.070332,0.248422,0.3070,0.6726,-0.7060,-33.77
0.4890,0.014183,-0.069661,0.247717,0.3063,0.6705,-0.7041,-33.61
0.4900,0.014488,-0.068992,0.247014,0.3055,0.6683,-0.7022,-33.44
0.4910,0.014793,-0.068325,0.246313,0.3046,0.6661,-0.7002,-33.28
0.4920,0.015097,-0.067660,0.245614,0.3038,0.6638,-0.6982,-33.13
0.4930,0.015401,-0.066998,0.244917,0.3030,0.6614,-0.6962,-32.97
0.4940,0.015703,-0.066338,0.244222,0.3021,0.6591,-0.6941,-32.82
0.4950,0.016005,-0.065681,0.243529,0.3012,0.6567,-0.6919,-32.68
0.4960,0.016305,-0.065026,0.242838,0.3003,0.6542,-0.6897,-32.53
0.4970,0.016605,-0.064373,0.242150,0.2994,0.6517,-0.6875,-32.39
0.4980,0.016904,-0.063723,0.241464,0.2985,0.6492,-0.6853,-32.25
0.4990,0.017202,-0.063075,0.240780,0.2975,0.6467,-0.6830,-32.12
0.5000,0.017499,-0.062430,0.240098,0.2966,0.6441,-0.6807,-31.99
0.5010,0.017795,-0.061788,0.239419,0.2956,0.6415,-0.6783,-31.86
0.5020,0.018090,-0.061148,0.238742,0.2946,0.6388,-0.6759,-31.73
0.5030,0.018384,-0.060511,0.238067,0.2936,0.6361,-0.6735,-31.60
0.5040,0.018677,-0.059877,0.237395,0.2926,0.6334,-0.6711,-31.48
0.5050,0.018969,-0.059245,0.236725,0.2916,0.6307,-0.6686,-31.36
0.5060,0.019259,-0.058616,0.236058,0.2906,0.6280,-0.6662,-31.24
0.5070,0.019549,-0.057990,0.235394,0.2895,0.6252,-0.6637,-31.12
0.5080,0.019838,-0.057367,0.234731,0.2885,0.6224,-0.6611,-31.00
0.5090,0.020126,-0.056746,0.234072,0.2874,0.6196,-0.6586,-30.89
0.5100,0.020413,-0.056128,0.233415,0.2864,0.6168,-0.6561,-30.77
0.5110,0.020699,-0.055513,0.232760,0.2853,0.6140,-0.6535,-30.66
0.5120,0.020983,-0.054901,0.232108,0.2842,0.6111,-0.6509,-30.55
0.5130,0.021267,-0.054292,0.231459,0.2831,0.6083,-0.6483,-30.43
0.5140,0.021549,-0.053685,0.230812,0.2820,0.6054,-0.6457,-30.32
0.5150,0.021830,-0.053082,0.230168,0.2809,0.6026,-0.6431,-30.21
0.5160,0.022111,-0.052481,0.229526,0.2799,0.5997,-0.6405,-30.11
0.5170,0.022390,-0.051883,0.228887,0.2787,0.5968,-0.6379,-30.00
0.5180,0.022668,-0.051288,0.228251,0.2776,0.5940,-0.6353,-29.89
0.5190,0.022945,-0.050696,0.227617,0.2765,0.5911,-0.6327,-29.78
0.5200,0.023221,-0.050107,0.226986,0.2754,0.5882,-0.6301,-29.67
0.5210,0.023495,-0.049521,0.226357,0.2743,0.5854,-0.6275,-29.57
0.5220,0.023769,-0.048937,0.225731,0.2732,0.5825,-0.6249,-29.46
0.5230,0.024042,-0.048356,0.225108,0.2721,0.5796,-0.6223,-29.35
0.5240,0.024313,-0.047779,0.224487,0.2710,0.5768,-0.6197,-29.24
0.5250,0.024583,-0.047204,0.223869,0.2699,0.5740,-0.6171,-29.13
0.5260,0.024853,-0.046631,0.223254,0.2688,0.5711,-0.6145,-29.03
0.5270,0.025121,-0.046062,0.222641,0.2677,0.5683,-0.6119,-28.92
0.5280,0.025388,-0.045496,0.222030,0.2666,0.5655,-0.6094,-28.81
0.5290,0.025653,-0.044932,0.221422,0.2655,0.5627,-0.6069,-28.70
0.5300,0.025918,-0.044371,0.220817,0.2644,0.5599,-0.6043,-28.59
0.5310,0.026182,-0.043813,0.220214,0.2633,0.5572,-0.6018,-28.48
0.5320,0.026444,-0.043257,0.219614,0.2622,0.5544,-0.5993,-28.36
0.5330,0.026706,-0.042705,0.219016,0.2611,0.5517,-0.5969,-28.25
0.5340,0.026966,-0.042155,0.218421,0.2600,0.5490,-0.5944,-28.14
0.5350,0.027226,-0.041607,0.217828,0.2589,0.5463,-0.5920,-28.02
0.5360,0.027484,-0.041063,0.217237,0.2578,0.5436,-0.5895,-27.91
0.5370,0.027741,-0.040521,0.216649,0.2568,0.5410,-0.5871,-27.79
0.5380,0.027997,-0.039982,0.216063,0.2557,0.5384,-0.5848,-27.68
0.5390,0.028252,-0.039445,0.215480,0.2546,0.5358,-0.5824,-27.56
0.5400,0.028506,-0.038911,0.214899,0.2536,0.5332,-0.5801,-27.44
0.5410,0.028759,-0.038379,0.214320,0.2525,0.5306,-0.5777,-27.32
0.5420,0.029011,-0.037850,0.213744,0.2515,0.5281,-0.5754,-27.20
0.5430,0.029262,-0.037324,0.213170,0.2504,0.5256,-0.5732,-27.08
0.5440,0.029511,-0.036800,0.212598,0.2494,0.5231,-0.5709,-26.96
0.5450,0.029760,-0.036278,0.212029,0.2484,0.5206,-0.5687,-26.83
0.5460,0.030008,-0.035759,0.211461,0.2474,0.5181,-0.5665,-26.71
0.5470,0.030255,-0.035243,0.210896,0.2464,0.5157,-0.5643,-26.59
0.5480,0.030500,-0.034729,0.210333,0.2454,0.5133,-0.5621,-26.46
0.5490,0.030745,-0.034217,0.209772,0.2444,0.5109,-0.5600,-26.33
0.5500,0.030989,-0.033707,0.209214,0.2434,0.5086,-0.5579,-26.21
0.5510,0.031232,-0.033200,0.208657,0.2424,0.5062,-0.5558,-26.08
0.5520,0.031473,-0.032696,0.208103,0.2414,0.5039,-0.5537,-25.95
0.5530,0.031714,-0.032193,0.207550,0.2404,0.5016,-0.5516,-25.82
0.5540,0.031954,-0.031693,0.207000,0.2395,0.4993,-0.5496,-25.69
0.5550,0.032193,-0.031195,0.206451,0.2385,0.4971,-0.5476,-25.56
0.5560,0.032431,-0.030699,0.205905,0.2375,0.4949,-0.5456,-25.43
0.5570,0.032668,-0.030206,0.205361,0.2366,0.4927,-0.5436,-25.30
0.5580,0.032904,-0.029715,0.204818,0.2356,0.4905,-0.5417,-25.17
0.5590,0.033139,-0.029226,0.204278,0.2347,0.4883,-0.5397,-25.03
0.5600,0.033373,-0.028739,0.203739,0.2338,0.4861,-0.5378,-24.90
0.5610,0.033606,-0.028254,0.203202,0.2328,0.4840,-0.5359,-24.77
0.5620,0.033838,-0.027771,0.202668,0.2319,0.4819,-0.5340,-24.64
0.5630,0.034070,-0.027291,0.202135,0.2310,0.4798,-0.5322,-24.50
0.5640,0.034300,-0.026812,0.201604,0.2301,0.4777,-0.5303,-24.37
0.5650,0.034530,-0.026336,0.201074,0.2292,0.4756,-0.5285,-24.24
0.5660,0.034758,-0.025862,0.200547,0.2283,0.4735,-0.5266,-24.10
0.5670,0.034986,-0.025390,0.200022,0.2274,0.4715,-0.5248,-23.97
0.5680,0.035213,-0.024919,0.199498,0.2265,0.4695,-0.5230,-23.84
0.5690,0.035439,-0.024451,0.198976,0.2256,0.4674,-0.5212,-23.70
0.5700,0.035664,-0.023985,0.198456,0.2247,0.4654,-0.5195,-23.57
0.5710,0.035888,-0.023521,0.197937,0.2238,0.4634,-0.5177,-23.44
0.5720,0.036111,-0.023059,0.197421,0.2229,0.4614,-0.5159,-23.31
0.5730,0.036333,-0.022599,0.196906,0.2220,0.4594,-0.5142,-23.17
0.5740,0.036555,-0.022141,0.196393,0.2211,0.4574,-0.5125,-23.04
0.5750,0.036775,-0.021684,0.195881,0.2202,0.4555,-0.5107,-22.91
0.5760,0.036995,-0.021230,0.195371,0.2193,0.4535,-0.5090,-22.78
0.5770,0.037214,-0.020778,0.194863,0.2184,0.4515,-0.5073,-22.65
0.5780,0.037432,-0.020328,0.194357,0.2175,0.4496,-0.5055,-22.53
0.5790,0.037649,-0.019879,0.193853,0.2167,0.4476,-0.5038,-22.40
0.5800,0.037865,-0.019433,0.193350,0.2158,0.4456,-0.5021,-22.27
0.5810,0.038080,-0.018989,0.192849,0.2149,0.4437,-0.5004,-22.15
0.5820,0.038294,-0.018546,0.192350,0.2140,0.4417,-0.4987,-22.02
0.5830,0.038508,-0.018106,0.191852,0.2131,0.4398,-0.4970,-21.90
0.5840,0.038720,-0.017667,0.191356,0.2122,0.4378,-0.4953,-21.78
0.5850,0.038932,-0.017231,0.190862,0.2113,0.4359,-0.4935,-21.66
0.5860,0.039143,-0.016796,0.190369,0.2104,0.4339,-0.4918,-21.54
0.5870,0.039353,-0.016364,0.189878,0.2095,0.4319,-0.4901,-21.42
0.5880,0.039561,-0.015933,0.189389,0.2086,0.4300,-0.4884,-21.30
0.5890,0.039770,-0.015504,0.188902,0.2077,0.4280,-0.4867,-21.18
0.5900,0.039977,-0.015078,0.188416,0.2068,0.4260,-0.4849,-21.07
0.5910,0.040183,-0.014653,0.187932,0.2059,0.4240,-0.4832,-20.96
0.5920,0.040388,-0.014230,0.187450,0.2050,0.4220,-0.4815,-20.84
0.5930,0.040593,-0.013809,0.186970,0.2041,0.4200,-0.4797,-20.73
0.5940,0.040796,-0.013391,0.186491,0.2032,0.4180,-0.4780,-20.63
0.5950,0.040999,-0.012974,0.186014,0.2023,0.4160,-0.4762,-20.52
0.5960,0.041201,-0.012559,0.185539,0.2013,0.4140,-0.4745,-20.41
0.5970,0.041401,-0.012147,0.185065,0.2004,0.4120,-0.4727,-20.31
0.5980,0.041601,-0.011736,0.184594,0.1995,0.4099,-0.4709,-20.21
0.5990,0.041800,-0.011327,0.184124,0.1985,0.4079,-0.4691,-20.11
0.6000,0.041998,-0.010921,0.183656,0.1976,0.4058,-0.4674,-20.01
0.6010,0.042195,-0.010516,0.183189,0.1966,0.4038,-0.4656,-19.91
0.6020,0.042391,-0.010114,0.182725,0.1957,0.4017,-0.4638,-19.82
0.6030,0.042586,-0.009713,0.182262,0.1947,0.3996,-0.4619,-19.72
0.6040,0.042780,-0.009315,0.181801,0.1938,0.3975,-0.4601,-19.63
0.6050,0.042974,-0.008919,0.181342,0.1928,0.3954,-0.4583,-19.54
0.6060,0.043166,-0.008525,0.180885,0.1918,0.3933,-0.4565,-19.45
0.6070,0.043357,-0.008133,0.180430,0.1909,0.3912,-0.4546,-19.36
0.6080,0.043547,-0.007743,0.179976,0.1899,0.3891,-0.4528,-19.28
0.6090,0.043736,-0.007356,0.179524,0.1889,0.3869,-0.4509,-19.20
0.6100,0.043925,-0.006970,0.179075,0.1879,0.3848,-0.4490,-19.11
0.6110,0.044112,-0.006587,0.178627,0.1869,0.3826,-0.4472,-19.03
0.6120,0.044298,-0.006206,0.178181,0.1859,0.3804,-0.4453,-18.96
0.6130,0.044484,-0.005826,0.177736,0.1849,0.3783,-0.4434,-18.88
0.6140,0.044668,-0.005450,0.177294,0.1839,0.3761,-0.4415,-18.80
0.6150,0.044851,-0.005075,0.176854,0.1829,0.3739,-0.4396,-18.73
0.6160,0.045033,-0.004702,0.176415,0.1819,0.3717,-0.4377,-18.66
0.6170,0.045215,-0.004332,0.175979,0.1809,0.3695,-0.4358,-18.59
0.6180,0.045395,-0.003964,0.175544,0.1798,0.3673,-0.4339,-18.52
0.6190,0.045574,-0.003598,0.175111,0.1788,0.3651,-0.4320,-18.45
0.6200,0.045752,-0.003235,0.174680,0.1778,0.3628,-0.4300,-18.38
0.6210,0.045929,-0.002873,0.174252,0.1767,0.3606,-0.4281,-18.32
0.6220,0.046105,-0.002514,0.173825,0.1757,0.3584,-0.4262,-18.26
0.6230,0.046281,-0.002157,0.173399,0.1747,0.3561,-0.4242,-18.19
0.6240,0.046455,-0.001802,0.172976,0.1736,0.3539,-0.4223,-18.13
0.6250,0.046628,-0.001450,0.172555,0.1726,0.3517,-0.4204,-18.07
0.6260,0.046799,-0.001100,0.172136,0.1715,0.3494,-0.4184,-18.02
0.6270,0.046970,-0.000752,0.171719,0.1705,0.3472,-0.4165,-17.96
0.6280,0.047140,-0.000406,0.171303,0.1694,0.3449,-0.4146,-17.90
0.6290,0.047309,-0.000063,0.170890,0.1684,0.3427,-0.4126,-17.85
0.6300,0.047477,0.000278,0.170478,0.1673,0.3404,-0.4107,-17.79
0.6310,0.047643,0.000617,0.170069,0.1662,0.3381,-0.4088,-17.74
0.6320,0.047809,0.000954,0.169661,0.1652,0.3359,-0.4069,-17.69
0.6330,0.047973,0.001289,0.169255,0.1641,0.3336,-0.4049,-17.64
0.6340,0.048137,0.001621,0.168852,0.1630,0.3314,-0.4030,-17.59
0.6350,0.048299,0.001951,0.168450,0.1620,0.3292,-0.4011,-17.54
0.6360,0.048460,0.002278,0.168050,0.1609,0.3269,-0.3992,-17.49
0.6370,0.048621,0.002604,0.167652,0.1599,0.3247,-0.3973,-17.44
0.6380,0.048780,0.002927,0.167256,0.1588,0.3225,-0.3954,-17.39
0.6390,0.048938,0.003248,0.166861,0.1577,0.3202,-0.3935,-17.35
0.6400,0.049095,0.003567,0.166469,0.1567,0.3180,-0.3916,-17.30
0.6410,0.049251,0.003884,0.166078,0.1556,0.3158,-0.3898,-17.26
0.6420,0.049406,0.004198,0.165690,0.1545,0.3136,-0.3879,-17.21
0.6430,0.049560,0.004510,0.165303,0.1535,0.3114,-0.3861,-17.17
0.6440,0.049713,0.004820,0.164918,0.1524,0.3092,-0.3842,-17.12
0.6450,0.049864,0.005128,0.164535,0.1514,0.3071,-0.3824,-17.08
0.6460,0.050015,0.005434,0.164153,0.1503,0.3049,-0.3806,-17.03
0.6470,0.050165,0.005737,0.163774,0.1493,0.3027,-0.3788,-16.99
0.6480,0.050313,0.006039,0.163396,0.1482,0.3006,-0.3770,-16.95
0.6490,0.050461,0.006338,0.163020,0.1472,0.2985,-0.3753,-16.90
0.6500,0.050608,0.006635,0.162646,0.1461,0.2964,-0.3735,-16.86
0.6510,0.050753,0.006930,0.162274,0.1451,0.2943,-0.3718,-16.82
0.6520,0.050898,0.007223,0.161903,0.1441,0.2922,-0.3701,-16.77
0.6530,0.051041,0.007514,0.161534,0.1430,0.2901,-0.3683,-16.73
0.6540,0.051183,0.007803,0.161166,0.1420,0.2881,-0.3667,-16.69
0.6550,0.051325,0.008089,0.160801,0.1410,0.2860,-0.3650,-16.65
0.6560,0.051465,0.008374,0.160437,0.1400,0.2840,-0.3633,-16.60
0.6570,0.051604,0.008657,0.160074,0.1389,0.2820,-0.3617,-16.56
0.6580,0.051743,0.008938,0.159714,0.1379,0.2800,-0.3601,-16.52
0.6590,0.051880,0.009216,0.159355,0.1369,0.2780,-0.3585,-16.47
0.6600,0.052016,0.009493,0.158997,0.1359,0.2760,-0.3569,-16.43
0.6610,0.052152,0.009768,0.158641,0.1349,0.2741,-0.3553,-16.38
0.6620,0.052286,0.010041,0.158287,0.1339,0.2722,-0.3538,-16.34
0.6630,0.052419,0.010312,0.157934,0.1330,0.2703,-0.3523,-16.30
0.6640,0.052552,0.010581,0.157583,0.1320,0.2684,-0.3508,-16.25
0.6650,0.052683,0.010848,0.157233,0.1310,0.2665,-0.3493,-16.21
0.6660,0.052813,0.011113,0.156884,0.1300,0.2647,-0.3478,-16.16
0.6670,0.052943,0.011377,0.156537,0.1291,0.2628,-0.3464,-16.11
0.6680,0.053071,0.011639,0.156192,0.1281,0.2610,-0.3449,-16.07
0.6690,0.053199,0.011898,0.155848,0.1271,0.2592,-0.3435,-16.02
0.6700,0.053325,0.012157,0.155505,0.1262,0.2575,-0.3422,-15.97
0.6710,0.053451,0.012413,0.155164,0.1253,0.2557,-0.3408,-15.93
0.6720,0.053576,0.012668,0.154824,0.1243,0.2540,-0.3395,-15.88
0.6730,0.053699,0.012920,0.154485,0.1234,0.2522,-0.3381,-15.83
0.6740,0.053822,0.013172,0.154148,0.1225,0.2505,-0.3368,-15.78
0.6750,0.053944,0.013421,0.153812,0.1215,0.2489,-0.3356,-15.73
0.6760,0.054065,0.013669,0.153477,0.1206,0.2472,-0.3343,-15.68
0.6770,0.054185,0.013915,0.153144,0.1197,0.2456,-0.3331,-15.63
0.6780,0.054304,0.014160,0.152811,0.1188,0.2439,-0.3318,-15.58
0.6790,0.054422,0.014403,0.152480,0.1179,0.2423,-0.3306,-15.53
0.6800,0.054540,0.014644,0.152150,0.1170,0.2408,-0.3295,-15.48
0.6810,0.054656,0.014884,0.151821,0.1161,0.2392,-0.3283,-15.43
0.6820,0.054772,0.015122,0.151494,0.1153,0.2376,-0.3272,-15.38
0.6830,0.054887,0.015359,0.151167,0.1144,0.2361,-0.3260,-15.32
0.6840,0.055000,0.015594,0.150842,0.1135,0.2346,-0.3249,-15.27
0.6850,0.055113,0.015827,0.150518,0.1127,0.2331,-0.3238,-15.22
0.6860,0.055226,0.016059,0.150195,0.1118,0.2316,-0.3228,-15.16
0.6870,0.055337,0.016290,0.149872,0.1110,0.2301,-0.3217,-15.11
0.6880,0.055447,0.016519,0.149551,0.1101,0.2287,-0.3207,-15.06
0.6890,0.055557,0.016747,0.149231,0.1093,0.2272,-0.3197,-15.00
0.6900,0.055666,0.016974,0.148912,0.1084,0.2258,-0.3187,-14.95
0.6910,0.055773,0.017198,0.148594,0.1076,0.2244,-0.3177,-14.89
0.6920,0.055881,0.017422,0.148277,0.1068,0.2230,-0.3167,-14.84
0.6930,0.055987,0.017644,0.147961,0.1059,0.2217,-0.3158,-14.78
0.6940,0.056092,0.017865,0.147646,0.1051,0.2203,-0.3148,-14.73
0.6950,0.056197,0.018084,0.147331,0.1043,0.2189,-0.3139,-14.67
0.6960,0.056301,0.018303,0.147018,0.1035,0.2176,-0.3130,-14.62
0.6970,0.056404,0.018519,0.146706,0.1027,0.2163,-0.3121,-14.56
0.6980,0.056506,0.018735,0.146394,0.1019,0.2150,-0.3112,-14.51
0.6990,0.056607,0.018949,0.146084,0.1011,0.2137,-0.3103,-14.45
0.7000,0.056708,0.019162,0.145774,0.1003,0.2124,-0.3095,-14.40
0.7010,0.056807,0.019373,0.145465,0.0995,0.2111,-0.3086,-14.34
0.7020,0.056906,0.019584,0.145157,0.0987,0.2098,-0.3078,-14.29
0.7030,0.057005,0.019793,0.144849,0.0979,0.2086,-0.3070,-14.23
0.7040,0.057102,0.020001,0.144543,0.0971,0.2073,-0.3062,-14.18
0.7050,0.057199,0.020207,0.144237,0.0963,0.2061,-0.3053,-14.12
0.7060,0.057294,0.020412,0.143932,0.0955,0.2048,-0.3046,-14.07
0.7070,0.057389,0.020616,0.143628,0.0948,0.2036,-0.3038,-14.01
0.7080,0.057484,0.020819,0.143325,0.0940,0.2024,-0.3030,-13.96
0.7090,0.057577,0.021021,0.143023,0.0932,0.2012,-0.3022,-13.91
0.7100,0.057670,0.021221,0.142721,0.0924,0.1999,-0.3015,-13.86
0.7110,0.057762,0.021420,0.142420,0.0917,0.1987,-0.3007,-13.80
0.7120,0.057853,0.021618,0.142120,0.0909,0.1975,-0.3000,-13.75
0.7130,0.057943,0.021815,0.141820,0.0901,0.1963,-0.2992,-13.70
0.7140,0.058033,0.022011,0.141521,0.0894,0.1952,-0.2985,-13.65
0.7150,0.058122,0.022205,0.141223,0.0886,0.1940,-0.2978,-13.60
0.7160,0.058210,0.022399,0.140926,0.0878,0.1928,-0.2970,-13.55
0.7170,0.058297,0.022591,0.140630,0.0871,0.1916,-0.2963,-13.50
0.7180,0.058384,0.022782,0.140334,0.0863,0.1905,-0.2956,-13.45
0.7190,0.058470,0.022971,0.140039,0.0855,0.1893,-0.2949,-13.40
0.7200,0.058555,0.023160,0.139744,0.0848,0.1881,-0.2942,-13.35
0.7210,0.058639,0.023347,0.139450,0.0840,0.1870,-0.2935,-13.31
0.7220,0.058723,0.023534,0.139157,0.0833,0.1858,-0.2928,-13.26
0.7230,0.058806,0.023719,0.138865,0.0825,0.1846,-0.2921,-13.21
0.7240,0.058888,0.023903,0.138573,0.0817,0.1835,-0.2914,-13.17
0.7250,0.058969,0.024085,0.138282,0.0810,0.1823,-0.2907,-13.12
0.7260,0.059049,0.024267,0.137992,0.0802,0.1812,-0.2901,-13.08
0.7270,0.059129,0.024448,0.137703,0.0794,0.1800,-0.2894,-13.04
0.7280,0.059208,0.024627,0.137414,0.0787,0.1789,-0.2887,-13.00
0.7290,0.059286,0.024805,0.137125,0.0779,0.1777,-0.2880,-12.96
0.7300,0.059364,0.024982,0.136838,0.0772,0.1766,-0.2874,-12.92
0.7310,0.059440,0.025158,0.136551,0.0764,0.1754,-0.2867,-12.88
0.7320,0.059516,0.025333,0.136265,0.0756,0.1743,-0.2860,-12.84
0.7330,0.059591,0.025506,0.135979,0.0749,0.1731,-0.2854,-12.80
0.7340,0.059666,0.025679,0.135694,0.0741,0.1720,-0.2847,-12.76
0.7350,0.059740,0.025850,0.135410,0.0734,0.1708,-0.2841,-12.73
0.7360,0.059812,0.026020,0.135126,0.0726,0.1697,-0.2834,-12.69
0.7370,0.059885,0.026189,0.134843,0.0718,0.1685,-0.2828,-12.65
0.7380,0.059956,0.026357,0.134561,0.0711,0.1674,-0.2821,-12.62
0.7390,0.060026,0.026524,0.134279,0.0703,0.1662,-0.2815,-12.59
0.7400,0.060096,0.026689,0.133998,0.0695,0.1651,-0.2809,-12.55
0.7410,0.060165,0.026854,0.133718,0.0688,0.1639,-0.2802,-12.52
0.7420,0.060234,0.027017,0.133438,0.0680,0.1628,-0.2796,-12.49
0.7430,0.060301,0.027179,0.133159,0.0672,0.1617,-0.2790,-12.46
0.7440,0.060368,0.027340,0.132880,0.0665,0.1605,-0.2783,-12.43
0.7450,0.060434,0.027500,0.132602,0.0657,0.1594,-0.2777,-12.40
0.7460,0.060499,0.027659,0.132325,0.0650,0.1582,-0.2771,-12.37
0.7470,0.060564,0.027816,0.132048,0.0642,0.1571,-0.2765,-12.35
0.7480,0.060627,0.027973,0.131772,0.0634,0.1560,-0.2759,-12.32
0.7490,0.060690,0.028128,0.131497,0.0627,0.1548,-0.2753,-12.29
0.7500,0.060752,0.028282,0.131222,0.0619,0.1537,-0.2746,-12.27
0.7510,0.060814,0.028436,0.130948,0.0611,0.1526,-0.2740,-12.24
0.7520,0.060875,0.028587,0.130674,0.0604,0.1515,-0.2735,-12.22
0.7530,0.060934,0.028738,0.130401,0.0596,0.1503,-0.2729,-12.19
0.7540,0.060994,0.028888,0.130129,0.0588,0.1492,-0.2723,-12.17
0.7550,0.061052,0.029037,0.129857,0.0581,0.1481,-0.2717,-12.15
0.7560,0.061109,0.029184,0.129585,0.0573,0.1470,-0.2711,-12.12
0.7570,0.061166,0.029330,0.129315,0.0565,0.1459,-0.2706,-12.10
0.7580,0.061222,0.029476,0.129045,0.0558,0.1448,-0.2700,-12.08
0.7590,0.061278,0.029620,0.128775,0.0550,0.1437,-0.2694,-12.06
0.7600,0.061332,0.029763,0.128506,0.0542,0.1426,-0.2689,-12.04
0.7610,0.061386,0.029905,0.128237,0.0535,0.1415,-0.2684,-12.02
0.7620,0.061439,0.030046,0.127970,0.0527,0.1404,-0.2678,-11.99
0.7630,0.061491,0.030185,0.127702,0.0520,0.1393,-0.2673,-11.97
0.7640,0.061543,0.030324,0.127435,0.0512,0.1382,-0.2668,-11.95
0.7650,0.061593,0.030462,0.127169,0.0505,0.1371,-0.2663,-11.93
0.7660,0.061643,0.030598,0.126903,0.0497,0.1361,-0.2657,-11.91
0.7670,0.061693,0.030734,0.126638,0.0489,0.1350,-0.2652,-11.89
0.7680,0.061741,0.030868,0.126373,0.0482,0.1339,-0.2648,-11.87
0.7690,0.061789,0.031002,0.126108,0.0474,0.1329,-0.2643,-11.85
0.7700,0.061836,0.031134,0.125844,0.0467,0.1318,-0.2638,-11.83
0.7710,0.061882,0.031265,0.125581,0.0459,0.1308,-0.2633,-11.81
0.7720,0.061927,0.031395,0.125318,0.0452,0.1298,-0.2629,-11.79
0.7730,0.061972,0.031525,0.125055,0.0444,0.1288,-0.2624,-11.77
0.7740,0.062016,0.031653,0.124793,0.0437,0.1277,-0.2620,-11.75
0.7750,0.062059,0.031780,0.124532,0.0430,0.1267,-0.2616,-11.72
0.7760,0.062102,0.031906,0.124270,0.0422,0.1257,-0.2611,-11.70
0.7770,0.062144,0.032031,0.124010,0.0415,0.1247,-0.2607,-11.68
0.7780,0.062185,0.032156,0.123749,0.0408,0.1238,-0.2603,-11.66
0.7790,0.062225,0.032279,0.123489,0.0400,0.1228,-0.2599,-11.64
0.7800,0.062265,0.032401,0.123230,0.0393,0.1218,-0.2595,-11.61
0.7810,0.062303,0.032522,0.122970,0.0386,0.1208,-0.2592,-11.59
0.7820,0.062341,0.032643,0.122712,0.0378,0.1199,-0.2588,-11.56
0.7830,0.062379,0.032762,0.122453,0.0371,0.1189,-0.2585,-11.54
0.7840,0.062416,0.032881,0.122195,0.0364,0.1180,-0.2581,-11.52
0.7850,0.062451,0.032998,0.121937,0.0357,0.1171,-0.2578,-11.49
0.7860,0.062487,0.033115,0.121679,0.0350,0.1162,-0.2574,-11.46
0.7870,0.062521,0.033230,0.121422,0.0342,0.1152,-0.2571,-11.44
0.7880,0.062555,0.033345,0.121165,0.0335,0.1143,-0.2568,-11.41
0.7890,0.062588,0.033459,0.120909,0.0328,0.1135,-0.2565,-11.38
0.7900,0.062620,0.033572,0.120653,0.0321,0.1126,-0.2562,-11.35
0.7910,0.062652,0.033684,0.120397,0.0314,0.1117,-0.2560,-11.32
0.7920,0.062683,0.033795,0.120141,0.0307,0.1108,-0.2557,-11.29
0.7930,0.062713,0.033906,0.119885,0.0300,0.1100,-0.2554,-11.26
0.7940,0.062743,0.034015,0.119630,0.0293,0.1091,-0.2552,-11.23
0.7950,0.062772,0.034124,0.119375,0.0286,0.1083,-0.2549,-11.20
0.7960,0.062800,0.034232,0.119121,0.0279,0.1074,-0.2547,-11.17
0.7970,0.062827,0.034339,0.118866,0.0272,0.1066,-0.2545,-11.13
0.7980,0.062854,0.034445,0.118612,0.0265,0.1058,-0.2543,-11.10
0.7990,0.062880,0.034550,0.118358,0.0258,0.1050,-0.2541,-11.07
0.8000,0.062906,0.034655,0.118104,0.0252,0.1042,-0.2539,-11.03
0.8010,0.062930,0.034758,0.117850,0.0245,0.1034,-0.2537,-10.99
0.8020,0.062955,0.034861,0.117597,0.0238,0.1026,-0.2535,-10.96
0.8030,0.062978,0.034964,0.117343,0.0231,0.1018,-0.2533,-10.92
0.8040,0.063001,0.035065,0.117090,0.0225,0.1010,-0.2531,-10.88
0.8050,0.063023,0.035166,0.116837,0.0218,0.1002,-0.2530,-10.84
0.8060,0.063044,0.035265,0.116584,0.0211,0.0995,-0.2528,-10.80
0.8070,0.063065,0.035364,0.116332,0.0204,0.0987,-0.2527,-10.76
0.8080,0.063085,0.035463,0.116079,0.0198,0.0980,-0.2525,-10.72
0.8090,0.063104,0.035560,0.115827,0.0191,0.0972,-0.2524,-10.68
0.8100,0.063123,0.035657,0.115575,0.0184,0.0965,-0.2522,-10.64
0.8110,0.063141,0.035753,0.115323,0.0178,0.0957,-0.2521,-10.59
0.8120,0.063158,0.035849,0.115071,0.0171,0.0950,-0.2520,-10.55
0.8130,0.063175,0.035943,0.114819,0.0165,0.0943,-0.2519,-10.50
0.8140,0.063191,0.036037,0.114567,0.0158,0.0935,-0.2518,-10.46
0.8150,0.063206,0.036130,0.114316,0.0151,0.0928,-0.2516,-10.41
0.8160,0.063221,0.036223,0.114064,0.0145,0.0921,-0.2515,-10.37
0.8170,0.063235,0.036315,0.113813,0.0138,0.0914,-0.2514,-10.32
0.8180,0.063248,0.036406,0.113561,0.0132,0.0907,-0.2513,-10.27
0.8190,0.063261,0.036496,0.113310,0.0125,0.0900,-0.2512,-10.23
0.8200,0.063273,0.036585,0.113059,0.0119,0.0893,-0.2511,-10.18
0.8210,0.063285,0.036674,0.112808,0.0112,0.0886,-0.2510,-10.13
0.8220,0.063296,0.036763,0.112557,0.0106,0.0879,-0.2509,-10.08
0.8230,0.063306,0.036850,0.112306,0.0099,0.0872,-0.2509,-10.03
0.8240,0.063315,0.036937,0.112056,0.0093,0.0865,-0.2508,-9.98
0.8250,0.063324,0.037023,0.111805,0.0086,0.0858,-0.2507,-9.93
0.8260,0.063332,0.037108,0.111554,0.0080,0.0851,-0.2506,-9.88
0.8270,0.063340,0.037193,0.111304,0.0073,0.0844,-0.2505,-9.83
0.8280,0.063347,0.037277,0.111054,0.0067,0.0837,-0.2504,-9.78
0.8290,0.063353,0.037361,0.110803,0.0060,0.0830,-0.2503,-9.73
0.8300,0.063359,0.037443,0.110553,0.0054,0.0823,-0.2502,-9.68
0.8310,0.063364,0.037525,0.110303,0.0047,0.0816,-0.2501,-9.63
0.8320,0.063368,0.037606,0.110053,0.0040,0.0809,-0.2500,-9.57
0.8330,0.063371,0.037687,0.109803,0.0034,0.0802,-0.2499,-9.52
0.8340,0.063374,0.037767,0.109553,0.0027,0.0794,-0.2499,-9.47
0.8350,0.063377,0.037846,0.109304,0.0021,0.0787,-0.2498,-9.42
0.8360,0.063378,0.037924,0.109054,0.0014,0.0780,-0.2497,-9.37
0.8370,0.063379,0.038002,0.108804,0.0008,0.0773,-0.2495,-9.31
0.8380,0.063380,0.038079,0.108555,0.0001,0.0766,-0.2494,-9.26
0.8390,0.063380,0.038155,0.108306,-0.0005,0.0759,-0.2493,-9.21
0.8400,0.063379,0.038230,0.108057,-0.0012,0.0752,-0.2492,-9.16
0.8410,0.063377,0.038305,0.107808,-0.0019,0.0744,-0.2491,-9.11
0.8420,0.063375,0.038379,0.107559,-0.0025,0.0737,-0.2490,-9.06
0.8430,0.063372,0.038453,0.107310,-0.0032,0.0730,-0.2489,-9.00
0.8440,0.063368,0.038525,0.107061,-0.0038,0.0722,-0.2487,-8.95
0.8450,0.063364,0.038597,0.106812,-0.0045,0.0715,-0.2486,-8.90
0.8460,0.063359,0.038668,0.106564,-0.0052,0.0707,-0.2485,-8.85
0.8470,0.063353,0.038739,0.106316,-0.0058,0.0700,-0.2483,-8.80
0.8480,0.063347,0.038808,0.106068,-0.0065,0.0692,-0.2482,-8.75
0.8490,0.063340,0.038877,0.105820,-0.0072,0.0685,-0.2480,-8.70
0.8500,0.063333,0.038945,0.105572,-0.0079,0.0677,-0.2479,-8.65
0.8510,0.063324,0.039012,0.105324,-0.0085,0.0669,-0.2477,-8.60
0.8520,0.063315,0.039079,0.105077,-0.0092,0.0661,-0.2475,-8.55
0.8530,0.063306,0.039145,0.104829,-0.0099,0.0654,-0.2474,-8.51
0.8540,0.063295,0.039210,0.104582,-0.0106,0.0646,-0.2472,-8.46
0.8550,0.063284,0.039274,0.104335,-0.0113,0.0638,-0.2470,-8.41
0.8560,0.063273,0.039337,0.104088,-0.0120,0.0630,-0.2468,-8.36
0.8570,0.063260,0.039400,0.103842,-0.0126,0.0622,-0.2466,-8.32
0.8580,0.063247,0.039462,0.103595,-0.0133,0.0613,-0.2464,-8.27
0.8590,0.063233,0.039523,0.103349,-0.0140,0.0605,-0.2462,-8.22
0.8600,0.063219,0.039583,0.103103,-0.0147,0.0597,-0.2460,-8.18
0.8610,0.063204,0.039642,0.102857,-0.0154,0.0589,-0.2458,-8.13
0.8620,0.063188,0.039700,0.102612,-0.0161,0.0580,-0.2456,-8.09
0.8630,0.063171,0.039758,0.102366,-0.0168,0.0572,-0.2454,-8.04
0.8640,0.063154,0.039815,0.102121,-0.0175,0.0563,-0.2451,-8.00
0.8650,0.063136,0.039871,0.101876,-0.0182,0.0555,-0.2449,-7.95
0.8660,0.063118,0.039926,0.101632,-0.0189,0.0546,-0.2446,-7.91
0.8670,0.063098,0.039980,0.101387,-0.0196,0.0538,-0.2444,-7.87
0.8680,0.063078,0.040033,0.101143,-0.0203,0.0529,-0.2441,-7.83
0.8690,0.063057,0.040086,0.100899,-0.0211,0.0520,-0.2439,-7.78
0.8700,0.063036,0.040137,0.100656,-0.0218,0.0511,-0.2436,-7.74
0.8710,0.063014,0.040188,0.100412,-0.0225,0.0502,-0.2434,-7.70
0.8720,0.062991,0.040238,0.100169,-0.0232,0.0493,-0.2431,-7.66
0.8730,0.062967,0.040287,0.099926,-0.0239,0.0484,-0.2428,-7.62
0.8740,0.062943,0.040335,0.099684,-0.0247,0.0475,-0.2425,-7.58
0.8750,0.062917,0.040382,0.099442,-0.0254,0.0466,-0.2422,-7.54
0.8760,0.062892,0.040428,0.099200,-0.0261,0.0457,-0.2419,-7.50
0.8770,0.062865,0.040473,0.098958,-0.0269,0.0448,-0.2416,-7.46
0.8780,0.062838,0.040517,0.098717,-0.0276,0.0439,-0.2413,-7.43
0.8790,0.062810,0.040561,0.098475,-0.0283,0.0429,-0.2410,-7.39
0.8800,0.062781,0.040603,0.098235,-0.0291,0.0420,-0.2407,-7.35
0.8810,0.062751,0.040645,0.097994,-0.0298,0.0411,-0.2404,-7.31
0.8820,0.062721,0.040685,0.097754,-0.0305,0.0401,-0.2401,-7.27
0.8830,0.062690,0.040725,0.097514,-0.0313,0.0392,-0.2398,-7.24
0.8840,0.062658,0.040764,0.097275,-0.0320,0.0382,-0.2394,-7.20
0.8850,0.062626,0.040801,0.097036,-0.0328,0.0373,-0.2391,-7.16
0.8860,0.062593,0.040838,0.096797,-0.0335,0.0363,-0.2388,-7.13
0.8870,0.062559,0.040874,0.096558,-0.0343,0.0353,-0.2384,-7.09
0.8880,0.062524,0.040909,0.096320,-0.0350,0.0344,-0.2381,-7.05
0.8890,0.062488,0.040942,0.096082,-0.0358,0.0334,-0.2377,-7.02
0.8900,0.062452,0.040975,0.095845,-0.0365,0.0324,-0.2374,-6.98
0.8910,0.062415,0.041007,0.095608,-0.0373,0.0314,-0.2370,-6.95
0.8920,0.062377,0.041038,0.095371,-0.0380,0.0304,-0.2367,-6.91
0.8930,0.062339,0.041068,0.095135,-0.0388,0.0294,-0.2363,-6.88
0.8940,0.062300,0.041097,0.094899,-0.0395,0.0285,-0.2360,-6.84
0.8950,0.062260,0.041125,0.094663,-0.0403,0.0275,-0.2356,-6.80
0.8960,0.062219,0.041152,0.094428,-0.0411,0.0265,-0.2352,-6.77
0.8970,0.062177,0.041178,0.094193,-0.0418,0.0255,-0.2349,-6.73
0.8980,0.062135,0.041202,0.093958,-0.0426,0.0245,-0.2345,-6.70
0.8990,0.062092,0.041226,0.093724,-0.0434,0.0234,-0.2341,-6.66
0.9000,0.062048,0.041249,0.093490,-0.0441,0.0224,-0.2337,-6.63
0.9010,0.062003,0.041271,0.093257,-0.0449,0.0214,-0.2333,-6.59
0.9020,0.061958,0.041292,0.093024,-0.0457,0.0204,-0.2330,-6.55
0.9030,0.061912,0.041312,0.092791,-0.0464,0.0194,-0.2326,-6.52
0.9040,0.061865,0.041331,0.092559,-0.0472,0.0184,-0.2322,-6.48
0.9050,0.061817,0.041348,0.092327,-0.0480,0.0174,-0.2318,-6.45
0.9060,0.061769,0.041365,0.092095,-0.0488,0.0163,-0.2314,-6.41
0.9070,0.061720,0.041381,0.091864,-0.0495,0.0153,-0.2310,-6.37
0.9080,0.061670,0.041396,0.091633,-0.0503,0.0143,-0.2306,-6.34
0.9090,0.061619,0.041409,0.091403,-0.0511,0.0132,-0.2302,-6.30
0.9100,0.061567,0.041422,0.091173,-0.0519,0.0122,-0.2298,-6.26
0.9110,0.061515,0.041434,0.090944,-0.0527,0.0112,-0.2294,-6.23
0.9120,0.061462,0.041444,0.090715,-0.0534,0.0101,-0.2290,-6.19
0.9130,0.061408,0.041454,0.090486,-0.0542,0.0091,-0.2286,-6.15
0.9140,0.061353,0.041462,0.090258,-0.0550,0.0081,-0.2281,-6.11
0.9150,0.061298,0.041470,0.090030,-0.0558,0.0070,-0.2277,-6.07
0.9160,0.061241,0.041476,0.089802,-0.0566,0.0060,-0.2273,-6.04
0.9170,0.061184,0.041481,0.089575,-0.0574,0.0049,-0.2269,-6.00
0.9180,0.061126,0.041486,0.089349,-0.0581,0.0039,-0.2264,-5.96
0.9190,0.061068,0.041489,0.089123,-0.0589,0.0028,-0.2260,-5.92
0.9200,0.061008,0.041491,0.088897,-0.0597,0.0018,-0.2256,-5.88
0.9210,0.060948,0.041492,0.088672,-0.0605,0.0007,-0.2251,-5.84
0.9220,0.060887,0.041492,0.088447,-0.0613,-0.0003,-0.2247,-5.80
0.9230,0.060825,0.041491,0.088222,-0.0621,-0.0014,-0.2243,-5.76
0.9240,0.060763,0.041489,0.087998,-0.0629,-0.0025,-0.2238,-5.72
0.9250,0.060699,0.041486,0.087775,-0.0637,-0.0035,-0.2234,-5.68
0.9260,0.060635,0.041482,0.087552,-0.0645,-0.0046,-0.2229,-5.64
0.9270,0.060570,0.041477,0.087329,-0.0652,-0.0057,-0.2225,-5.60
0.9280,0.060505,0.041471,0.087107,-0.0660,-0.0067,-0.2220,-5.56
0.9290,0.060438,0.041463,0.086885,-0.0668,-0.0078,-0.2215,-5.51
0.9300,0.060371,0.041455,0.086664,-0.0676,-0.0089,-0.2211,-5.47
0.9310,0.060303,0.041445,0.086443,-0.0684,-0.0100,-0.2206,-5.43
0.9320,0.060234,0.041435,0.086223,-0.0692,-0.0110,-0.2201,-5.39
0.9330,0.060164,0.041423,0.086003,-0.0700,-0.0121,-0.2196,-5.35
0.9340,0.060093,0.041410,0.085784,-0.0708,-0.0132,-0.2192,-5.30
0.9350,0.060022,0.041396,0.085565,-0.0716,-0.0143,-0.2187,-5.26
0.9360,0.059950,0.041381,0.085346,-0.0724,-0.0154,-0.2182,-5.22
0.9370,0.059877,0.041365,0.085129,-0.0732,-0.0165,-0.2177,-5.17
0.9380,0.059803,0.041348,0.084911,-0.0740,-0.0176,-0.2172,-5.13
0.9390,0.059729,0.041330,0.084694,-0.0748,-0.0187,-0.2167,-5.09
0.9400,0.059653,0.041310,0.084478,-0.0756,-0.0198,-0.2162,-5.04
0.9410,0.059577,0.041290,0.084262,-0.0764,-0.0209,-0.2157,-5.00
0.9420,0.059500,0.041268,0.084047,-0.0772,-0.0220,-0.2152,-4.96
0.9430,0.059423,0.041246,0.083832,-0.0780,-0.0231,-0.2146,-4.91
0.9440,0.059344,0.041222,0.083617,-0.0788,-0.0242,-0.2141,-4.87
0.9450,0.059265,0.041197,0.083404,-0.0797,-0.0253,-0.2136,-4.83
0.9460,0.059185,0.041171,0.083190,-0.0805,-0.0265,-0.2130,-4.78
0.9470,0.059104,0.041144,0.082978,-0.0813,-0.0276,-0.2125,-4.74
0.9480,0.059022,0.041115,0.082765,-0.0821,-0.0287,-0.2120,-4.70
0.9490,0.058939,0.041086,0.082554,-0.0829,-0.0299,-0.2114,-4.65
0.9500,0.058856,0.041055,0.082343,-0.0837,-0.0310,-0.2108,-4.61
0.9510,0.058772,0.041023,0.082132,-0.0845,-0.0321,-0.2103,-4.57
0.9520,0.058687,0.040991,0.081922,-0.0853,-0.0333,-0.2097,-4.52
0.9530,0.058601,0.040957,0.081713,-0.0862,-0.0344,-0.2091,-4.48
0.9540,0.058514,0.040921,0.081504,-0.0870,-0.0356,-0.2086,-4.44
0.9550,0.058427,0.040885,0.081296,-0.0878,-0.0367,-0.2080,-4.39
0.9560,0.058338,0.040848,0.081088,-0.0886,-0.0379,-0.2074,-4.35
0.9570,0.058249,0.040809,0.080881,-0.0894,-0.0391,-0.2068,-4.31
0.9580,0.058159,0.040769,0.080675,-0.0902,-0.0402,-0.2062,-4.27
0.9590,0.058069,0.040728,0.080469,-0.0911,-0.0414,-0.2056,-4.23
0.9600,0.057977,0.040686,0.080263,-0.0919,-0.0426,-0.2050,-4.19
0.9610,0.057885,0.040642,0.080059,-0.0927,-0.0438,-0.2044,-4.14
0.9620,0.057791,0.040598,0.079855,-0.0935,-0.0450,-0.2037,-4.10
0.9630,0.057697,0.040552,0.079651,-0.0944,-0.0462,-0.2031,-4.06
0.9640,0.057602,0.040505,0.079449,-0.0952,-0.0473,-0.2025,-4.02
0.9650,0.057507,0.040457,0.079247,-0.0960,-0.0485,-0.2018,-3.98
0.9660,0.057410,0.040408,0.079045,-0.0968,-0.0497,-0.2012,-3.94
0.9670,0.057313,0.040357,0.078844,-0.0977,-0.0510,-0.2005,-3.91
0.9680,0.057215,0.040305,0.078644,-0.0985,-0.0522,-0.1999,-3.87
0.9690,0.057116,0.040252,0.078445,-0.0993,-0.0534,-0.1992,-3.83
0.9700,0.057016,0.040198,0.078246,-0.1002,-0.0546,-0.1985,-3.79
0.9710,0.056915,0.040143,0.078048,-0.1010,-0.0558,-0.1978,-3.75
0.9720,0.056813,0.040086,0.077850,-0.1018,-0.0571,-0.1972,-3.72
0.9730,0.056711,0.040028,0.077653,-0.1027,-0.0583,-0.1965,-3.68
0.9740,0.056608,0.039969,0.077457,-0.1035,-0.0595,-0.1958,-3.65
0.9750,0.056504,0.039909,0.077262,-0.1043,-0.0608,-0.1951,-3.61
0.9760,0.056399,0.039847,0.077067,-0.1052,-0.0620,-0.1944,-3.58
0.9770,0.056293,0.039784,0.076873,-0.1060,-0.0633,-0.1937,-3.54
0.9780,0.056187,0.039720,0.076680,-0.1069,-0.0645,-0.1930,-3.51
0.9790,0.056079,0.039655,0.076487,-0.1077,-0.0658,-0.1922,-3.48
0.9800,0.055971,0.039588,0.076295,-0.1086,-0.0670,-0.1915,-3.44
0.9810,0.055862,0.039520,0.076104,-0.1094,-0.0683,-0.1908,-3.41
0.9820,0.055752,0.039451,0.075913,-0.1102,-0.0696,-0.1901,-3.38
0.9830,0.055641,0.039380,0.075724,-0.1111,-0.0709,-0.1893,-3.35
0.9840,0.055530,0.039309,0.075535,-0.1119,-0.0721,-0.1886,-3.32
0.9850,0.055417,0.039236,0.075347,-0.1128,-0.0734,-0.1878,-3.29
0.9860,0.055304,0.039161,0.075159,-0.1136,-0.0747,-0.1871,-3.26
0.9870,0.055190,0.039086,0.074972,-0.1145,-0.0760,-0.1863,-3.23
0.9880,0.055075,0.039009,0.074787,-0.1153,-0.0773,-0.1855,-3.21
0.9890,0.054959,0.038931,0.074601,-0.1162,-0.0786,-0.1848,-3.18
0.9900,0.054842,0.038851,0.074417,-0.1170,-0.0799,-0.1840,-3.15
0.9910,0.054725,0.038770,0.074233,-0.1179,-0.0812,-0.1832,-3.13
0.9920,0.054606,0.038688,0.074050,-0.1187,-0.0825,-0.1824,-3.10
0.9930,0.054487,0.038605,0.073868,-0.1196,-0.0838,-0.1817,-3.08
0.9940,0.054367,0.038520,0.073687,-0.1204,-0.0851,-0.1809,-3.05
0.9950,0.054246,0.038434,0.073507,-0.1213,-0.0864,-0.1801,-3.03
0.9960,0.054124,0.038347,0.073327,-0.1221,-0.0877,-0.1793,-3.01
0.9970,0.054001,0.038258,0.073148,-0.1230,-0.0891,-0.1785,-2.99
0.9980,0.053878,0.038168,0.072970,-0.1238,-0.0904,-0.1777,-2.97
0.9990,0.053754,0.038077,0.072793,-0.1247,-0.0917,-0.1769,-2.94
1.0000,0.053628,0.037984,0.072616,-0.1256,-0.0930,-0.1761,-2.92
1.0100,0.052329,0.036984,0.070896,-0.1341,-0.1064,-0.1678,-2.76
1.0200,0.050944,0.035850,0.069259,-0.1427,-0.1198,-0.1594,-2.64
1.0300,0.049474,0.034583,0.067706,-0.1511,-0.1331,-0.1510,-2.58
1.0400,0.047920,0.033183,0.066238,-0.1595,-0.1462,-0.1426,-2.55
1.0500,0.046283,0.031653,0.064851,-0.1676,-0.1590,-0.1345,-2.56
1.0600,0.044567,0.029999,0.063544,-0.1755,-0.1712,-0.1267,-2.61
1.0700,0.042773,0.028224,0.062313,-0.1830,-0.1829,-0.1194,-2.69
1.0800,0.040905,0.026337,0.061153,-0.1903,-0.1938,-0.1126,-2.80
1.0900,0.038967,0.024344,0.060057,-0.1971,-0.2040,-0.1064,-2.96
1.1000,0.036964,0.022254,0.059021,-0.2034,-0.2133,-0.1008,-3.16
1.1100,0.034899,0.020075,0.058035,-0.2093,-0.2217,-0.0961,-3.41
1.1200,0.032778,0.017817,0.057093,-0.2147,-0.2291,-0.0921,-3.71
1.1300,0.030605,0.015490,0.056186,-0.2196,-0.2356,-0.0891,-4.05
1.1400,0.028385,0.013105,0.055306,-0.2240,-0.2409,-0.0869,-4.43
1.1500,0.026125,0.010671,0.054441,-0.2279,-0.2452,-0.0858,-4.85
1.1600,0.023828,0.008201,0.053583,-0.2312,-0.2483,-0.0857,-5.28
1.1700,0.021502,0.005707,0.052721,-0.2339,-0.2502,-0.0867,-5.73
1.1800,0.019153,0.003201,0.051843,-0.2359,-0.2507,-0.0888,-6.18
1.1900,0.016785,0.000697,0.050938,-0.2373,-0.2499,-0.0922,-6.62
1.2000,0.014408,-0.001791,0.049993,-0.2381,-0.2477,-0.0968,-7.04
1.2100,0.012026,-0.004250,0.048997,-0.2381,-0.2441,-0.1025,-7.43
1.2200,0.009647,-0.006666,0.047938,-0.2375,-0.2392,-0.1094,-7.80
1.2300,0.007278,-0.009026,0.046804,-0.2363,-0.2331,-0.1173,-8.14
1.2400,0.004923,-0.011320,0.045588,-0.2345,-0.2259,-0.1261,-8.45
1.2500,0.002590,-0.013536,0.044279,-0.2322,-0.2178,-0.1357,-8.74
1.2600,0.000282,-0.015667,0.042872,-0.2293,-0.2088,-0.1458,-8.99
1.2700,-0.001995,-0.017703,0.041361,-0.2261,-0.1991,-0.1565,-9.21
1.2800,-0.004237,-0.019640,0.039742,-0.2224,-0.1889,-0.1674,-9.38
1.2900,-0.006440,-0.021471,0.038012,-0.2183,-0.1781,-0.1787,-9.51
1.3000,-0.008601,-0.023192,0.036170,-0.2140,-0.1670,-0.1900,-9.57
1.3100,-0.010717,-0.024799,0.034213,-0.2093,-0.1555,-0.2014,-9.56
1.3200,-0.012784,-0.026291,0.032143,-0.2043,-0.1438,-0.2127,-9.49
1.3300,-0.014802,-0.027664,0.029960,-0.1992,-0.1319,-0.2239,-9.34
1.3400,-0.016766,-0.028919,0.027668,-0.1939,-0.1201,-0.2347,-9.13
1.3500,-0.018677,-0.030056,0.025270,-0.1884,-0.1084,-0.2450,-8.85
1.3600,-0.020533,-0.031078,0.022772,-0.1829,-0.0970,-0.2546,-8.52
1.3700,-0.022333,-0.031987,0.020182,-0.1773,-0.0860,-0.2635,-8.13
1.3800,-0.024079,-0.032790,0.017506,-0.1719,-0.0756,-0.2714,-7.70
1.3900,-0.025769,-0.033493,0.014758,-0.1665,-0.0659,-0.2782,-7.23
1.4000,-0.027407,-0.034104,0.011947,-0.1612,-0.0570,-0.2838,-6.72
1.4100,-0.028992,-0.034631,0.009086,-0.1561,-0.0491,-0.2880,-6.16
1.4200,-0.030528,-0.035084,0.006191,-0.1512,-0.0421,-0.2908,-5.57
1.4300,-0.032017,-0.035473,0.003275,-0.1466,-0.0362,-0.2921,-4.95
1.4400,-0.033460,-0.035809,0.000353,-0.1422,-0.0313,-0.2918,-4.31
1.4500,-0.034860,-0.036101,-0.002559,-0.1380,-0.0275,-0.2901,-3.65
1.4600,-0.036220,-0.036362,-0.005448,-0.1341,-0.0247,-0.2870,-3.00
1.4700,-0.037541,-0.036600,-0.008299,-0.1304,-0.0228,-0.2825,-2.36
1.4800,-0.038827,-0.036824,-0.011099,-0.1269,-0.0218,-0.2767,-1.74
1.4900,-0.040079,-0.037044,-0.013835,-0.1236,-0.0217,-0.2697,-1.14
1.5000,-0.041298,-0.037266,-0.016495,-0.1204,-0.0223,-0.2616,-0.58
1.5100,-0.042487,-0.037499,-0.019070,-0.1174,-0.0235,-0.2525,-0.04
1.5200,-0.043646,-0.037748,-0.021549,-0.1145,-0.0253,-0.2424,0.47
1.5300,-0.044776,-0.038018,-0.023924,-0.1117,-0.0277,-0.2314,0.94
1.5400,-0.045879,-0.038313,-0.026185,-0.1089,-0.0304,-0.2197,1.39
1.5500,-0.046954,-0.038639,-0.028326,-0.1062,-0.0335,-0.2073,1.79
1.5600,-0.048002,-0.038997,-0.030340,-0.1034,-0.0368,-0.1944,2.14
1.5700,-0.049022,-0.039389,-0.032223,-0.1006,-0.0402,-0.1811,2.44
1.5800,-0.050013,-0.039815,-0.033972,-0.0977,-0.0436,-0.1676,2.67
1.5900,-0.050974,-0.040273,-0.035586,-0.0946,-0.0467,-0.1542,2.82
1.6000,-0.051904,-0.040760,-0.037067,-0.0913,-0.0493,-0.1411,2.89
1.6100,-0.052799,-0.041270,-0.038420,-0.0877,-0.0513,-0.1286,2.88
1.6200,-0.053656,-0.041795,-0.039651,-0.0837,-0.0524,-0.1169,2.81
1.6300,-0.054471,-0.042326,-0.040770,-0.0793,-0.0526,-0.1062,2.68
1.6400,-0.055240,-0.042852,-0.041787,-0.0745,-0.0515,-0.0966,2.51
1.6500,-0.055957,-0.043361,-0.042713,-0.0691,-0.0493,-0.0883,2.30
1.6600,-0.056619,-0.043840,-0.043563,-0.0633,-0.0457,-0.0813,2.07
1.6700,-0.057219,-0.044275,-0.044349,-0.0569,-0.0408,-0.0757,1.82
1.6800,-0.057753,-0.044654,-0.045084,-0.0499,-0.0346,-0.0715,1.56
1.6900,-0.058214,-0.044962,-0.045784,-0.0425,-0.0270,-0.0687,1.29
1.7000,-0.058599,-0.045187,-0.046462,-0.0345,-0.0181,-0.0674,1.02
1.7100,-0.058902,-0.045315,-0.047133,-0.0261,-0.0079,-0.0675,0.74
1.7200,-0.059117,-0.045333,-0.047812,-0.0171,0.0036,-0.0691,0.47
1.7300,-0.059240,-0.045228,-0.048512,-0.0077,0.0163,-0.0722,0.22
1.7400,-0.059266,-0.044988,-0.049249,0.0022,0.0303,-0.0766,-0.02
1.7500,-0.059192,-0.044601,-0.050035,0.0125,0.0454,-0.0824,-0.21
1.7600,-0.059013,-0.044058,-0.050884,0.0231,0.0615,-0.0893,-0.35
1.7700,-0.058726,-0.043348,-0.051807,0.0341,0.0784,-0.0973,-0.43
1.7800,-0.058328,-0.042465,-0.052812,0.0452,0.0959,-0.1060,-0.44
1.7900,-0.057818,-0.041404,-0.053906,0.0565,0.1139,-0.1154,-0.36
1.8000,-0.057195,-0.040161,-0.055095,0.0679,0.1321,-0.1251,-0.19
1.8100,-0.056458,-0.038735,-0.056380,0.0792,0.1503,-0.1348,0.07
1.8200,-0.055608,-0.037129,-0.057761,0.0904,0.1681,-0.1443,0.42
1.8300,-0.054648,-0.035347,-0.059233,0.1014,0.1855,-0.1533,0.88
1.8400,-0.053579,-0.033396,-0.060790,0.1120,0.2020,-0.1614,1.42
1.8500,-0.052406,-0.031286,-0.062422,0.1223,0.2174,-0.1685,2.06
1.8600,-0.051133,-0.029030,-0.064118,0.1320,0.2315,-0.1741,2.78
1.8700,-0.049766,-0.026642,-0.065861,0.1410,0.2439,-0.1781,3.58
1.8800,-0.048313,-0.024140,-0.067633,0.1493,0.2546,-0.1802,4.46
1.8900,-0.046781,-0.021544,-0.069414,0.1568,0.2631,-0.1800,5.41
1.9000,-0.045177,-0.018875,-0.071181,0.1635,0.2694,-0.1775,6.42
1.9100,-0.043513,-0.016158,-0.072908,0.1692,0.2734,-0.1724,7.49
1.9200,-0.041796,-0.013416,-0.074570,0.1739,0.2749,-0.1646,8.59
1.9300,-0.040038,-0.010675,-0.076140,0.1776,0.2738,-0.1540,9.73
1.9400,-0.038248,-0.007961,-0.077587,0.1802,0.2701,-0.1405,10.88
1.9500,-0.036437,-0.005300,-0.078885,0.1818,0.2637,-0.1242,12.03
1.9600,-0.034614,-0.002718,-0.080004,0.1824,0.2548,-0.1051,13.15
1.9700,-0.032792,-0.000241,-0.080916,0.1820,0.2434,-0.0832,14.23
1.9800,-0.030979,0.002106,-0.081595,0.1805,0.2295,-0.0587,15.24
1.9900,-0.029185,0.004300,-0.082015,0.1782,0.2133,-0.0318,16.16
2.0000,-0.027419,0.006319,-0.082152,0.1749,0.1951,-0.0027,16.97
2.0100,-0.025690,0.008143,-0.081985,0.1708,0.1749,0.0283,17.65
2.0200,-0.024006,0.009757,-0.081499,0.1660,0.1533,0.0608,18.17
2.0300,-0.022373,0.011146,-0.080678,0.1607,0.1304,0.0944,18.53
2.0400,-0.020796,0.012302,-0.079516,0.1549,0.1068,0.1286,18.72
2.0500,-0.019278,0.013220,-0.078008,0.1488,0.0829,0.1627,18.71
2.0600,-0.017821,0.013901,-0.076157,0.1426,0.0593,0.1963,18.50
2.0700,-0.016427,0.014348,-0.073973,0.1365,0.0363,0.2288,18.09
2.0800,-0.015091,0.014574,-0.071469,0.1307,0.0146,0.2594,17.47
2.0900,-0.013812,0.014595,-0.068667,0.1253,-0.0053,0.2875,16.64
2.1000,-0.012584,0.014431,-0.065595,0.1206,-0.0228,0.3126,15.60
2.1100,-0.011398,0.014110,-0.062286,0.1168,-0.0375,0.3339,14.37
2.1200,-0.010245,0.013662,-0.058782,0.1139,-0.0489,0.3509,12.95
2.1300,-0.009116,0.013126,-0.055127,0.1123,-0.0564,0.3632,11.37
2.1400,-0.007996,0.012540,-0.051371,0.1119,-0.0598,0.3701,9.66
2.1500,-0.006872,0.011950,-0.047571,0.1130,-0.0586,0.3714,7.83
2.1600,-0.005730,0.011402,-0.043785,0.1157,-0.0527,0.3667,5.94
2.1700,-0.004552,0.010945,-0.040072,0.1200,-0.0417,0.3558,4.01
2.1800,-0.003322,0.010630,-0.036497,0.1260,-0.0257,0.3387,2.08
2.1900,-0.002025,0.010506,-0.033120,0.1336,-0.0048,0.3154,0.20
2.2000,-0.000643,0.010623,-0.030003,0.1429,0.0210,0.2861,-1.60
2.2100,0.000840,0.011026,-0.027203,0.1536,0.0513,0.2513,-3.25
2.2200,0.002437,0.011758,-0.024775,0.1657,0.0857,0.2114,-4.72
2.2300,0.004161,0.012855,-0.022763,0.1790,0.1236,0.1673,-5.94
2.2400,0.006023,0.014345,-0.021206,0.1931,0.1640,0.1200,-6.84
2.2500,0.008028,0.016249,-0.020130,0.2077,0.2061,0.0706,-7.37
2.2600,0.010180,0.018574,-0.019548,0.2223,0.2485,0.0207,-7.46
2.2700,0.012476,0.021314,-0.019454,0.2365,0.2897,-0.0280,-7.05
2.2800,0.014909,0.024447,-0.019826,0.2495,0.3282,-0.0735,-6.07
2.2900,0.017464,0.027933,-0.020620,0.2608,0.3620,-0.1136,-4.50
2.3000,0.020120,0.031713,-0.021769,0.2696,0.3892,-0.1460,-2.31
2.3100,0.022847,0.035709,-0.023184,0.2751,0.4078,-0.1684,0.49
2.3200,0.025610,0.039821,-0.024752,0.2766,0.4157,-0.1787,3.89
2.3300,0.028364,0.043932,-0.026339,0.2734,0.4112,-0.1747,7.84
2.3400,0.031059,0.047907,-0.027791,0.2649,0.3925,-0.1546,12.26
2.3500,0.033639,0.051598,-0.028941,0.2505,0.3585,-0.1172,17.05
2.3600,0.036043,0.054846,-0.029610,0.2298,0.3081,-0.0616,22.09
2.3700,0.038208,0.057488,-0.029614,0.2027,0.2410,0.0125,27.22
2.3800,0.040067,0.059358,-0.028769,0.1690,0.1572,0.1049,32.26
2.3900,0.041556,0.060297,-0.026899,0.1289,0.0573,0.2145,36.98
2.4000,0.042614,0.060156,-0.023842,0.0829,-0.0575,0.3397,41.11
2.4100,0.043184,0.058802,-0.019462,0.0315,-0.1852,0.4777,44.34
2.4200,0.043218,0.056131,-0.013653,-0.0239,-0.3228,0.6247,46.28
2.4300,0.042682,0.052076,-0.006360,-0.0820,-0.4661,0.7755,46.52
2.4400,0.041562,0.046622,0.002413,-0.1404,-0.6092,0.9232,44.64
2.4500,0.039868,0.039820,0.012579,-0.1963,-0.7444,1.0588,40.22
2.4600,0.037645,0.031812,0.023953,-0.2457,-0.8623,1.1720,32.93
2.4700,0.034980,0.022841,0.036235,-0.2842,-0.9516,1.2506,22.54
2.4800,0.032007,0.013271,0.048999,-0.3068,-1.0002,1.2818,8.96
2.4900,0.028912,0.003584,0.061693,-0.3083,-0.9957,1.2533,-7.81
2.5000,0.025931,-0.005624,0.073648,-0.2838,-0.9273,1.1541,-27.88
2.5100,0.023348,-0.013660,0.084098,-0.2288,-0.7854,0.9742,-51.70
2.5200,0.021490,-0.019752,0.092188,-0.1388,-0.5610,0.7038,-80.43
2.5300,0.020737,-0.023040,0.096960,-0.0077,-0.2427,0.3294,-116.13
2.5400,0.021544,-0.022535,0.097300,0.1740,0.1887,-0.1707,-161.86
2.5500,0.024492,-0.017008,0.091830,0.4221,0.7662,-0.8318,-221.27
2.5600,0.030363,-0.004835,0.078754,0.7613,1.5428,-1.7059,-297.37
2.5700,0.040232,0.016196,0.055735,1.2238,2.5880,-2.8505,-388.13
2.5800,0.055454,0.048850,0.020108,1.8272,3.9448,-4.2659,-471.04
2.5900,0.077182,0.095388,-0.029613,2.4968,5.4647,-5.7043,-476.19
2.6000,0.104897,0.154172,-0.090105,2.9753,6.5667,-6.5374,-351.14
2.6100,0.135270,0.216437,-0.152008,3.0250,6.6069,-6.4145,-276.13
2.6200,0.164324,0.271065,-0.207375,2.7664,5.7899,-5.9269,-509.96
2.6300,0.190541,0.312900,-0.256087,2.5031,4.8913,-5.8649,-1068.78
2.6400,0.214896,0.343108,-0.302681,2.3735,4.3205,-6.4416,-1500.00
2.6500,0.237215,0.360177,-0.347527,2.0578,3.2774,-6.9435,-1500.00
2.6600,0.255262,0.358530,-0.386577,1.5369,1.6720,-7.3983,-1500.00
2.6700,0.267665,0.335481,-0.416896,0.9946,-0.0275,-7.9199,-1500.00
2.6800,0.276252,0.295207,-0.433118,0.7964,-0.8499,-8.2295,-1500.00
2.6900,0.284920,0.242357,-0.423197,0.9900,-0.8543,-8.0014,-1500.00
2.7000,0.296957,0.172956,-0.368995,1.4280,-0.8051,-7.1208,-1500.00
2.7100,0.313535,0.069579,-0.249643,1.8473,-1.8177,-5.8553,-1500.00
2.7200,0.332732,-0.096388,-0.046487,1.8982,-4.8281,-5.2114,-1500.00
2.7300,0.349278,-0.344327,0.243997,1.3267,-9.3897,-6.9544,-1500.00
2.7400,0.357999,-0.646933,0.589920,0.4351,-13.1587,-11.2658,-1500.00
2.7500,0.358305,-0.922722,0.929857,-0.3118,-14.9472,-14.8450,-1500.00
2.7600,0.353237,-1.087780,1.212276,-0.5686,-16.4322,-16.3406,0.00
2.7700,0.347075,-1.118463,1.407005,-0.7119,-18.1796,-17.4305,0.00
2.7800,0.337345,-1.050688,1.350241,-1.2378,-20.3449,-19.4998,0.00
2.7900,0.325084,-0.889351,1.145612,-0.9766,-20.5622,-20.8654,0.00
2.8000,0.320938,-0.648052,0.947781,-0.0135,-16.9745,-16.2341,-1500.00
2.8100,0.322384,-0.399765,0.819100,0.1338,-11.7642,-8.8475,-1500.00
2.8200,0.320369,-0.186542,0.757001,-0.6228,-7.8520,-4.6347,-1500.00
2.8300,0.308691,-0.024269,0.722186,-1.7165,-4.7920,-3.8398,-1500.00
2.8400,0.284728,0.073659,0.694671,-2.9633,-0.7651,-3.0009,1299.05
2.8500,0.253552,0.095430,0.705624,-3.3056,2.5095,2.6197,1500.00
2.8600,0.218820,0.033779,0.790398,-3.5126,5.7886,9.6207,1500.00
2.8700,0.186145,-0.084318,0.949237,-2.9297,7.0970,15.5568,1500.00
2.8800,0.159870,-0.220193,1.146030,-2.6134,7.9668,18.2033,0.00
2.8900,0.131928,-0.357091,1.281639,-3.0077,9.2861,18.8943,0.00
2.9000,0.098584,-0.472895,1.193902,-3.6979,10.2152,18.5909,0.00
2.9100,0.056886,-0.544991,0.943457,-4.5704,10.4910,17.4984,1500.00
2.9200,0.007074,-0.546650,0.610695,-5.3234,10.2354,15.3973,1500.00
2.9300,-0.048611,-0.446486,0.223029,-5.9081,13.3828,12.2930,1500.00
2.9400,-0.121901,-0.179095,-0.177910,-9.3675,27.4248,5.8741,1500.00
2.9500,-0.210102,0.185861,-0.561351,-5.9314,24.2294,-5.5812,1500.00
2.9600,-0.232592,0.380837,-0.869259,0.4948,14.0004,-2.3017,1500.00
2.9700,-0.213810,0.384785,-0.966783,2.6231,9.4833,6.3872,1500.00
2.9800,-0.189051,0.181512,-0.703178,2.0252,11.9386,19.3571,1500.00
2.9900,-0.175551,-0.225822,-0.216294,0.8942,10.1843,20.7349,1500.00
3.0000,-0.161767,-0.578446,0.196772,2.3944,-7.0235,4.8495,-1500.00
3.0100,-0.112500,-0.370096,0.152382,8.1269,-41.2195,-32.8755,-1500.00
3.0200,-0.016727,0.351507,-0.545547,9.4481,-61.6291,-65.2847,-1500.00
3.0300,0.087060,0.793109,-1.262309,12.0931,-52.9288,-49.5634,0.00
3.0400,0.228086,0.788394,-1.231081,15.4768,-32.7582,-27.9082,0.00
3.0500,0.384719,0.744341,-0.751096,15.3511,-16.8709,-21.9778,-1500.00
3.0600,0.520123,0.869350,-0.197090,11.1912,-2.4059,-25.3185,-1500.00
3.0700,0.604830,1.269385,0.427242,6.2319,11.5358,-23.3496,0.00
3.0800,0.662280,1.055091,0.700690,5.7657,33.2228,0.5108,0.00
3.0900,0.706566,0.142324,0.032617,2.9442,31.4802,31.0610,1500.00
3.1000,0.726356,-0.599677,-0.800494,0.9689,35.0305,18.5238,1500.00
3.1100,0.712578,-0.781845,-1.418080,-4.0573,39.8571,-2.6891,0.00
3.1200,0.646501,-0.512551,-1.162660,-8.6093,29.6504,-11.0273,0.00
3.1300,0.547124,-0.251913,-0.913421,-11.3187,21.9857,-13.0968,1500.00
3.1400,0.423706,-0.033385,-0.737269,-12.9381,18.1764,-12.9647,1500.00
3.1500,0.297799,0.173182,-0.630208,-11.6556,19.8082,-6.3721,1500.00
3.1600,0.212008,0.444143,-0.650165,-4.0758,33.1261,16.5808,1500.00
3.1700,0.251869,0.777678,-0.740471,12.1331,34.9333,34.4500,1500.00
3.1800,0.423275,0.968219,-0.604506,18.2057,2.1328,18.8031,-1500.00
3.1900,0.555673,1.150128,-0.415883,7.8841,-19.5676,8.5759,0.00
3.2000,0.581457,1.361614,-0.241456,-2.0534,-30.7686,7.8058,0.00
3.2100,0.518702,1.251250,-0.082180,-10.1612,-40.2936,8.0927,0.00
3.2200,0.378925,0.786223,-0.034405,-16.9698,-43.1470,-3.9076,-1500.00
3.2300,0.209716,0.231908,-0.353617,-15.4213,-25.6748,-25.0236,-1500.00
3.2400,0.066983,-0.009231,-0.873261,-14.0919,-28.7832,-2.0458,-1500.00
3.2500,-0.080328,0.217989,-1.210729,-14.8525,-34.7264,19.5828,0.00
3.2600,-0.220474,0.553885,-1.384948,-13.0728,-30.7464,12.5836,0.00
3.2700,-0.340314,0.815974,-1.452167,-10.9178,-34.5465,-12.0407,0.00
3.2800,-0.443452,0.744361,-1.021280,-10.7057,-50.6992,-47.9947,-1500.00
3.2900,-0.586885,0.225446,-0.430621,-18.6270,-55.6644,-52.4547,-1500.00
3.3000,-0.797593,-0.285925,-0.077569,-21.7916,-38.3781,-23.5415,-1500.00
3.3100,-1.006075,-0.639140,-0.057762,-19.7320,-28.4623,-6.4739,-1500.00
3.3200,-1.191165,-0.934265,-0.210141,-17.4015,-27.0568,0.1162,-1500.00
3.3300,-1.358875,-1.240284,-0.439252,-16.7175,-31.1299,3.2727,0.00
3.3400,-1.528730,-1.511630,-0.699128,-17.3021,-40.4663,2.6846,0.00
3.3500,-1.701932,-0.968197,-0.749374,-16.4059,-51.6598,-14.0280,-1500.00
3.3600,-1.813987,-0.253028,-0.234851,-5.3075,-43.8326,-38.1184,-1500.00
3.3700,-1.815683,0.482854,0.505832,3.7145,-44.0227,-41.4608,-1500.00
3.3800,-1.755748,0.980241,1.197963,7.3682,-49.2656,-29.5247,0.00
3.3900,-1.675959,0.485661,0.783184,8.9911,-45.8201,-13.9955,-1500.00
3.4000,-1.559437,-0.101941,0.314160,14.2252,-20.4475,-6.2758,-1500.00
3.4100,-1.403443,-0.412029,0.074251,16.0163,0.4491,-2.6675,-1500.00
3.4200,-1.255046,-0.472195,-0.095063,13.0183,12.5988,3.2216,1500.00
3.4300,-1.153092,-0.388697,-0.290607,7.5857,15.5449,10.2464,1500.00
3.4400,-1.098745,-0.295349,-0.527040,4.0068,13.3615,14.1534,1500.00
3.4500,-1.066588,-0.216574,-0.750159,2.6440,12.9605,15.0713,1500.00
3.4600,-1.043429,-0.125542,-0.953450,2.0951,14.5431,15.7379,1500.00
3.4700,-1.023322,0.005821,-1.140265,1.9951,18.2761,15.6645,0.00
3.4800,-1.003841,0.204100,-1.304129,1.8242,23.4207,15.9116,0.00
3.4900,-0.990045,0.466881,-1.416601,0.7272,28.5659,18.9767,0.00
3.5000,-0.996546,0.763402,-1.257615,-2.3916,33.3398,25.8547,0.00
3.5100,-1.040273,0.992380,-0.946454,-5.7214,28.6200,30.7398,1500.00
3.5200,-1.101947,1.086709,-0.631878,-6.4160,21.8091,31.1789,0.00
3.5300,-1.164485,1.086388,-0.334300,-5.9277,15.4155,28.5282,0.00
3.5400,-1.218041,1.037709,-0.061156,-4.6574,9.4040,25.3919,1500.00
3.5500,-1.251685,0.972294,0.189472,-2.1194,2.2818,23.8315,1500.00
3.5600,-1.260036,0.884459,0.398189,0.3402,-3.5763,22.0231,1500.00
3.5700,-1.247763,0.709686,0.484962,1.6387,-4.5571,20.3458,1500.00
3.5800,-1.243049,0.438205,0.393509,-1.3286,2.0819,24.0393,1500.00
3.5900,-1.284643,0.261960,0.259247,-6.7052,6.7906,24.0159,1500.00
3.6000,-1.358314,0.341021,0.199641,-7.1920,3.6911,21.5161,1500.00
3.6100,-1.424023,0.510623,0.100663,-6.0483,2.1930,18.3317,1500.00
3.6200,-1.480577,0.657989,-0.013419,-5.2125,2.1462,6.0304,1500.00
3.6300,-1.521077,0.730994,-0.041148,-2.7544,0.1455,-1.7038,1500.00
3.6400,-1.538487,0.771554,-0.079102,-0.9872,-2.8235,2.8692,1500.00
3.6500,-1.543413,0.814863,-0.183408,-0.1236,-3.8877,7.3294,1500.00
3.6600,-1.542690,0.855285,-0.358571,0.1661,-3.1868,10.8697,1500.00
3.6700,-1.542228,0.884749,-0.603747,-0.1863,-2.1887,12.8665,1500.00
3.6800,-1.549309,0.896029,-0.918858,-1.3398,-3.5179,11.1833,1500.00
3.6900,-1.572421,0.858172,-1.287084,-3.3519,-11.3064,-0.1741,0.00
3.7000,-1.612327,0.658425,-1.236367,-4.1245,-23.0778,-19.7203,0.00
3.7100,-1.638512,0.189515,-0.727468,-0.0237,-23.8540,-23.5606,-1500.00
3.7200,-1.581347,-0.402603,-0.375585,12.4490,-23.5354,-5.8440,-1500.00
3.7300,-1.371571,-0.941880,-0.309264,28.7984,-30.1758,9.7337,-1500.00
3.7400,-1.033267,-1.278285,-0.448854,35.4610,-40.7251,19.9932,0.00
3.7500,-0.754893,-0.890678,-0.728921,16.3438,-55.8459,30.6430,-1500.00
3.7600,-0.719093,-0.291763,-1.034367,-6.1046,-55.9456,26.2531,-1500.00
3.7700,-0.824459,0.252001,-1.150856,-13.3936,-51.7668,5.8038,0.00
3.7800,-0.980084,0.712507,-1.030718,-17.4383,-52.8962,-16.3442,-1500.00
3.7900,-1.161523,0.862464,-0.629869,-17.0731,-48.7003,-40.7289,-1500.00
3.8000,-1.293549,0.691967,-0.096046,-8.5469,-46.9654,-51.8050,-1500.00
3.8100,-1.312973,0.615185,0.305937,5.0453,-50.8172,-52.4772,-1500.00
3.8200,-1.161558,0.440713,0.529626,26.4572,-50.5832,-50.3547,-1500.00
3.8300,-0.763286,0.075888,0.633161,50.3154,-46.4259,-43.3584,-1500.00
3.8400,-0.271980,-0.434538,0.783500,42.3907,-39.8583,-32.4803,-1500.00
3.8500,0.055722,-1.060286,0.993251,25.2929,-29.9954,-28.1647,0.00
3.8600,0.266116,-1.462681,0.738168,17.7060,-18.9937,-38.5036,0.00
3.8700,0.407495,-1.071287,0.187171,10.7159,-11.6240,-45.2130,0.00
3.8800,0.477888,-0.940275,-0.363041,3.8194,-8.9958,-48.4132,-1500.00
3.8900,0.491012,-1.077012,-0.943072,-0.5460,-13.8465,-61.4648,0.00
3.9000,0.489058,-1.351055,-1.381501,1.1466,-24.3104,-88.4152,0.00
3.9100,0.480834,-0.899537,-0.758159,-4.8381,-6.2962,-37.7234,-1500.00
3.9200,0.397419,-0.631529,-0.464184,-11.0703,-17.6055,-24.5117,-1500.00
3.9300,0.259736,-0.431408,-0.271746,-16.6359,-24.6485,-24.6825,-1500.00
3.9400,0.058434,-0.251025,-0.162078,-23.0802,-17.6195,-20.2226,-1500.00
3.9500,-0.160391,-0.190614,-0.228429,-18.3682,3.7525,-7.7494,1500.00
3.9600,-0.282157,-0.455756,-0.508801,-6.4592,21.1691,-1.8900,1500.00
3.9700,-0.305366,-0.858728,-0.786950,0.7065,20.4791,-5.4220,1500.00
3.9800,-0.279128,-1.211132,-0.855075,4.2282,17.7906,-9.3118,0.00
3.9900,-0.222935,-1.469425,-0.712208,6.7759,18.3211,-13.1623,0.00
4.0000,-0.146690,-1.267997,-0.469896,8.2573,18.5408,-13.8078,0.00
4.0100,-0.062821,-0.990506,-0.226503,8.0449,14.4164,-11.9145,-1500.00
4.0200,0.011062,-0.759819,-0.016749,6.8136,4.3207,-12.5977,-1500.00
4.0300,0.076829,-0.567580,0.165246,6.6806,-7.2823,-15.9557,-1500.00
4.0400,0.155775,-0.397057,0.343072,9.7616,-21.6642,-24.7754,-1500.00
4.0500,0.288225,-0.250533,0.557202,16.9852,-35.5558,-36.2824,-1500.00
4.0600,0.487053,-0.129645,0.806592,21.1020,-40.7531,-39.7535,-1500.00
4.0700,0.672965,-0.000322,0.997282,14.9784,-36.0656,-30.4246,-1500.00
4.0800,0.780521,0.160789,1.045329,7.2314,-27.8061,-15.8039,-1500.00
4.0900,0.829372,0.324741,1.022413,3.2416,-19.7110,-4.5603,-1500.00
4.1000,0.853542,0.465760,1.013995,1.9162,-13.0114,0.9411,-1500.00
4.1100,0.871047,0.578481,1.035411,1.6791,-7.5936,2.2157,-1500.00
4.1200,0.888217,0.658118,1.068663,1.8002,-2.8538,3.1521,0.00
4.1300,0.905809,0.691275,1.087262,1.6085,2.1152,4.7840,0.00
4.1400,0.917201,0.655359,1.036422,0.5433,7.4679,7.3658,1500.00
4.1500,0.914204,0.553192,0.911842,-1.2512,11.6331,13.7572,1500.00
4.1600,0.889549,0.405450,0.732594,-3.6513,15.2899,20.7542,1500.00
4.1700,0.842113,0.227470,0.507606,-5.5859,18.7457,26.9400,1500.00
4.1800,0.783675,0.022535,0.234345,-5.7358,22.2240,31.6493,1500.00
4.1900,0.734651,-0.229337,-0.125922,-3.8310,29.2581,39.7827,1500.00
4.2000,0.704966,-0.548606,-0.599256,-3.0952,29.6141,38.2310,1500.00
4.2100,0.655452,-0.721572,-0.706351,-6.8408,14.9380,19.5179,1500.00
4.2200,0.569253,-0.855094,-0.492180,-10.1254,12.1825,16.3103,1500.00
4.2300,0.458980,-0.986671,-0.200099,-11.3910,9.3351,13.2115,1500.00
4.2400,0.353898,-1.039016,0.068156,-9.0910,6.8648,8.4709,1500.00
4.2500,0.285303,-0.955015,0.277830,-4.6477,5.8413,5.5603,1500.00
4.2600,0.259543,-0.808846,0.435730,-0.8490,4.0570,5.0322,1500.00
4.2700,0.262359,-0.680397,0.549307,0.9212,1.0099,3.4188,-1500.00
4.2800,0.274651,-0.581876,0.592818,1.4716,-2.8752,-0.4772,-1500.00
4.2900,0.291522,-0.519342,0.564255,1.9204,-8.6584,-5.5711,-1500.00
4.3000,0.315490,-0.487625,0.463096,3.0706,-16.0638,-12.4421,-1500.00
4.3100,0.360673,-0.462875,0.286894,6.0675,-19.7604,-18.6689,-1500.00
4.3200,0.434055,-0.415421,0.093020,8.4099,-12.1818,-16.6497,-1500.00
4.3300,0.527026,-0.391424,-0.081176,10.0797,-5.9646,-13.3615,-1500.00
4.3400,0.637186,-0.418902,-0.242519,12.1370,-3.2922,-12.5238,-1500.00
4.3500,0.779111,-0.538359,-0.475955,15.7452,-9.0252,-21.0046,-1500.00
4.3600,0.912743,-0.466540,-0.466028,13.4701,24.1982,24.4029,1500.00
4.3700,1.063097,-0.279774,-0.176268,16.1510,15.6425,21.3322,-887.69
4.3800,1.232821,-0.228354,0.067661,17.7280,9.4770,17.4357,-1500.00
4.3900,1.418784,-0.267880,0.274169,19.4832,4.7566,13.4357,-1500.00
4.4000,1.623894,-0.364288,0.453026,21.4938,1.1570,10.0700,-1500.00
4.4100,1.847720,-0.494973,0.615950,23.0760,-1.4885,7.6858,-1500.00
4.4200,2.080947,-0.646776,0.775108,23.2771,-3.1487,6.3181,-1500.00
4.4300,2.307496,-0.807400,0.939720,21.8393,-3.6606,5.6221,-1500.00
4.4400,2.515922,-0.946977,1.101690,20.3849,-2.0579,4.2199,0.00
4.4500,2.719932,-0.977324,1.179808,20.2806,2.6836,0.6355,0.00
4.4600,2.916269,-0.856638,1.111050,18.6865,7.8868,-1.8214,0.00
4.4700,3.086573,-0.667813,1.011584,15.1914,11.8352,-0.5956,-1500.00
4.4800,3.219978,-0.476561,0.972097,11.7338,14.6411,3.9617,-1500.00
4.4900,3.322831,-0.300436,1.011476,8.7033,15.3200,8.8618,-1500.00
4.5000,3.392945,-0.151265,1.064114,5.6444,10.3182,8.4791,0.00
4.5100,3.438731,-0.008973,1.072144,3.7210,6.2843,5.2931,0.00
4.5200,3.470445,0.160661,1.016872,2.8991,3.2022,1.7002,-1500.00
4.5300,3.501620,0.388837,0.922246,3.5933,2.0452,1.0115,-1500.00
4.5400,3.549809,0.696064,0.854214,6.3967,3.6852,6.8807,-1500.00
4.5500,3.638352,1.097852,0.909694,11.4083,13.8143,25.1133,0.00
4.5600,3.768973,1.435860,1.103773,12.5765,52.3704,63.3099,0.00
4.5700,3.852419,0.576448,0.661306,4.0365,80.2951,70.5478,1500.00
4.5800,3.851897,-0.226510,0.155502,-2.9263,61.8306,28.6849,1500.00
4.5900,3.820748,-0.725034,0.158475,-2.4468,38.4251,0.9296,1500.00
4.6000,3.809753,-1.091038,0.450774,0.3269,28.1983,-3.5715,0.00
4.6100,3.830239,-1.421825,0.812165,3.5982,22.0726,5.0815,0.00
4.6200,3.878931,-1.086114,0.995892,5.8184,13.3353,9.0941,0.00
4.6300,3.941019,-0.657979,0.953379,6.1577,2.1612,2.2907,-1500.00
4.6400,3.992146,-0.319968,0.897648,3.6949,-4.4151,-6.4674,-1500.00
4.6500,4.008749,-0.089595,0.890176,-0.3285,-5.2673,-11.8833,-1500.00
4.6600,3.987034,0.023911,0.913126,-3.6969,-3.1552,-14.6365,-1500.00
4.6700,3.938777,0.039748,0.934433,-5.7517,1.1717,-14.9797,-1500.00
4.6800,3.871101,0.022676,0.900609,-7.9077,10.0944,-13.0617,-1500.00
4.6900,3.786079,0.034555,0.727948,-7.5252,14.2805,-14.6231,-1500.00
4.7000,3.762563,0.111618,0.352026,3.4853,-4.1239,-15.9278,-1500.00
4.7100,3.823408,0.431672,0.020461,6.3826,-11.6978,-24.7174,-1500.00
4.7200,3.880459,0.746244,-0.341577,5.1832,-13.0355,-30.5577,-1500.00
4.7300,3.929200,1.003398,-0.765478,4.6985,-22.1478,-41.3441,-1500.00
4.7400,3.980669,1.123983,-1.177685,6.0295,-44.3885,-61.0507,0.00
4.7500,4.057208,0.673095,-0.880111,8.8614,-67.7075,-72.4515,-1500.00
4.7600,4.139011,0.011899,-0.346093,6.9358,-62.1487,-58.3019,-1500.00
4.7700,4.192938,-0.467629,-0.129227,4.0659,-51.4688,-45.5501,-1500.00
4.7800,4.223561,-0.678528,-0.230244,2.2965,-41.6156,-39.1010,-1500.00
4.7900,4.245339,-0.661260,-0.464866,2.1177,-38.8198,-43.1630,-1500.00
4.8000,4.263094,-0.472273,-0.601520,1.1928,-42.1617,-50.3402,-1500.00
4.8100,4.261269,-0.117091,-0.463178,-1.8303,-51.4622,-57.6281,-1500.00
4.8200,4.234289,0.394355,-0.101987,-1.8305,-58.3871,-58.5646,-1500.00
4.8300,4.267658,0.922008,0.158853,9.6116,-53.2679,-52.7785,-1500.00
4.8400,4.452829,1.270798,0.160513,28.3542,-48.3620,-49.4054,0.00
4.8500,4.847255,1.088737,0.019036,48.1485,-47.5482,-48.7098,0.00
4.8600,5.314062,0.665525,-0.100273,40.2544,-50.1769,-50.3679,-1500.00
4.8700,5.620139,0.149174,-0.005614,22.3794,-59.1019,-57.4275,-1500.00
4.8800,5.785900,-0.522409,0.429202,12.3449,-76.3904,-73.7567,-1500.00
4.8900,5.913491,-1.342378,0.898740,17.4442,-81.8661,-84.1178,0.00
4.9000,6.214227,-1.060891,0.627828,41.7096,-55.7513,-62.4671,0.00
4.9100,6.649146,-0.573097,0.285731,39.1898,-36.4942,-40.6611,-1500.00
4.9200,6.940592,-0.163824,0.193960,19.7111,-30.8946,-26.0594,-1500.00
4.9300,7.057096,0.291339,0.375786,4.7859,-36.4990,-14.8243,-1500.00
4.9400,7.044235,0.990386,0.957967,-5.9183,-37.6980,-12.7604,-1500.00
4.9500,6.977573,1.167692,1.097287,-6.4677,2.2004,-18.1218,0.00
4.9600,6.909698,0.463386,0.419313,-7.4473,13.1147,-8.2122,-1500.00
4.9700,6.828761,0.067195,0.054953,-8.4964,10.1862,6.2691,-1500.00
4.9800,6.743271,-0.146733,-0.013894,-8.4793,12.8348,18.7116,-1500.00
4.9900,6.663963,-0.375584,0.173122,-6.8795,29.9588,36.7207,1500.00
5.0000,6.609750,-0.833100,0.627690,-4.1601,60.3212,61.1510,1500.00
5.0100,6.568871,-1.438251,1.009535,-4.8670,66.7604,67.1185,0.00
5.0200,6.501404,-1.024111,0.713913,-8.4905,38.6429,50.6288,1500.00
5.0300,6.413111,-0.729727,0.390020,-7.9618,-1.6163,23.3335,-1500.00
5.0400,6.361459,-0.504566,0.271936,-1.4948,-23.3534,3.8566,-1500.00
5.0500,6.419204,0.027816,0.425695,12.5697,-41.2117,-41.9252,-1500.00
5.0600,6.524985,0.527618,0.536171,6.3367,-26.6268,-58.1368,-1500.00
5.0700,6.548399,0.618832,0.083179,1.6969,-5.5543,-64.9668,-1500.00
5.0800,6.602749,0.498033,-0.505452,8.7511,-18.7055,-51.8947,-1500.00
5.0900,6.713975,0.273758,-0.974188,12.6418,-33.7158,-42.6183,-1500.00
5.1000,6.830538,0.117225,-1.152994,9.4702,-29.6849,-33.9101,0.00
5.1100,6.896620,0.146940,-0.956461,4.4622,-17.9365,-20.7023,-1500.00
5.1200,6.932567,0.198098,-0.762570,3.2224,-11.7044,-11.0518,-1500.00
5.1300,6.966205,0.198622,-0.630311,3.6042,-7.3510,-5.4789,-1500.00
5.1400,7.004816,0.143249,-0.537401,4.0121,-2.5639,-1.0714,-1500.00
5.1500,7.041699,0.012158,-0.458136,2.9521,3.5439,3.5800,-1500.00
5.1600,7.046448,-0.236325,-0.337430,-3.1784,10.0645,7.3907,-1500.00
5.1700,6.944846,-0.585956,-0.101875,-17.4912,16.0474,6.7843,-1500.00
5.1800,6.724782,-0.941266,0.069084,-23.9493,24.1137,13.0999,1500.00
5.1900,6.502816,-1.158078,0.058904,-19.1875,30.2053,21.2611,0.00
5.2000,6.355160,-1.083393,-0.144861,-10.9984,27.3435,29.0763,0.00
5.2100,6.262037,-0.952422,-0.499674,-8.8997,12.0774,35.5577,-1500.00
5.2200,6.169257,-0.967851,-0.902115,-9.8016,-1.5167,39.0652,-1500.00
5.2300,6.066470,-1.099235,-1.271460,-10.5119,-8.3633,50.5897,0.00
5.2400,5.983400,-0.946604,-0.956625,-5.0029,8.0629,58.6996,1500.00
5.2500,5.978595,-0.471928,-0.260992,3.8644,20.0940,47.7153,1500.00
5.2600,6.040584,-0.303254,0.225030,7.3428,21.1526,30.4087,-1500.00
5.2700,6.114174,-0.373157,0.515897,7.0844,21.1550,25.0863,-1500.00
5.2800,6.179275,-0.507610,0.713327,6.1249,21.1071,23.4500,-1500.00
5.2900,6.247799,-0.612626,0.844513,7.9173,24.7334,24.3389,-1500.00
5.3000,6.340208,-0.636195,0.840962,10.5461,26.0398,21.9416,-1500.00
5.3100,6.459429,-0.596650,0.640927,13.1584,22.5692,17.4413,-1500.00
5.3200,6.599402,-0.576724,0.274864,14.3807,13.1956,13.7087,-1500.00
5.3300,6.732910,-0.650303,-0.227882,11.3814,-3.1596,11.8566,-1500.00
5.3400,6.793981,-0.763482,-0.853742,-1.0683,-28.6301,11.5960,-1500.00
5.3500,6.705586,-0.637465,-1.366295,-12.6812,-29.7785,24.6260,0.00
5.3600,6.575929,-0.514640,-1.030919,-13.2053,-10.1273,28.7936,-1500.00
5.3700,6.403093,-0.562062,-0.534573,-22.5165,7.9603,31.8808,1500.00
5.3800,5.875914,-0.841349,-0.028436,-99.8706,42.8519,48.3521,1500.00
5.3900,6.246762,-1.170635,0.141560,50.4500,36.7369,37.7276,0.00
5.4000,6.614772,-1.311175,0.434384,27.1491,34.4618,32.4322,0.00
5.4100,6.824620,-1.209237,0.749796,16.0565,36.0957,28.9401,0.00
5.4200,6.956072,-0.996847,0.983225,10.7783,23.8306,22.4769,-1500.00
5.4300,7.045683,-0.896076,1.136719,7.3908,12.0929,16.5775,0.00
5.4400,7.110068,-0.930474,1.240356,5.8488,4.3008,10.3755,0.00
5.4500,7.167611,-1.077765,1.295837,5.8424,-0.7307,4.1628,0.00
5.4600,7.229545,-1.318002,1.351712,6.6979,-11.5188,-9.0262,0.00
5.4700,7.311476,-1.320199,1.470466,10.0166,-13.8386,-11.1203,0.00
5.4800,7.408178,-0.780807,1.424789,7.1379,19.3871,32.3617,0.00
5.4900,7.383288,-0.487595,0.855121,-14.9642,47.4575,80.2346,1500.00
5.5000,7.153284,-1.136746,0.075126,-24.2786,36.7103,73.1352,0.00
5.5100,6.942246,-0.797738,-0.258605,-19.5167,-10.7233,42.6546,-1500.00
5.5200,6.744323,0.382278,0.310175,-16.5993,-13.1770,-30.3629,-1500.00
5.5300,6.704196,0.934821,0.481653,3.5579,-12.8743,-22.4064,-1500.00
5.5400,6.752674,1.098724,0.614546,5.1036,-8.9381,-11.8951,0.00
5.5500,6.791707,1.042945,0.902441,1.4540,28.2838,-9.6255,-1500.00
5.5600,6.742838,0.682072,0.904830,-11.3597,36.1037,-24.1333,1500.00
5.5700,6.574844,0.353750,0.731954,-21.4408,32.6027,-21.6598,1500.00
5.5800,6.321722,-0.012345,0.690905,-28.1073,43.3312,3.9465,1500.00
5.5900,6.033516,-0.451838,0.949399,-29.4000,51.4374,41.5762,1500.00
5.6000,5.727420,-0.651856,1.163867,-31.3161,45.8805,45.3282,0.00
5.6100,5.433937,-0.510653,1.002774,-25.9642,34.2480,20.7492,1500.00
5.6200,5.222709,-0.293344,0.810154,-16.9118,21.5175,-1.0301,1500.00
5.6300,5.084630,-0.123144,0.675345,-11.5228,13.7803,-13.4215,-1500.00
5.6400,4.987534,0.002973,0.521902,-8.0786,6.8377,-24.8458,-1500.00
5.6500,4.922356,0.023640,0.218479,-5.2416,-10.4317,-43.1819,-1500.00
5.6600,4.871280,-0.167607,-0.276604,-5.3146,-20.0147,-47.5833,-1500.00
5.6700,4.823098,-0.294974,-0.492130,-4.1155,-8.9727,-29.6271,-1500.00
5.6800,4.790304,-0.381757,-0.403560,-2.4264,-11.0114,-20.6928,-1500.00
5.6900,4.782711,-0.476168,-0.247695,1.8833,-28.0374,-8.0720,-1500.00
5.7000,4.819586,-0.167253,-0.018995,0.2982,-42.9418,-23.7097,-1500.00
5.7100,4.757908,0.778129,0.636072,-10.6951,-27.1315,-60.1716,-1500.00
5.7200,4.642567,1.394093,0.691200,-11.3178,-15.8753,-53.5190,0.00
5.7300,4.541242,1.169508,0.403555,-8.8696,-20.5684,-49.8338,0.00
5.7400,4.468875,0.791090,0.072411,-5.3922,-30.6991,-51.0443,-1500.00
5.7500,4.443643,0.522815,-0.267737,0.2853,-44.1929,-50.4787,-1500.00
5.7600,4.445566,0.344110,-0.540392,-0.8069,-37.4866,-32.6523,-1500.00
5.7700,4.422224,0.107023,-0.771650,-3.9321,-30.7544,-30.5662,-1500.00
5.7800,4.361468,-0.108685,-1.051666,-8.3933,-25.0427,-32.1728,0.00
5.7900,4.244368,-0.223473,-1.325650,-15.4138,-15.2559,-28.6667,0.00
5.8000,4.021600,-0.281331,-1.284940,-31.6926,-2.0278,-33.0607,0.00
5.8100,3.583175,0.137872,-0.323923,-39.8277,-40.5189,-52.6123,-1500.00
5.8200,3.286216,1.299269,0.685154,-24.4954,-74.4049,-72.5304,0.00
5.8300,3.072645,0.641177,0.309023,-18.4394,-72.6392,-89.1081,-1500.00
5.8400,2.929441,-0.239266,-0.433783,-9.6758,-68.9165,-69.0029,-1500.00
5.8500,2.904654,-0.832754,-0.644707,6.4879,-65.1342,-64.5749,-1500.00
5.8600,2.974833,-1.200998,-0.700812,-2.2910,-64.2609,-52.6593,0.00
5.8700,2.864036,-0.678570,-0.478552,-17.8054,-80.1606,-66.3777,-1500.00
5.8800,2.646956,0.284877,0.401664,-23.4319,-89.1111,-88.9233,-1500.00
5.8900,2.408958,0.977316,1.304518,-24.1572,-69.2819,-50.0051,0.00
5.9000,2.163526,0.709065,0.927889,-25.4243,-35.1989,-18.8524,-1500.00
5.9100,1.850198,0.161053,0.200631,-40.9881,4.0874,0.2118,1500.00
5.9200,1.518154,-0.453958,-0.618102,-22.7228,-0.0712,11.4014,1500.00
5.9300,1.357287,-0.839721,-1.258188,-11.3977,-10.2327,4.5188,0.00
5.9400,1.270430,-0.720457,-1.141787,-6.7549,-8.7885,-7.4700,0.00
5.9500,1.215891,-0.064529,-0.408239,-4.3486,-10.9843,-12.3009,-1500.00
5.9600,1.187825,0.746223,0.221938,-0.8092,-29.7595,-8.7853,-1500.00
5.9700,1.216486,1.441981,0.439513,6.5722,-58.9938,-7.6922,0.00
5.9800,1.285756,0.862075,0.605536,5.6621,-49.7892,-39.8447,-1500.00
5.9900,1.329579,0.455262,1.010622,3.6134,-28.0264,-54.6223,-1500.00
6.0000,1.357841,0.380021,1.231704,1.6288,-4.4537,-61.6399,0.00
6.0100,1.338265,0.684540,0.725991,-6.9552,21.9316,-60.2824,-1500.00
6.0200,1.208181,1.174551,0.312552,-16.5476,36.5786,-24.8089,0.00
6.0300,1.063875,1.251658,0.270493,-11.9523,15.9006,-0.4349,0.00
6.0400,0.960890,1.039175,0.378060,-9.2115,4.2566,6.2487,1500.00
6.0500,0.872319,0.866340,0.507202,-8.7509,-2.3471,10.2102,1500.00
6.0600,0.782848,0.748799,0.616198,-9.2021,-7.7749,12.3285,1500.00
6.0700,0.689212,0.673991,0.667061,-9.2791,-12.8400,14.8155,1500.00
6.0800,0.612089,0.630606,0.630453,-4.7615,-18.8913,18.5990,-1500.00
6.0900,0.623824,0.501325,0.453273,7.2164,-26.4270,3.7121,-1500.00
6.1000,0.732312,0.251765,0.327698,11.5333,-27.3622,-16.2146,-1500.00
6.1100,0.823912,0.001998,0.333718,7.1323,-22.2612,-22.5685,-1500.00
6.1200,0.885545,-0.199559,0.325739,5.7640,-15.1457,-24.2924,-1500.00
6.1300,0.948182,-0.329311,0.210877,7.0625,-5.3715,-28.3283,-1500.00
6.1400,1.014313,-0.353536,-0.099337,1.6735,3.0745,-47.1342,-1500.00
6.1500,0.430896,-0.197419,-0.438057,-99.8775,61.5199,31.8863,1500.00
6.1600,0.797622,0.054956,0.070228,90.9361,46.8733,43.8530,-1500.00
6.1700,1.456273,0.313380,0.067122,37.6971,39.4150,25.7110,455.21
6.1800,1.718442,0.741984,0.289984,18.9168,44.1403,46.4768,1500.00
6.1900,1.868183,1.034682,0.490028,12.5312,50.2586,52.9494,1500.00
6.2000,1.996193,0.747691,0.195745,14.0346,43.8678,46.7651,1500.00
6.2100,2.163184,0.517652,-0.382617,19.9187,-3.1357,35.7065,-1500.00
6.2200,2.390703,0.756934,-0.546420,22.0217,-34.3993,-22.7569,-1500.00
6.2300,2.549038,0.868151,-0.154893,10.9847,-2.3634,-45.9106,-1500.00
6.2400,2.614568,0.604766,0.263605,0.5676,47.8059,-23.4686,1500.00
6.2500,2.575975,-0.185515,0.022092,-0.6508,49.7172,35.2121,1500.00
6.2600,2.592881,-0.423519,0.081186,2.9375,29.6647,29.8046,1500.00
6.2700,2.625212,-0.262794,0.220098,3.3517,23.3520,15.4538,1500.00
6.2800,2.672081,0.158297,0.226738,7.8441,9.0124,-20.7901,-1500.00
6.2900,2.798958,0.214740,0.101699,17.5034,-32.8730,-28.9642,-1500.00
6.3000,3.052526,-0.372905,-0.233791,28.2782,-66.6907,-42.1250,-1500.00
6.3100,3.285386,-0.821132,-0.592833,21.1588,-30.5261,-31.7878,-1500.00
6.3200,3.502699,-1.045271,-0.892522,23.1150,-22.5225,-29.7448,-1500.00
6.3300,3.762083,-0.957575,-1.192019,27.8569,-2.7632,-6.0241,0.00
6.3400,4.035117,-0.878927,-1.262067,26.5210,14.8401,12.9776,0.00
6.3500,4.248804,-1.157826,-1.180742,12.3151,25.9591,-11.2904,0.00
6.3600,4.407393,-1.191291,-1.165186,25.1013,32.6999,8.1148,0.00
6.3700,4.692614,-0.858419,-1.160329,29.5282,30.9224,26.8557,0.00
6.3800,4.977989,-0.554337,-0.939086,27.5692,30.7455,43.2093,-1500.00
6.3900,5.246163,-0.159356,-0.366348,25.2322,28.2603,57.9252,-1500.00
6.4000,5.416164,0.185232,0.322417,9.5138,27.6990,33.7991,1500.00
6.4100,5.485052,0.215200,0.670628,5.8935,18.5791,18.0794,-1500.00
6.4200,5.545407,0.230401,0.721989,6.3904,8.8383,8.2676,-1500.00
6.4300,5.614566,0.311073,0.491067,7.3971,5.5860,0.6209,-1500.00
6.4400,5.694574,0.289315,0.188612,8.6289,2.8303,-0.4530,-1500.00
6.4500,5.789224,0.093787,-0.095240,10.3758,-1.7603,-0.9767,-1500.00
6.4600,5.896525,-0.316389,-0.293830,10.0920,0.2743,2.9760,-1500.00
6.4700,5.990650,-0.670103,-0.617461,8.8672,17.3156,14.3585,-1500.00
6.4800,6.067488,-0.785176,-1.014741,6.0499,36.7778,23.5404,-171.67
6.4900,6.112127,-0.565870,-1.012545,4.2664,39.0990,25.9278,1500.00
6.5000,6.182134,-0.357599,-0.806350,10.0498,17.2234,12.1989,-1500.00
6.5100,6.324880,-0.291957,-0.735679,18.9277,0.4968,2.1721,-1500.00
6.5200,6.576525,-0.368210,-0.747167,31.1349,-10.8490,1.3046,-1500.00
6.5300,6.907783,-0.494800,-0.582960,31.8562,11.7669,33.1074,-1500.00
6.5400,7.217850,-0.276365,-0.149044,31.4491,33.0065,41.3298,-1500.00
6.5500,7.531543,0.094235,0.205102,29.7419,41.3072,33.4834,-1500.00
6.5600,7.761502,0.477387,0.462147,16.4839,41.1962,23.3865,-1500.00
6.5700,7.914626,0.578666,0.625625,15.3168,27.7652,23.5840,-1500.00
6.5800,8.068092,0.540088,0.697350,15.2340,18.5052,21.8755,-1500.00
6.5900,8.220767,0.531459,0.558346,15.6040,4.3116,7.5937,-1500.00
6.6000,8.378680,0.549723,0.271667,15.0532,-0.2673,-3.3599,-1500.00
6.6100,8.519842,0.534380,0.244221,13.4725,1.1704,4.3057,-1500.00
6.6200,8.651456,0.438093,0.418124,12.8267,6.1059,12.3153,-1500.00
6.6300,8.760442,0.252855,0.766187,8.9440,17.7059,9.4071,-1500.00
6.6400,8.845500,0.150120,0.931030,8.4115,9.6960,4.0135,-1500.00
6.6500,8.931714,0.189408,1.013790,8.9285,0.3920,8.7845,-1500.00
6.6600,9.025768,0.380418,1.012115,9.7156,-10.0436,28.4988,-1500.00
6.6700,9.112368,0.390598,0.595590,7.2352,-1.8842,27.6007,-1500.00
6.6800,9.171788,0.192849,0.100025,4.6284,6.3162,9.7362,-1500.00
6.6900,9.207198,0.327722,-0.038754,3.6872,14.0455,7.2883,-1500.00
6.7000,9.272400,0.515071,0.217059,9.9115,5.2550,21.2318,-1500.00
6.7100,9.419095,0.550296,0.724391,18.7776,4.3416,31.0149,-1500.00
6.7200,9.621747,0.692349,1.176077,20.8126,17.1141,23.6860,0.00
6.7300,9.830443,1.034338,1.366905,21.4466,23.8636,18.9507,0.00
6.7400,10.082204,1.388202,1.412691,30.1498,9.3825,3.7925,0.00
6.7500,10.452689,1.442212,1.383815,44.2143,-12.1028,-13.5034,0.00
6.7600,10.946953,1.210108,1.188511,49.2461,-26.3093,-27.2032,0.00
6.7700,11.350394,0.995703,1.001715,31.9798,-4.5701,-16.8230,-1500.00
6.7800,11.601406,0.886572,0.966751,19.5600,13.9855,5.0410,-1500.00
6.7900,11.758204,0.814753,1.031860,12.6732,15.7694,19.1927,-1500.00
6.8000,11.862668,0.791266,0.971038,8.5230,13.0749,32.2702,-1500.00
6.8100,11.925427,0.791971,0.612071,3.9480,14.4596,35.8076,-1500.00
6.8200,11.945177,0.600266,0.201460,0.7796,21.8045,24.0586,-1500.00
6.8300,11.962268,0.268540,-0.081161,3.4046,18.1139,14.9184,-1500.00
6.8400,12.016844,-0.009262,-0.286701,7.2340,13.0304,12.8557,-1500.00
6.8500,12.105549,-0.192227,-0.436432,10.4448,10.1410,11.0351,-1500.00
6.8600,12.229082,-0.317613,-0.502349,14.3056,5.1682,10.3660,-1500.00
6.8700,12.385733,-0.373422,-0.463526,15.8022,10.7321,14.4528,-1500.00
6.8800,12.524458,-0.148109,-0.297516,11.9201,35.2802,16.9604,-1500.00
6.8900,12.632694,0.342348,-0.052506,10.6883,39.7901,21.1012,-1500.00
6.9000,12.750991,0.753658,0.069929,12.9579,26.0185,20.8627,-1500.00
6.9100,12.894048,0.985420,0.096217,15.8784,20.1810,19.6335,-1500.00
6.9200,13.082905,1.045437,0.190747,22.9258,16.6140,22.7501,-1500.00
6.9300,13.359616,0.952534,0.498613,30.7402,26.7464,38.0962,-1500.00
6.9400,13.648451,0.774856,0.700326,25.3704,47.9382,50.9761,-1500.00
6.9500,13.855784,0.405674,0.388883,17.3807,66.0206,66.0655,674.02
6.9600,14.046963,-0.287609,-0.288260,21.1008,80.5509,80.9334,1500.00
6.9700,14.254250,-1.052844,-1.012697,20.1962,87.0852,80.1078,0.00
6.9800,14.463626,-0.896393,-0.923603,21.3009,81.9727,79.2970,1500.00
6.9900,14.671058,-0.097801,-0.108056,19.9391,72.3331,78.0371,1500.00
7.0000,14.842387,0.522835,0.631651,13.7862,54.1915,52.2864,-1500.00
7.0100,14.957484,0.639440,0.852865,10.1732,42.4811,36.2554,-1500.00
7.0200,15.066853,0.295089,0.499814,12.7144,30.8266,31.0464,-1500.00
7.0300,15.211911,-0.155287,-0.058890,14.8282,19.2657,24.8023,-1500.00
7.0400,15.340812,-0.403362,-0.503120,10.7214,19.0869,9.9061,-1500.00
7.0500,15.426720,-0.364561,-0.708870,6.8283,19.0520,5.4206,-1500.00
7.0600,15.484185,-0.175595,-0.650874,5.1551,16.1825,16.3175,-1500.00
7.0700,15.537284,0.008305,-0.312166,5.5708,11.4669,35.5925,-1500.00
7.0800,15.584146,0.204064,0.318586,2.9449,29.9414,51.3254,-1500.00
7.0900,15.607841,0.455387,0.903474,3.5916,42.8435,45.1846,-1500.00
7.1000,15.679653,0.595955,1.047257,10.8383,31.6621,31.6629,0.00
7.1100,15.830082,0.629571,0.937534,19.3902,16.0867,16.0997,-1500.00
7.1200,16.089344,0.661508,0.903416,33.7454,-4.0716,-3.9252,-1500.00
7.1300,16.523580,0.889386,1.037892,49.0411,-31.9652,-30.7666,-1500.00
7.1400,16.971729,1.317936,1.079534,40.9001,-32.8266,-35.6693,0.00
7.1500,17.358407,1.376248,0.915457,36.4988,-19.1661,-26.0623,0.00
7.1600,17.690660,1.159055,0.865797,29.5465,-1.5783,-4.4531,0.00
7.1700,17.942411,1.004444,1.038345,21.3330,6.3610,19.0963,-1500.00
7.1800,18.111951,0.979233,1.148417,12.4562,13.7654,44.8526,0.00
7.1900,18.186048,0.988292,0.711627,2.9940,23.0459,48.0024,-1500.00
7.2000,18.186383,0.676788,0.216352,-1.0640,26.1207,25.5296,-1500.00
7.2100,18.199256,0.324520,-0.106080,3.8355,16.4762,16.4067,-1500.00
7.2200,18.259081,0.168503,-0.289732,7.8149,10.7382,10.0895,-1500.00
7.2300,18.354995,0.070213,-0.359109,11.3625,2.7912,7.4083,-1500.00
7.2400,18.493713,-0.091735,-0.343744,16.8682,-11.7628,9.9857,-1500.00
7.2500,18.695107,-0.353160,-0.262558,20.0786,-15.1703,7.7917,-1500.00
7.2600,18.849443,-0.270262,-0.231567,11.6583,25.8916,-1.5478,-1500.00
7.2700,18.941923,0.214507,-0.194363,7.4816,41.4628,3.9183,-1500.00
7.2800,19.016765,0.740552,-0.204767,7.8436,28.8213,20.0744,-1500.00
7.2900,19.100693,1.046185,-0.251289,9.1579,27.3597,25.5524,-1500.00
0.0010,0.000000,-0.000000,0.150000,0.0000,0.0000,0.0000,284.26
0.0020,-0.000024,-0.000082,0.150080,-0.0389,-0.1312,0.1282,266.48
0.0030,-0.000086,-0.000290,0.150283,-0.0752,-0.2538,0.2481,249.62
0.0040,-0.000182,-0.000615,0.150601,-0.1091,-0.3683,0.3601,233.65
0.0050,-0.000311,-0.001050,0.151027,-0.1407,-0.4751,0.4646,218.52
0.0060,-0.000470,-0.001588,0.151552,-0.1702,-0.5747,0.5621,204.19
0.0070,-0.000658,-0.002220,0.152171,-0.1976,-0.6674,0.6528,190.63
0.0080,-0.000871,-0.002942,0.152877,-0.2230,-0.7537,0.7373,177.79
0.0090,-0.001109,-0.003745,0.153663,-0.2466,-0.8338,0.8158,165.65
0.0100,-0.001369,-0.004625,0.154524,-0.2685,-0.9081,0.8887,154.16
0.0110,-0.001650,-0.005577,0.155455,-0.2888,-0.9769,0.9563,143.29
0.0120,-0.001951,-0.006593,0.156451,-0.3075,-1.0406,1.0189,133.02
0.0130,-0.002269,-0.007671,0.157506,-0.3247,-1.0994,1.0768,123.30
0.0140,-0.002604,-0.008804,0.158616,-0.3406,-1.1536,1.1302,114.12
0.0150,-0.002954,-0.009989,0.159777,-0.3552,-1.2036,1.1795,105.45
0.0160,-0.003317,-0.011221,0.160985,-0.3686,-1.2495,1.2250,97.25
0.0170,-0.003693,-0.012497,0.162236,-0.3809,-1.2916,1.2667,89.50
0.0180,-0.004081,-0.013813,0.163526,-0.3920,-1.3301,1.3050,82.19
0.0190,-0.004480,-0.015165,0.164853,-0.4022,-1.3653,1.3402,75.28
0.0200,-0.004888,-0.016550,0.166214,-0.4115,-1.3974,1.3723,68.75
0.0210,-0.005304,-0.017966,0.167604,-0.4198,-1.4266,1.4016,62.58
0.0220,-0.005729,-0.019409,0.169022,-0.4274,-1.4530,1.4283,56.76
0.0230,-0.006161,-0.020877,0.170466,-0.4342,-1.4769,1.4526,51.26
0.0240,-0.006599,-0.022367,0.171932,-0.4403,-1.4984,1.4746,46.06
0.0250,-0.007042,-0.023878,0.173419,-0.4457,-1.5176,1.4945,41.16
0.0260,-0.007491,-0.025406,0.174925,-0.4505,-1.5349,1.5125,36.52
0.0270,-0.007944,-0.026950,0.176447,-0.4547,-1.5502,1.5287,32.14
0.0280,-0.008401,-0.028509,0.177985,-0.4584,-1.5637,1.5432,28.00
0.0290,-0.008861,-0.030080,0.179536,-0.4616,-1.5756,1.5561,24.08
0.0300,-0.009325,-0.031662,0.181099,-0.4643,-1.5860,1.5677,20.38
0.0310,-0.009790,-0.033254,0.182673,-0.4667,-1.5950,1.5779,16.88
0.0320,-0.010258,-0.034854,0.184257,-0.4686,-1.6027,1.5869,13.56
0.0330,-0.010728,-0.036461,0.185848,-0.4702,-1.6093,1.5949,10.42
0.0340,-0.011199,-0.038074,0.187448,-0.4715,-1.6147,1.6018,7.45
0.0350,-0.011671,-0.039691,0.189053,-0.4725,-1.6192,1.6079,4.63
0.0360,-0.012144,-0.041313,0.190664,-0.4733,-1.6228,1.6131,1.96
0.0370,-0.012618,-0.042937,0.192280,-0.4738,-1.6256,1.6176,-0.58
0.0380,-0.013092,-0.044564,0.193900,-0.4740,-1.6276,1.6214,-3.00
0.0390,-0.013566,-0.046193,0.195523,-0.4741,-1.6290,1.6246,-5.29
0.0400,-0.014040,-0.047823,0.197149,-0.4740,-1.6298,1.6273,-7.47
0.0410,-0.014514,-0.049453,0.198777,-0.4738,-1.6300,1.6295,-9.56
0.0420,-0.014987,-0.051083,0.200408,-0.4734,-1.6298,1.6313,-11.54
0.0430,-0.015460,-0.052712,0.202040,-0.4729,-1.6291,1.6326,-13.44
0.0440,-0.015933,-0.054341,0.203673,-0.4723,-1.6281,1.6337,-15.25
0.0450,-0.016405,-0.055968,0.205307,-0.4717,-1.6267,1.6345,-16.99
0.0460,-0.016876,-0.057594,0.206941,-0.4709,-1.6250,1.6350,-18.65
0.0470,-0.017346,-0.059217,0.208576,-0.4701,-1.6231,1.6353,-20.25
0.0480,-0.017816,-0.060839,0.210211,-0.4692,-1.6209,1.6354,-21.79
0.0490,-0.018284,-0.062459,0.211846,-0.4682,-1.6186,1.6353,-23.27
0.0500,-0.018752,-0.064076,0.213481,-0.4673,-1.6161,1.6351,-24.70
0.0510,-0.019219,-0.065690,0.215116,-0.4663,-1.6134,1.6348,-26.08
0.0520,-0.019684,-0.067302,0.216751,-0.4652,-1.6106,1.6344,-27.41
0.0530,-0.020149,-0.068911,0.218384,-0.4642,-1.6078,1.6339,-28.70
0.0540,-0.020612,-0.070517,0.220018,-0.4631,-1.6048,1.6333,-29.96
0.0550,-0.021075,-0.072120,0.221650,-0.4621,-1.6018,1.6327,-31.18
0.0560,-0.021536,-0.073720,0.223282,-0.4610,-1.5987,1.6319,-32.37
0.0570,-0.021996,-0.075317,0.224914,-0.4599,-1.5955,1.6312,-33.53
0.0580,-0.022456,-0.076910,0.226544,-0.4588,-1.5923,1.6304,-34.66
0.0590,-0.022914,-0.078501,0.228174,-0.4577,-1.5890,1.6295,-35.76
0.0600,-0.023371,-0.080088,0.229803,-0.4566,-1.5857,1.6286,-36.84
0.0610,-0.023827,-0.081671,0.231431,-0.4555,-1.5824,1.6276,-37.90
0.0620,-0.024281,-0.083251,0.233057,-0.4544,-1.5789,1.6266,-38.94
0.0630,-0.024735,-0.084828,0.234683,-0.4532,-1.5755,1.6255,-39.96
0.0640,-0.025188,-0.086402,0.236308,-0.4521,-1.5719,1.6243,-40.97
0.0650,-0.025639,-0.087971,0.237931,-0.4509,-1.5684,1.6230,-41.95
0.0660,-0.026089,-0.089537,0.239553,-0.4498,-1.5647,1.6216,-42.93
0.0670,-0.026538,-0.091100,0.241174,-0.4486,-1.5609,1.6201,-43.88
0.0680,-0.026986,-0.092658,0.242793,-0.4474,-1.5571,1.6185,-44.83
0.0690,-0.027433,-0.094213,0.244410,-0.4461,-1.5531,1.6168,-45.76
0.0700,-0.027878,-0.095763,0.246026,-0.4449,-1.5490,1.6149,-46.67
0.0710,-0.028322,-0.097310,0.247640,-0.4436,-1.5448,1.6129,-47.58
0.0720,-0.028765,-0.098852,0.249251,-0.4422,-1.5404,1.6107,-48.47
0.0730,-0.029206,-0.100389,0.250860,-0.4408,-1.5359,1.6082,-49.35
0.0740,-0.029646,-0.101922,0.252467,-0.4393,-1.5312,1.6056,-50.21
0.0750,-0.030084,-0.103450,0.254071,-0.4378,-1.5263,1.6028,-51.07
0.0760,-0.030521,-0.104974,0.255672,-0.4362,-1.5212,1.5997,-51.91
0.0770,-0.030956,-0.106491,0.257269,-0.4346,-1.5159,1.5963,-52.74
0.0780,-0.031390,-0.108004,0.258863,-0.4328,-1.5104,1.5927,-53.55
0.0790,-0.031821,-0.109511,0.260454,-0.4310,-1.5046,1.5888,-54.35
0.0800,-0.032251,-0.111011,0.262040,-0.4291,-1.4986,1.5846,-55.14
0.0810,-0.032679,-0.112506,0.263622,-0.4271,-1.4922,1.5800,-55.91
0.0820,-0.033105,-0.113994,0.265199,-0.4251,-1.4856,1.5752,-56.67
0.0830,-0.033529,-0.115475,0.266771,-0.4229,-1.4787,1.5700,-57.41
0.0840,-0.033950,-0.116950,0.268337,-0.4206,-1.4715,1.5644,-58.14
0.0850,-0.034369,-0.118416,0.269898,-0.4182,-1.4639,1.5585,-58.85
0.0860,-0.034786,-0.119875,0.271453,-0.4156,-1.4560,1.5522,-59.54
0.0870,-0.035200,-0.121326,0.273001,-0.4130,-1.4478,1.5455,-60.22
0.0880,-0.035611,-0.122769,0.274542,-0.4102,-1.4392,1.5385,-60.88
0.0890,-0.036020,-0.124202,0.276076,-0.4074,-1.4303,1.5310,-61.51
0.0900,-0.036425,-0.125627,0.277602,-0.4043,-1.4209,1.5231,-62.13
0.0910,-0.036827,-0.127042,0.279120,-0.4012,-1.4113,1.5148,-62.73
0.0920,-0.037227,-0.128447,0.280629,-0.3979,-1.4012,1.5061,-63.31
0.0930,-0.037622,-0.129841,0.282130,-0.3945,-1.3908,1.4970,-63.87
0.0940,-0.038015,-0.131225,0.283621,-0.3909,-1.3799,1.4875,-64.41
0.0950,-0.038403,-0.132598,0.285102,-0.3873,-1.3687,1.4775,-64.93
0.0960,-0.038788,-0.133960,0.286573,-0.3834,-1.3571,1.4672,-65.42
0.0970,-0.039169,-0.135310,0.288034,-0.3795,-1.3452,1.4564,-65.90
0.0980,-0.039546,-0.136647,0.289483,-0.3754,-1.3328,1.4452,-66.35
0.0990,-0.039919,-0.137972,0.290921,-0.3712,-1.3201,1.4337,-66.78
0.1000,-0.040287,-0.139284,0.292348,-0.3668,-1.3071,1.4217,-67.19
0.1010,-0.040651,-0.140583,0.293762,-0.3623,-1.2936,1.4093,-67.57
0.1020,-0.041011,-0.141868,0.295163,-0.3577,-1.2799,1.3966,-67.94
0.1030,-0.041366,-0.143139,0.296551,-0.3530,-1.2658,1.3835,-68.28
0.1040,-0.041715,-0.144396,0.297927,-0.3481,-1.2514,1.3701,-68.60
0.1050,-0.042061,-0.145639,0.299288,-0.3432,-1.2366,1.3564,-68.90
0.1060,-0.042401,-0.146866,0.300636,-0.3381,-1.2216,1.3423,-69.18
0.1070,-0.042735,-0.148078,0.301969,-0.3329,-1.2063,1.3279,-69.44
0.1080,-0.043065,-0.149275,0.303287,-0.3276,-1.1907,1.3132,-69.68
0.1090,-0.043389,-0.150456,0.304591,-0.3222,-1.1749,1.2983,-69.90
0.1100,-0.043708,-0.151621,0.305880,-0.3168,-1.1589,1.2831,-70.11
0.1110,-0.044021,-0.152769,0.307154,-0.3112,-1.1426,1.2677,-70.29
0.1120,-0.044329,-0.153902,0.308411,-0.3056,-1.1262,1.2521,-70.47
0.1130,-0.044631,-0.155018,0.309654,-0.2999,-1.1096,1.2364,-70.62
0.1140,-0.044928,-0.156117,0.310880,-0.2942,-1.0928,1.2204,-70.77
0.1150,-0.045218,-0.157199,0.312090,-0.2884,-1.0760,1.2043,-70.90
0.1160,-0.045503,-0.158265,0.313285,-0.2826,-1.0590,1.1882,-71.02
0.1170,-0.045782,-0.159313,0.314462,-0.2767,-1.0420,1.1719,-71.13
0.1180,-0.046055,-0.160345,0.315624,-0.2708,-1.0249,1.1556,-71.23
0.1190,-0.046322,-0.161359,0.316769,-0.2649,-1.0078,1.1392,-71.32
0.1200,-0.046583,-0.162356,0.317898,-0.2590,-0.9908,1.1228,-71.41
0.1210,-0.046838,-0.163336,0.319011,-0.2530,-0.9737,1.1064,-71.49
0.1220,-0.047088,-0.164300,0.320107,-0.2471,-0.9567,1.0901,-71.57
0.1230,-0.047331,-0.165246,0.321187,-0.2412,-0.9397,1.0738,-71.65
0.1240,-0.047569,-0.166175,0.322251,-0.2354,-0.9229,1.0576,-71.72
0.1250,-0.047800,-0.167087,0.323298,-0.2295,-0.9062,1.0416,-71.80
0.1260,-0.048026,-0.167983,0.324330,-0.2237,-0.8896,1.0256,-71.88
0.1270,-0.048246,-0.168862,0.325346,-0.2180,-0.8732,1.0098,-71.97
0.1280,-0.048461,-0.169725,0.326346,-0.2123,-0.8570,0.9942,-72.06
0.1290,-0.048670,-0.170572,0.327330,-0.2067,-0.8410,0.9788,-72.16
0.1300,-0.048873,-0.171403,0.328300,-0.2012,-0.8253,0.9636,-72.26
0.1310,-0.049071,-0.172219,0.329254,-0.1957,-0.8098,0.9487,-72.38
0.1320,-0.049263,-0.173019,0.330194,-0.1904,-0.7945,0.9340,-72.51
0.1330,-0.049450,-0.173804,0.331119,-0.1851,-0.7796,0.9196,-72.64
0.1340,-0.049632,-0.174574,0.332030,-0.1799,-0.7650,0.9055,-72.80
0.1350,-0.049809,-0.175330,0.332926,-0.1749,-0.7508,0.8917,-72.96
0.1360,-0.049981,-0.176072,0.333810,-0.1700,-0.7368,0.8783,-73.15
0.1370,-0.050148,-0.176801,0.334680,-0.1652,-0.7233,0.8651,-73.34
0.1380,-0.050310,-0.177515,0.335537,-0.1605,-0.7101,0.8524,-73.56
0.1390,-0.050467,-0.178217,0.336382,-0.1559,-0.6973,0.8400,-73.80
0.1400,-0.050621,-0.178907,0.337215,-0.1515,-0.6849,0.8280,-74.05
0.1410,-0.050769,-0.179584,0.338035,-0.1473,-0.6729,0.8164,-74.32
0.1420,-0.050914,-0.180249,0.338845,-0.1432,-0.6613,0.8051,-74.62
0.1430,-0.051055,-0.180903,0.339643,-0.1392,-0.6501,0.7943,-74.93
0.1440,-0.051192,-0.181546,0.340431,-0.1354,-0.6394,0.7839,-75.27
0.1450,-0.051325,-0.182179,0.341209,-0.1317,-0.6291,0.7739,-75.63
0.1460,-0.051454,-0.182802,0.341977,-0.1282,-0.6192,0.7642,-76.01
0.1470,-0.051580,-0.183415,0.342735,-0.1248,-0.6097,0.7551,-76.41
0.1480,-0.051703,-0.184019,0.343485,-0.1216,-0.6007,0.7463,-76.83
0.1490,-0.051822,-0.184614,0.344226,-0.1185,-0.5921,0.7379,-77.28
0.1500,-0.051939,-0.185201,0.344959,-0.1156,-0.5840,0.7299,-77.75
0.1510,-0.052053,-0.185780,0.345684,-0.1128,-0.5762,0.7224,-78.24
0.1520,-0.052164,-0.186351,0.346402,-0.1102,-0.5689,0.7152,-78.75
0.1530,-0.052273,-0.186915,0.347113,-0.1078,-0.5620,0.7084,-79.28
0.1540,-0.052379,-0.187473,0.347817,-0.1055,-0.5555,0.7020,-79.83
0.1550,-0.052483,-0.188025,0.348516,-0.1033,-0.5494,0.6959,-80.41
0.1560,-0.052585,-0.188570,0.349208,-0.1012,-0.5436,0.6903,-81.00
0.1570,-0.052685,-0.189110,0.349895,-0.0993,-0.5383,0.6849,-81.61
0.1580,-0.052784,-0.189645,0.350577,-0.0976,-0.5332,0.6799,-82.24
0.1590,-0.052880,-0.190175,0.351254,-0.0959,-0.5286,0.6752,-82.88
0.1600,-0.052975,-0.190701,0.351926,-0.0944,-0.5242,0.6708,-83.54
0.1610,-0.053069,-0.191222,0.352595,-0.0930,-0.5202,0.6667,-84.22
0.1620,-0.053161,-0.191740,0.353259,-0.0917,-0.5164,0.6629,-84.91
0.1630,-0.053252,-0.192254,0.353919,-0.0905,-0.5129,0.6593,-85.61
0.1640,-0.053341,-0.192765,0.354577,-0.0894,-0.5097,0.6560,-86.32
0.1650,-0.053430,-0.193272,0.355231,-0.0884,-0.5067,0.6529,-87.05
0.1660,-0.053518,-0.193777,0.355882,-0.0875,-0.5039,0.6499,-87.78
0.1670,-0.053605,-0.194279,0.356530,-0.0866,-0.5013,0.6471,-88.52
0.1680,-0.053691,-0.194779,0.357175,-0.0859,-0.4989,0.6445,-89.27
0.1690,-0.053777,-0.195276,0.357818,-0.0852,-0.4966,0.6420,-90.02
0.1700,-0.053861,-0.195772,0.358459,-0.0845,-0.4945,0.6397,-90.78
0.1710,-0.053945,-0.196265,0.359097,-0.0839,-0.4924,0.6374,-91.54
0.1720,-0.054029,-0.196756,0.359733,-0.0833,-0.4905,0.6352,-92.30
0.1730,-0.054112,-0.197245,0.360367,-0.0827,-0.4886,0.6330,-93.07
0.1740,-0.054194,-0.197732,0.360998,-0.0822,-0.4867,0.6308,-93.83
0.1750,-0.054276,-0.198218,0.361628,-0.0817,-0.4849,0.6286,-94.58
0.1760,-0.054358,-0.198701,0.362255,-0.0812,-0.4830,0.6264,-95.33
0.1770,-0.054438,-0.199183,0.362880,-0.0807,-0.4811,0.6242,-96.08
0.1780,-0.054519,-0.199663,0.363503,-0.0802,-0.4792,0.6219,-96.82
0.1790,-0.054599,-0.200141,0.364123,-0.0796,-0.4772,0.6195,-97.55
0.1800,-0.054678,-0.200617,0.364741,-0.0791,-0.4751,0.6170,-98.27
0.1810,-0.054757,-0.201090,0.365356,-0.0785,-0.4728,0.6144,-98.98
0.1820,-0.054835,-0.201562,0.365969,-0.0778,-0.4705,0.6116,-99.68
0.1830,-0.054912,-0.202031,0.366579,-0.0771,-0.4680,0.6086,-100.36
0.1840,-0.054989,-0.202497,0.367185,-0.0764,-0.4653,0.6055,-101.02
0.1850,-0.055064,-0.202960,0.367789,-0.0756,-0.4624,0.6021,-101.67
0.1860,-0.055139,-0.203421,0.368389,-0.0747,-0.4593,0.5986,-102.30
0.1870,-0.055214,-0.203878,0.368985,-0.0737,-0.4559,0.5947,-102.92
0.1880,-0.055287,-0.204332,0.369577,-0.0727,-0.4523,0.5907,-103.51
0.1890,-0.055359,-0.204782,0.370165,-0.0715,-0.4485,0.5863,-104.08
0.1900,-0.055429,-0.205228,0.370748,-0.0703,-0.4444,0.5817,-104.63
0.1910,-0.055499,-0.205669,0.371327,-0.0690,-0.4400,0.5768,-105.15
0.1920,-0.055567,-0.206106,0.371901,-0.0676,-0.4352,0.5716,-105.65
0.1930,-0.055634,-0.206538,0.372469,-0.0660,-0.4302,0.5660,-106.13
0.1940,-0.055699,-0.206965,0.373031,-0.0644,-0.4249,0.5602,-106.58
0.1950,-0.055762,-0.207387,0.373587,-0.0627,-0.4192,0.5540,-107.00
0.1960,-0.055823,-0.207802,0.374137,-0.0608,-0.4132,0.5474,-107.39
0.1970,-0.055883,-0.208212,0.374680,-0.0588,-0.4068,0.5405,-107.76
0.1980,-0.055940,-0.208614,0.375216,-0.0567,-0.4001,0.5333,-108.10
0.1990,-0.055996,-0.209010,0.375745,-0.0544,-0.3931,0.5257,-108.41
0.2000,-0.056049,-0.209399,0.376266,-0.0521,-0.3857,0.5178,-108.68
0.2010,-0.056099,-0.209780,0.376778,-0.0496,-0.3779,0.5095,-108.93
0.2020,-0.056147,-0.210152,0.377282,-0.0470,-0.3698,0.5008,-109.15
0.2030,-0.056192,-0.210517,0.377778,-0.0442,-0.3613,0.4918,-109.34
0.2040,-0.056235,-0.210873,0.378264,-0.0413,-0.3525,0.4825,-109.50
0.2050,-0.056274,-0.211220,0.378740,-0.0384,-0.3433,0.4728,-109.62
0.2060,-0.056311,-0.211557,0.379207,-0.0352,-0.3338,0.4628,-109.72
0.2070,-0.056344,-0.211885,0.379663,-0.0320,-0.3240,0.4524,-109.79
0.2080,-0.056374,-0.212203,0.380108,-0.0286,-0.3138,0.4417,-109.83
0.2090,-0.056400,-0.212510,0.380543,-0.0252,-0.3033,0.4307,-109.83
0.2100,-0.056423,-0.212807,0.380967,-0.0216,-0.2925,0.4194,-109.81
0.2110,-0.056443,-0.213093,0.381379,-0.0179,-0.2814,0.4079,-109.76
0.2120,-0.056458,-0.213367,0.381780,-0.0141,-0.2701,0.3960,-109.68
0.2130,-0.056470,-0.213630,0.382168,-0.0102,-0.2584,0.3839,-109.58
0.2140,-0.056478,-0.213881,0.382544,-0.0062,-0.2465,0.3715,-109.45
0.2150,-0.056481,-0.214120,0.382908,-0.0021,-0.2344,0.3589,-109.29
0.2160,-0.056481,-0.214347,0.383258,0.0020,-0.2220,0.3460,-109.11
0.2170,-0.056476,-0.214562,0.383596,0.0063,-0.2095,0.3330,-108.90
0.2180,-0.056467,-0.214763,0.383921,0.0106,-0.1967,0.3198,-108.68
0.2190,-0.056454,-0.214952,0.384232,0.0150,-0.1838,0.3064,-108.43
0.2200,-0.056436,-0.215128,0.384530,0.0194,-0.1707,0.2928,-108.16
0.2210,-0.056414,-0.215290,0.384815,0.0239,-0.1575,0.2792,-107.87
0.2220,-0.056387,-0.215440,0.385085,0.0285,-0.1441,0.2654,-107.56
0.2230,-0.056356,-0.215575,0.385342,0.0331,-0.1307,0.2515,-107.23
0.2240,-0.056320,-0.215698,0.385585,0.0377,-0.1172,0.2375,-106.90
0.2250,-0.056279,-0.215807,0.385813,0.0423,-0.1036,0.2235,-106.54
0.2260,-0.056234,-0.215902,0.386028,0.0470,-0.0900,0.2094,-106.18
0.2270,-0.056184,-0.215983,0.386228,0.0517,-0.0764,0.1954,-105.80
0.2280,-0.056129,-0.216051,0.386415,0.0564,-0.0628,0.1813,-105.41
0.2290,-0.056070,-0.216106,0.386588,0.0610,-0.0491,0.1672,-105.02
0.2300,-0.056006,-0.216146,0.386746,0.0657,-0.0356,0.1532,-104.62
0.2310,-0.055938,-0.216174,0.386890,0.0704,-0.0221,0.1393,-104.21
0.2320,-0.055864,-0.216187,0.387021,0.0750,-0.0087,0.1254,-103.80
0.2330,-0.055786,-0.216188,0.387138,0.0796,0.0046,0.1116,-103.39
0.2340,-0.055704,-0.216175,0.387241,0.0842,0.0178,0.0980,-102.97
0.2350,-0.055617,-0.216149,0.387330,0.0887,0.0309,0.0844,-102.56
0.2360,-0.055525,-0.216110,0.387406,0.0932,0.0438,0.0710,-102.15
0.2370,-0.055429,-0.216058,0.387469,0.0976,0.0566,0.0578,-101.74
0.2380,-0.055329,-0.215994,0.387519,0.1020,0.0691,0.0448,-101.34
0.2390,-0.055224,-0.215917,0.387556,0.1063,0.0815,0.0319,-100.94
0.2400,-0.055115,-0.215828,0.387580,0.1105,0.0936,0.0192,-100.54
0.2410,-0.055002,-0.215727,0.387591,0.1147,0.1055,0.0068,-100.16
0.2420,-0.054885,-0.215614,0.387590,0.1187,0.1172,-0.0054,-99.78
0.2430,-0.054764,-0.215489,0.387577,0.1227,0.1286,-0.0174,-99.42
0.2440,-0.054639,-0.215354,0.387553,0.1266,0.1398,-0.0291,-99.06
0.2450,-0.054510,-0.215207,0.387517,0.1304,0.1507,-0.0406,-98.72
0.2460,-0.054377,-0.215050,0.387469,0.1341,0.1613,-0.0517,-98.39
0.2470,-0.054241,-0.214882,0.387411,0.1377,0.1716,-0.0627,-98.08
0.2480,-0.054101,-0.214704,0.387341,0.1412,0.1816,-0.0733,-97.77
0.2490,-0.053957,-0.214516,0.387262,0.1446,0.1914,-0.0836,-97.49
0.2500,-0.053811,-0.214318,0.387172,0.1479,0.2008,-0.0937,-97.21
0.2510,-0.053661,-0.214112,0.387072,0.1511,0.2099,-0.1035,-96.96
0.2520,-0.053508,-0.213896,0.386962,0.1542,0.2187,-0.1129,-96.71
0.2530,-0.053352,-0.213672,0.386844,0.1571,0.2272,-0.1221,-96.49
0.2540,-0.053193,-0.213440,0.386716,0.1600,0.2353,-0.1310,-96.28
0.2550,-0.053031,-0.213200,0.386580,0.1627,0.2432,-0.1395,-96.09
0.2560,-0.052867,-0.212951,0.386435,0.1653,0.2507,-0.1478,-95.91
0.2570,-0.052700,-0.212696,0.386283,0.1679,0.2580,-0.1558,-95.75
0.2580,-0.052531,-0.212434,0.386122,0.1703,0.2649,-0.1635,-95.61
0.2590,-0.052359,-0.212164,0.385954,0.1726,0.2715,-0.1709,-95.48
0.2600,-0.052185,-0.211889,0.385779,0.1748,0.2779,-0.1780,-95.37
0.2610,-0.052009,-0.211607,0.385596,0.1769,0.2839,-0.1848,-95.28
0.2620,-0.051831,-0.211319,0.385407,0.1789,0.2896,-0.1914,-95.20
0.2630,-0.051651,-0.211026,0.385212,0.1808,0.2951,-0.1977,-95.13
0.2640,-0.051469,-0.210728,0.385011,0.1826,0.3003,-0.2038,-95.08
0.2650,-0.051285,-0.210424,0.384803,0.1843,0.3053,-0.2096,-95.05
0.2660,-0.051100,-0.210116,0.384590,0.1859,0.3100,-0.2151,-95.02
0.2670,-0.050913,-0.209803,0.384372,0.1874,0.3144,-0.2205,-95.01
0.2680,-0.050725,-0.209486,0.384148,0.1888,0.3186,-0.2256,-95.01
0.2690,-0.050535,-0.209165,0.383919,0.1902,0.3226,-0.2305,-95.02
0.2700,-0.050344,-0.208839,0.383686,0.1915,0.3264,-0.2352,-95.04
0.2710,-0.050152,-0.208511,0.383448,0.1927,0.3300,-0.2398,-95.07
0.2720,-0.049958,-0.208178,0.383205,0.1938,0.3335,-0.2441,-95.11
0.2730,-0.049764,-0.207843,0.382959,0.1949,0.3367,-0.2483,-95.16
0.2740,-0.049568,-0.207504,0.382708,0.1959,0.3398,-0.2524,-95.21
0.2750,-0.049372,-0.207162,0.382453,0.1969,0.3428,-0.2563,-95.27
0.2760,-0.049174,-0.206818,0.382194,0.1978,0.3456,-0.2601,-95.33
0.2770,-0.048976,-0.206470,0.381932,0.1987,0.3483,-0.2638,-95.40
0.2780,-0.048777,-0.206120,0.381666,0.1995,0.3509,-0.2673,-95.47
0.2790,-0.048577,-0.205768,0.381396,0.2003,0.3534,-0.2708,-95.54
0.2800,-0.048376,-0.205413,0.381124,0.2011,0.3558,-0.2743,-95.61
0.2810,-0.048174,-0.205056,0.380847,0.2018,0.3582,-0.2776,-95.68
0.2820,-0.047972,-0.204696,0.380567,0.2025,0.3605,-0.2810,-95.75
0.2830,-0.047769,-0.204334,0.380284,0.2032,0.3628,-0.2842,-95.82
0.2840,-0.047566,-0.203970,0.379998,0.2039,0.3650,-0.2875,-95.88
0.2850,-0.047361,-0.203603,0.379709,0.2046,0.3673,-0.2907,-95.94
0.2860,-0.047156,-0.203235,0.379416,0.2053,0.3695,-0.2940,-96.00
0.2870,-0.046950,-0.202864,0.379120,0.2059,0.3718,-0.2973,-96.05
0.2880,-0.046744,-0.202491,0.378821,0.2066,0.3740,-0.3006,-96.09
0.2890,-0.046537,-0.202115,0.378518,0.2073,0.3764,-0.3039,-96.12
0.2900,-0.046329,-0.201737,0.378212,0.2080,0.3787,-0.3073,-96.15
0.2910,-0.046121,-0.201357,0.377903,0.2088,0.3812,-0.3107,-96.16
0.2920,-0.045912,-0.200974,0.377590,0.2095,0.3836,-0.3142,-96.17
0.2930,-0.045702,-0.200589,0.377273,0.2103,0.3862,-0.3177,-96.16
0.2940,-0.045491,-0.200201,0.376953,0.2111,0.3889,-0.3214,-96.14
0.2950,-0.045279,-0.199811,0.376630,0.2119,0.3916,-0.3251,-96.11
0.2960,-0.045067,-0.199417,0.376302,0.2128,0.3945,-0.3289,-96.07
0.2970,-0.044853,-0.199021,0.375971,0.2137,0.3974,-0.3329,-96.01
0.2980,-0.044639,-0.198621,0.375635,0.2146,0.4005,-0.3369,-95.94
0.2990,-0.044424,-0.198219,0.375296,0.2156,0.4037,-0.3411,-95.85
0.3000,-0.044208,-0.197813,0.374952,0.2166,0.4070,-0.3453,-95.75
0.3010,-0.043990,-0.197404,0.374604,0.2177,0.4105,-0.3497,-95.63
0.3020,-0.043772,-0.196991,0.374252,0.2188,0.4141,-0.3542,-95.49
0.3030,-0.043552,-0.196575,0.373895,0.2200,0.4178,-0.3589,-95.34
0.3040,-0.043332,-0.196155,0.373533,0.2212,0.4217,-0.3637,-95.17
0.3050,-0.043110,-0.195731,0.373166,0.2225,0.4257,-0.3686,-94.99
0.3060,-0.042886,-0.195303,0.372794,0.2238,0.4298,-0.3737,-94.79
0.3070,-0.042662,-0.194870,0.372417,0.2252,0.4341,-0.3788,-94.57
0.3080,-0.042435,-0.194433,0.372035,0.2266,0.4386,-0.3842,-94.33
0.3090,-0.042208,-0.193992,0.371648,0.2281,0.4432,-0.3896,-94.08
0.3100,-0.041979,-0.193546,0.371254,0.2296,0.4479,-0.3952,-93.81
0.3110,-0.041748,-0.193095,0.370856,0.2312,0.4528,-0.4009,-93.52
0.3120,-0.041516,-0.192639,0.370451,0.2328,0.4578,-0.4068,-93.21
0.3130,-0.041282,-0.192178,0.370041,0.2345,0.4630,-0.4128,-92.89
0.3140,-0.041046,-0.191712,0.369624,0.2363,0.4682,-0.4189,-92.55
0.3150,-0.040809,-0.191240,0.369201,0.2380,0.4737,-0.4251,-92.20
0.3160,-0.040570,-0.190763,0.368772,0.2399,0.4792,-0.4314,-91.82
0.3170,-0.040329,-0.190281,0.368337,0.2417,0.4848,-0.4378,-91.44
0.3180,-0.040086,-0.189792,0.367895,0.2436,0.4906,-0.4444,-91.03
0.3190,-0.039841,-0.189298,0.367446,0.2456,0.4965,-0.4510,-90.61
0.3200,-0.039594,-0.188798,0.366991,0.2476,0.5025,-0.4577,-90.18
0.3210,-0.039345,-0.188292,0.366529,0.2496,0.5085,-0.4645,-89.73
0.3220,-0.039095,-0.187779,0.366061,0.2517,0.5147,-0.4714,-89.27
0.3230,-0.038842,-0.187261,0.365585,0.2537,0.5209,-0.4784,-88.80
0.3240,-0.038587,-0.186736,0.365102,0.2559,0.5272,-0.4854,-88.31
0.3250,-0.038329,-0.186205,0.364612,0.2580,0.5336,-0.4924,-87.82
0.3260,-0.038070,-0.185667,0.364115,0.2602,0.5400,-0.4995,-87.31
0.3270,-0.037809,-0.185123,0.363611,0.2624,0.5465,-0.5067,-86.79
0.3280,-0.037545,-0.184573,0.363100,0.2646,0.5530,-0.5138,-86.26
0.3290,-0.037279,-0.184016,0.362582,0.2668,0.5595,-0.5210,-85.72
0.3300,-0.037011,-0.183452,0.362056,0.2690,0.5661,-0.5282,-85.17
0.3310,-0.036740,-0.182882,0.361524,0.2712,0.5726,-0.5354,-84.62
0.3320,-0.036468,-0.182306,0.360984,0.2735,0.5792,-0.5426,-84.06
0.3330,-0.036193,-0.181722,0.360437,0.2757,0.5857,-0.5498,-83.49
0.3340,-0.035916,-0.181133,0.359883,0.2779,0.5922,-0.5569,-82.92
0.3350,-0.035636,-0.180536,0.359321,0.2802,0.5987,-0.5640,-82.34
0.3360,-0.035355,-0.179934,0.358753,0.2824,0.6052,-0.5711,-81.76
0.3370,-0.035071,-0.179324,0.358177,0.2846,0.6116,-0.5781,-81.18
0.3380,-0.034785,-0.178709,0.357595,0.2868,0.6180,-0.5851,-80.59
0.3390,-0.034497,-0.178087,0.357005,0.2890,0.6243,-0.5920,-80.00
0.3400,-0.034207,-0.177459,0.356409,0.2911,0.6305,-0.5988,-79.41
0.3410,-0.033914,-0.176824,0.355806,0.2933,0.6367,-0.6055,-78.83
0.3420,-0.033620,-0.176184,0.355196,0.2954,0.6427,-0.6122,-78.24
0.3430,-0.033323,-0.175538,0.354580,0.2974,0.6487,-0.6187,-77.65
0.3440,-0.033024,-0.174885,0.353957,0.2995,0.6546,-0.6252,-77.07
0.3450,-0.032724,-0.174227,0.353328,0.3015,0.6603,-0.6315,-76.49
0.3460,-0.032421,-0.173563,0.352693,0.3034,0.6660,-0.6377,-75.91
0.3470,-0.032116,-0.172894,0.352051,0.3054,0.6715,-0.6438,-75.33
0.3480,-0.031810,-0.172219,0.351404,0.3073,0.6768,-0.6497,-74.77
0.3490,-0.031501,-0.171539,0.350751,0.3091,0.6821,-0.6555,-74.20
0.3500,-0.031191,-0.170854,0.350092,0.3109,0.6872,-0.6612,-73.64
0.3510,-0.030879,-0.170163,0.349427,0.3126,0.6922,-0.6667,-73.09
0.3520,-0.030565,-0.169468,0.348757,0.3143,0.6970,-0.6721,-72.55
0.3530,-0.030250,-0.168768,0.348082,0.3160,0.7016,-0.6773,-72.01
0.3540,-0.029933,-0.168064,0.347401,0.3176,0.7061,-0.6823,-71.48
0.3550,-0.029614,-0.167355,0.346716,0.3191,0.7105,-0.6872,-70.96
0.3560,-0.029294,-0.166642,0.346026,0.3206,0.7146,-0.6919,-70.44
0.3570,-0.028973,-0.165925,0.345331,0.3220,0.7186,-0.6965,-69.94
0.3580,-0.028650,-0.165204,0.344632,0.3234,0.7225,-0.7009,-69.44
0.3590,-0.028326,-0.164479,0.343928,0.3247,0.7261,-0.7051,-68.95
0.3600,-0.028000,-0.163751,0.343221,0.3259,0.7296,-0.7091,-68.48
0.3610,-0.027674,-0.163019,0.342509,0.3271,0.7329,-0.7130,-68.01
0.3620,-0.027346,-0.162284,0.341794,0.3283,0.7361,-0.7167,-67.55
0.3630,-0.027017,-0.161546,0.341075,0.3293,0.7390,-0.7202,-67.10
0.3640,-0.026687,-0.160805,0.340352,0.3304,0.7418,-0.7236,-66.67
0.3650,-0.026356,-0.160062,0.339627,0.3313,0.7444,-0.7268,-66.24
0.3660,-0.026024,-0.159316,0.338898,0.3322,0.7469,-0.7298,-65.82
0.3670,-0.025691,-0.158568,0.338167,0.3330,0.7491,-0.7326,-65.41
0.3680,-0.025358,-0.157817,0.337432,0.3338,0.7512,-0.7353,-65.02
0.3690,-0.025024,-0.157065,0.336695,0.3345,0.7532,-0.7378,-64.63
0.3700,-0.024689,-0.156310,0.335956,0.3352,0.7550,-0.7401,-64.25
0.3710,-0.024353,-0.155554,0.335215,0.3358,0.7566,-0.7423,-63.88
0.3720,-0.024017,-0.154797,0.334471,0.3364,0.7580,-0.7443,-63.52
0.3730,-0.023680,-0.154038,0.333726,0.3368,0.7593,-0.7462,-63.17
0.3740,-0.023343,-0.153278,0.332978,0.3373,0.7605,-0.7479,-62.83
0.3750,-0.023006,-0.152517,0.332229,0.3377,0.7615,-0.7495,-62.50
0.3760,-0.022668,-0.151755,0.331479,0.3380,0.7623,-0.7509,-62.18
0.3770,-0.022330,-0.150992,0.330727,0.3383,0.7631,-0.7522,-61.87
0.3780,-0.021991,-0.150228,0.329974,0.3386,0.7636,-0.7534,-61.56
0.3790,-0.021652,-0.149465,0.329220,0.3388,0.7641,-0.7544,-61.27
0.3800,-0.021314,-0.148700,0.328465,0.3389,0.7644,-0.7553,-60.98
0.3810,-0.020975,-0.147936,0.327709,0.3390,0.7646,-0.7561,-60.69
0.3820,-0.020635,-0.147171,0.326953,0.3391,0.7647,-0.7568,-60.42
0.3830,-0.020296,-0.146406,0.326196,0.3391,0.7647,-0.7573,-60.15
0.3840,-0.019957,-0.145642,0.325438,0.3391,0.7646,-0.7578,-59.89
0.3850,-0.019618,-0.144877,0.324680,0.3391,0.7643,-0.7581,-59.63
0.3860,-0.019279,-0.144113,0.323922,0.3390,0.7640,-0.7583,-59.38
0.3870,-0.018940,-0.143349,0.323163,0.3389,0.7636,-0.7585,-59.13
0.3880,-0.018601,-0.142586,0.322405,0.3387,0.7631,-0.7586,-58.89
0.3890,-0.018263,-0.141823,0.321646,0.3386,0.7626,-0.7586,-58.65
0.3900,-0.017924,-0.141061,0.320888,0.3384,0.7619,-0.7585,-58.42
0.3910,-0.017586,-0.140300,0.320129,0.3382,0.7612,-0.7584,-58.19
0.3920,-0.017248,-0.139539,0.319371,0.3379,0.7605,-0.7581,-57.96
0.3930,-0.016910,-0.138779,0.318613,0.3377,0.7596,-0.7579,-57.74
0.3940,-0.016573,-0.138020,0.317855,0.3374,0.7588,-0.7575,-57.52
0.3950,-0.016236,-0.137262,0.317098,0.3371,0.7578,-0.7572,-57.30
0.3960,-0.015899,-0.136504,0.316341,0.3368,0.7569,-0.7568,-57.08
0.3970,-0.015562,-0.135748,0.315585,0.3364,0.7559,-0.7563,-56.86
0.3980,-0.015226,-0.134993,0.314829,0.3361,0.7548,-0.7558,-56.65
0.3990,-0.014890,-0.134239,0.314073,0.3357,0.7538,-0.7553,-56.43
0.4000,-0.014555,-0.133486,0.313318,0.3354,0.7527,-0.7547,-56.22
0.4010,-0.014219,-0.132734,0.312564,0.3350,0.7516,-0.7542,-56.01
0.4020,-0.013885,-0.131983,0.311810,0.3346,0.7505,-0.7536,-55.79
0.4030,-0.013550,-0.131233,0.311057,0.3343,0.7494,-0.7530,-55.58
0.4040,-0.013216,-0.130484,0.310304,0.3339,0.7483,-0.7524,-55.36
0.4050,-0.012883,-0.129737,0.309552,0.3335,0.7471,-0.7518,-55.14
0.4060,-0.012549,-0.128990,0.308801,0.3331,0.7460,-0.7512,-54.93
0.4070,-0.012217,-0.128245,0.308050,0.3327,0.7449,-0.7505,-54.71
0.4080,-0.011884,-0.127501,0.307300,0.3323,0.7438,-0.7499,-54.49
0.4090,-0.011552,-0.126758,0.306550,0.3320,0.7427,-0.7493,-54.26
0.4100,-0.011220,-0.126016,0.305801,0.3316,0.7416,-0.7487,-54.04
0.4110,-0.010889,-0.125275,0.305053,0.3312,0.7405,-0.7482,-53.81
0.4120,-0.010558,-0.124535,0.304305,0.3308,0.7395,-0.7476,-53.58
0.4130,-0.010227,-0.123796,0.303558,0.3305,0.7385,-0.7470,-53.35
0.4140,-0.009897,-0.123058,0.302811,0.3301,0.7375,-0.7465,-53.11
0.4150,-0.009567,-0.122321,0.302065,0.3298,0.7365,-0.7460,-52.87
0.4160,-0.009238,-0.121585,0.301319,0.3295,0.7355,-0.7455,-52.63
0.4170,-0.008908,-0.120850,0.300574,0.3291,0.7346,-0.7450,-52.39
0.4180,-0.008579,-0.120116,0.299829,0.3288,0.7337,-0.7446,-52.14
0.4190,-0.008251,-0.119383,0.299085,0.3285,0.7329,-0.7441,-51.89
0.4200,-0.007922,-0.118651,0.298341,0.3282,0.7320,-0.7437,-51.64
0.4210,-0.007594,-0.117919,0.297598,0.3279,0.7312,-0.7434,-51.38
0.4220,-0.007267,-0.117189,0.296854,0.3276,0.7304,-0.7430,-51.12
0.4230,-0.006939,-0.116459,0.296112,0.3274,0.7297,-0.7427,-50.86
0.4240,-0.006612,-0.115729,0.295369,0.3271,0.7290,-0.7424,-50.59
0.4250,-0.006285,-0.115001,0.294627,0.3269,0.7283,-0.7421,-50.33
0.4260,-0.005958,-0.114273,0.293885,0.3266,0.7276,-0.7419,-50.05
0.4270,-0.005632,-0.113546,0.293143,0.3264,0.7270,-0.7417,-49.78
0.4280,-0.005305,-0.112819,0.292402,0.3262,0.7264,-0.7415,-49.50
0.4290,-0.004979,-0.112093,0.291660,0.3260,0.7258,-0.7413,-49.22
0.4300,-0.004654,-0.111368,0.290919,0.3258,0.7253,-0.7411,-48.94
0.4310,-0.004328,-0.110643,0.290178,0.3256,0.7248,-0.7410,-48.65
0.4320,-0.004002,-0.109918,0.289437,0.3254,0.7243,-0.7409,-48.37
0.4330,-0.003677,-0.109194,0.288696,0.3253,0.7238,-0.7408,-48.08
0.4340,-0.003352,-0.108471,0.287956,0.3251,0.7234,-0.7407,-47.79
0.4350,-0.003027,-0.107748,0.287215,0.3249,0.7229,-0.7406,-47.49
0.4360,-0.002702,-0.107025,0.286475,0.3248,0.7225,-0.7406,-47.20
0.4370,-0.002377,-0.106303,0.285734,0.3246,0.7221,-0.7405,-46.90
0.4380,-0.002053,-0.105581,0.284994,0.3245,0.7217,-0.7405,-46.60
0.4390,-0.001728,-0.104859,0.284253,0.3244,0.7213,-0.7404,-46.30
0.4400,-0.001404,-0.104138,0.283513,0.3242,0.7210,-0.7404,-46.00
0.4410,-0.001080,-0.103418,0.282772,0.3241,0.7206,-0.7404,-45.70
0.4420,-0.000756,-0.102697,0.282032,0.3240,0.7202,-0.7404,-45.40
0.4430,-0.000432,-0.101977,0.281292,0.3238,0.7199,-0.7403,-45.09
0.4440,-0.000108,-0.101258,0.280551,0.3237,0.7195,-0.7403,-44.79
0.4450,0.000215,-0.100538,0.279811,0.3236,0.7192,-0.7403,-44.49
0.4460,0.000539,-0.099819,0.279071,0.3234,0.7188,-0.7402,-44.19
0.4470,0.000862,-0.099101,0.278331,0.3233,0.7184,-0.7402,-43.88
0.4480,0.001185,-0.098383,0.277590,0.3232,0.7180,-0.7401,-43.58
0.4490,0.001508,-0.097665,0.276850,0.3230,0.7176,-0.7400,-43.28
0.4500,0.001831,-0.096948,0.276111,0.3229,0.7172,-0.7399,-42.98
0.4510,0.002154,-0.096231,0.275371,0.3227,0.7168,-0.7398,-42.68
0.4520,0.002477,-0.095514,0.274631,0.3226,0.7163,-0.7396,-42.39
0.4530,0.002799,-0.094798,0.273892,0.3224,0.7158,-0.7395,-42.09
0.4540,0.003122,-0.094083,0.273152,0.3222,0.7153,-0.7392,-41.80
0.4550,0.003444,-0.093368,0.272413,0.3220,0.7148,-0.7390,-41.50
0.4560,0.003766,-0.092653,0.271674,0.3219,0.7143,-0.7388,-41.21
0.4570,0.004087,-0.091939,0.270936,0.3216,0.7137,-0.7385,-40.93
0.4580,0.004409,-0.091226,0.270197,0.3214,0.7131,-0.7381,-40.64
0.4590,0.004730,-0.090513,0.269459,0.3212,0.7124,-0.7378,-40.36
0.4600,0.005051,-0.089801,0.268722,0.3210,0.7117,-0.7374,-40.08
0.4610,0.005372,-0.089090,0.267985,0.3207,0.7110,-0.7369,-39.80
0.4620,0.005692,-0.088380,0.267248,0.3204,0.7102,-0.7364,-39.53
0.4630,0.006013,-0.087670,0.266512,0.3201,0.7094,-0.7359,-39.26
0.4640,0.006333,-0.086961,0.265776,0.3198,0.7085,-0.7353,-38.99
0.4650,0.006652,-0.086253,0.265041,0.3195,0.7076,-0.7347,-38.73
0.4660,0.006972,-0.085546,0.264307,0.3192,0.7067,-0.7340,-38.47
0.4670,0.007291,-0.084840,0.263573,0.3188,0.7057,-0.7333,-38.21
0.4680,0.007609,-0.084135,0.262841,0.3185,0.7046,-0.7325,-37.96
0.4690,0.007927,-0.083431,0.262108,0.3181,0.7035,-0.7317,-37.71
0.4700,0.008245,-0.082729,0.261377,0.3177,0.7024,-0.7309,-37.47
0.4710,0.008563,-0.082027,0.260647,0.3173,0.7012,-0.7299,-37.23
0.4720,0.008880,-0.081327,0.259918,0.3168,0.6999,-0.7290,-36.99
0.4730,0.009196,-0.080628,0.259189,0.3164,0.6986,-0.7279,-36.76
0.4740,0.009512,-0.079930,0.258462,0.3159,0.6973,-0.7268,-36.53
0.4750,0.009828,-0.079233,0.257736,0.3154,0.6959,-0.7257,-36.31
0.4760,0.010143,-0.078539,0.257011,0.3149,0.6944,-0.7245,-36.09
0.4770,0.010457,-0.077845,0.256287,0.3143,0.6929,-0.7233,-35.87
0.4780,0.010771,-0.077153,0.255564,0.3137,0.6913,-0.7220,-35.66
0.4790,0.011085,-0.076463,0.254843,0.3132,0.6897,-0.7206,-35.45
0.4800,0.011398,-0.075774,0.254124,0.3126,0.6880,-0.7192,-35.25
0.4810,0.011710,-0.075088,0.253405,0.3119,0.6862,-0.7177,-35.05
0.4820,0.012021,-0.074403,0.252688,0.3113,0.6845,-0.7162,-34.86
0.4830,0.012332,-0.073719,0.251973,0.3106,0.6826,-0.7146,-34.67
0.4840,0.012642,-0.073038,0.251259,0.3100,0.6807,-0.7130,-34.48
0.4850,0.012952,-0.072358,0.250547,0.3093,0.6788,-0.7113,-34.30
0.4860,0.013261,-0.071681,0.249837,0.3085,0.6768,-0.7096,-34.12
0.4870,0.013569,-0.071006,0.249128,0.3078,0.6747,-0.7078,-33.94
0.4880,0.013876,-0.070332,0.248422,0.3070,0.6726,-0.7060,-33.77
0.4890,0.014183,-0.069661,0.247717,0.3063,0.6705,-0.7041,-33.61
0.4900,0.014488,-0.068992,0.247014,0.3055,0.6683,-0.7022,-33.44
0.4910,0.014793,-0.068325,0.246313,0.3046,0.6661,-0.7002,-33.28
0.4920,0.015097,-0.067660,0.245614,0.3038,0.6638,-0.6982,-33.13
0.4930,0.015401,-0.066998,0.244917,0.3030,0.6614,-0.6962,-32.97
0.4940,0.015703,-0.066338,0.244222,0.3021,0.6591,-0.6941,-32.82
0.4950,0.016005,-0.065681,0.243529,0.3012,0.6567,-0.6919,-32.68
0.4960,0.016305,-0.065026,0.242838,0.3003,0.6542,-0.6897,-32.53
0.4970,0.016605,-0.064373,0.242150,0.2994,0.6517,-0.6875,-32.39
0.4980,0.016904,-0.063723,0.241464,0.2985,0.6492,-0.6853,-32.25
0.4990,0.017202,-0.063075,0.240780,0.2975,0.6467,-0.6830,-32.12
0.5000,0.017499,-0.062430,0.240098,0.2966,0.6441,-0.6807,-31.99
0.5010,0.017795,-0.061788,0.239419,0.2956,0.6415,-0.6783,-31.86
0.5020,0.018090,-0.061148,0.238742,0.2946,0.6388,-0.6759,-31.73
0.5030,0.018384,-0.060511,0.238067,0.2936,0.6361,-0.6735,-31.60
0.5040,0.018677,-0.059877,0.237395,0.2926,0.6334,-0.6711,-31.48
0.5050,0.018969,-0.059245,0.236725,0.2916,0.6307,-0.6686,-31.36
0.5060,0.019259,-0.058616,0.236058,0.2906,0.6280,-0.6662,-31.24
0.5070,0.019549,-0.057990,0.235394,0.2895,0.6252,-0.6637,-31.12
0.5080,0.019838,-0.057367,0.234731,0.2885,0.6224,-0.6611,-31.00
0.5090,0.020126,-0.056746,0.234072,0.2874,0.6196,-0.6586,-30.89
0.5100,0.020413,-0.056128,0.233415,0.2864,0.6168,-0.6561,-30.77
0.5110,0.020699,-0.055513,0.232760,0.2853,0.6140,-0.6535,-30.66
0.5120,0.020983,-0.054901,0.232108,0.2842,0.6111,-0.6509,-30.55
0.5130,0.021267,-0.054292,0.231459,0.2831,0.6083,-0.6483,-30.43
0.5140,0.021549,-0.053685,0.230812,0.2820,0.6054,-0.6457,-30.32
0.5150,0.021830,-0.053082,0.230168,0.2809,0.6026,-0.6431,-30.21
0.5160,0.022111,-0.052481,0.229526,0.2799,0.5997,-0.6405,-30.11
0.5170,0.022390,-0.051883,0.228887,0.2787,0.5968,-0.6379,-30.00
0.5180,0.022668,-0.051288,0.228251,0.2776,0.5940,-0.6353,-29.89
0.5190,0.022945,-0.050696,0.227617,0.2765,0.5911,-0.6327,-29.78
0.5200,0.023221,-0.050107,0.226986,0.2754,0.5882,-0.6301,-29.67
0.5210,0.023495,-0.049521,0.226357,0.2743,0.5854,-0.6275,-29.57
0.5220,0.023769,-0.048937,0.225731,0.2732,0.5825,-0.6249,-29.46
0.5230,0.024042,-0.048356,0.225108,0.2721,0.5796,-0.6223,-29.35
0.5240,0.024313,-0.047779,0.224487,0.2710,0.5768,-0.6197,-29.24
0.5250,0.024583,-0.047204,0.223869,0.2699,0.5740,-0.6171,-29.13
0.5260,0.024853,-0.046631,0.223254,0.2688,0.5711,-0.6145,-29.03
0.5270,0.025121,-0.046062,0.222641,0.2677,0.5683,-0.6119,-28.92
0.5280,0.025388,-0.045496,0.222030,0.2666,0.5655,-0.6094,-28.81
0.5290,0.025653,-0.044932,0.221422,0.2655,0.5627,-0.6069,-28.70
0.5300,0.025918,-0.044371,0.220817,0.2644,0.5599,-0.6043,-28.59
0.5310,0.026182,-0.043813,0.220214,0.2633,0.5572,-0.6018,-28.48
0.5320,0.026444,-0.043257,0.219614,0.2622,0.5544,-0.5993,-28.36
0.5330,0.026706,-0.042705,0.219016,0.2611,0.5517,-0.5969,-28.25
0.5340,0.026966,-0.042155,0.218421,0.2600,0.5490,-0.5944,-28.14
0.5350,0.027226,-0.041607,0.217828,0.2589,0.5463,-0.5920,-28.02
0.5360,0.027484,-0.041063,0.217237,0.2578,0.5436,-0.5895,-27.91
0.5370,0.027741,-0.040521,0.216649,0.2568,0.5410,-0.5871,-27.79
0.5380,0.027997,-0.039982,0.216063,0.2557,0.5384,-0.5848,-27.68
0.5390,0.028252,-0.039445,0.215480,0.2546,0.5358,-0.5824,-27.56
0.5400,0.028506,-0.038911,0.214899,0.2536,0.5332,-0.5801,-27.44
0.5410,0.028759,-0.038379,0.214320,0.2525,0.5306,-0.5777,-27.32
0.5420,0.029011,-0.037850,0.213744,0.2515,0.5281,-0.5754,-27.20
0.5430,0.029262,-0.037324,0.213170,0.2504,0.5256,-0.5732,-27.08
0.5440,0.029511,-0.036800,0.212598,0.2494,0.5231,-0.5709,-26.96
0.5450,0.029760,-0.036278,0.212029,0.2484,0.5206,-0.5687,-26.83
0.5460,0.030008,-0.035759,0.211461,0.2474,0.5181,-0.5665,-26.71
0.5470,0.030255,-0.035243,0.210896,0.2464,0.5157,-0.5643,-26.59
0.5480,0.030500,-0.034729,0.210333,0.2454,0.5133,-0.5621,-26.46
0.5490,0.030745,-0.034217,0.209772,0.2444,0.5109,-0.5600,-26.33
0.5500,0.030989,-0.033707,0.209214,0.2434,0.5086,-0.5579,-26.21
0.5510,0.031232,-0.033200,0.208657,0.2424,0.5062,-0.5558,-26.08
0.5520,0.031473,-0.032696,0.208103,0.2414,0.5039,-0.5537,-25.95
0.5530,0.031714,-0.032193,0.207550,0.2404,0.5016,-0.5516,-25.82
0.5540,0.031954,-0.031693,0.207000,0.2395,0.4993,-0.5496,-25.69
0.5550,0.032193,-0.031195,0.206451,0.2385,0.4971,-0.5476,-25.56
0.5560,0.032431,-0.030699,0.205905,0.2375,0.4949,-0.5456,-25.43
0.5570,0.032668,-0.030206,0.205361,0.2366,0.4927,-0.5436,-25.30
0.5580,0.032904,-0.029715,0.204818,0.2356,0.4905,-0.5417,-25.17
0.5590,0.033139,-0.029226,0.204278,0.2347,0.4883,-0.5397,-25.03
0.5600,0.033373,-0.028739,0.203739,0.2338,0.4861,-0.5378,-24.90
0.5610,0.033606,-0.028254,0.203202,0.2328,0.4840,-0.5359,-24.77
0.5620,0.033838,-0.027771,0.202668,0.2319,0.4819,-0.5340,-24.64
0.5630,0.034070,-0.027291,0.202135,0.2310,0.4798,-0.5322,-24.50
0.5640,0.034300,-0.026812,0.201604,0.2301,0.4777,-0.5303,-24.37
0.5650,0.034530,-0.026336,0.201074,0.2292,0.4756,-0.5285,-24.24
0.5660,0.034758,-0.025862,0.200547,0.2283,0.4735,-0.5266,-24.10
0.5670,0.034986,-0.025390,0.200022,0.2274,0.4715,-0.5248,-23.97
0.5680,0.035213,-0.024919,0.199498,0.2265,0.4695,-0.5230,-23.84
0.5690,0.035439,-0.024451,0.198976,0.2256,0.4674,-0.5212,-23.70
0.5700,0.035664,-0.023985,0.198456,0.2247,0.4654,-0.5195,-23.57
0.5710,0.035888,-0.023521,0.197937,0.2238,0.4634,-0.5177,-23.44
0.5720,0.036111,-0.023059,0.197421,0.2229,0.4614,-0.5159,-23.31
0.5730,0.036333,-0.022599,0.196906,0.2220,0.4594,-0.5142,-23.17
0.5740,0.036555,-0.022141,0.196393,0.2211,0.4574,-0.5125,-23.04
0.5750,0.036775,-0.021684,0.195881,0.2202,0.4555,-0.5107,-22.91
0.5760,0.036995,-0.021230,0.195371,0.2193,0.4535,-0.5090,-22.78
0.5770,0.037214,-0.020778,0.194863,0.2184,0.4515,-0.5073,-22.65
0.5780,0.037432,-0.020328,0.194357,0.2175,0.4496,-0.5055,-22.53
0.5790,0.037649,-0.019879,0.193853,0.2167,0.4476,-0.5038,-22.40
0.5800,0.037865,-0.019433,0.193350,0.2158,0.4456,-0.5021,-22.27
0.5810,0.038080,-0.018989,0.192849,0.2149,0.4437,-0.5004,-22.15
0.5820,0.038294,-0.018546,0.192350,0.2140,0.4417,-0.4987,-22.02
0.5830,0.038508,-0.018106,0.191852,0.2131,0.4398,-0.4970,-21.90
0.5840,0.038720,-0.017667,0.191356,0.2122,0.4378,-0.4953,-21.78
0.5850,0.038932,-0.017231,0.190862,0.2113,0.4359,-0.4935,-21.66
0.5860,0.039143,-0.016796,0.190369,0.2104,0.4339,-0.4918,-21.54
0.5870,0.039353,-0.016364,0.189878,0.2095,0.4319,-0.4901,-21.42
0.5880,0.039561,-0.015933,0.189389,0.2086,0.4300,-0.4884,-21.30
0.5890,0.039770,-0.015504,0.188902,0.2077,0.4280,-0.4867,-21.18
0.5900,0.039977,-0.015078,0.188416,0.2068,0.4260,-0.4849,-21.07
0.5910,0.040183,-0.014653,0.187932,0.2059,0.4240,-0.4832,-20.96
0.5920,0.040388,-0.014230,0.187450,0.2050,0.4220,-0.4815,-20.84
0.5930,0.040593,-0.013809,0.186970,0.2041,0.4200,-0.4797,-20.73
0.5940,0.040796,-0.013391,0.186491,0.2032,0.4180,-0.4780,-20.63
0.5950,0.040999,-0.012974,0.186014,0.2023,0.4160,-0.4762,-20.52
0.5960,0.041201,-0.012559,0.185539,0.2013,0.4140,-0.4745,-20.41
0.5970,0.041401,-0.012147,0.185065,0.2004,0.4120,-0.4727,-20.31
0.5980,0.041601,-0.011736,0.184594,0.1995,0.4099,-0.4709,-20.21
0.5990,0.041800,-0.011327,0.184124,0.1985,0.4079,-0.4691,-20.11
0.6000,0.041998,-0.010921,0.183656,0.1976,0.4058,-0.4674,-20.01
0.6010,0.042195,-0.010516,0.183189,0.1966,0.4038,-0.4656,-19.91
0.6020,0.042391,-0.010114,0.182725,0.1957,0.4017,-0.4638,-19.82
0.6030,0.042586,-0.009713,0.182262,0.1947,0.3996,-0.4619,-19.72
0.6040,0.042780,-0.009315,0.181801,0.1938,0.3975,-0.4601,-19.63
0.6050,0.042974,-0.008919,0.181342,0.1928,0.3954,-0.4583,-19.54
0.6060,0.043166,-0.008525,0.180885,0.1918,0.3933,-0.4565,-19.45
0.6070,0.043357,-0.008133,0.180430,0.1909,0.3912,-0.4546,-19.36
0.6080,0.043547,-0.007743,0.179976,0.1899,0.3891,-0.4528,-19.28
0.6090,0.043736,-0.007356,0.179524,0.1889,0.3869,-0.4509,-19.20
0.6100,0.043925,-0.006970,0.179075,0.1879,0.3848,-0.4490,-19.11
0.6110,0.044112,-0.006587,0.178627,0.1869,0.3826,-0.4472,-19.03
0.6120,0.044298,-0.006206,0.178181,0.1859,0.3804,-0.4453,-18.96
0.6130,0.044484,-0.005826,0.177736,0.1849,0.3783,-0.4434,-18.88
0.6140,0.044668,-0.005450,0.177294,0.1839,0.3761,-0.4415,-18.80
0.6150,0.044851,-0.005075,0.176854,0.1829,0.3739,-0.4396,-18.73
0.6160,0.045033,-0.004702,0.176415,0.1819,0.3717,-0.4377,-18.66
0.6170,0.045215,-0.004332,0.175979,0.1809,0.3695,-0.4358,-18.59
0.6180,0.045395,-0.003964,0.175544,0.1798,0.3673,-0.4339,-18.52
0.6190,0.045574,-0.003598,0.175111,0.1788,0.3651,-0.4320,-18.45
0.6200,0.045752,-0.003235,0.174680,0.1778,0.3628,-0.4300,-18.38
0.6210,0.045929,-0.002873,0.174252,0.1767,0.3606,-0.4281,-18.32
0.6220,0.046105,-0.002514,0.173825,0.1757,0.3584,-0.4262,-18.26
0.6230,0.046281,-0.002157,0.173399,0.1747,0.3561,-0.4242,-18.19
0.6240,0.046455,-0.001802,0.172976,0.1736,0.3539,-0.4223,-18.13
0.6250,0.046628,-0.001450,0.172555,0.1726,0.3517,-0.4204,-18.07
0.6260,0.046799,-0.001100,0.172136,0.1715,0.3494,-0.4184,-18.02
0.6270,0.046970,-0.000752,0.171719,0.1705,0.3472,-0.4165,-17.96
0.6280,0.047140,-0.000406,0.171303,0.1694,0.3449,-0.4146,-17.90
0.6290,0.047309,-0.000063,0.170890,0.1684,0.3427,-0.4126,-17.85
0.6300,0.047477,0.000278,0.170478,0.1673,0.3404,-0.4107,-17.79
0.6310,0.047643,0.000617,0.170069,0.1662,0.3381,-0.4088,-17.74
0.6320,0.047809,0.000954,0.169661,0.1652,0.3359,-0.4069,-17.69
0.6330,0.047973,0.001289,0.169255,0.1641,0.3336,-0.4049,-17.64
0.6340,0.048137,0.001621,0.168852,0.1630,0.3314,-0.4030,-17.59
0.6350,0.048299,0.001951,0.168450,0.1620,0.3292,-0.4011,-17.54
0.6360,0.048460,0.002278,0.168050,0.1609,0.3269,-0.3992,-17.49
0.6370,0.048621,0.002604,0.167652,0.1599,0.3247,-0.3973,-17.44
0.6380,0.048780,0.002927,0.167256,0.1588,0.3225,-0.3954,-17.39
0.6390,0.048938,0.003248,0.166861,0.1577,0.3202,-0.3935,-17.35
0.6400,0.049095,0.003567,0.166469,0.1567,0.3180,-0.3916,-17.30
0.6410,0.049251,0.003884,0.166078,0.1556,0.3158,-0.3898,-17.26
0.6420,0.049406,0.004198,0.165690,0.1545,0.3136,-0.3879,-17.21
0.6430,0.049560,0.004510,0.165303,0.1535,0.3114,-0.3861,-17.17
0.6440,0.049713,0.004820,0.164918,0.1524,0.3092,-0.3842,-17.12
0.6450,0.049864,0.005128,0.164535,0.1514,0.3071,-0.3824,-17.08
0.6460,0.050015,0.005434,0.164153,0.1503,0.3049,-0.3806,-17.03
0.6470,0.050165,0.005737,0.163774,0.1493,0.3027,-0.3788,-16.99
0.6480,0.050313,0.006039,0.163396,0.1482,0.3006,-0.3770,-16.95
0.6490,0.050461,0.006338,0.163020,0.1472,0.2985,-0.3753,-16.90
0.6500,0.050608,0.006635,0.162646,0.1461,0.2964,-0.3735,-16.86
0.6510,0.050753,0.006930,0.162274,0.1451,0.2943,-0.3718,-16.82
0.6520,0.050898,0.007223,0.161903,0.1441,0.2922,-0.3701,-16.77
0.6530,0.051041,0.007514,0.161534,0.1430,0.2901,-0.3683,-16.73
0.6540,0.051183,0.007803,0.161166,0.1420,0.2881,-0.3667,-16.69
0.6550,0.051325,0.008089,0.160801,0.1410,0.2860,-0.3650,-16.65
0.6560,0.051465,0.008374,0.160437,0.1400,0.2840,-0.3633,-16.60
0.6570,0.051604,0.008657,0.160074,0.1389,0.2820,-0.3617,-16.56
0.6580,0.051743,0.008938,0.159714,0.1379,0.2800,-0.3601,-16.52
0.6590,0.051880,0.009216,0.159355,0.1369,0.2780,-0.3585,-16.47
0.6600,0.052016,0.009493,0.158997,0.1359,0.2760,-0.3569,-16.43
0.6610,0.052152,0.009768,0.158641,0.1349,0.2741,-0.3553,-16.38
0.6620,0.052286,0.010041,0.158287,0.1339,0.2722,-0.3538,-16.34
0.6630,0.052419,0.010312,0.157934,0.1330,0.2703,-0.3523,-16.30
0.6640,0.052552,0.010581,0.157583,0.1320,0.2684,-0.3508,-16.25
0.6650,0.052683,0.010848,0.157233,0.1310,0.2665,-0.3493,-16.21
0.6660,0.052813,0.011113,0.156884,0.1300,0.2647,-0.3478,-16.16
0.6670,0.052943,0.011377,0.156537,0.1291,0.2628,-0.3464,-16.11
0.6680,0.053071,0.011639,0.156192,0.1281,0.2610,-0.3449,-16.07
0.6690,0.053199,0.011898,0.155848,0.1271,0.2592,-0.3435,-16.02
0.6700,0.053325,0.012157,0.155505,0.1262,0.2575,-0.3422,-15.97
0.6710,0.053451,0.012413,0.155164,0.1253,0.2557,-0.3408,-15.93
0.6720,0.053576,0.012668,0.154824,0.1243,0.2540,-0.3395,-15.88
0.6730,0.053699,0.012920,0.154485,0.1234,0.2522,-0.3381,-15.83
0.6740,0.053822,0.013172,0.154148,0.1225,0.2505,-0.3368,-15.78
0.6750,0.053944,0.013421,0.153812,0.1215,0.2489,-0.3356,-15.73
0.6760,0.054065,0.013669,0.153477,0.1206,0.2472,-0.3343,-15.68
0.6770,0.054185,0.013915,0.153144,0.1197,0.2456,-0.3331,-15.63
0.6780,0.054304,0.014160,0.152811,0.1188,0.2439,-0.3318,-15.58
0.6790,0.054422,0.014403,0.152480,0.1179,0.2423,-0.3306,-15.53
0.6800,0.054540,0.014644,0.152150,0.1170,0.2408,-0.3295,-15.48
0.6810,0.054656,0.014884,0.151821,0.1161,0.2392,-0.3283,-15.43
0.6820,0.054772,0.015122,0.151494,0.1153,0.2376,-0.3272,-15.38
0.6830,0.054887,0.015359,0.151167,0.1144,0.2361,-0.3260,-15.32
0.6840,0.055000,0.015594,0.150842,0.1135,0.2346,-0.3249,-15.27
0.6850,0.055113,0.015827,0.150518,0.1127,0.2331,-0.3238,-15.22
0.6860,0.055226,0.016059,0.150195,0.1118,0.2316,-0.3228,-15.16
0.6870,0.055337,0.016290,0.149872,0.1110,0.2301,-0.3217,-15.11
0.6880,0.055447,0.016519,0.149551,0.1101,0.2287,-0.3207,-15.06
0.6890,0.055557,0.016747,0.149231,0.1093,0.2272,-0.3197,-15.00
0.6900,0.055666,0.016974,0.148912,0.1084,0.2258,-0.3187,-14.95
0.6910,0.055773,0.017198,0.148594,0.1076,0.2244,-0.3177,-14.89
0.6920,0.055881,0.017422,0.148277,0.1068,0.2230,-0.3167,-14.84
0.6930,0.055987,0.017644,0.147961,0.1059,0.2217,-0.3158,-14.78
0.6940,0.056092,0.017865,0.147646,0.1051,0.2203,-0.3148,-14.73
0.6950,0.056197,0.018084,0.147331,0.1043,0.2189,-0.3139,-14.67
0.6960,0.056301,0.018303,0.147018,0.1035,0.2176,-0.3130,-14.62
0.6970,0.056404,0.018519,0.146706,0.1027,0.2163,-0.3121,-14.56
0.6980,0.056506,0.018735,0.146394,0.1019,0.2150,-0.3112,-14.51
0.6990,0.056607,0.018949,0.146084,0.1011,0.2137,-0.3103,-14.45
0.7000,0.056708,0.019162,0.145774,0.1003,0.2124,-0.3095,-14.40
0.7010,0.056807,0.019373,0.145465,0.0995,0.2111,-0.3086,-14.34
0.7020,0.056906,0.019584,0.145157,0.0987,0.2098,-0.3078,-14.29
0.7030,0.057005,0.019793,0.144849,0.0979,0.2086,-0.3070,-14.23
0.7040,0.057102,0.020001,0.144543,0.0971,0.2073,-0.3062,-14.18
0.7050,0.057199,0.020207,0.144237,0.0963,0.2061,-0.3053,-14.12
0.7060,0.057294,0.020412,0.143932,0.0955,0.2048,-0.3046,-14.07
0.7070,0.057389,0.020616,0.143628,0.0948,0.2036,-0.3038,-14.01
0.7080,0.057484,0.020819,0.143325,0.0940,0.2024,-0.3030,-13.96
0.7090,0.057577,0.021021,0.143023,0.0932,0.2012,-0.3022,-13.91
0.7100,0.057670,0.021221,0.142721,0.0924,0.1999,-0.3015,-13.86
0.7110,0.057762,0.021420,0.142420,0.0917,0.1987,-0.3007,-13.80
0.7120,0.057853,0.021618,0.142120,0.0909,0.1975,-0.3000,-13.75
0.7130,0.057943,0.021815,0.141820,0.0901,0.1963,-0.2992,-13.70
0.7140,0.058033,0.022011,0.141521,0.0894,0.1952,-0.2985,-13.65
0.7150,0.058122,0.022205,0.141223,0.0886,0.1940,-0.2978,-13.60
0.7160,0.058210,0.022399,0.140926,0.0878,0.1928,-0.2970,-13.55
0.7170,0.058297,0.022591,0.140630,0.0871,0.1916,-0.2963,-13.50
0.7180,0.058384,0.022782,0.140334,0.0863,0.1905,-0.2956,-13.45
0.7190,0.058470,0.022971,0.140039,0.0855,0.1893,-0.2949,-13.40
0.7200,0.058555,0.023160,0.139744,0.0848,0.1881,-0.2942,-13.35
0.7210,0.058639,0.023347,0.139450,0.0840,0.1870,-0.2935,-13.31
0.7220,0.058723,0.023534,0.139157,0.0833,0.1858,-0.2928,-13.26
0.7230,0.058806,0.023719,0.138865,0.0825,0.1846,-0.2921,-13.21
0.7240,0.058888,0.023903,0.138573,0.0817,0.1835,-0.2914,-13.17
0.7250,0.058969,0.024085,0.138282,0.0810,0.1823,-0.2907,-13.12
0.7260,0.059049,0.024267,0.137992,0.0802,0.1812,-0.2901,-13.08
0.7270,0.059129,0.024448,0.137703,0.0794,0.1800,-0.2894,-13.04
0.7280,0.059208,0.024627,0.137414,0.0787,0.1789,-0.2887,-13.00
0.7290,0.059286,0.024805,0.137125,0.0779,0.1777,-0.2880,-12.96
0.7300,0.059364,0.024982,0.136838,0.0772,0.1766,-0.2874,-12.92
0.7310,0.059440,0.025158,0.136551,0.0764,0.1754,-0.2867,-12.88
0.7320,0.059516,0.025333,0.136265,0.0756,0.1743,-0.2860,-12.84
0.7330,0.059591,0.025506,0.135979,0.0749,0.1731,-0.2854,-12.80
0.7340,0.059666,0.025679,0.135694,0.0741,0.1720,-0.2847,-12.76
0.7350,0.059740,0.025850,0.135410,0.0734,0.1708,-0.2841,-12.73
0.7360,0.059812,0.026020,0.135126,0.0726,0.1697,-0.2834,-12.69
0.7370,0.059885,0.026189,0.134843,0.0718,0.1685,-0.2828,-12.65
0.7380,0.059956,0.026357,0.134561,0.0711,0.1674,-0.2821,-12.62
0.7390,0.060026,0.026524,0.134279,0.0703,0.1662,-0.2815,-12.59
0.7400,0.060096,0.026689,0.133998,0.0695,0.1651,-0.2809,-12.55
0.7410,0.060165,0.026854,0.133718,0.0688,0.1639,-0.2802,-12.52
0.7420,0.060234,0.027017,0.133438,0.0680,0.1628,-0.2796,-12.49
0.7430,0.060301,0.027179,0.133159,0.0672,0.1617,-0.2790,-12.46
0.7440,0.060368,0.027340,0.132880,0.0665,0.1605,-0.2783,-12.43
0.7450,0.060434,0.027500,0.132602,0.0657,0.1594,-0.2777,-12.40
0.7460,0.060499,0.027659,0.132325,0.0650,0.1582,-0.2771,-12.37
0.7470,0.060564,0.027816,0.132048,0.0642,0.1571,-0.2765,-12.35
0.7480,0.060627,0.027973,0.131772,0.0634,0.1560,-0.2759,-12.32
0.7490,0.060690,0.028128,0.131497,0.0627,0.1548,-0.2753,-12.29
0.7500,0.060752,0.028282,0.131222,0.0619,0.1537,-0.2746,-12.27
0.7510,0.060814,0.028436,0.130948,0.0611,0.1526,-0.2740,-12.24
0.7520,0.060875,0.028587,0.130674,0.0604,0.1515,-0.2735,-12.22
0.7530,0.060934,0.028738,0.130401,0.0596,0.1503,-0.2729,-12.19
0.7540,0.060994,0.028888,0.130129,0.0588,0.1492,-0.2723,-12.17
0.7550,0.061052,0.029037,0.129857,0.0581,0.1481,-0.2717,-12.15
0.7560,0.061109,0.029184,0.129585,0.0573,0.1470,-0.2711,-12.12
0.7570,0.061166,0.029330,0.129315,0.0565,0.1459,-0.2706,-12.10
0.7580,0.061222,0.029476,0.129045,0.0558,0.1448,-0.2700,-12.08
0.7590,0.061278,0.029620,0.128775,0.0550,0.1437,-0.2694,-12.06
0.7600,0.061332,0.029763,0.128506,0.0542,0.1426,-0.2689,-12.04
0.7610,0.061386,0.029905,0.128237,0.0535,0.1415,-0.2684,-12.02
0.7620,0.061439,0.030046,0.127970,0.0527,0.1404,-0.2678,-11.99
0.7630,0.061491,0.030185,0.127702,0.0520,0.1393,-0.2673,-11.97
0.7640,0.061543,0.030324,0.127435,0.0512,0.1382,-0.2668,-11.95
0.7650,0.061593,0.030462,0.127169,0.0505,0.1371,-0.2663,-11.93
0.7660,0.061643,0.030598,0.126903,0.0497,0.1361,-0.2657,-11.91
0.7670,0.061693,0.030734,0.126638,0.0489,0.1350,-0.2652,-11.89
0.7680,0.061741,0.030868,0.126373,0.0482,0.1339,-0.2648,-11.87
0.7690,0.061789,0.031002,0.126108,0.0474,0.1329,-0.2643,-11.85
0.7700,0.061836,0.031134,0.125844,0.0467,0.1318,-0.2638,-11.83
0.7710,0.061882,0.031265,0.125581,0.0459,0.1308,-0.2633,-11.81
0.7720,0.061927,0.031395,0.125318,0.0452,0.1298,-0.2629,-11.79
0.7730,0.061972,0.031525,0.125055,0.0444,0.1288,-0.2624,-11.77
0.7740,0.062016,0.031653,0.124793,0.0437,0.1277,-0.2620,-11.75
0.7750,0.062059,0.031780,0.124532,0.0430,0.1267,-0.2616,-11.72
0.7760,0.062102,0.031906,0.124270,0.0422,0.1257,-0.2611,-11.70
0.7770,0.062144,0.032031,0.124010,0.0415,0.1247,-0.2607,-11.68
0.7780,0.062185,0.032156,0.123749,0.0408,0.1238,-0.2603,-11.66
0.7790,0.062225,0.032279,0.123489,0.0400,0.1228,-0.2599,-11.64
0.7800,0.062265,0.032401,0.123230,0.0393,0.1218,-0.2595,-11.61
0.7810,0.062303,0.032522,0.122970,0.0386,0.1208,-0.2592,-11.59
0.7820,0.062341,0.032643,0.122712,0.0378,0.1199,-0.2588,-11.56
0.7830,0.062379,0.032762,0.122453,0.0371,0.1189,-0.2585,-11.54
0.7840,0.062416,0.032881,0.122195,0.0364,0.1180,-0.2581,-11.52
0.7850,0.062451,0.032998,0.121937,0.0357,0.1171,-0.2578,-11.49
0.7860,0.062487,0.033115,0.121679,0.0350,0.1162,-0.2574,-11.46
0.7870,0.062521,0.033230,0.121422,0.0342,0.1152,-0.2571,-11.44
0.7880,0.062555,0.033345,0.121165,0.0335,0.1143,-0.2568,-11.41
0.7890,0.062588,0.033459,0.120909,0.0328,0.1135,-0.2565,-11.38
0.7900,0.062620,0.033572,0.120653,0.0321,0.1126,-0.2562,-11.35
0.7910,0.062652,0.033684,0.120397,0.0314,0.1117,-0.2560,-11.32
0.7920,0.062683,0.033795,0.120141,0.0307,0.1108,-0.2557,-11.29
0.7930,0.062713,0.033906,0.119885,0.0300,0.1100,-0.2554,-11.26
0.7940,0.062743,0.034015,0.119630,0.0293,0.1091,-0.2552,-11.23
0.7950,0.062772,0.034124,0.119375,0.0286,0.1083,-0.2549,-11.20
0.7960,0.062800,0.034232,0.119121,0.0279,0.1074,-0.2547,-11.17
0.7970,0.062827,0.034339,0.118866,0.0272,0.1066,-0.2545,-11.13
0.7980,0.062854,0.034445,0.118612,0.0265,0.1058,-0.2543,-11.10
0.7990,0.062880,0.034550,0.118358,0.0258,0.1050,-0.2541,-11.07
0.8000,0.062906,0.034655,0.118104,0.0252,0.1042,-0.2539,-11.03
0.8010,0.062930,0.034758,0.117850,0.0245,0.1034,-0.2537,-10.99
0.8020,0.062955,0.034861,0.117597,0.0238,0.1026,-0.2535,-10.96
0.8030,0.062978,0.034964,0.117343,0.0231,0.1018,-0.2533,-10.92
0.8040,0.063001,0.035065,0.117090,0.0225,0.1010,-0.2531,-10.88
0.8050,0.063023,0.035166,0.116837,0.0218,0.1002,-0.2530,-10.84
0.8060,0.063044,0.035265,0.116584,0.0211,0.0995,-0.2528,-10.80
0.8070,0.063065,0.035364,0.116332,0.0204,0.0987,-0.2527,-10.76
0.8080,0.063085,0.035463,0.116079,0.0198,0.0980,-0.2525,-10.72
0.8090,0.063104,0.035560,0.115827,0.0191,0.0972,-0.2524,-10.68
0.8100,0.063123,0.035657,0.115575,0.0184,0.0965,-0.2522,-10.64
0.8110,0.063141,0.035753,0.115323,0.0178,0.0957,-0.2521,-10.59
0.8120,0.063158,0.035849,0.115071,0.0171,0.0950,-0.2520,-10.55
0.8130,0.063175,0.035943,0.114819,0.0165,0.0943,-0.2519,-10.50
0.8140,0.063191,0.036037,0.114567,0.0158,0.0935,-0.2518,-10.46
0.8150,0.063206,0.036130,0.114316,0.0151,0.0928,-0.2516,-10.41
0.8160,0.063221,0.036223,0.114064,0.0145,0.0921,-0.2515,-10.37
0.8170,0.063235,0.036315,0.113813,0.0138,0.0914,-0.2514,-10.32
0.8180,0.063248,0.036406,0.113561,0.0132,0.0907,-0.2513,-10.27
0.8190,0.063261,0.036496,0.113310,0.0125,0.0900,-0.2512,-10.23
0.8200,0.063273,0.036585,0.113059,0.0119,0.0893,-0.2511,-10.18
0.8210,0.063285,0.036674,0.112808,0.0112,0.0886,-0.2510,-10.13
0.8220,0.063296,0.036763,0.112557,0.0106,0.0879,-0.2509,-10.08
0.8230,0.063306,0.036850,0.112306,0.0099,0.0872,-0.2509,-10.03
0.8240,0.063315,0.036937,0.112056,0.0093,0.0865,-0.2508,-9.98
0.8250,0.063324,0.037023,0.111805,0.0086,0.0858,-0.2507,-9.93
0.8260,0.063332,0.037108,0.111554,0.0080,0.0851,-0.2506,-9.88
0.8270,0.063340,0.037193,0.111304,0.0073,0.0844,-0.2505,-9.83
0.8280,0.063347,0.037277,0.111054,0.0067,0.0837,-0.2504,-9.78
0.8290,0.063353,0.037361,0.110803,0.0060,0.0830,-0.2503,-9.73
0.8300,0.063359,0.037443,0.110553,0.0054,0.0823,-0.2502,-9.68
0.8310,0.063364,0.037525,0.110303,0.0047,0.0816,-0.2501,-9.63
0.8320,0.063368,0.037606,0.110053,0.0040,0.0809,-0.2500,-9.57
0.8330,0.063371,0.037687,0.109803,0.0034,0.0802,-0.2499,-9.52
0.8340,0.063374,0.037767,0.109553,0.0027,0.0794,-0.2499,-9.47
0.8350,0.063377,0.037846,0.109304,0.0021,0.0787,-0.2498,-9.42
0.8360,0.063378,0.037924,0.109054,0.0014,0.0780,-0.2497,-9.37
0.8370,0.063379,0.038002,0.108804,0.0008,0.0773,-0.2495,-9.31
0.8380,0.063380,0.038079,0.108555,0.0001,0.0766,-0.2494,-9.26
0.8390,0.063380,0.038155,0.108306,-0.0005,0.0759,-0.2493,-9.21
0.8400,0.063379,0.038230,0.108057,-0.0012,0.0752,-0.2492,-9.16
0.8410,0.063377,0.038305,0.107808,-0.0019,0.0744,-0.2491,-9.11
0.8420,0.063375,0.038379,0.107559,-0.0025,0.0737,-0.2490,-9.06
0.8430,0.063372,0.038453,0.107310,-0.0032,0.0730,-0.2489,-9.00
0.8440,0.063368,0.038525,0.107061,-0.0038,0.0722,-0.2487,-8.95
0.8450,0.063364,0.038597,0.106812,-0.0045,0.0715,-0.2486,-8.90
0.8460,0.063359,0.038668,0.106564,-0.0052,0.0707,-0.2485,-8.85
0.8470,0.063353,0.038739,0.106316,-0.0058,0.0700,-0.2483,-8.80
0.8480,0.063347,0.038808,0.106068,-0.0065,0.0692,-0.2482,-8.75
0.8490,0.063340,0.038877,0.105820,-0.0072,0.0685,-0.2480,-8.70
0.8500,0.063333,0.038945,0.105572,-0.0079,0.0677,-0.2479,-8.65
0.8510,0.063324,0.039012,0.105324,-0.0085,0.0669,-0.2477,-8.60
0.8520,0.063315,0.039079,0.105077,-0.0092,0.0661,-0.2475,-8.55
0.8530,0.063306,0.039145,0.104829,-0.0099,0.0654,-0.2474,-8.51
0.8540,0.063295,0.039210,0.104582,-0.0106,0.0646,-0.2472,-8.46
0.8550,0.063284,0.039274,0.104335,-0.0113,0.0638,-0.2470,-8.41
0.8560,0.063273,0.039337,0.104088,-0.0120,0.0630,-0.2468,-8.36
0.8570,0.063260,0.039400,0.103842,-0.0126,0.0622,-0.2466,-8.32
0.8580,0.063247,0.039462,0.103595,-0.0133,0.0613,-0.2464,-8.27
0.8590,0.063233,0.039523,0.103349,-0.0140,0.0605,-0.2462,-8.22
0.8600,0.063219,0.039583,0.103103,-0.0147,0.0597,-0.2460,-8.18
0.8610,0.063204,0.039642,0.102857,-0.0154,0.0589,-0.2458,-8.13
0.8620,0.063188,0.039700,0.102612,-0.0161,0.0580,-0.2456,-8.09
0.8630,0.063171,0.039758,0.102366,-0.0168,0.0572,-0.2454,-8.04
0.8640,0.063154,0.039815,0.102121,-0.0175,0.0563,-0.2451,-8.00
0.8650,0.063136,0.039871,0.101876,-0.0182,0.0555,-0.2449,-7.95
0.8660,0.063118,0.039926,0.101632,-0.0189,0.0546,-0.2446,-7.91
0.8670,0.063098,0.039980,0.101387,-0.0196,0.0538,-0.2444,-7.87
0.8680,0.063078,0.040033,0.101143,-0.0203,0.0529,-0.2441,-7.83
0.8690,0.063057,0.040086,0.100899,-0.0211,0.0520,-0.2439,-7.78
0.8700,0.063036,0.040137,0.100656,-0.0218,0.0511,-0.2436,-7.74
0.8710,0.063014,0.040188,0.100412,-0.0225,0.0502,-0.2434,-7.70
0.8720,0.062991,0.040238,0.100169,-0.0232,0.0493,-0.2431,-7.66
0.8730,0.062967,0.040287,0.099926,-0.0239,0.0484,-0.2428,-7.62
0.8740,0.062943,0.040335,0.099684,-0.0247,0.0475,-0.2425,-7.58
0.8750,0.062917,0.040382,0.099442,-0.0254,0.0466,-0.2422,-7.54
0.8760,0.062892,0.040428,0.099200,-0.0261,0.0457,-0.2419,-7.50
0.8770,0.062865,0.040473,0.098958,-0.0269,0.0448,-0.2416,-7.46
0.8780,0.062838,0.040517,0.098717,-0.0276,0.0439,-0.2413,-7.43
0.8790,0.062810,0.040561,0.098475,-0.0283,0.0429,-0.2410,-7.39
0.8800,0.062781,0.040603,0.098235,-0.0291,0.0420,-0.2407,-7.35
0.8810,0.062751,0.040645,0.097994,-0.0298,0.0411,-0.2404,-7.31
0.8820,0.062721,0.040685,0.097754,-0.0305,0.0401,-0.2401,-7.27
0.8830,0.062690,0.040725,0.097514,-0.0313,0.0392,-0.2398,-7.24
0.8840,0.062658,0.040764,0.097275,-0.0320,0.0382,-0.2394,-7.20
0.8850,0.062626,0.040801,0.097036,-0.0328,0.0373,-0.2391,-7.16
0.8860,0.062593,0.040838,0.096797,-0.0335,0.0363,-0.2388,-7.13
0.8870,0.062559,0.040874,0.096558,-0.0343,0.0353,-0.2384,-7.09
0.8880,0.062524,0.040909,0.096320,-0.0350,0.0344,-0.2381,-7.05
0.8890,0.062488,0.040942,0.096082,-0.0358,0.0334,-0.2377,-7.02
0.8900,0.062452,0.040975,0.095845,-0.0365,0.0324,-0.2374,-6.98
0.8910,0.062415,0.041007,0.095608,-0.0373,0.0314,-0.2370,-6.95
0.8920,0.062377,0.041038,0.095371,-0.0380,0.0304,-0.2367,-6.91
0.8930,0.062339,0.041068,0.095135,-0.0388,0.0294,-0.2363,-6.88
0.8940,0.062300,0.041097,0.094899,-0.0395,0.0285,-0.2360,-6.84
0.8950,0.062260,0.041125,0.094663,-0.0403,0.0275,-0.2356,-6.80
0.8960,0.062219,0.041152,0.094428,-0.0411,0.0265,-0.2352,-6.77
0.8970,0.062177,0.041178,0.094193,-0.0418,0.0255,-0.2349,-6.73
0.8980,0.062135,0.041202,0.093958,-0.0426,0.0245,-0.2345,-6.70
0.8990,0.062092,0.041226,0.093724,-0.0434,0.0234,-0.2341,-6.66
0.9000,0.062048,0.041249,0.093490,-0.0441,0.0224,-0.2337,-6.63
0.9010,0.062003,0.041271,0.093257,-0.0449,0.0214,-0.2333,-6.59
0.9020,0.061958,0.041292,0.093024,-0.0457,0.0204,-0.2330,-6.55
0.9030,0.061912,0.041312,0.092791,-0.0464,0.0194,-0.2326,-6.52
0.9040,0.061865,0.041331,0.092559,-0.0472,0.0184,-0.2322,-6.48
0.9050,0.061817,0.041348,0.092327,-0.0480,0.0174,-0.2318,-6.45
0.9060,0.061769,0.041365,0.092095,-0.0488,0.0163,-0.2314,-6.41
0.9070,0.061720,0.041381,0.091864,-0.0495,0.0153,-0.2310,-6.37
0.9080,0.061670,0.041396,0.091633,-0.0503,0.0143,-0.2306,-6.34
0.9090,0.061619,0.041409,0.091403,-0.0511,0.0132,-0.2302,-6.30
0.9100,0.061567,0.041422,0.091173,-0.0519,0.0122,-0.2298,-6.26
0.9110,0.061515,0.041434,0.090944,-0.0527,0.0112,-0.2294,-6.23
0.9120,0.061462,0.041444,0.090715,-0.0534,0.0101,-0.2290,-6.19
0.9130,0.061408,0.041454,0.090486,-0.0542,0.0091,-0.2286,-6.15
0.9140,0.061353,0.041462,0.090258,-0.0550,0.0081,-0.2281,-6.11
0.9150,0.061298,0.041470,0.090030,-0.0558,0.0070,-0.2277,-6.07
0.9160,0.061241,0.041476,0.089802,-0.0566,0.0060,-0.2273,-6.04
0.9170,0.061184,0.041481,0.089575,-0.0574,0.0049,-0.2269,-6.00
0.9180,0.061126,0.041486,0.089349,-0.0581,0.0039,-0.2264,-5.96
0.9190,0.061068,0.041489,0.089123,-0.0589,0.0028,-0.2260,-5.92
0.9200,0.061008,0.041491,0.088897,-0.0597,0.0018,-0.2256,-5.88
0.9210,0.060948,0.041492,0.088672,-0.0605,0.0007,-0.2251,-5.84
0.9220,0.060887,0.041492,0.088447,-0.0613,-0.0003,-0.2247,-5.80
0.9230,0.060825,0.041491,0.088222,-0.0621,-0.0014,-0.2243,-5.76
0.9240,0.060763,0.041489,0.087998,-0.0629,-0.0025,-0.2238,-5.72
0.9250,0.060699,0.041486,0.087775,-0.0637,-0.0035,-0.2234,-5.68
0.9260,0.060635,0.041482,0.087552,-0.0645,-0.0046,-0.2229,-5.64
0.9270,0.060570,0.041477,0.087329,-0.0652,-0.0057,-0.2225,-5.60
0.9280,0.060505,0.041471,0.087107,-0.0660,-0.0067,-0.2220,-5.56
0.9290,0.060438,0.041463,0.086885,-0.0668,-0.0078,-0.2215,-5.51
0.9300,0.060371,0.041455,0.086664,-0.0676,-0.0089,-0.2211,-5.47
0.9310,0.060303,0.041445,0.086443,-0.0684,-0.0100,-0.2206,-5.43
0.9320,0.060234,0.041435,0.086223,-0.0692,-0.0110,-0.2201,-5.39
0.9330,0.060164,0.041423,0.086003,-0.0700,-0.0121,-0.2196,-5.35
0.9340,0.060093,0.041410,0.085784,-0.0708,-0.0132,-0.2192,-5.30
0.9350,0.060022,0.041396,0.085565,-0.0716,-0.0143,-0.2187,-5.26
0.9360,0.059950,0.041381,0.085346,-0.0724,-0.0154,-0.2182,-5.22
0.9370,0.059877,0.041365,0.085129,-0.0732,-0.0165,-0.2177,-5.17
0.9380,0.059803,0.041348,0.084911,-0.0740,-0.0176,-0.2172,-5.13
0.9390,0.059729,0.041330,0.084694,-0.0748,-0.0187,-0.2167,-5.09
0.9400,0.059653,0.041310,0.084478,-0.0756,-0.0198,-0.2162,-5.04
0.9410,0.059577,0.041290,0.084262,-0.0764,-0.0209,-0.2157,-5.00
0.9420,0.059500,0.041268,0.084047,-0.0772,-0.0220,-0.2152,-4.96
0.9430,0.059423,0.041246,0.083832,-0.0780,-0.0231,-0.2146,-4.91
0.9440,0.059344,0.041222,0.083617,-0.0788,-0.0242,-0.2141,-4.87
0.9450,0.059265,0.041197,0.083404,-0.0797,-0.0253,-0.2136,-4.83
0.9460,0.059185,0.041171,0.083190,-0.0805,-0.0265,-0.2130,-4.78
0.9470,0.059104,0.041144,0.082978,-0.0813,-0.0276,-0.2125,-4.74
0.9480,0.059022,0.041115,0.082765,-0.0821,-0.0287,-0.2120,-4.70
0.9490,0.058939,0.041086,0.082554,-0.0829,-0.0299,-0.2114,-4.65
0.9500,0.058856,0.041055,0.082343,-0.0837,-0.0310,-0.2108,-4.61
0.9510,0.058772,0.041023,0.082132,-0.0845,-0.0321,-0.2103,-4.57
0.9520,0.058687,0.040991,0.081922,-0.0853,-0.0333,-0.2097,-4.52
0.9530,0.058601,0.040957,0.081713,-0.0862,-0.0344,-0.2091,-4.48
0.9540,0.058514,0.040921,0.081504,-0.0870,-0.0356,-0.2086,-4.44
0.9550,0.058427,0.040885,0.081296,-0.0878,-0.0367,-0.2080,-4.39
0.9560,0.058338,0.040848,0.081088,-0.0886,-0.0379,-0.2074,-4.35
0.9570,0.058249,0.040809,0.080881,-0.0894,-0.0391,-0.2068,-4.31
0.9580,0.058159,0.040769,0.080675,-0.0902,-0.0402,-0.2062,-4.27
0.9590,0.058069,0.040728,0.080469,-0.0911,-0.0414,-0.2056,-4.23
0.9600,0.057977,0.040686,0.080263,-0.0919,-0.0426,-0.2050,-4.19
0.9610,0.057885,0.040642,0.080059,-0.0927,-0.0438,-0.2044,-4.14
0.9620,0.057791,0.040598,0.079855,-0.0935,-0.0450,-0.2037,-4.10
0.9630,0.057697,0.040552,0.079651,-0.0944,-0.0462,-0.2031,-4.06
0.9640,0.057602,0.040505,0.079449,-0.0952,-0.0473,-0.2025,-4.02
0.9650,0.057507,0.040457,0.079247,-0.0960,-0.0485,-0.2018,-3.98
0.9660,0.057410,0.040408,0.079045,-0.0968,-0.0497,-0.2012,-3.94
0.9670,0.057313,0.040357,0.078844,-0.0977,-0.0510,-0.2005,-3.91
0.9680,0.057215,0.040305,0.078644,-0.0985,-0.0522,-0.1999,-3.87
0.9690,0.057116,0.040252,0.078445,-0.0993,-0.0534,-0.1992,-3.83
0.9700,0.057016,0.040198,0.078246,-0.1002,-0.0546,-0.1985,-3.79
0.9710,0.056915,0.040143,0.078048,-0.1010,-0.0558,-0.1978,-3.75
0.9720,0.056813,0.040086,0.077850,-0.1018,-0.0571,-0.1972,-3.72
0.9730,0.056711,0.040028,0.077653,-0.1027,-0.0583,-0.1965,-3.68
0.9740,0.056608,0.039969,0.077457,-0.1035,-0.0595,-0.1958,-3.65
0.9750,0.056504,0.039909,0.077262,-0.1043,-0.0608,-0.1951,-3.61
0.9760,0.056399,0.039847,0.077067,-0.1052,-0.0620,-0.1944,-3.58
0.9770,0.056293,0.039784,0.076873,-0.1060,-0.0633,-0.1937,-3.54
0.9780,0.056187,0.039720,0.076680,-0.1069,-0.0645,-0.1930,-3.51
0.9790,0.056079,0.039655,0.076487,-0.1077,-0.0658,-0.1922,-3.48
0.9800,0.055971,0.039588,0.076295,-0.1086,-0.0670,-0.1915,-3.44
0.9810,0.055862,0.039520,0.076104,-0.1094,-0.0683,-0.1908,-3.41
0.9820,0.055752,0.039451,0.075913,-0.1102,-0.0696,-0.1901,-3.38
0.9830,0.055641,0.039380,0.075724,-0.1111,-0.0709,-0.1893,-3.35
0.9840,0.055530,0.039309,0.075535,-0.1119,-0.0721,-0.1886,-3.32
0.9850,0.055417,0.039236,0.075347,-0.1128,-0.0734,-0.1878,-3.29
0.9860,0.055304,0.039161,0.075159,-0.1136,-0.0747,-0.1871,-3.26
0.9870,0.055190,0.039086,0.074972,-0.1145,-0.0760,-0.1863,-3.23
0.9880,0.055075,0.039009,0.074787,-0.1153,-0.0773,-0.1855,-3.21
0.9890,0.054959,0.038931,0.074601,-0.1162,-0.0786,-0.1848,-3.18
0.9900,0.054842,0.038851,0.074417,-0.1170,-0.0799,-0.1840,-3.15
0.9910,0.054725,0.038770,0.074233,-0.1179,-0.0812,-0.1832,-3.13
0.9920,0.054606,0.038688,0.074050,-0.1187,-0.0825,-0.1824,-3.10
0.9930,0.054487,0.038605,0.073868,-0.1196,-0.0838,-0.1817,-3.08
0.9940,0.054367,0.038520,0.073687,-0.1204,-0.0851,-0.1809,-3.05
0.9950,0.054246,0.038434,0.073507,-0.1213,-0.0864,-0.1801,-3.03
0.9960,0.054124,0.038347,0.073327,-0.1221,-0.0877,-0.1793,-3.01
0.9970,0.054001,0.038258,0.073148,-0.1230,-0.0891,-0.1785,-2.99
0.9980,0.053878,0.038168,0.072970,-0.1238,-0.0904,-0.1777,-2.97
0.9990,0.053754,0.038077,0.072793,-0.1247,-0.0917,-0.1769,-2.94
1.0000,0.053628,0.037984,0.072616,-0.1256,-0.0930,-0.1761,-2.92
1.0100,0.052329,0.036984,0.070896,-0.1341,-0.1064,-0.1678,-2.76
1.0200,0.050944,0.035850,0.069259,-0.1427,-0.1198,-0.1594,-2.64
1.0300,0.049474,0.034583,0.067706,-0.1511,-0.1331,-0.1510,-2.58
1.0400,0.047920,0.033183,0.066238,-0.1595,-0.1462,-0.1426,-2.55
1.0500,0.046283,0.031653,0.064851,-0.1676,-0.1590,-0.1345,-2.56
1.0600,0.044567,0.029999,0.063544,-0.1755,-0.1712,-0.1267,-2.61
1.0700,0.042773,0.028224,0.062313,-0.1830,-0.1829,-0.1194,-2.69
1.0800,0.040905,0.026337,0.061153,-0.1903,-0.1938,-0.1126,-2.80
1.0900,0.038967,0.024344,0.060057,-0.1971,-0.2040,-0.1064,-2.96
1.1000,0.036964,0.022254,0.059021,-0.2034,-0.2133,-0.1008,-3.16
1.1100,0.034899,0.020075,0.058035,-0.2093,-0.2217,-0.0961,-3.41
1.1200,0.032778,0.017817,0.057093,-0.2147,-0.2291,-0.0921,-3.71
1.1300,0.030605,0.015490,0.056186,-0.2196,-0.2356,-0.0891,-4.05
1.1400,0.028385,0.013105,0.055306,-0.2240,-0.2409,-0.0869,-4.43
1.1500,0.026125,0.010671,0.054441,-0.2279,-0.2452,-0.0858,-4.85
1.1600,0.023828,0.008201,0.053583,-0.2312,-0.2483,-0.0857,-5.28
1.1700,0.021502,0.005707,0.052721,-0.2339,-0.2502,-0.0867,-5.73
1.1800,0.019153,0.003201,0.051843,-0.2359,-0.2507,-0.0888,-6.18
1.1900,0.016785,0.000697,0.050938,-0.2373,-0.2499,-0.0922,-6.62
1.2000,0.014408,-0.001791,0.049993,-0.2381,-0.2477,-0.0968,-7.04
1.2100,0.012026,-0.004250,0.048997,-0.2381,-0.2441,-0.1025,-7.43
1.2200,0.009647,-0.006666,0.047938,-0.2375,-0.2392,-0.1094,-7.80
1.2300,0.007278,-0.009026,0.046804,-0.2363,-0.2331,-0.1173,-8.14
1.2400,0.004923,-0.011320,0.045588,-0.2345,-0.2259,-0.1261,-8.45
1.2500,0.002590,-0.013536,0.044279,-0.2322,-0.2178,-0.1357,-8.74
1.2600,0.000282,-0.015667,0.042872,-0.2293,-0.2088,-0.1458,-8.99
1.2700,-0.001995,-0.017703,0.041361,-0.2261,-0.1991,-0.1565,-9.21
1.2800,-0.004237,-0.019640,0.039742,-0.2224,-0.1889,-0.1674,-9.38
1.2900,-0.006440,-0.021471,0.038012,-0.2183,-0.1781,-0.1787,-9.51
1.3000,-0.008601,-0.023192,0.036170,-0.2140,-0.1670,-0.1900,-9.57
1.3100,-0.010717,-0.024799,0.034213,-0.2093,-0.1555,-0.2014,-9.56
1.3200,-0.012784,-0.026291,0.032143,-0.2043,-0.1438,-0.2127,-9.49
1.3300,-0.014802,-0.027664,0.029960,-0.1992,-0.1319,-0.2239,-9.34
1.3400,-0.016766,-0.028919,0.027668,-0.1939,-0.1201,-0.2347,-9.13
1.3500,-0.018677,-0.030056,0.025270,-0.1884,-0.1084,-0.2450,-8.85
1.3600,-0.020533,-0.031078,0.022772,-0.1829,-0.0970,-0.2546,-8.52
1.3700,-0.022333,-0.031987,0.020182,-0.1773,-0.0860,-0.2635,-8.13
1.3800,-0.024079,-0.032790,0.017506,-0.1719,-0.0756,-0.2714,-7.70
1.3900,-0.025769,-0.033493,0.014758,-0.1665,-0.0659,-0.2782,-7.23
1.4000,-0.027407,-0.034104,0.011947,-0.1612,-0.0570,-0.2838,-6.72
1.4100,-0.028992,-0.034631,0.009086,-0.1561,-0.0491,-0.2880,-6.16
1.4200,-0.030528,-0.035084,0.006191,-0.1512,-0.0421,-0.2908,-5.57
1.4300,-0.032017,-0.035473,0.003275,-0.1466,-0.0362,-0.2921,-4.95
1.4400,-0.033460,-0.035809,0.000353,-0.1422,-0.0313,-0.2918,-4.31
1.4500,-0.034860,-0.036101,-0.002559,-0.1380,-0.0275,-0.2901,-3.65
1.4600,-0.036220,-0.036362,-0.005448,-0.1341,-0.0247,-0.2870,-3.00
1.4700,-0.037541,-0.036600,-0.008299,-0.1304,-0.0228,-0.2825,-2.36
1.4800,-0.038827,-0.036824,-0.011099,-0.1269,-0.0218,-0.2767,-1.74
1.4900,-0.040079,-0.037044,-0.013835,-0.1236,-0.0217,-0.2697,-1.14
1.5000,-0.041298,-0.037266,-0.016495,-0.1204,-0.0223,-0.2616,-0.58
1.5100,-0.042487,-0.037499,-0.019070,-0.1174,-0.0235,-0.2525,-0.04
1.5200,-0.043646,-0.037748,-0.021549,-0.1145,-0.0253,-0.2424,0.47
1.5300,-0.044776,-0.038018,-0.023924,-0.1117,-0.0277,-0.2314,0.94
1.5400,-0.045879,-0.038313,-0.026185,-0.1089,-0.0304,-0.2197,1.39
1.5500,-0.046954,-0.038639,-0.028326,-0.1062,-0.0335,-0.2073,1.79
1.5600,-0.048002,-0.038997,-0.030340,-0.1034,-0.0368,-0.1944,2.14
1.5700,-0.049022,-0.039389,-0.032223,-0.1006,-0.0402,-0.1811,2.44
1.5800,-0.050013,-0.039815,-0.033972,-0.0977,-0.0436,-0.1676,2.67
1.5900,-0.050974,-0.040273,-0.035586,-0.0946,-0.0467,-0.1542,2.82
1.6000,-0.051904,-0.040760,-0.037067,-0.0913,-0.0493,-0.1411,2.89
1.6100,-0.052799,-0.041270,-0.038420,-0.0877,-0.0513,-0.1286,2.88
1.6200,-0.053656,-0.041795,-0.039651,-0.0837,-0.0524,-0.1169,2.81
1.6300,-0.054471,-0.042326,-0.040770,-0.0793,-0.0526,-0.1062,2.68
1.6400,-0.055240,-0.042852,-0.041787,-0.0745,-0.0515,-0.0966,2.51
1.6500,-0.055957,-0.043361,-0.042713,-0.0691,-0.0493,-0.0883,2.30
1.6600,-0.056619,-0.043840,-0.043563,-0.0633,-0.0457,-0.0813,2.07
1.6700,-0.057219,-0.044275,-0.044349,-0.0569,-0.0408,-0.0757,1.82
1.6800,-0.057753,-0.044654,-0.045084,-0.0499,-0.0346,-0.0715,1.56
1.6900,-0.058214,-0.044962,-0.045784,-0.0425,-0.0270,-0.0687,1.29
1.7000,-0.058599,-0.045187,-0.046462,-0.0345,-0.0181,-0.0674,1.02
1.7100,-0.058902,-0.045315,-0.047133,-0.0261,-0.0079,-0.0675,0.74
1.7200,-0.059117,-0.045333,-0.047812,-0.0171,0.0036,-0.0691,0.47
1.7300,-0.059240,-0.045228,-0.048512,-0.0077,0.0163,-0.0722,0.22
1.7400,-0.059266,-0.044988,-0.049249,0.0022,0.0303,-0.0766,-0.02
1.7500,-0.059192,-0.044601,-0.050035,0.0125,0.0454,-0.0824,-0.21
1.7600,-0.059013,-0.044058,-0.050884,0.0231,0.0615,-0.0893,-0.35
1.7700,-0.058726,-0.043348,-0.051807,0.0341,0.0784,-0.0973,-0.43
1.7800,-0.058328,-0.042465,-0.052812,0.0452,0.0959,-0.1060,-0.44
1.7900,-0.057818,-0.041404,-0.053906,0.0565,0.1139,-0.1154,-0.36
1.8000,-0.057195,-0.040161,-0.055095,0.0679,0.1321,-0.1251,-0.19
1.8100,-0.056458,-0.038735,-0.056380,0.0792,0.1503,-0.1348,0.07
1.8200,-0.055608,-0.037129,-0.057761,0.0904,0.1681,-0.1443,0.42
1.8300,-0.054648,-0.035347,-0.059233,0.1014,0.1855,-0.1533,0.88
1.8400,-0.053579,-0.033396,-0.060790,0.1120,0.2020,-0.1614,1.42
1.8500,-0.052406,-0.031286,-0.062422,0.1223,0.2174,-0.1685,2.06
1.8600,-0.051133,-0.029030,-0.064118,0.1320,0.2315,-0.1741,2.78
1.8700,-0.049766,-0.026642,-0.065861,0.1410,0.2439,-0.1781,3.58
1.8800,-0.048313,-0.024140,-0.067633,0.1493,0.2546,-0.1802,4.46
1.8900,-0.046781,-0.021544,-0.069414,0.1568,0.2631,-0.1800,5.41
1.9000,-0.045177,-0.018875,-0.071181,0.1635,0.2694,-0.1775,6.42
1.9100,-0.043513,-0.016158,-0.072908,0.1692,0.2734,-0.1724,7.49
1.9200,-0.041796,-0.013416,-0.074570,0.1739,0.2749,-0.1646,8.59
1.9300,-0.040038,-0.010675,-0.076140,0.1776,0.2738,-0.1540,9.73
1.9400,-0.038248,-0.007961,-0.077587,0.1802,0.2701,-0.1405,10.88
1.9500,-0.036437,-0.005300,-0.078885,0.1818,0.2637,-0.1242,12.03
1.9600,-0.034614,-0.002718,-0.080004,0.1824,0.2548,-0.1051,13.15
1.9700,-0.032792,-0.000241,-0.080916,0.1820,0.2434,-0.0832,14.23
1.9800,-0.030979,0.002106,-0.081595,0.1805,0.2295,-0.0587,15.24
1.9900,-0.029185,0.004300,-0.082015,0.1782,0.2133,-0.0318,16.16
2.0000,-0.027419,0.006319,-0.082152,0.1749,0.1951,-0.0027,16.97
2.0100,-0.025690,0.008143,-0.081985,0.1708,0.1749,0.0283,17.65
2.0200,-0.024006,0.009757,-0.081499,0.1660,0.1533,0.0608,18.17
2.0300,-0.022373,0.011146,-0.080678,0.1607,0.1304,0.0944,18.53
2.0400,-0.020796,0.012302,-0.079516,0.1549,0.1068,0.1286,18.72
2.0500,-0.019278,0.013220,-0.078008,0.1488,0.0829,0.1627,18.71
2.0600,-0.017821,0.013901,-0.076157,0.1426,0.0593,0.1963,18.50
2.0700,-0.016427,0.014348,-0.073973,0.1365,0.0363,0.2288,18.09
2.0800,-0.015091,0.014574,-0.071469,0.1307,0.0146,0.2594,17.47
2.0900,-0.013812,0.014595,-0.068667,0.1253,-0.0053,0.2875,16.64
2.1000,-0.012584,0.014431,-0.065595,0.1206,-0.0228,0.3126,15.60
2.1100,-0.011398,0.014110,-0.062286,0.1168,-0.0375,0.3339,14.37
2.1200,-0.010245,0.013662,-0.058782,0.1139,-0.0489,0.3509,12.95
2.1300,-0.009116,0.013126,-0.055127,0.1123,-0.0564,0.3632,11.37
2.1400,-0.007996,0.012540,-0.051371,0.1119,-0.0598,0.3701,9.66
2.1500,-0.006872,0.011950,-0.047571,0.1130,-0.0586,0.3714,7.83
2.1600,-0.005730,0.011402,-0.043785,0.1157,-0.0527,0.3667,5.94
2.1700,-0.004552,0.010945,-0.040072,0.1200,-0.0417,0.3558,4.01
2.1800,-0.003322,0.010630,-0.036497,0.1260,-0.0257,0.3387,2.08
2.1900,-0.002025,0.010506,-0.033120,0.1336,-0.0048,0.3154,0.20
2.2000,-0.000643,0.010623,-0.030003,0.1429,0.0210,0.2861,-1.60
2.2100,0.000840,0.011026,-0.027203,0.1536,0.0513,0.2513,-3.25
2.2200,0.002437,0.011758,-0.024775,0.1657,0.0857,0.2114,-4.72
2.2300,0.004161,0.012855,-0.022763,0.1790,0.1236,0.1673,-5.94
2.2400,0.006023,0.014345,-0.021206,0.1931,0.1640,0.1200,-6.84
2.2500,0.008028,0.016249,-0.020130,0.2077,0.2061,0.0706,-7.37
2.2600,0.010180,0.018574,-0.019548,0.2223,0.2485,0.0207,-7.46
2.2700,0.012476,0.021314,-0.019454,0.2365,0.2897,-0.0280,-7.05
2.2800,0.014909,0.024447,-0.019826,0.2495,0.3282,-0.0735,-6.07
2.2900,0.017464,0.027933,-0.020620,0.2608,0.3620,-0.1136,-4.50
2.3000,0.020120,0.031713,-0.021769,0.2696,0.3892,-0.1460,-2.31
2.3100,0.022847,0.035709,-0.023184,0.2751,0.4078,-0.1684,0.49
2.3200,0.025610,0.039821,-0.024752,0.2766,0.4157,-0.1787,3.89
2.3300,0.028364,0.043932,-0.026339,0.2734,0.4112,-0.1747,7.84
2.3400,0.031059,0.047907,-0.027791,0.2649,0.3925,-0.1546,12.26
2.3500,0.033639,0.051598,-0.028941,0.2505,0.3585,-0.1172,17.05
2.3600,0.036043,0.054846,-0.029610,0.2298,0.3081,-0.0616,22.09
2.3700,0.038208,0.057488,-0.029614,0.2027,0.2410,0.0125,27.22
2.3800,0.040067,0.059358,-0.028769,0.1690,0.1572,0.1049,32.26
2.3900,0.041556,0.060297,-0.026899,0.1289,0.0573,0.2145,36.98
2.4000,0.042614,0.060156,-0.023842,0.0829,-0.0575,0.3397,41.11
2.4100,0.043184,0.058802,-0.019462,0.0315,-0.1852,0.4777,44.34
2.4200,0.043218,0.056131,-0.013653,-0.0239,-0.3228,0.6247,46.28
2.4300,0.042682,0.052076,-0.006360,-0.0820,-0.4661,0.7755,46.52
2.4400,0.041562,0.046622,0.002413,-0.1404,-0.6092,0.9232,44.64
2.4500,0.039868,0.039820,0.012579,-0.1963,-0.7444,1.0588,40.22
2.4600,0.037645,0.031812,0.023953,-0.2457,-0.8623,1.1720,32.93
2.4700,0.034980,0.022841,0.036235,-0.2842,-0.9516,1.2506,22.54
2.4800,0.032007,0.013271,0.048999,-0.3068,-1.0002,1.2818,8.96
2.4900,0.028912,0.003584,0.061693,-0.3083,-0.9957,1.2533,-7.81
2.5000,0.025931,-0.005624,0.073648,-0.2838,-0.9273,1.1541,-27.88
2.5100,0.023348,-0.013660,0.084098,-0.2288,-0.7854,0.9742,-51.70
2.5200,0.021490,-0.019752,0.092188,-0.1388,-0.5610,0.7038,-80.43
2.5300,0.020737,-0.023040,0.096960,-0.0077,-0.2427,0.3294,-116.13
2.5400,0.021544,-0.022535,0.097300,0.1740,0.1887,-0.1707,-161.86
2.5500,0.024492,-0.017008,0.091830,0.4221,0.7662,-0.8318,-221.27
2.5600,0.030363,-0.004835,0.078754,0.7613,1.5428,-1.7059,-297.37
2.5700,0.040232,0.016196,0.055735,1.2238,2.5880,-2.8505,-388.13
2.5800,0.055454,0.048850,0.020108,1.8272,3.9448,-4.2659,-471.04
2.5900,0.077182,0.095388,-0.029613,2.4968,5.4647,-5.7043,-476.19
2.6000,0.104897,0.154172,-0.090105,2.9753,6.5667,-6.5374,-351.14
2.6100,0.135270,0.216437,-0.152008,3.0250,6.6069,-6.4145,-276.13
2.6200,0.164324,0.271065,-0.207375,2.7664,5.7899,-5.9269,-509.96
2.6300,0.190541,0.312900,-0.256087,2.5031,4.8913,-5.8649,-1068.78
2.6400,0.214896,0.343108,-0.302681,2.3735,4.3205,-6.4416,-1500.00
2.6500,0.237215,0.360177,-0.347527,2.0578,3.2774,-6.9435,-1500.00
2.6600,0.255262,0.358530,-0.386577,1.5369,1.6720,-7.3983,-1500.00
2.6700,0.267665,0.335481,-0.416896,0.9946,-0.0275,-7.9199,-1500.00
2.6800,0.276252,0.295207,-0.433118,0.7964,-0.8499,-8.2295,-1500.00
2.6900,0.284920,0.242357,-0.423197,0.9900,-0.8543,-8.0014,-1500.00
2.7000,0.296957,0.172956,-0.368995,1.4280,-0.8051,-7.1208,-1500.00
2.7100,0.313535,0.069579,-0.249643,1.8473,-1.8177,-5.8553,-1500.00
2.7200,0.332732,-0.096388,-0.046487,1.8982,-4.8281,-5.2114,-1500.00
2.7300,0.349278,-0.344327,0.243997,1.3267,-9.3897,-6.9544,-1500.00
2.7400,0.357999,-0.646933,0.589920,0.4351,-13.1587,-11.2658,-1500.00
2.7500,0.358305,-0.922722,0.929857,-0.3118,-14.9472,-14.8450,-1500.00
2.7600,0.353237,-1.087780,1.212276,-0.5686,-16.4322,-16.3406,0.00
2.7700,0.347075,-1.118463,1.407005,-0.7119,-18.1796,-17.4305,0.00
2.7800,0.337345,-1.050688,1.350241,-1.2378,-20.3449,-19.4998,0.00
2.7900,0.325084,-0.889351,1.145612,-0.9766,-20.5622,-20.8654,0.00
2.8000,0.320938,-0.648052,0.947781,-0.0135,-16.9745,-16.2341,-1500.00
2.8100,0.322384,-0.399765,0.819100,0.1338,-11.7642,-8.8475,-1500.00
2.8200,0.320369,-0.186542,0.757001,-0.6228,-7.8520,-4.6347,-1500.00
2.8300,0.308691,-0.024269,0.722186,-1.7165,-4.7920,-3.8398,-1500.00
2.8400,0.284728,0.073659,0.694671,-2.9633,-0.7651,-3.0009,1299.05
2.8500,0.253552,0.095430,0.705624,-3.3056,2.5095,2.6197,1500.00
2.8600,0.218820,0.033779,0.790398,-3.5126,5.7886,9.6207,1500.00
2.8700,0.186145,-0.084318,0.949237,-2.9297,7.0970,15.5568,1500.00
2.8800,0.159870,-0.220193,1.146030,-2.6134,7.9668,18.2033,0.00
2.8900,0.131928,-0.357091,1.281639,-3.0077,9.2861,18.8943,0.00
2.9000,0.098584,-0.472895,1.193902,-3.6979,10.2152,18.5909,0.00
2.9100,0.056886,-0.544991,0.943457,-4.5704,10.4910,17.4984,1500.00
2.9200,0.007074,-0.546650,0.610695,-5.3234,10.2354,15.3973,1500.00
2.9300,-0.048611,-0.446486,0.223029,-5.9081,13.3828,12.2930,1500.00
2.9400,-0.121901,-0.179095,-0.177910,-9.3675,27.4248,5.8741,1500.00
2.9500,-0.210102,0.185861,-0.561351,-5.9314,24.2294,-5.5812,1500.00
2.9600,-0.232592,0.380837,-0.869259,0.4948,14.0004,-2.3017,1500.00
2.9700,-0.213810,0.384785,-0.966783,2.6231,9.4833,6.3872,1500.00
2.9800,-0.189051,0.181512,-0.703178,2.0252,11.9386,19.3571,1500.00
2.9900,-0.175551,-0.225822,-0.216294,0.8942,10.1843,20.7349,1500.00
3.0000,-0.161767,-0.578446,0.196772,2.3944,-7.0235,4.8495,-1500.00
3.0100,-0.112500,-0.370096,0.152382,8.1269,-41.2195,-32.8755,-1500.00
3.0200,-0.016727,0.351507,-0.545547,9.4481,-61.6291,-65.2847,-1500.00
3.0300,0.087060,0.793109,-1.262309,12.0931,-52.9288,-49.5634,0.00
3.0400,0.228086,0.788394,-1.231081,15.4768,-32.7582,-27.9082,0.00
3.0500,0.384719,0.744341,-0.751096,15.3511,-16.8709,-21.9778,-1500.00
3.0600,0.520123,0.869350,-0.197090,11.1912,-2.4059,-25.3185,-1500.00
3.0700,0.604830,1.269385,0.427242,6.2319,11.5358,-23.3496,0.00
3.0800,0.662280,1.055091,0.700690,5.7657,33.2228,0.5108,0.00
3.0900,0.706566,0.142324,0.032617,2.9442,31.4802,31.0610,1500.00
3.1000,0.726356,-0.599677,-0.800494,0.9689,35.0305,18.5238,1500.00
3.1100,0.712578,-0.781845,-1.418080,-4.0573,39.8571,-2.6891,0.00
3.1200,0.646501,-0.512551,-1.162660,-8.6093,29.6504,-11.0273,0.00
3.1300,0.547124,-0.251913,-0.913421,-11.3187,21.9857,-13.0968,1500.00
3.1400,0.423706,-0.033385,-0.737269,-12.9381,18.1764,-12.9647,1500.00
3.1500,0.297799,0.173182,-0.630208,-11.6556,19.8082,-6.3721,1500.00
3.1600,0.212008,0.444143,-0.650165,-4.0758,33.1261,16.5808,1500.00
3.1700,0.251869,0.777678,-0.740471,12.1331,34.9333,34.4500,1500.00
3.1800,0.423275,0.968219,-0.604506,18.2057,2.1328,18.8031,-1500.00
3.1900,0.555673,1.150128,-0.415883,7.8841,-19.5676,8.5759,0.00
3.2000,0.581457,1.361614,-0.241456,-2.0534,-30.7686,7.8058,0.00
3.2100,0.518702,1.251250,-0.082180,-10.1612,-40.2936,8.0927,0.00
3.2200,0.378925,0.786223,-0.034405,-16.9698,-43.1470,-3.9076,-1500.00
3.2300,0.209716,0.231908,-0.353617,-15.4213,-25.6748,-25.0236,-1500.00
3.2400,0.066983,-0.009231,-0.873261,-14.0919,-28.7832,-2.0458,-1500.00
3.2500,-0.080328,0.217989,-1.210729,-14.8525,-34.7264,19.5828,0.00
3.2600,-0.220474,0.553885,-1.384948,-13.0728,-30.7464,12.5836,0.00
3.2700,-0.340314,0.815974,-1.452167,-10.9178,-34.5465,-12.0407,0.00
3.2800,-0.443452,0.744361,-1.021280,-10.7057,-50.6992,-47.9947,-1500.00
3.2900,-0.586885,0.225446,-0.430621,-18.6270,-55.6644,-52.4547,-1500.00
3.3000,-0.797593,-0.285925,-0.077569,-21.7916,-38.3781,-23.5415,-1500.00
3.3100,-1.006075,-0.639140,-0.057762,-19.7320,-28.4623,-6.4739,-1500.00
3.3200,-1.191165,-0.934265,-0.210141,-17.4015,-27.0568,0.1162,-1500.00
3.3300,-1.358875,-1.240284,-0.439252,-16.7175,-31.1299,3.2727,0.00
3.3400,-1.528730,-1.511630,-0.699128,-17.3021,-40.4663,2.6846,0.00
3.3500,-1.701932,-0.968197,-0.749374,-16.4059,-51.6598,-14.0280,-1500.00
3.3600,-1.813987,-0.253028,-0.234851,-5.3075,-43.8326,-38.1184,-1500.00
3.3700,-1.815683,0.482854,0.505832,3.7145,-44.0227,-41.4608,-1500.00
3.3800,-1.755748,0.980241,1.197963,7.3682,-49.2656,-29.5247,0.00
3.3900,-1.675959,0.485661,0.783184,8.9911,-45.8201,-13.9955,-1500.00
3.4000,-1.559437,-0.101941,0.314160,14.2252,-20.4475,-6.2758,-1500.00
3.4100,-1.403443,-0.412029,0.074251,16.0163,0.4491,-2.6675,-1500.00
3.4200,-1.255046,-0.472195,-0.095063,13.0183,12.5988,3.2216,1500.00
3.4300,-1.153092,-0.388697,-0.290607,7.5857,15.5449,10.2464,1500.00
3.4400,-1.098745,-0.295349,-0.527040,4.0068,13.3615,14.1534,1500.00
3.4500,-1.066588,-0.216574,-0.750159,2.6440,12.9605,15.0713,1500.00
3.4600,-1.043429,-0.125542,-0.953450,2.0951,14.5431,15.7379,1500.00
3.4700,-1.023322,0.005821,-1.140265,1.9951,18.2761,15.6645,0.00
3.4800,-1.003841,0.204100,-1.304129,1.8242,23.4207,15.9116,0.00
3.4900,-0.990045,0.466881,-1.416601,0.7272,28.5659,18.9767,0.00
3.5000,-0.996546,0.763402,-1.257615,-2.3916,33.3398,25.8547,0.00
3.5100,-1.040273,0.992380,-0.946454,-5.7214,28.6200,30.7398,1500.00
3.5200,-1.101947,1.086709,-0.631878,-6.4160,21.8091,31.1789,0.00
3.5300,-1.164485,1.086388,-0.334300,-5.9277,15.4155,28.5282,0.00
3.5400,-1.218041,1.037709,-0.061156,-4.6574,9.4040,25.3919,1500.00
3.5500,-1.251685,0.972294,0.189472,-2.1194,2.2818,23.8315,1500.00
3.5600,-1.260036,0.884459,0.398189,0.3402,-3.5763,22.0231,1500.00
3.5700,-1.247763,0.709686,0.484962,1.6387,-4.5571,20.3458,1500.00
3.5800,-1.243049,0.438205,0.393509,-1.3286,2.0819,24.0393,1500.00
3.5900,-1.284643,0.261960,0.259247,-6.7052,6.7906,24.0159,1500.00
3.6000,-1.358314,0.341021,0.199641,-7.1920,3.6911,21.5161,1500.00
3.6100,-1.424023,0.510623,0.100663,-6.0483,2.1930,18.3317,1500.00
3.6200,-1.480577,0.657989,-0.013419,-5.2125,2.1462,6.0304,1500.00
3.6300,-1.521077,0.730994,-0.041148,-2.7544,0.1455,-1.7038,1500.00
3.6400,-1.538487,0.771554,-0.079102,-0.9872,-2.8235,2.8692,1500.00
3.6500,-1.543413,0.814863,-0.183408,-0.1236,-3.8877,7.3294,1500.00
3.6600,-1.542690,0.855285,-0.358571,0.1661,-3.1868,10.8697,1500.00
3.6700,-1.542228,0.884749,-0.603747,-0.1863,-2.1887,12.8665,1500.00
3.6800,-1.549309,0.896029,-0.918858,-1.3398,-3.5179,11.1833,1500.00
3.6900,-1.572421,0.858172,-1.287084,-3.3519,-11.3064,-0.1741,0.00
3.7000,-1.612327,0.658425,-1.236367,-4.1245,-23.0778,-19.7203,0.00
3.7100,-1.638512,0.189515,-0.727468,-0.0237,-23.8540,-23.5606,-1500.00
3.7200,-1.581347,-0.402603,-0.375585,12.4490,-23.5354,-5.8440,-1500.00
3.7300,-1.371571,-0.941880,-0.309264,28.7984,-30.1758,9.7337,-1500.00
3.7400,-1.033267,-1.278285,-0.448854,35.4610,-40.7251,19.9932,0.00
3.7500,-0.754893,-0.890678,-0.728921,16.3438,-55.8459,30.6430,-1500.00
3.7600,-0.719093,-0.291763,-1.034367,-6.1046,-55.9456,26.2531,-1500.00
3.7700,-0.824459,0.252001,-1.150856,-13.3936,-51.7668,5.8038,0.00
3.7800,-0.980084,0.712507,-1.030718,-17.4383,-52.8962,-16.3442,-1500.00
3.7900,-1.161523,0.862464,-0.629869,-17.0731,-48.7003,-40.7289,-1500.00
3.8000,-1.293549,0.691967,-0.096046,-8.5469,-46.9654,-51.8050,-1500.00
3.8100,-1.312973,0.615185,0.305937,5.0453,-50.8172,-52.4772,-1500.00
3.8200,-1.161558,0.440713,0.529626,26.4572,-50.5832,-50.3547,-1500.00
3.8300,-0.763286,0.075888,0.633161,50.3154,-46.4259,-43.3584,-1500.00
3.8400,-0.271980,-0.434538,0.783500,42.3907,-39.8583,-32.4803,-1500.00
3.8500,0.055722,-1.060286,0.993251,25.2929,-29.9954,-28.1647,0.00
3.8600,0.266116,-1.462681,0.738168,17.7060,-18.9937,-38.5036,0.00
3.8700,0.407495,-1.071287,0.187171,10.7159,-11.6240,-45.2130,0.00
3.8800,0.477888,-0.940275,-0.363041,3.8194,-8.9958,-48.4132,-1500.00
3.8900,0.491012,-1.077012,-0.943072,-0.5460,-13.8465,-61.4648,0.00
3.9000,0.489058,-1.351055,-1.381501,1.1466,-24.3104,-88.4152,0.00
3.9100,0.480834,-0.899537,-0.758159,-4.8381,-6.2962,-37.7234,-1500.00
3.9200,0.397419,-0.631529,-0.464184,-11.0703,-17.6055,-24.5117,-1500.00
3.9300,0.259736,-0.431408,-0.271746,-16.6359,-24.6485,-24.6825,-1500.00
3.9400,0.058434,-0.251025,-0.162078,-23.0802,-17.6195,-20.2226,-1500.00
3.9500,-0.160391,-0.190614,-0.228429,-18.3682,3.7525,-7.7494,1500.00
3.9600,-0.282157,-0.455756,-0.508801,-6.4592,21.1691,-1.8900,1500.00
3.9700,-0.305366,-0.858728,-0.786950,0.7065,20.4791,-5.4220,1500.00
3.9800,-0.279128,-1.211132,-0.855075,4.2282,17.7906,-9.3118,0.00
3.9900,-0.222935,-1.469425,-0.712208,6.7759,18.3211,-13.1623,0.00
4.0000,-0.146690,-1.267997,-0.469896,8.2573,18.5408,-13.8078,0.00
4.0100,-0.062821,-0.990506,-0.226503,8.0449,14.4164,-11.9145,-1500.00
4.0200,0.011062,-0.759819,-0.016749,6.8136,4.3207,-12.5977,-1500.00
4.0300,0.076829,-0.567580,0.165246,6.6806,-7.2823,-15.9557,-1500.00
4.0400,0.155775,-0.397057,0.343072,9.7616,-21.6642,-24.7754,-1500.00
4.0500,0.288225,-0.250533,0.557202,16.9852,-35.5558,-36.2824,-1500.00
4.0600,0.487053,-0.129645,0.806592,21.1020,-40.7531,-39.7535,-1500.00
4.0700,0.672965,-0.000322,0.997282,14.9784,-36.0656,-30.4246,-1500.00
4.0800,0.780521,0.160789,1.045329,7.2314,-27.8061,-15.8039,-1500.00
4.0900,0.829372,0.324741,1.022413,3.2416,-19.7110,-4.5603,-1500.00
4.1000,0.853542,0.465760,1.013995,1.9162,-13.0114,0.9411,-1500.00
4.1100,0.871047,0.578481,1.035411,1.6791,-7.5936,2.2157,-1500.00
4.1200,0.888217,0.658118,1.068663,1.8002,-2.8538,3.1521,0.00
4.1300,0.905809,0.691275,1.087262,1.6085,2.1152,4.7840,0.00
4.1400,0.917201,0.655359,1.036422,0.5433,7.4679,7.3658,1500.00
4.1500,0.914204,0.553192,0.911842,-1.2512,11.6331,13.7572,1500.00
4.1600,0.889549,0.405450,0.732594,-3.6513,15.2899,20.7542,1500.00
4.1700,0.842113,0.227470,0.507606,-5.5859,18.7457,26.9400,1500.00
4.1800,0.783675,0.022535,0.234345,-5.7358,22.2240,31.6493,1500.00
4.1900,0.734651,-0.229337,-0.125922,-3.8310,29.2581,39.7827,1500.00
4.2000,0.704966,-0.548606,-0.599256,-3.0952,29.6141,38.2310,1500.00
4.2100,0.655452,-0.721572,-0.706351,-6.8408,14.9380,19.5179,1500.00
4.2200,0.569253,-0.855094,-0.492180,-10.1254,12.1825,16.3103,1500.00
4.2300,0.458980,-0.986671,-0.200099,-11.3910,9.3351,13.2115,1500.00
4.2400,0.353898,-1.039016,0.068156,-9.0910,6.8648,8.4709,1500.00
4.2500,0.285303,-0.955015,0.277830,-4.6477,5.8413,5.5603,1500.00
4.2600,0.259543,-0.808846,0.435730,-0.8490,4.0570,5.0322,1500.00
4.2700,0.262359,-0.680397,0.549307,0.9212,1.0099,3.4188,-1500.00
4.2800,0.274651,-0.581876,0.592818,1.4716,-2.8752,-0.4772,-1500.00
4.2900,0.291522,-0.519342,0.564255,1.9204,-8.6584,-5.5711,-1500.00
4.3000,0.315490,-0.487625,0.463096,3.0706,-16.0638,-12.4421,-1500.00
4.3100,0.360673,-0.462875,0.286894,6.0675,-19.7604,-18.6689,-1500.00
4.3200,0.434055,-0.415421,0.093020,8.4099,-12.1818,-16.6497,-1500.00
4.3300,0.527026,-0.391424,-0.081176,10.0797,-5.9646,-13.3615,-1500.00
4.3400,0.637186,-0.418902,-0.242519,12.1370,-3.2922,-12.5238,-1500.00
4.3500,0.779111,-0.538359,-0.475955,15.7452,-9.0252,-21.0046,-1500.00
4.3600,0.912743,-0.466540,-0.466028,13.4701,24.1982,24.4029,1500.00
4.3700,1.063097,-0.279774,-0.176268,16.1510,15.6425,21.3322,-887.69
4.3800,1.232821,-0.228354,0.067661,17.7280,9.4770,17.4357,-1500.00
4.3900,1.418784,-0.267880,0.274169,19.4832,4.7566,13.4357,-1500.00
4.4000,1.623894,-0.364288,0.453026,21.4938,1.1570,10.0700,-1500.00
4.4100,1.847720,-0.494973,0.615950,23.0760,-1.4885,7.6858,-1500.00
4.4200,2.080947,-0.646776,0.775108,23.2771,-3.1487,6.3181,-1500.00
4.4300,2.307496,-0.807400,0.939720,21.8393,-3.6606,5.6221,-1500.00
4.4400,2.515922,-0.946977,1.101690,20.3849,-2.0579,4.2199,0.00
4.4500,2.719932,-0.977324,1.179808,20.2806,2.6836,0.6355,0.00
4.4600,2.916269,-0.856638,1.111050,18.6865,7.8868,-1.8214,0.00
4.4700,3.086573,-0.667813,1.011584,15.1914,11.8352,-0.5956,-1500.00
4.4800,3.219978,-0.476561,0.972097,11.7338,14.6411,3.9617,-1500.00
4.4900,3.322831,-0.300436,1.011476,8.7033,15.3200,8.8618,-1500.00
4.5000,3.392945,-0.151265,1.064114,5.6444,10.3182,8.4791,0.00
4.5100,3.438731,-0.008973,1.072144,3.7210,6.2843,5.2931,0.00
4.5200,3.470445,0.160661,1.016872,2.8991,3.2022,1.7002,-1500.00
4.5300,3.501620,0.388837,0.922246,3.5933,2.0452,1.0115,-1500.00
4.5400,3.549809,0.696064,0.854214,6.3967,3.6852,6.8807,-1500.00
4.5500,3.638352,1.097852,0.909694,11.4083,13.8143,25.1133,0.00
4.5600,3.768973,1.435860,1.103773,12.5765,52.3704,63.3099,0.00
4.5700,3.852419,0.576448,0.661306,4.0365,80.2951,70.5478,1500.00
4.5800,3.851897,-0.226510,0.155502,-2.9263,61.8306,28.6849,1500.00
4.5900,3.820748,-0.725034,0.158475,-2.4468,38.4251,0.9296,1500.00
4.6000,3.809753,-1.091038,0.450774,0.3269,28.1983,-3.5715,0.00
4.6100,3.830239,-1.421825,0.812165,3.5982,22.0726,5.0815,0.00
4.6200,3.878931,-1.086114,0.995892,5.8184,13.3353,9.0941,0.00
4.6300,3.941019,-0.657979,0.953379,6.1577,2.1612,2.2907,-1500.00
4.6400,3.992146,-0.319968,0.897648,3.6949,-4.4151,-6.4674,-1500.00
4.6500,4.008749,-0.089595,0.890176,-0.3285,-5.2673,-11.8833,-1500.00
4.6600,3.987034,0.023911,0.913126,-3.6969,-3.1552,-14.6365,-1500.00
4.6700,3.938777,0.039748,0.934433,-5.7517,1.1717,-14.9797,-1500.00
4.6800,3.871101,0.022676,0.900609,-7.9077,10.0944,-13.0617,-1500.00
4.6900,3.786079,0.034555,0.727948,-7.5252,14.2805,-14.6231,-1500.00
4.7000,3.762563,0.111618,0.352026,3.4853,-4.1239,-15.9278,-1500.00
4.7100,3.823408,0.431672,0.020461,6.3826,-11.6978,-24.7174,-1500.00
4.7200,3.880459,0.746244,-0.341577,5.1832,-13.0355,-30.5577,-1500.00
4.7300,3.929200,1.003398,-0.765478,4.6985,-22.1478,-41.3441,-1500.00
4.7400,3.980669,1.123983,-1.177685,6.0295,-44.3885,-61.0507,0.00
4.7500,4.057208,0.673095,-0.880111,8.8614,-67.7075,-72.4515,-1500.00
4.7600,4.139011,0.011899,-0.346093,6.9358,-62.1487,-58.3019,-1500.00
4.7700,4.192938,-0.467629,-0.129227,4.0659,-51.4688,-45.5501,-1500.00
4.7800,4.223561,-0.678528,-0.230244,2.2965,-41.6156,-39.1010,-1500.00
4.7900,4.245339,-0.661260,-0.464866,2.1177,-38.8198,-43.1630,-1500.00
4.8000,4.263094,-0.472273,-0.601520,1.1928,-42.1617,-50.3402,-1500.00
4.8100,4.261269,-0.117091,-0.463178,-1.8303,-51.4622,-57.6281,-1500.00
4.8200,4.234289,0.394355,-0.101987,-1.8305,-58.3871,-58.5646,-1500.00
4.8300,4.267658,0.922008,0.158853,9.6116,-53.2679,-52.7785,-1500.00
4.8400,4.452829,1.270798,0.160513,28.3542,-48.3620,-49.4054,0.00
4.8500,4.847255,1.088737,0.019036,48.1485,-47.5482,-48.7098,0.00
4.8600,5.314062,0.665525,-0.100273,40.2544,-50.1769,-50.3679,-1500.00
4.8700,5.620139,0.149174,-0.005614,22.3794,-59.1019,-57.4275,-1500.00
4.8800,5.785900,-0.522409,0.429202,12.3449,-76.3904,-73.7567,-1500.00
4.8900,5.913491,-1.342378,0.898740,17.4442,-81.8661,-84.1178,0.00
4.9000,6.214227,-1.060891,0.627828,41.7096,-55.7513,-62.4671,0.00
4.9100,6.649146,-0.573097,0.285731,39.1898,-36.4942,-40.6611,-1500.00
4.9200,6.940592,-0.163824,0.193960,19.7111,-30.8946,-26.0594,-1500.00
4.9300,7.057096,0.291339,0.375786,4.7859,-36.4990,-14.8243,-1500.00
4.9400,7.044235,0.990386,0.957967,-5.9183,-37.6980,-12.7604,-1500.00
4.9500,6.977573,1.167692,1.097287,-6.4677,2.2004,-18.1218,0.00
4.9600,6.909698,0.463386,0.419313,-7.4473,13.1147,-8.2122,-1500.00
4.9700,6.828761,0.067195,0.054953,-8.4964,10.1862,6.2691,-1500.00
4.9800,6.743271,-0.146733,-0.013894,-8.4793,12.8348,18.7116,-1500.00
4.9900,6.663963,-0.375584,0.173122,-6.8795,29.9588,36.7207,1500.00
5.0000,6.609750,-0.833100,0.627690,-4.1601,60.3212,61.1510,1500.00
5.0100,6.568871,-1.438251,1.009535,-4.8670,66.7604,67.1185,0.00
5.0200,6.501404,-1.024111,0.713913,-8.4905,38.6429,50.6288,1500.00
5.0300,6.413111,-0.729727,0.390020,-7.9618,-1.6163,23.3335,-1500.00
5.0400,6.361459,-0.504566,0.271936,-1.4948,-23.3534,3.8566,-1500.00
5.0500,6.419204,0.027816,0.425695,12.5697,-41.2117,-41.9252,-1500.00
5.0600,6.524985,0.527618,0.536171,6.3367,-26.6268,-58.1368,-1500.00
5.0700,6.548399,0.618832,0.083179,1.6969,-5.5543,-64.9668,-1500.00
5.0800,6.602749,0.498033,-0.505452,8.7511,-18.7055,-51.8947,-1500.00
5.0900,6.713975,0.273758,-0.974188,12.6418,-33.7158,-42.6183,-1500.00
5.1000,6.830538,0.117225,-1.152994,9.4702,-29.6849,-33.9101,0.00
5.1100,6.896620,0.146940,-0.956461,4.4622,-17.9365,-20.7023,-1500.00
5.1200,6.932567,0.198098,-0.762570,3.2224,-11.7044,-11.0518,-1500.00
5.1300,6.966205,0.198622,-0.630311,3.6042,-7.3510,-5.4789,-1500.00
5.1400,7.004816,0.143249,-0.537401,4.0121,-2.5639,-1.0714,-1500.00
5.1500,7.041699,0.012158,-0.458136,2.9521,3.5439,3.5800,-1500.00
5.1600,7.046448,-0.236325,-0.337430,-3.1784,10.0645,7.3907,-1500.00
5.1700,6.944846,-0.585956,-0.101875,-17.4912,16.0474,6.7843,-1500.00
5.1800,6.724782,-0.941266,0.069084,-23.9493,24.1137,13.0999,1500.00
5.1900,6.502816,-1.158078,0.058904,-19.1875,30.2053,21.2611,0.00
5.2000,6.355160,-1.083393,-0.144861,-10.9984,27.3435,29.0763,0.00
5.2100,6.262037,-0.952422,-0.499674,-8.8997,12.0774,35.5577,-1500.00
5.2200,6.169257,-0.967851,-0.902115,-9.8016,-1.5167,39.0652,-1500.00
5.2300,6.066470,-1.099235,-1.271460,-10.5119,-8.3633,50.5897,0.00
5.2400,5.983400,-0.946604,-0.956625,-5.0029,8.0629,58.6996,1500.00
5.2500,5.978595,-0.471928,-0.260992,3.8644,20.0940,47.7153,1500.00
5.2600,6.040584,-0.303254,0.225030,7.3428,21.1526,30.4087,-1500.00
5.2700,6.114174,-0.373157,0.515897,7.0844,21.1550,25.0863,-1500.00
5.2800,6.179275,-0.507610,0.713327,6.1249,21.1071,23.4500,-1500.00
5.2900,6.247799,-0.612626,0.844513,7.9173,24.7334,24.3389,-1500.00
5.3000,6.340208,-0.636195,0.840962,10.5461,26.0398,21.9416,-1500.00
5.3100,6.459429,-0.596650,0.640927,13.1584,22.5692,17.4413,-1500.00
5.3200,6.599402,-0.576724,0.274864,14.3807,13.1956,13.7087,-1500.00
5.3300,6.732910,-0.650303,-0.227882,11.3814,-3.1596,11.8566,-1500.00
5.3400,6.793981,-0.763482,-0.853742,-1.0683,-28.6301,11.5960,-1500.00
5.3500,6.705586,-0.637465,-1.366295,-12.6812,-29.7785,24.6260,0.00
5.3600,6.575929,-0.514640,-1.030919,-13.2053,-10.1273,28.7936,-1500.00
5.3700,6.403093,-0.562062,-0.534573,-22.5165,7.9603,31.8808,1500.00
5.3800,5.875914,-0.841349,-0.028436,-99.8706,42.8519,48.3521,1500.00
5.3900,6.246762,-1.170635,0.141560,50.4500,36.7369,37.7276,0.00
5.4000,6.614772,-1.311175,0.434384,27.1491,34.4618,32.4322,0.00
5.4100,6.824620,-1.209237,0.749796,16.0565,36.0957,28.9401,0.00
5.4200,6.956072,-0.996847,0.983225,10.7783,23.8306,22.4769,-1500.00
5.4300,7.045683,-0.896076,1.136719,7.3908,12.0929,16.5775,0.00
5.4400,7.110068,-0.930474,1.240356,5.8488,4.3008,10.3755,0.00
5.4500,7.167611,-1.077765,1.295837,5.8424,-0.7307,4.1628,0.00
5.4600,7.229545,-1.318002,1.351712,6.6979,-11.5188,-9.0262,0.00
5.4700,7.311476,-1.320199,1.470466,10.0166,-13.8386,-11.1203,0.00
5.4800,7.408178,-0.780807,1.424789,7.1379,19.3871,32.3617,0.00
5.4900,7.383288,-0.487595,0.855121,-14.9642,47.4575,80.2346,1500.00
5.5000,7.153284,-1.136746,0.075126,-24.2786,36.7103,73.1352,0.00
5.5100,6.942246,-0.797738,-0.258605,-19.5167,-10.7233,42.6546,-1500.00
5.5200,6.744323,0.382278,0.310175,-16.5993,-13.1770,-30.3629,-1500.00
5.5300,6.704196,0.934821,0.481653,3.5579,-12.8743,-22.4064,-1500.00
5.5400,6.752674,1.098724,0.614546,5.1036,-8.9381,-11.8951,0.00
5.5500,6.791707,1.042945,0.902441,1.4540,28.2838,-9.6255,-1500.00
5.5600,6.742838,0.682072,0.904830,-11.3597,36.1037,-24.1333,1500.00
5.5700,6.574844,0.353750,0.731954,-21.4408,32.6027,-21.6598,1500.00
5.5800,6.321722,-0.012345,0.690905,-28.1073,43.3312,3.9465,1500.00
5.5900,6.033516,-0.451838,0.949399,-29.4000,51.4374,41.5762,1500.00
5.6000,5.727420,-0.651856,1.163867,-31.3161,45.8805,45.3282,0.00
5.6100,5.433937,-0.510653,1.002774,-25.9642,34.2480,20.7492,1500.00
5.6200,5.222709,-0.293344,0.810154,-16.9118,21.5175,-1.0301,1500.00
5.6300,5.084630,-0.123144,0.675345,-11.5228,13.7803,-13.4215,-1500.00
5.6400,4.987534,0.002973,0.521902,-8.0786,6.8377,-24.8458,-1500.00
5.6500,4.922356,0.023640,0.218479,-5.2416,-10.4317,-43.1819,-1500.00
5.6600,4.871280,-0.167607,-0.276604,-5.3146,-20.0147,-47.5833,-1500.00
5.6700,4.823098,-0.294974,-0.492130,-4.1155,-8.9727,-29.6271,-1500.00
5.6800,4.790304,-0.381757,-0.403560,-2.4264,-11.0114,-20.6928,-1500.00
5.6900,4.782711,-0.476168,-0.247695,1.8833,-28.0374,-8.0720,-1500.00
5.7000,4.819586,-0.167253,-0.018995,0.2982,-42.9418,-23.7097,-1500.00
5.7100,4.757908,0.778129,0.636072,-10.6951,-27.1315,-60.1716,-1500.00
5.7200,4.642567,1.394093,0.691200,-11.3178,-15.8753,-53.5190,0.00
5.7300,4.541242,1.169508,0.403555,-8.8696,-20.5684,-49.8338,0.00
5.7400,4.468875,0.791090,0.072411,-5.3922,-30.6991,-51.0443,-1500.00
5.7500,4.443643,0.522815,-0.267737,0.2853,-44.1929,-50.4787,-1500.00
5.7600,4.445566,0.344110,-0.540392,-0.8069,-37.4866,-32.6523,-1500.00
5.7700,4.422224,0.107023,-0.771650,-3.9321,-30.7544,-30.5662,-1500.00
5.7800,4.361468,-0.108685,-1.051666,-8.3933,-25.0427,-32.1728,0.00
5.7900,4.244368,-0.223473,-1.325650,-15.4138,-15.2559,-28.6667,0.00
5.8000,4.021600,-0.281331,-1.284940,-31.6926,-2.0278,-33.0607,0.00
5.8100,3.583175,0.137872,-0.323923,-39.8277,-40.5189,-52.6123,-1500.00
5.8200,3.286216,1.299269,0.685154,-24.4954,-74.4049,-72.5304,0.00
5.8300,3.072645,0.641177,0.309023,-18.4394,-72.6392,-89.1081,-1500.00
5.8400,2.929441,-0.239266,-0.433783,-9.6758,-68.9165,-69.0029,-1500.00
5.8500,2.904654,-0.832754,-0.644707,6.4879,-65.1342,-64.5749,-1500.00
5.8600,2.974833,-1.200998,-0.700812,-2.2910,-64.2609,-52.6593,0.00
5.8700,2.864036,-0.678570,-0.478552,-17.8054,-80.1606,-66.3777,-1500.00
5.8800,2.646956,0.284877,0.401664,-23.4319,-89.1111,-88.9233,-1500.00
5.8900,2.408958,0.977316,1.304518,-24.1572,-69.2819,-50.0051,0.00
5.9000,2.163526,0.709065,0.927889,-25.4243,-35.1989,-18.8524,-1500.00
5.9100,1.850198,0.161053,0.200631,-40.9881,4.0874,0.2118,1500.00
5.9200,1.518154,-0.453958,-0.618102,-22.7228,-0.0712,11.4014,1500.00
5.9300,1.357287,-0.839721,-1.258188,-11.3977,-10.2327,4.5188,0.00
5.9400,1.270430,-0.720457,-1.141787,-6.7549,-8.7885,-7.4700,0.00
5.9500,1.215891,-0.064529,-0.408239,-4.3486,-10.9843,-12.3009,-1500.00
5.9600,1.187825,0.746223,0.221938,-0.8092,-29.7595,-8.7853,-1500.00
5.9700,1.216486,1.441981,0.439513,6.5722,-58.9938,-7.6922,0.00
5.9800,1.285756,0.862075,0.605536,5.6621,-49.7892,-39.8447,-1500.00
5.9900,1.329579,0.455262,1.010622,3.6134,-28.0264,-54.6223,-1500.00
6.0000,1.357841,0.380021,1.231704,1.6288,-4.4537,-61.6399,0.00
6.0100,1.338265,0.684540,0.725991,-6.9552,21.9316,-60.2824,-1500.00
6.0200,1.208181,1.174551,0.312552,-16.5476,36.5786,-24.8089,0.00
6.0300,1.063875,1.251658,0.270493,-11.9523,15.9006,-0.4349,0.00
6.0400,0.960890,1.039175,0.378060,-9.2115,4.2566,6.2487,1500.00
6.0500,0.872319,0.866340,0.507202,-8.7509,-2.3471,10.2102,1500.00
6.0600,0.782848,0.748799,0.616198,-9.2021,-7.7749,12.3285,1500.00
6.0700,0.689212,0.673991,0.667061,-9.2791,-12.8400,14.8155,1500.00
6.0800,0.612089,0.630606,0.630453,-4.7615,-18.8913,18.5990,-1500.00
6.0900,0.623824,0.501325,0.453273,7.2164,-26.4270,3.7121,-1500.00
6.1000,0.732312,0.251765,0.327698,11.5333,-27.3622,-16.2146,-1500.00
6.1100,0.823912,0.001998,0.333718,7.1323,-22.2612,-22.5685,-1500.00
6.1200,0.885545,-0.199559,0.325739,5.7640,-15.1457,-24.2924,-1500.00
6.1300,0.948182,-0.329311,0.210877,7.0625,-5.3715,-28.3283,-1500.00
6.1400,1.014313,-0.353536,-0.099337,1.6735,3.0745,-47.1342,-1500.00
6.1500,0.430896,-0.197419,-0.438057,-99.8775,61.5199,31.8863,1500.00
6.1600,0.797622,0.054956,0.070228,90.9361,46.8733,43.8530,-1500.00
6.1700,1.456273,0.313380,0.067122,37.6971,39.4150,25.7110,455.21
6.1800,1.718442,0.741984,0.289984,18.9168,44.1403,46.4768,1500.00
6.1900,1.868183,1.034682,0.490028,12.5312,50.2586,52.9494,1500.00
6.2000,1.996193,0.747691,0.195745,14.0346,43.8678,46.7651,1500.00
6.2100,2.163184,0.517652,-0.382617,19.9187,-3.1357,35.7065,-1500.00
6.2200,2.390703,0.756934,-0.546420,22.0217,-34.3993,-22.7569,-1500.00
6.2300,2.549038,0.868151,-0.154893,10.9847,-2.3634,-45.9106,-1500.00
6.2400,2.614568,0.604766,0.263605,0.5676,47.8059,-23.4686,1500.00
6.2500,2.575975,-0.185515,0.022092,-0.6508,49.7172,35.2121,1500.00
6.2600,2.592881,-0.423519,0.081186,2.9375,29.6647,29.8046,1500.00
6.2700,2.625212,-0.262794,0.220098,3.3517,23.3520,15.4538,1500.00
6.2800,2.672081,0.158297,0.226738,7.8441,9.0124,-20.7901,-1500.00
6.2900,2.798958,0.214740,0.101699,17.5034,-32.8730,-28.9642,-1500.00
6.3000,3.052526,-0.372905,-0.233791,28.2782,-66.6907,-42.1250,-1500.00
6.3100,3.285386,-0.821132,-0.592833,21.1588,-30.5261,-31.7878,-1500.00
6.3200,3.502699,-1.045271,-0.892522,23.1150,-22.5225,-29.7448,-1500.00
6.3300,3.762083,-0.957575,-1.192019,27.8569,-2.7632,-6.0241,0.00
6.3400,4.035117,-0.878927,-1.262067,26.5210,14.8401,12.9776,0.00
6.3500,4.248804,-1.157826,-1.180742,12.3151,25.9591,-11.2904,0.00
6.3600,4.407393,-1.191291,-1.165186,25.1013,32.6999,8.1148,0.00
6.3700,4.692614,-0.858419,-1.160329,29.5282,30.9224,26.8557,0.00
6.3800,4.977989,-0.554337,-0.939086,27.5692,30.7455,43.2093,-1500.00
6.3900,5.246163,-0.159356,-0.366348,25.2322,28.2603,57.9252,-1500.00
6.4000,5.416164,0.185232,0.322417,9.5138,27.6990,33.7991,1500.00
6.4100,5.485052,0.215200,0.670628,5.8935,18.5791,18.0794,-1500.00
6.4200,5.545407,0.230401,0.721989,6.3904,8.8383,8.2676,-1500.00
6.4300,5.614566,0.311073,0.491067,7.3971,5.5860,0.6209,-1500.00
6.4400,5.694574,0.289315,0.188612,8.6289,2.8303,-0.4530,-1500.00
6.4500,5.789224,0.093787,-0.095240,10.3758,-1.7603,-0.9767,-1500.00
6.4600,5.896525,-0.316389,-0.293830,10.0920,0.2743,2.9760,-1500.00
6.4700,5.990650,-0.670103,-0.617461,8.8672,17.3156,14.3585,-1500.00
6.4800,6.067488,-0.785176,-1.014741,6.0499,36.7778,23.5404,-171.67
6.4900,6.112127,-0.565870,-1.012545,4.2664,39.0990,25.9278,1500.00
6.5000,6.182134,-0.357599,-0.806350,10.0498,17.2234,12.1989,-1500.00
6.5100,6.324880,-0.291957,-0.735679,18.9277,0.4968,2.1721,-1500.00
6.5200,6.576525,-0.368210,-0.747167,31.1349,-10.8490,1.3046,-1500.00
6.5300,6.907783,-0.494800,-0.582960,31.8562,11.7669,33.1074,-1500.00
6.5400,7.217850,-0.276365,-0.149044,31.4491,33.0065,41.3298,-1500.00
6.5500,7.531543,0.094235,0.205102,29.7419,41.3072,33.4834,-1500.00
6.5600,7.761502,0.477387,0.462147,16.4839,41.1962,23.3865,-1500.00
6.5700,7.914626,0.578666,0.625625,15.3168,27.7652,23.5840,-1500.00
6.5800,8.068092,0.540088,0.697350,15.2340,18.5052,21.8755,-1500.00
6.5900,8.220767,0.531459,0.558346,15.6040,4.3116,7.5937,-1500.00
6.6000,8.378680,0.549723,0.271667,15.0532,-0.2673,-3.3599,-1500.00
6.6100,8.519842,0.534380,0.244221,13.4725,1.1704,4.3057,-1500.00
6.6200,8.651456,0.438093,0.418124,12.8267,6.1059,12.3153,-1500.00
6.6300,8.760442,0.252855,0.766187,8.9440,17.7059,9.4071,-1500.00
6.6400,8.845500,0.150120,0.931030,8.4115,9.6960,4.0135,-1500.00
6.6500,8.931714,0.189408,1.013790,8.9285,0.3920,8.7845,-1500.00
6.6600,9.025768,0.380418,1.012115,9.7156,-10.0436,28.4988,-1500.00
6.6700,9.112368,0.390598,0.595590,7.2352,-1.8842,27.6007,-1500.00
6.6800,9.171788,0.192849,0.100025,4.6284,6.3162,9.7362,-1500.00
6.6900,9.207198,0.327722,-0.038754,3.6872,14.0455,7.2883,-1500.00
6.7000,9.272400,0.515071,0.217059,9.9115,5.2550,21.2318,-1500.00
6.7100,9.419095,0.550296,0.724391,18.7776,4.3416,31.0149,-1500.00
6.7200,9.621747,0.692349,1.176077,20.8126,17.1141,23.6860,0.00
6.7300,9.830443,1.034338,1.366905,21.4466,23.8636,18.9507,0.00
6.7400,10.082204,1.388202,1.412691,30.1498,9.3825,3.7925,0.00
6.7500,10.452689,1.442212,1.383815,44.2143,-12.1028,-13.5034,0.00
6.7600,10.946953,1.210108,1.188511,49.2461,-26.3093,-27.2032,0.00
6.7700,11.350394,0.995703,1.001715,31.9798,-4.5701,-16.8230,-1500.00
6.7800,11.601406,0.886572,0.966751,19.5600,13.9855,5.0410,-1500.00
6.7900,11.758204,0.814753,1.031860,12.6732,15.7694,19.1927,-1500.00
6.8000,11.862668,0.791266,0.971038,8.5230,13.0749,32.2702,-1500.00
6.8100,11.925427,0.791971,0.612071,3.9480,14.4596,35.8076,-1500.00
6.8200,11.945177,0.600266,0.201460,0.7796,21.8045,24.0586,-1500.00
6.8300,11.962268,0.268540,-0.081161,3.4046,18.1139,14.9184,-1500.00
6.8400,12.016844,-0.009262,-0.286701,7.2340,13.0304,12.8557,-1500.00
6.8500,12.105549,-0.192227,-0.436432,10.4448,10.1410,11.0351,-1500.00
6.8600,12.229082,-0.317613,-0.502349,14.3056,5.1682,10.3660,-1500.00
6.8700,12.385733,-0.373422,-0.463526,15.8022,10.7321,14.4528,-1500.00
6.8800,12.524458,-0.148109,-0.297516,11.9201,35.2802,16.9604,-1500.00
6.8900,12.632694,0.342348,-0.052506,10.6883,39.7901,21.1012,-1500.00
6.9000,12.750991,0.753658,0.069929,12.9579,26.0185,20.8627,-1500.00
6.9100,12.894048,0.985420,0.096217,15.8784,20.1810,19.6335,-1500.00
6.9200,13.082905,1.045437,0.190747,22.9258,16.6140,22.7501,-1500.00
6.9300,13.359616,0.952534,0.498613,30.7402,26.7464,38.0962,-1500.00
6.9400,13.648451,0.774856,0.700326,25.3704,47.9382,50.9761,-1500.00
6.9500,13.855784,0.405674,0.388883,17.3807,66.0206,66.0655,674.02
6.9600,14.046963,-0.287609,-0.288260,21.1008,80.5509,80.9334,1500.00
6.9700,14.254250,-1.052844,-1.012697,20.1962,87.0852,80.1078,0.00
6.9800,14.463626,-0.896393,-0.923603,21.3009,81.9727,79.2970,1500.00
6.9900,14.671058,-0.097801,-0.108056,19.9391,72.3331,78.0371,1500.00
7.0000,14.842387,0.522835,0.631651,13.7862,54.1915,52.2864,-1500.00
7.0100,14.957484,0.639440,0.852865,10.1732,42.4811,36.2554,-1500.00
7.0200,15.066853,0.295089,0.499814,12.7144,30.8266,31.0464,-1500.00
7.0300,15.211911,-0.155287,-0.058890,14.8282,19.2657,24.8023,-1500.00
7.0400,15.340812,-0.403362,-0.503120,10.7214,19.0869,9.9061,-1500.00
7.0500,15.426720,-0.364561,-0.708870,6.8283,19.0520,5.4206,-1500.00
7.0600,15.484185,-0.175595,-0.650874,5.1551,16.1825,16.3175,-1500.00
7.0700,15.537284,0.008305,-0.312166,5.5708,11.4669,35.5925,-1500.00
7.0800,15.584146,0.204064,0.318586,2.9449,29.9414,51.3254,-1500.00
7.0900,15.607841,0.455387,0.903474,3.5916,42.8435,45.1846,-1500.00
7.1000,15.679653,0.595955,1.047257,10.8383,31.6621,31.6629,0.00
7.1100,15.830082,0.629571,0.937534,19.3902,16.0867,16.0997,-1500.00
7.1200,16.089344,0.661508,0.903416,33.7454,-4.0716,-3.9252,-1500.00
7.1300,16.523580,0.889386,1.037892,49.0411,-31.9652,-30.7666,-1500.00
7.1400,16.971729,1.317936,1.079534,40.9001,-32.8266,-35.6693,0.00
7.1500,17.358407,1.376248,0.915457,36.4988,-19.1661,-26.0623,0.00
7.1600,17.690660,1.159055,0.865797,29.5465,-1.5783,-4.4531,0.00
7.1700,17.942411,1.004444,1.038345,21.3330,6.3610,19.0963,-1500.00
7.1800,18.111951,0.979233,1.148417,12.4562,13.7654,44.8526,0.00
7.1900,18.186048,0.988292,0.711627,2.9940,23.0459,48.0024,-1500.00
7.2000,18.186383,0.676788,0.216352,-1.0640,26.1207,25.5296,-1500.00
7.2100,18.199256,0.324520,-0.106080,3.8355,16.4762,16.4067,-1500.00
7.2200,18.259081,0.168503,-0.289732,7.8149,10.7382,10.0895,-1500.00
7.2300,18.354995,0.070213,-0.359109,11.3625,2.7912,7.4083,-1500.00
7.2400,18.493713,-0.091735,-0.343744,16.8682,-11.7628,9.9857,-1500.00
7.2500,18.695107,-0.353160,-0.262558,20.0786,-15.1703,7.7917,-1500.00
7.2600,18.849443,-0.270262,-0.231567,11.6583,25.8916,-1.5478,-1500.00
7.2700,18.941923,0.214507,-0.194363,7.4816,41.4628,3.9183,-1500.00
7.2800,19.016765,0.740552,-0.204767,7.8436,28.8213,20.0744,-1500.00
7.2900,19.100693,1.046185,-0.251289,9.1579,27.3597,25.5524,-1500.00
7.3000,19.212083,1.107086,-0.178748,13.8962,23.8879,27.8281,0.00
7.3100,19.410678,0.876493,0.095230,27.1274,22.2807,32.4060,-1500.00
7.3200,19.730051,0.397747,0.254010,32.2011,56.4706,46.7365,-1500.00
7.3300,20.012729,-0.277783,-0.190712,25.0444,76.5146,66.2499,-1500.00
7.3400,20.258577,-1.092380,-1.038691,24.4932,85.0700,93.9818,0.00
7.3500,20.487869,-1.153766,-1.141458,21.0889,89.1633,97.7830,0.00
7.3600,20.673416,-0.332573,-0.162073,16.5114,72.2752,98.2482,-1500.00
7.3700,20.856229,-0.002777,0.538261,20.8864,26.8832,39.0362,-1500.00
7.3800,21.073748,-0.020856,0.750489,21.6414,10.7022,12.9717,-1500.00
7.3900,21.277676,-0.036926,0.772900,18.9870,2.9915,1.4117,-1500.00
7.4000,21.451306,0.067901,0.667270,15.6897,-1.0571,-5.5818,-1500.00
7.4100,21.570826,0.500579,0.401254,8.9110,25.5920,23.6219,-1500.00
7.4200,21.667557,0.823832,0.262264,9.9785,25.1345,32.2826,-1500.00
7.4300,21.762509,0.793198,0.093860,8.6822,26.9816,28.4232,-1500.00
7.4400,21.830194,0.496845,-0.094203,4.1213,39.1864,20.0321,-1500.00
7.4500,21.826519,0.010276,-0.169017,-0.7004,44.8155,-2.3485,-1500.00
7.4600,21.892157,0.052108,0.272070,12.4685,-7.9403,-17.0343,-1500.00
7.4700,22.061983,0.269661,0.756576,19.6636,-28.1106,-24.9833,-1500.00
7.4800,22.235452,0.516089,0.774704,13.4914,-14.9492,-30.1573,-1500.00
7.4900,22.353566,0.583969,0.572940,12.0622,-15.2289,-24.7580,-1500.00
7.5000,22.499304,0.394036,0.343769,17.7094,-25.6744,-27.0830,-1500.00
7.5100,22.723499,0.080331,0.044482,27.4834,-31.3180,-29.6518,-1500.00
7.5200,23.062317,-0.239125,-0.238831,39.2870,-26.0792,-23.4026,-1500.00
7.5300,23.434250,-0.606714,-0.501580,31.4189,-13.2660,-25.3924,-1500.00
7.5400,23.701311,-0.854591,-0.782500,25.5957,1.9972,-13.5559,-1500.00
7.5500,23.970953,-0.847520,-1.033629,27.4013,5.4227,5.4812,-1500.00
7.5600,24.233174,-0.803623,-1.218995,24.7709,-0.1735,24.0161,0.00
7.5700,24.457623,-0.910594,-1.133741,18.2941,-21.7030,39.7728,0.00
7.5800,24.555162,-1.019230,-0.747766,3.1652,-2.2675,18.0635,-1500.00
7.5900,24.555583,-0.648673,-0.462353,-0.4104,28.4365,3.5296,-1500.00
7.6000,24.599086,-0.170597,-0.367597,8.0983,21.5825,3.2820,-1500.00
7.6100,24.700629,0.079407,-0.273680,11.8085,2.9962,-1.8759,-1500.00
7.6200,24.838685,0.035128,-0.247614,16.2735,-25.4665,-8.1837,-1500.00
7.6300,25.025304,-0.364657,-0.374106,17.1935,-38.0672,-20.8570,-1500.00
7.6400,25.161775,-0.458400,-0.477310,11.2554,-7.5249,-18.4216,-1500.00
7.6500,25.249034,-0.227958,-0.570737,6.1298,20.4115,8.6664,-1500.00
7.6600,25.302966,-0.089589,-0.518750,5.5565,22.2001,25.0548,-1500.00
7.6700,25.371987,-0.136881,-0.319285,8.7195,16.4211,30.4117,-1500.00
7.6800,25.486728,-0.337585,-0.128606,13.6517,6.6063,21.1805,-1500.00
7.6900,25.624106,-0.535072,-0.241598,13.9960,10.3999,10.4680,-1500.00
7.7000,25.780237,-0.560368,-0.460048,17.9223,7.7180,14.1610,-1500.00
7.7100,26.019595,-0.520340,-0.543724,31.9697,-2.1372,13.2736,-1500.00
7.7200,26.398039,-0.590448,-0.564661,39.5859,-7.8732,-0.9899,-1500.00
7.7300,26.740771,-0.709194,-0.582813,27.7797,3.5139,-1.5318,-1500.00
7.7400,26.968169,-0.665056,-0.517924,19.9689,27.5293,15.8511,-1500.00
7.7500,27.170899,-0.340314,-0.246467,21.0938,41.8637,36.6109,-1500.00
7.7600,27.388333,0.046816,0.187560,21.8450,42.5723,50.3256,-1500.00
7.7700,27.582486,0.333640,0.612615,16.8825,37.3788,37.1194,-1500.00
7.7800,27.737765,0.547664,0.748036,14.5914,22.7824,34.7907,-1500.00
7.7900,27.869425,0.698027,0.610026,10.9433,16.0290,38.6794,-1500.00
7.8000,27.946597,0.513949,0.318482,4.7241,28.9650,27.0005,-1500.00
7.8100,27.968890,0.005088,0.030490,2.2453,44.3854,20.5114,-1500.00
7.8200,28.032889,-0.320727,-0.081696,8.7565,18.7982,17.4808,-1500.00
7.8300,28.127044,-0.289873,-0.057432,9.7206,10.1796,9.6787,-1500.00
7.8400,28.226217,-0.058111,0.005203,10.3175,7.2581,6.4220,-1500.00
7.8500,28.347352,0.306760,0.075973,14.7523,12.0239,21.6778,-1500.00
7.8600,28.497991,0.347173,0.111935,13.4940,49.1864,29.4102,-1500.00
7.8700,28.593561,-0.272935,-0.060312,6.4491,70.5564,20.0693,-1500.00
7.8800,28.694720,-0.761567,-0.244250,14.5901,35.6734,19.8265,-1500.00
7.8900,28.907985,-1.030269,-0.443930,29.5671,23.6573,30.9194,-1500.00
7.9000,29.333102,-1.221716,-0.825405,54.8265,22.2212,61.7408,0.00
7.9100,29.820248,-1.099171,-1.225669,39.5498,23.8848,42.9425,0.00
7.9200,30.121455,-1.112686,-1.152975,21.0215,26.5804,26.7104,0.00
7.9300,30.230360,-1.034323,-1.000498,3.7255,42.2264,10.5116,-1500.00
7.9400,30.337240,-0.555126,-0.778159,16.4723,41.8873,30.7736,-1500.00
7.9500,30.535614,-0.241791,-0.465219,23.2927,18.9556,37.9786,-1500.00
7.9600,30.798812,-0.196433,-0.120480,24.3839,-0.2143,18.0106,-1500.00
7.9700,30.991361,-0.175788,-0.046734,15.2851,3.8799,-2.1358,-1500.00
7.9800,31.103618,-0.083447,-0.248020,6.2987,16.9052,-12.1874,-1500.00
7.9900,31.128252,0.033579,-0.526006,2.0627,16.2220,0.8537,-1500.00
8.0000,31.168015,0.085522,-0.521034,6.0005,5.3191,13.0708,-1500.00
8.0100,31.252925,0.178926,-0.255684,10.9277,3.1974,22.4295,-1500.00
8.0200,31.379081,0.312092,0.201857,13.1946,17.8365,23.5661,-1500.00
8.0300,31.502607,0.331594,0.556381,11.7255,32.0225,19.9317,-1500.00
8.0400,31.622203,0.204715,0.547128,12.5202,29.7086,25.4046,-1500.00
8.0500,31.757597,0.018624,0.291919,14.6223,23.3516,31.7323,-1500.00
8.0600,31.915514,-0.161286,-0.035596,16.7705,16.7578,32.6222,-1500.00
8.0700,32.087134,-0.298606,-0.324428,17.1994,12.4269,24.8484,-1500.00
8.0800,32.261316,-0.409279,-0.496401,18.5718,13.3455,17.7082,-1500.00
8.0900,32.491271,-0.494858,-0.591567,28.0628,14.5805,23.1327,-1500.00
8.1000,32.811167,-0.584513,-0.645259,33.8094,17.2385,27.6015,-1500.00
8.1100,33.124874,-0.718788,-0.628077,27.7649,23.6357,26.4435,-1500.00
8.1200,33.362065,-0.883027,-0.638810,20.4818,32.1482,24.9915,-1500.00
8.1300,33.549974,-0.991635,-0.811368,18.0238,43.4863,29.7862,-1500.00
8.1400,33.734982,-0.906553,-0.930453,19.2526,43.5682,36.6588,-1500.00
8.1500,33.935999,-0.658178,-0.653729,20.5593,31.2035,42.6172,-1500.00
8.1600,34.127602,-0.380961,-0.232070,16.7383,25.1419,39.0182,-1500.00
8.1700,34.258350,-0.158026,0.085724,9.6310,28.4647,28.7156,-1500.00
8.1800,34.326136,0.010731,0.180614,4.6624,28.4374,24.2643,-1500.00
8.1900,34.366313,0.109831,-0.002676,4.0295,16.8493,28.2295,-1500.00
8.2000,34.408506,0.035914,-0.291170,4.3036,11.4717,20.5881,-1500.00
8.2100,34.458139,-0.104161,-0.458487,6.1807,8.9102,5.8216,-1500.00
8.2200,34.545265,-0.161551,-0.453644,11.6400,2.5646,-4.8669,-1500.00
8.2300,34.700765,-0.148616,-0.343703,19.3468,-0.4251,-12.3289,-1500.00
8.2400,34.919579,-0.163144,-0.159768,22.9767,9.5954,-18.4820,-1500.00
8.2500,35.137333,-0.269272,0.038793,20.1835,15.7153,-15.1739,-1500.00
8.2600,35.334554,-0.272936,0.086681,20.3373,0.2372,-1.8970,-1500.00
8.2700,35.552878,-0.017208,0.116724,23.0878,-26.3031,-18.3799,-1500.00
8.2800,35.806536,0.507720,0.518001,29.7809,-51.6778,-52.7362,-1500.00
8.2900,36.220265,1.126716,1.062393,51.5014,-45.0120,-43.6485,0.00
8.3000,36.691301,1.360055,1.267678,38.5824,-34.3393,-49.1593,0.00
8.3100,36.993541,0.729384,0.857911,23.8944,-27.7986,-34.8001,-1500.00
8.3200,37.172650,0.171869,0.379513,11.9619,-23.1732,-24.6379,-1500.00
8.3300,37.220311,-0.191780,-0.130752,-1.7416,1.2454,-37.5613,-1500.00
8.3400,37.246807,-0.137859,-0.380979,8.7800,3.2299,-5.6072,-1500.00
8.3500,37.378864,-0.034833,-0.186698,16.4268,-9.2502,13.1141,-1500.00
8.3600,37.562750,-0.114216,0.100291,19.2555,-24.3394,12.0380,-1500.00
8.3700,37.720979,-0.219026,0.213057,12.0694,1.0260,2.4664,-1500.00
8.3800,37.807095,-0.043368,0.183099,4.9657,32.0539,-7.4997,-1500.00
8.3900,37.825926,0.398299,0.034489,2.7895,37.5464,-2.0303,-1500.00
8.4000,37.891446,0.611997,0.011039,9.8776,14.6578,12.1978,-1500.00
8.4100,38.022418,0.653638,0.131656,15.9901,9.4403,20.3221,-1500.00
8.4200,38.205567,0.664083,0.266236,20.2665,24.5614,26.0337,-1500.00
8.4300,38.428224,0.612761,0.214726,23.6244,43.9192,45.4602,-1500.00
8.4400,38.650841,0.220405,-0.002662,20.3931,59.8457,49.1935,-1500.00
8.4500,38.820624,-0.386578,-0.374820,13.1500,65.6185,40.8131,-1500.00
8.4600,38.997009,-0.707667,-0.691762,24.7016,35.3964,30.4123,-1500.00
8.4700,39.310306,-0.865311,-0.972589,36.9356,25.8707,37.0973,-1500.00
8.4800,39.736644,-1.219653,-1.088989,46.8443,20.1387,58.8708,0.00
8.4900,40.107178,-1.380424,-0.859408,27.7273,21.6644,29.3726,0.00
8.5000,40.316002,-1.121405,-0.698714,15.0086,31.9665,12.1149,0.00
8.5100,40.401563,-0.697075,-0.691488,1.9112,48.2657,-9.0188,-1500.00
8.5200,40.432297,-0.256260,-0.670734,6.7606,25.4652,14.9629,-1500.00
8.5300,40.528808,-0.112165,-0.390619,12.4521,-1.0376,35.5137,-1500.00
8.5400,40.692622,-0.273318,0.083821,17.7638,-21.1275,41.9481,-1500.00
8.5500,40.833870,-0.348531,0.379953,11.0373,2.8866,17.9935,-1500.00
8.5600,40.918001,-0.212025,0.465570,5.8845,24.6365,3.0644,-1500.00
8.5700,40.947359,0.162629,0.345131,1.6468,45.0152,-24.0930,-1500.00
8.5800,41.024544,0.313067,0.052909,13.3370,-1.4414,-21.3543,-1500.00
8.5900,41.213127,-0.024442,-0.247860,23.8085,-38.8968,-24.2668,-1500.00
8.6000,41.428626,-0.695184,-0.585164,16.0378,-37.0798,-36.7061,-1500.00
8.6100,41.559306,-1.203646,-0.815300,12.6656,-33.6407,-37.9215,0.00
8.6200,41.755764,-0.992326,-0.820497,30.3571,-49.1051,-21.2353,-1500.00
8.6300,42.151961,-0.412204,-0.498446,42.8019,-42.9398,-17.8099,-1500.00
8.6400,42.525406,0.108204,0.001085,32.1086,-26.4998,-24.4514,-1500.00
8.6500,42.840239,0.530414,0.542467,33.4150,-31.0607,-22.5883,-1500.00
8.6600,43.184216,0.988870,1.007905,29.4936,-39.5125,-6.6204,-1500.00
8.6700,43.361513,1.133395,0.821687,9.1216,-1.9815,3.4657,0.00
8.6800,43.418910,0.744537,0.586417,6.3965,6.8346,-4.8185,-1500.00
8.6900,43.535172,0.305376,0.397145,15.0623,-13.8526,-13.2249,-1500.00
8.7000,43.681672,0.032122,0.085069,12.7732,-3.1134,-15.1328,-1500.00
8.7100,43.804641,0.010747,-0.123606,13.9648,3.6479,-9.9237,-1500.00
8.7200,43.971022,0.070805,-0.095528,18.2338,-6.6049,-2.2954,-1500.00
8.7300,44.138454,0.072870,0.008525,14.1409,1.1745,3.7501,-1500.00
8.7400,44.252317,0.174694,0.026898,9.1675,16.6858,12.9545,-1500.00
8.7500,44.321505,0.392906,-0.069260,4.6317,26.8573,26.6227,-1500.00
8.7600,44.349611,0.534285,-0.070964,2.0507,34.6571,34.6471,-1500.00
8.7700,44.387738,0.436504,0.112100,6.3940,38.7191,36.8200,-1500.00
8.7800,44.492058,0.073727,0.009661,15.0408,51.4355,46.1328,-1500.00
8.7900,44.716392,-0.497105,-0.541540,30.9180,59.7834,69.7525,-1500.00
8.8000,45.104406,-1.179061,-1.393360,41.6147,75.5932,87.6831,0.00
8.8100,45.487502,-0.792543,-0.808709,34.4536,88.4043,90.2458,-1500.00
8.8200,45.770572,0.077094,0.157230,21.5891,96.8536,97.3249,-1500.00
8.8300,45.951864,0.827215,1.122070,18.5529,90.9788,92.6668,0.00
8.8400,46.172451,0.829514,1.009648,24.9609,74.5844,89.9460,-1500.00
8.8500,46.441009,0.309068,0.179332,28.2721,36.8627,68.4838,-1500.00
8.8600,46.686848,0.061378,-0.279867,19.6607,28.0502,31.7622,-1500.00
8.8700,46.842278,-0.245458,-0.548054,12.4442,41.3225,33.4637,-1500.00
8.8800,46.966123,-0.648807,-0.539014,13.1728,26.5424,39.6679,-1500.00
8.8900,47.086633,-0.605101,-0.183158,10.2520,15.3311,24.2822,-1500.00
8.9000,47.159285,-0.269663,0.136982,3.8096,28.0216,14.1053,-1500.00
8.9100,47.171731,0.313653,0.274892,2.4629,32.0843,14.0214,-1500.00
8.9200,47.222959,0.576969,0.481193,7.4695,10.0527,20.9345,-1500.00
8.9300,47.346739,0.468491,0.842041,19.0983,-28.3739,8.9789,-1500.00
8.9400,47.567313,0.324903,0.958107,22.4107,-15.7043,-12.5759,-1500.00
8.9500,47.777799,0.397893,0.812682,19.2259,7.7984,-19.8532,-1500.00
8.9600,47.921769,0.679603,0.592220,8.8012,37.9988,-16.8171,-1500.00
8.9700,48.077932,0.808733,0.615475,24.3335,11.2356,8.2226,-1500.00
8.9800,48.414898,0.662800,0.668003,42.6600,-15.9612,-3.2129,-1500.00
8.9900,48.838078,0.512499,0.418162,37.7003,1.6780,0.6629,-1500.00
9.0000,49.198018,0.559041,0.270216,35.3390,13.8321,13.7356,-1500.00
9.0100,49.548837,0.513438,0.296862,33.4107,6.7112,14.2940,-1500.00
9.0200,49.824730,0.170404,0.229320,21.5191,-14.8073,-7.2233,-1500.00
9.0300,49.964924,-0.154206,-0.096831,6.1461,-6.9224,-26.1352,-1500.00
9.0400,49.993747,-0.170174,-0.426720,5.8681,-0.7720,-20.4500,-1500.00
9.0500,50.091763,-0.075814,-0.436818,12.5573,-6.3780,-6.1297,-1500.00
9.0600,50.231498,-0.033275,-0.276393,14.6984,-7.7602,-3.5651,-1500.00
9.0700,50.372804,-0.054512,-0.019283,13.2229,-0.8448,-3.6298,-1500.00
9.0800,50.497909,0.069904,0.138500,11.8872,4.6050,9.0680,-1500.00
9.0900,50.603349,0.251179,0.154076,8.8845,12.0403,19.6828,-1500.00
9.1000,50.672784,0.329324,0.183297,5.2722,16.9935,15.1117,-1500.00
9.1100,50.724749,0.375762,0.349313,6.6078,11.2381,8.8563,-1500.00
9.1200,50.824016,0.526137,0.510181,13.3359,7.4070,6.8157,-1500.00
9.1300,51.001610,0.699595,0.577641,22.5552,9.8016,6.1130,-1500.00
9.1400,51.286620,0.727105,0.579558,34.2477,10.5786,10.2971,-1500.00
9.1500,51.680098,0.644937,0.580190,42.9381,8.8047,11.6987,-1500.00
9.1600,52.093608,0.551241,0.562923,36.9414,13.5901,15.8101,-1500.00
9.1700,52.392610,0.428588,0.421361,23.5806,24.6735,23.1619,-1500.00
9.1800,52.594107,0.251399,0.257118,19.0082,22.4434,16.8683,-1500.00
9.1900,52.798460,0.178308,0.228188,22.0267,5.9263,6.8688,-1500.00
9.2000,53.016281,0.208859,0.248821,19.8983,5.2151,4.9350,-1500.00
9.2100,53.177647,0.126758,0.259358,12.6335,19.7797,3.6778,-1500.00
9.2200,53.281364,-0.108878,0.222130,9.4204,25.0493,11.9406,-1500.00
9.2300,53.383570,-0.273313,0.071532,10.9672,10.9957,21.7547,-1500.00
9.2400,53.494889,-0.176516,-0.115947,11.0080,-0.3961,23.1588,-1500.00
9.2500,53.593107,0.009874,-0.243279,8.1245,10.8660,19.9778,-1500.00
9.2600,53.654424,-0.088027,-0.215230,4.6880,34.8153,7.2973,-1500.00
9.2700,53.718855,-0.409854,-0.223437,9.6380,37.3002,16.1995,-1500.00
9.2800,53.864170,-0.734380,-0.488297,19.5362,29.5964,38.1440,-1500.00
9.2900,54.101224,-0.882456,-0.849567,25.3516,30.0870,45.9712,-1500.00
9.3000,54.345074,-0.919217,-0.963639,23.6588,33.4539,28.3198,-1500.00
9.3100,54.565709,-1.019501,-0.897272,21.2390,36.1642,19.8093,-1500.00
9.3200,54.834981,-0.808588,-0.850695,33.7066,36.5198,38.6667,-1500.00
9.3300,55.240813,-0.413073,-0.493478,45.9278,44.6677,65.1130,-1500.00
9.3400,55.658724,0.061401,0.132518,32.8812,49.8911,56.1579,-1500.00
9.3500,55.903465,0.503366,0.541416,19.3307,46.7064,40.2065,-1500.00
9.3600,56.080493,0.770933,0.663917,16.4043,37.2234,36.7283,-1500.00
9.3700,56.233296,0.625228,0.605172,14.6246,27.0489,25.2209,-1500.00
9.3800,56.385067,0.352602,0.421413,15.9774,5.2410,6.5779,-1500.00
9.3900,56.545241,0.265002,0.178565,15.0398,-5.5857,3.9521,-1500.00
9.4000,56.671758,0.155591,-0.045668,10.4370,5.9521,6.1706,-1500.00
9.4100,56.756956,-0.088130,-0.196652,6.9218,19.5225,16.1643,-1500.00
9.4200,56.815394,-0.243684,-0.244537,4.9480,33.1298,33.2992,-1500.00
9.4300,56.856599,-0.020361,-0.076355,4.1884,43.0202,38.9388,-1500.00
9.4400,56.926956,0.297743,0.255486,10.4904,30.0547,36.3373,-1500.00
9.4500,57.078533,0.497444,0.553330,19.9621,12.8616,27.1327,-1500.00
9.4600,57.314476,0.591625,0.697778,25.3108,12.9980,11.3478,-1500.00
9.4700,57.563677,0.803807,0.800605,24.2875,30.5015,10.7307,-1500.00
9.4800,57.830490,1.051478,0.913521,31.3041,25.1048,13.2453,0.00
9.4900,58.206415,1.151524,1.048166,42.1171,14.1442,16.7067,0.00
9.5000,58.619440,1.303011,1.333305,37.5092,24.7726,34.9064,0.00
9.5100,58.928686,1.278233,1.295696,24.7697,49.7583,56.0649,0.00
9.5200,59.111462,0.692669,0.699528,12.5247,67.6244,59.6507,-1500.00
9.5300,59.230187,0.071122,0.176796,12.9656,54.7127,48.0588,-1500.00
9.5400,59.372748,-0.324099,-0.142798,15.2667,39.4455,37.2387,-1500.00
9.5500,59.536734,-0.483620,-0.233358,17.3647,26.2712,26.5343,-1500.00
9.5600,59.697598,-0.372984,-0.198403,13.6057,23.7216,10.4254,-1500.00
9.5700,59.797848,-0.063488,-0.176246,6.7914,31.2697,-1.2818,-1500.00
9.5800,59.857068,0.229461,-0.102984,6.7395,17.1547,14.7085,-1500.00
9.5900,59.948759,0.246561,0.142591,11.4995,-8.8901,33.0001,-1500.00
9.6000,60.061286,0.098694,0.368797,9.4661,0.8414,24.8791,-1500.00
9.6100,60.136283,0.105156,0.349042,6.4515,15.9688,7.3918,-1500.00
9.6200,60.230060,0.021897,0.091764,14.4726,-8.0147,-15.0829,-1500.00
9.6300,60.448577,-0.481738,-0.456730,28.3353,-41.7344,-42.1009,-1500.00
9.6400,60.764343,-1.236725,-1.130976,34.4084,-45.7025,-51.8921,0.00
9.6500,61.166685,-1.224535,-1.162377,44.8951,-53.2744,-45.6413,0.00
9.6600,61.594921,-0.591710,-0.588744,39.5910,-54.6466,-54.3148,-1500.00
9.6700,61.985457,0.062421,0.048772,38.8097,-52.0531,-49.7531,-1500.00
9.6800,62.301648,0.550840,0.440447,23.4338,-19.4942,-19.2880,-1500.00
9.6900,62.460466,0.625170,0.534126,9.2515,15.3541,-9.5811,-1500.00
9.7000,62.552260,0.344842,0.532514,12.4466,5.4079,-2.8684,-1500.00
9.7100,62.700164,0.240453,0.337240,15.6572,-12.9762,3.5302,-1500.00
9.7200,62.825534,0.341898,-0.014937,7.3890,-0.8678,-2.0033,-1500.00
9.7300,62.874946,0.450498,-0.176442,5.3542,9.6260,5.3970,-1500.00
9.7400,62.955941,0.450272,-0.068363,11.2396,0.4830,24.1460,-1500.00
9.7500,63.104491,0.385547,0.282822,17.5241,-9.5890,41.8644,-1500.00
9.7600,63.256035,0.302371,0.657800,11.7796,16.8944,30.1698,-1500.00
9.7700,63.352931,0.380193,0.745494,8.4569,37.9784,35.0780,-1500.00
9.7800,63.449367,0.355036,0.358438,12.1611,43.4309,57.3258,-1500.00
9.7900,63.593230,0.012717,-0.193525,15.6305,39.5270,50.2810,-1500.00
9.8000,63.748114,-0.439367,-0.631098,15.0466,47.1534,34.9856,-1500.00
9.8100,63.921059,-0.949322,-1.005954,21.8744,49.0549,35.1674,-1500.00
9.8200,64.205266,-1.455709,-1.440157,33.9667,48.8193,42.3558,0.00
9.8300,64.567493,-1.146297,-1.175246,35.8872,51.2494,47.3001,0.00
9.8400,64.897280,-0.622084,-0.651841,30.4618,48.9170,56.6346,-1500.00
9.8500,65.172987,-0.130012,-0.029181,24.3627,49.3417,67.8332,-1500.00
9.8600,65.376361,0.229791,0.608918,16.9538,43.4947,56.7034,-1500.00
9.8700,65.533137,0.351425,0.962693,15.3153,29.2614,29.2214,-1500.00
9.8800,65.689661,0.393710,0.947468,16.0916,15.7005,7.2804,-1500.00
9.8900,65.859032,0.474868,0.713186,17.9420,6.9005,-4.2310,-1500.00
9.9000,66.043990,0.422812,0.427941,18.0436,10.1767,10.2849,-1500.00
9.9100,66.187299,0.103635,0.226459,9.5821,22.5922,8.0786,-1500.00
9.9200,66.236364,-0.257674,0.165053,2.0635,26.6689,-5.3816,-1500.00
9.9300,66.286908,-0.329973,0.262612,9.3214,2.8186,2.7526,-1500.00
9.9400,66.405772,-0.005457,0.427339,12.8747,-4.0895,-2.1417,-1500.00
9.9500,66.515187,0.523172,0.533891,7.8182,12.3587,-12.6575,-1500.00
9.9600,66.595306,1.039712,0.615797,11.2386,12.3015,6.5004,-1500.00
9.9700,66.759536,1.200112,0.949189,22.7192,-5.3464,17.0770,0.00
9.9800,67.060834,1.113873,1.420742,32.9568,2.3775,21.4633,0.00
9.9900,67.374544,1.230106,1.371784,29.0682,28.8193,26.2598,0.00
10.0000,67.630862,1.189776,1.135650,25.5984,37.1835,18.3817,0.00
10.0100,67.980490,0.948143,1.077534,42.4042,2.8350,-2.6067,0.00
10.0200,68.434966,1.000107,1.118203,45.3614,-30.0654,-19.8868,0.00
10.0300,68.780768,1.084480,0.975858,24.2470,-19.1079,-17.7569,0.00
10.0400,68.970470,0.776494,0.798981,15.2945,-7.5628,-8.5557,-1500.00
10.0500,69.092675,0.377184,0.591857,9.3992,0.0448,0.6801,-1500.00
10.0600,69.151572,0.265032,0.267565,2.0382,20.0258,-10.4218,-1500.00
10.0700,69.184328,0.441485,0.090568,6.9386,17.8091,1.8888,-1500.00
10.0800,69.288049,0.504523,0.170390,13.2368,-0.6477,14.5233,-1500.00
10.0900,69.446602,0.388975,0.350149,17.8454,-21.5188,15.5500,-1500.00
10.1000,69.600242,0.287097,0.467054,11.7388,7.7276,6.3166,-1500.00
10.1100,69.673937,0.559464,0.453488,3.1157,46.7578,-0.6067,-1500.00
10.1200,69.718175,0.975019,0.416519,7.7752,36.2628,15.3875,-1500.00
10.1300,69.838867,1.110790,0.464382,16.4214,25.3954,27.7727,0.00
10.1400,70.055418,0.855716,0.495302,26.4961,35.3784,43.5746,-1500.00
10.1500,70.344822,0.230458,0.144443,29.6371,69.6908,63.6456,-1500.00
10.1600,70.623658,-0.573999,-0.547445,25.3613,81.8106,67.5317,-1500.00
10.1700,70.868229,-1.155917,-1.165770,26.1405,60.0966,54.0565,0.00
10.1800,71.175207,-1.115098,-1.431253,35.1254,45.2365,53.0147,0.00
10.1900,71.569868,-0.841326,-0.820027,42.9325,32.0807,66.1005,-1500.00
10.2000,71.921234,-0.586147,-0.279433,25.6105,24.8650,35.9259,-1500.00
10.2100,72.100280,-0.356032,-0.047441,11.4832,31.5110,12.5702,-1500.00
10.2200,72.160775,-0.010918,-0.043442,2.9183,40.7345,-4.2733,-1500.00
10.2300,72.231162,0.271972,0.035027,11.0322,14.5901,21.4475,-1500.00
10.2400,72.378411,0.254958,0.372036,17.6625,-11.2324,44.1266,-1500.00
10.2500,72.528472,0.087763,0.673205,11.4104,6.3956,28.4201,-1500.00
10.2600,72.611838,-0.015135,0.621291,5.8117,20.7006,16.4934,-1500.00
10.2700,72.656773,-0.188352,0.136504,4.6928,12.4087,13.5759,-1500.00
10.2800,72.733664,-0.642128,-0.684755,10.6171,-24.5910,9.5162,-1500.00
10.2900,72.862850,-0.431786,-0.768859,14.1269,-34.1847,-10.8271,-1500.00
10.3000,73.006474,0.035882,-0.234667,15.4415,-20.6298,-30.4873,-1500.00
10.3100,73.222456,0.335818,0.341662,30.3927,-15.3664,-22.6328,-1500.00
10.3200,73.578037,0.404587,0.587971,36.8415,8.4756,7.2077,-1500.00
10.3300,73.887216,0.382519,0.448239,23.4958,32.2019,34.5498,-1500.00
10.3400,74.127977,0.188597,0.173400,28.1601,20.6473,21.5735,-1500.00
10.3500,74.514682,0.274472,0.131688,50.1734,-22.6007,-14.0162,-1500.00
10.3600,74.993353,0.575819,0.359277,38.6197,-17.4451,-32.6984,-1500.00
10.3700,75.261415,0.605986,0.678043,17.5865,3.6672,-32.2378,-1500.00
10.3800,75.396824,0.403977,0.823759,11.3235,7.2321,-1.5312,-1500.00
10.3900,75.496362,0.363005,0.693558,8.5281,2.3662,15.5270,-1500.00
10.4000,75.561420,0.402594,0.335303,5.0867,15.9501,23.7401,-1500.00
10.4100,75.613032,0.149274,-0.037714,5.8919,18.2522,17.1478,-1500.00
10.4200,75.700490,-0.249844,-0.332082,11.9436,4.2152,1.8549,-1500.00
10.4300,75.839530,-0.347124,-0.498447,14.6990,9.4722,12.4700,-1500.00
10.4400,75.970183,-0.083122,-0.442577,10.7968,35.6483,25.3533,-1500.00
10.4500,76.070458,0.317995,-0.148695,10.7226,39.3021,32.7526,-1500.00
10.4600,76.204478,0.688813,0.216796,16.4696,34.2589,43.5211,-1500.00
10.4700,76.403544,1.065235,0.657032,22.5611,44.4071,62.4607,0.00
10.4800,76.639280,0.980829,0.877416,23.2972,75.4901,82.2897,-1500.00
10.4900,76.870524,0.152490,0.164080,24.7305,95.1650,94.3798,-1500.00
10.5000,77.175778,-0.862563,-0.862036,36.7797,97.3788,101.0228,-1500.00
10.5100,77.571070,-1.214347,-1.192845,38.7078,92.4727,90.1371,0.00
10.5200,77.904633,-0.328658,-0.359732,27.4853,80.1303,73.1332,-1500.00
10.5300,78.121266,0.333805,0.200778,17.1272,63.4410,58.4189,-1500.00
10.5400,78.267928,0.645215,0.430564,13.1926,47.4974,47.8858,-1500.00
10.5500,78.395730,0.573782,0.453080,12.7236,35.8593,36.1671,-1500.00
10.5600,78.528485,0.337667,0.353902,14.0477,24.4286,21.0312,-1500.00
10.5700,78.678835,0.112009,0.221171,15.7905,13.7802,8.0088,-1500.00
10.5800,78.835224,-0.122768,0.107909,14.9796,13.4283,1.5342,-1500.00
10.5900,78.972298,-0.343473,0.065191,12.4927,12.2433,0.0257,-1500.00
10.6000,79.085881,-0.368170,0.120029,10.2515,3.4678,5.0365,-1500.00
10.6100,79.172633,-0.114831,0.237253,6.9132,-2.9591,8.4974,-1500.00
10.6200,79.223054,0.315424,0.461395,3.8742,-5.8939,-2.6988,-1500.00
10.6300,79.281936,0.793898,0.878193,9.8787,-17.6693,-16.5939,-1500.00
10.6400,79.457933,1.171189,1.360684,25.7271,-30.0135,-26.2239,0.00
10.6500,79.803172,0.966053,1.018336,41.5579,-41.8585,-44.2795,-1500.00
10.6600,80.216001,0.342063,0.328130,34.7012,-45.9650,-46.1326,-1500.00
10.6700,80.510992,-0.206709,-0.216787,30.1760,-33.5410,-21.3915,-1500.00
10.6800,80.860354,-0.443795,-0.241953,37.9794,-7.8785,11.0351,-1500.00
10.6900,81.219274,-0.417905,-0.052962,31.9069,11.1572,8.4105,-1500.00
10.7000,81.483986,-0.193669,-0.013113,21.9274,33.5638,-6.1546,-1500.00
10.7100,81.680687,0.160650,-0.110267,18.5590,29.0056,-7.7005,-1500.00
10.7200,81.852248,0.284703,-0.207374,15.2871,5.4826,1.8866,-1500.00
10.7300,81.977346,0.228186,-0.213794,9.5735,1.9946,15.0670,-1500.00
10.7400,82.039908,0.305356,0.001619,3.5456,20.7783,33.5820,-1500.00
10.7500,82.073777,0.521475,0.414315,4.2954,24.0147,47.1498,-1500.00
10.7600,82.134570,0.532856,0.765397,7.8739,11.8511,29.9239,-1500.00
10.7700,82.227141,0.650067,0.949809,10.4289,9.6923,1.3322,-1500.00
10.7800,82.350309,0.980235,0.990548,15.0213,-0.4177,-27.9636,-1500.00
10.7900,82.556687,1.060744,0.860274,27.1582,-25.9253,-29.3969,0.00
10.8000,82.867888,0.781087,0.688483,31.2130,-17.9980,-15.7813,-1500.00
10.8100,83.153365,0.686070,0.627424,26.4121,8.7667,3.0033,-1500.00
10.8200,83.418343,0.713502,0.766335,29.0645,21.7389,20.6523,-1500.00
10.8300,83.776936,0.721825,0.891488,41.8069,14.4012,14.6020,-1500.00
10.8400,84.195516,0.787146,0.680243,37.8047,6.0818,2.8287,-1500.00
10.8500,84.507612,0.749755,0.414114,26.0616,2.8265,2.8755,-1500.00
10.8600,84.726977,0.479404,0.324636,17.9445,-10.2182,3.7879,-1500.00
10.8700,84.861130,0.178283,0.303813,9.0266,-11.1115,1.8637,-1500.00
10.8800,84.910966,0.129299,0.269995,3.1014,3.9093,-3.5798,-1500.00
10.8900,84.970839,0.131705,0.288975,9.0263,-2.9486,8.0822,-1500.00
10.9000,85.083966,0.090566,0.405965,12.8387,-4.8166,3.7858,-1500.00
10.9100,85.216614,0.184083,0.486484,13.3225,3.4170,-6.4449,-1500.00
10.9200,85.350357,0.443091,0.439183,13.8602,11.7885,4.1883,-1500.00
10.9300,85.495951,0.510329,0.463886,14.8204,16.7977,16.3422,-1500.00
10.9400,85.628835,0.261955,0.498069,11.2603,40.8359,33.5233,-1500.00
10.9500,85.745584,-0.161877,0.093115,14.6414,60.5088,62.3579,-1500.00
10.9600,85.993888,-0.875167,-0.754109,36.9387,74.7107,100.1983,-1500.00
10.9700,86.412092,-1.216561,-1.246643,41.7941,86.8011,95.1072,0.00
10.9800,86.780747,-0.411245,-0.403289,31.1996,93.2194,81.4561,-1500.00
10.9900,87.096798,0.449576,0.264886,33.8133,88.5301,79.5266,-1500.00
11.0000,87.426148,0.958749,0.482115,30.4292,71.2488,70.5368,-1500.00
11.0100,87.692161,0.658177,0.170989,23.2634,40.9080,42.7684,-1500.00
11.0200,87.894800,0.339939,-0.096339,17.5535,23.1706,16.8300,-1500.00
11.0300,88.045943,0.088632,-0.148005,13.2115,22.3285,-5.6342,-1500.00
11.0400,88.176194,-0.149978,-0.055137,13.7891,12.7411,-14.8594,-1500.00
11.0500,88.323693,-0.245861,0.015569,14.9542,-1.3565,-3.6598,-1500.00
11.0600,88.456117,-0.289004,-0.060469,10.9536,2.1358,11.1860,-1500.00
11.0700,88.535058,-0.274620,-0.143314,4.9454,2.6852,10.6865,-1500.00
11.0800,88.564904,0.041107,0.081702,2.4412,-12.2561,-7.6357,-1500.00
11.0900,88.614416,0.722767,0.678110,8.5341,-31.4886,-34.7923,-1500.00
11.1000,88.766757,1.176546,1.084879,23.5323,-51.5785,-46.5117,0.00
11.1100,89.096681,0.525191,0.547845,38.0475,-52.1765,-40.9775,-1500.00
11.1200,89.427792,-0.166996,-0.164473,29.5557,-46.8122,-45.5927,-1500.00
11.1300,89.762352,-0.766723,-0.689608,38.6557,-40.3432,-18.8445,-1500.00
