t,phi,alpha,theta,phi_dot,alpha_dot,theta_dot,tau
0.0010,0.000000,-0.000000,0.150000,0.0000,0.0000,0.0000,0.00
0.0020,0.000000,-0.000000,0.150000,0.0002,-0.0004,0.0007,0.00
0.0030,0.000000,-0.000001,0.150002,0.0004,-0.0009,0.0015,0.00
0.0040,0.000001,-0.000002,0.150004,0.0006,-0.0013,0.0023,0.00
0.0050,0.000002,-0.000004,0.150006,0.0008,-0.0018,0.0032,0.00
0.0060,0.000003,-0.000006,0.150010,0.0010,-0.0024,0.0041,0.00
0.0070,0.000004,-0.000009,0.150015,0.0012,-0.0030,0.0052,0.00
0.0080,0.000005,-0.000012,0.150021,0.0013,-0.0036,0.0063,0.00
0.0090,0.000007,-0.000016,0.150028,0.0015,-0.0044,0.0076,0.00
0.0100,0.000008,-0.000021,0.150036,0.0016,-0.0052,0.0090,0.00
0.0110,0.000010,-0.000027,0.150047,0.0017,-0.0061,0.0106,0.00
0.0120,0.000011,-0.000034,0.150058,0.0017,-0.0071,0.0123,0.00
0.0130,0.000013,-0.000041,0.150072,0.0017,-0.0082,0.0142,0.00
0.0140,0.000015,-0.000050,0.150087,0.0018,-0.0094,0.0163,0.00
0.0150,0.000017,-0.000060,0.150105,0.0017,-0.0107,0.0186,0.00
0.0160,0.000018,-0.000072,0.150125,0.0017,-0.0121,0.0211,0.00
0.0170,0.000020,-0.000085,0.150148,0.0016,-0.0137,0.0238,0.00
0.0180,0.000021,-0.000100,0.150173,0.0015,-0.0154,0.0267,0.00
0.0190,0.000023,-0.000116,0.150202,0.0013,-0.0172,0.0299,0.00
0.0200,0.000024,-0.000135,0.150234,0.0011,-0.0191,0.0333,0.00
0.0210,0.000025,-0.000155,0.150269,0.0008,-0.0212,0.0370,0.00
0.0220,0.000026,-0.000178,0.150309,0.0006,-0.0235,0.0409,0.00
0.0230,0.000026,-0.000203,0.150352,0.0002,-0.0259,0.0451,0.00
0.0240,0.000026,-0.000230,0.150400,-0.0001,-0.0284,0.0495,0.00
0.0250,0.000026,-0.000260,0.150452,-0.0005,-0.0311,0.0543,0.00
0.0260,0.000025,-0.000293,0.150510,-0.0010,-0.0340,0.0593,0.00
0.0270,0.000023,-0.000329,0.150572,-0.0015,-0.0370,0.0645,0.00
0.0280,0.000022,-0.000368,0.150640,-0.0020,-0.0402,0.0701,0.00
0.0290,0.000019,-0.000411,0.150714,-0.0026,-0.0435,0.0760,0.00
0.0300,0.000016,-0.000456,0.150794,-0.0032,-0.0470,0.0821,0.00
0.0310,0.000013,-0.000506,0.150879,-0.0039,-0.0507,0.0885,0.00
0.0320,0.000008,-0.000559,0.150972,-0.0046,-0.0545,0.0952,0.00
0.0330,0.000003,-0.000616,0.151071,-0.0054,-0.0585,0.1022,0.00
0.0340,-0.000003,-0.000677,0.151178,-0.0062,-0.0627,0.1094,0.00
0.0350,-0.000010,-0.000743,0.151292,-0.0071,-0.0670,0.1170,0.00
0.0360,-0.000017,-0.000812,0.151414,-0.0080,-0.0715,0.1248,0.00
0.0370,-0.000026,-0.000887,0.151544,-0.0089,-0.0761,0.1329,0.00
0.0380,-0.000035,-0.000966,0.151682,-0.0099,-0.0809,0.1413,0.00
0.0390,-0.000046,-0.001050,0.151828,-0.0110,-0.0858,0.1499,0.00
0.0400,-0.000058,-0.001139,0.151983,-0.0121,-0.0909,0.1587,0.00
0.0410,-0.000070,-0.001234,0.152148,-0.0132,-0.0962,0.1679,0.00
0.0420,-0.000084,-0.001333,0.152321,-0.0143,-0.1016,0.1772,0.00
0.0430,-0.000099,-0.001438,0.152504,-0.0155,-0.1071,0.1868,0.00
0.0440,-0.000116,-0.001549,0.152697,-0.0168,-0.1127,0.1967,0.00
0.0450,-0.000133,-0.001665,0.152900,-0.0181,-0.1185,0.2067,0.00
0.0460,-0.000152,-0.001788,0.153113,-0.0194,-0.1244,0.2170,0.00
0.0470,-0.000172,-0.001916,0.153336,-0.0207,-0.1305,0.2274,0.00
0.0480,-0.000194,-0.002050,0.153570,-0.0221,-0.1366,0.2381,0.00
0.0490,-0.000217,-0.002191,0.153815,-0.0236,-0.1429,0.2489,0.00
0.0500,-0.000241,-0.002338,0.154071,-0.0250,-0.1493,0.2599,0.00
0.0510,-0.000267,-0.002491,0.154337,-0.0265,-0.1558,0.2710,0.00
0.0520,-0.000295,-0.002651,0.154615,-0.0280,-0.1623,0.2823,0.00
0.0530,-0.000324,-0.002818,0.154905,-0.0296,-0.1690,0.2938,0.00
0.0540,-0.000354,-0.002991,0.155206,-0.0311,-0.1757,0.3053,0.00
0.0550,-0.000386,-0.003171,0.155518,-0.0327,-0.1825,0.3170,0.00
0.0560,-0.000420,-0.003358,0.155842,-0.0343,-0.1894,0.3287,0.00
0.0570,-0.000456,-0.003552,0.156178,-0.0360,-0.1964,0.3405,0.00
0.0580,-0.000493,-0.003752,0.156526,-0.0376,-0.2034,0.3524,0.00
0.0590,-0.000531,-0.003960,0.156886,-0.0393,-0.2104,0.3644,0.00
0.0600,-0.000572,-0.004175,0.157258,-0.0410,-0.2175,0.3764,0.00
0.0610,-0.000614,-0.004397,0.157642,-0.0426,-0.2246,0.3884,0.00
0.0620,-0.000657,-0.004626,0.158038,-0.0443,-0.2317,0.4004,0.00
0.0630,-0.000703,-0.004862,0.158446,-0.0460,-0.2389,0.4125,0.00
0.0640,-0.000750,-0.005105,0.158866,-0.0477,-0.2460,0.4245,0.00
0.0650,-0.000799,-0.005356,0.159298,-0.0494,-0.2532,0.4365,0.00
0.0660,-0.000849,-0.005613,0.159742,-0.0512,-0.2603,0.4484,0.00
0.0670,-0.000901,-0.005878,0.160198,-0.0529,-0.2675,0.4603,0.00
0.0680,-0.000955,-0.006150,0.160665,-0.0546,-0.2745,0.4721,0.00
0.0690,-0.001011,-0.006429,0.161145,-0.0562,-0.2816,0.4838,0.00
0.0700,-0.001068,-0.006715,0.161636,-0.0579,-0.2886,0.4954,0.00
0.0710,-0.001127,-0.007008,0.162139,-0.0596,-0.2956,0.5069,0.00
0.0720,-0.001188,-0.007308,0.162653,-0.0612,-0.3025,0.5182,0.00
0.0730,-0.001250,-0.007614,0.163178,-0.0628,-0.3093,0.5295,0.00
0.0740,-0.001314,-0.007928,0.163715,-0.0644,-0.3160,0.5405,0.00
0.0750,-0.001379,-0.008248,0.164262,-0.0660,-0.3227,0.5514,0.00
0.0760,-0.001446,-0.008575,0.164820,-0.0676,-0.3293,0.5621,0.00
0.0770,-0.001515,-0.008908,0.165389,-0.0691,-0.3357,0.5727,0.00
0.0780,-0.001585,-0.009248,0.165968,-0.0706,-0.3421,0.5830,0.00
0.0790,-0.001656,-0.009594,0.166558,-0.0720,-0.3483,0.5931,0.00
0.0800,-0.001729,-0.009946,0.167157,-0.0735,-0.3544,0.6029,0.00
0.0810,-0.001803,-0.010304,0.167766,-0.0748,-0.3603,0.6126,0.00
0.0820,-0.001879,-0.010668,0.168385,-0.0762,-0.3661,0.6219,0.00
0.0830,-0.001956,-0.011037,0.169012,-0.0775,-0.3717,0.6310,0.00
0.0840,-0.002034,-0.011412,0.169649,-0.0787,-0.3772,0.6399,0.00
0.0850,-0.002114,-0.011793,0.170294,-0.0799,-0.3826,0.6485,0.00
0.0860,-0.002194,-0.012179,0.170948,-0.0810,-0.3877,0.6568,0.00
0.0870,-0.002276,-0.012569,0.171610,-0.0821,-0.3927,0.6648,0.00
0.0880,-0.002359,-0.012965,0.172280,-0.0832,-0.3975,0.6725,0.00
0.0890,-0.002443,-0.013365,0.172957,-0.0841,-0.4021,0.6799,0.00
0.0900,-0.002527,-0.013770,0.173641,-0.0851,-0.4065,0.6870,0.00
0.0910,-0.002613,-0.014179,0.174333,-0.0859,-0.4107,0.6938,0.00
0.0920,-0.002699,-0.014592,0.175031,-0.0867,-0.4147,0.7003,0.00
0.0930,-0.002787,-0.015009,0.175735,-0.0875,-0.4185,0.7065,0.00
0.0940,-0.002874,-0.015430,0.176445,-0.0881,-0.4221,0.7124,0.00
0.0950,-0.002963,-0.015854,0.177161,-0.0888,-0.4255,0.7179,0.00
0.0960,-0.003052,-0.016282,0.177882,-0.0893,-0.4287,0.7232,0.00
0.0970,-0.003142,-0.016713,0.178609,-0.0898,-0.4317,0.7281,0.00
0.0980,-0.003232,-0.017146,0.179340,-0.0902,-0.4345,0.7328,0.00
0.0990,-0.003322,-0.017582,0.180075,-0.0906,-0.4370,0.7371,0.00
0.1000,-0.003413,-0.018021,0.180815,-0.0909,-0.4394,0.7411,0.00
0.1010,-0.003504,-0.018461,0.181558,-0.0912,-0.4416,0.7449,0.00
0.1020,-0.003595,-0.018904,0.182305,-0.0913,-0.4436,0.7483,0.00
0.1030,-0.003687,-0.019349,0.183056,-0.0915,-0.4454,0.7515,0.00
0.1040,-0.003778,-0.019795,0.183809,-0.0915,-0.4470,0.7545,0.00
0.1050,-0.003870,-0.020243,0.184565,-0.0916,-0.4484,0.7571,0.00
0.1060,-0.003961,-0.020693,0.185324,-0.0915,-0.4497,0.7596,0.00
0.1070,-0.004053,-0.021143,0.186085,-0.0914,-0.4508,0.7617,0.00
0.1080,-0.004144,-0.021594,0.186848,-0.0913,-0.4517,0.7637,0.00
0.1090,-0.004235,-0.022047,0.187612,-0.0911,-0.4525,0.7655,0.00
0.1100,-0.004326,-0.022499,0.188379,-0.0909,-0.4531,0.7670,0.00
0.1110,-0.004417,-0.022953,0.189147,-0.0906,-0.4536,0.7684,0.00
0.1120,-0.004507,-0.023407,0.189916,-0.0903,-0.4541,0.7696,0.00
0.1130,-0.004597,-0.023861,0.190686,-0.0899,-0.4544,0.7707,0.00
0.1140,-0.004687,-0.024316,0.191458,-0.0895,-0.4546,0.7717,0.00
0.1150,-0.004776,-0.024770,0.192230,-0.0891,-0.4547,0.7725,0.00
0.1160,-0.004865,-0.025225,0.193003,-0.0887,-0.4548,0.7732,0.00
0.1170,-0.004954,-0.025680,0.193776,-0.0883,-0.4548,0.7739,0.00
0.1180,-0.005042,-0.026135,0.194551,-0.0878,-0.4547,0.7745,0.00
0.1190,-0.005129,-0.026589,0.195325,-0.0873,-0.4547,0.7751,0.00
0.1200,-0.005216,-0.027044,0.196101,-0.0869,-0.4546,0.7757,0.00
0.1210,-0.005303,-0.027499,0.196877,-0.0864,-0.4546,0.7762,0.00
0.1220,-0.005389,-0.027953,0.197654,-0.0859,-0.4546,0.7768,0.00
0.1230,-0.005475,-0.028408,0.198431,-0.0855,-0.4546,0.7775,0.00
0.1240,-0.005560,-0.028863,0.199209,-0.0850,-0.4547,0.7782,0.00
0.1250,-0.005644,-0.029317,0.199987,-0.0846,-0.4548,0.7790,0.00
0.1260,-0.005729,-0.029772,0.200767,-0.0842,-0.4551,0.7799,0.00
0.1270,-0.005813,-0.030227,0.201548,-0.0838,-0.4554,0.7810,0.00
0.1280,-0.005896,-0.030683,0.202329,-0.0835,-0.4559,0.7822,0.00
0.1290,-0.005980,-0.031139,0.203112,-0.0832,-0.4565,0.7835,0.00
0.1300,-0.006063,-0.031596,0.203897,-0.0830,-0.4573,0.7851,0.00
0.1310,-0.006146,-0.032054,0.204683,-0.0828,-0.4582,0.7869,0.00
0.1320,-0.006228,-0.032513,0.205471,-0.0827,-0.4593,0.7889,0.00
0.1330,-0.006311,-0.032973,0.206262,-0.0826,-0.4607,0.7912,0.00
0.1340,-0.006394,-0.033435,0.207054,-0.0826,-0.4622,0.7937,0.00
0.1350,-0.006476,-0.033898,0.207850,-0.0827,-0.4640,0.7966,0.00
0.1360,-0.006559,-0.034363,0.208649,-0.0828,-0.4661,0.7997,0.00
0.1370,-0.006642,-0.034831,0.209450,-0.0830,-0.4684,0.8032,0.00
0.1380,-0.006725,-0.035301,0.210256,-0.0834,-0.4710,0.8070,0.00
0.1390,-0.006809,-0.035773,0.211066,-0.0838,-0.4738,0.8112,0.00
0.1400,-0.006893,-0.036249,0.211880,-0.0843,-0.4770,0.8157,0.00
0.1410,-0.006977,-0.036728,0.212698,-0.0849,-0.4805,0.8206,0.00
0.1420,-0.007063,-0.037211,0.213522,-0.0856,-0.4843,0.8260,0.00
0.1430,-0.007149,-0.037698,0.214352,-0.0864,-0.4885,0.8317,0.00
0.1440,-0.007236,-0.038189,0.215187,-0.0873,-0.4930,0.8379,0.00
0.1450,-0.007324,-0.038685,0.216029,-0.0884,-0.4979,0.8445,0.00
0.1460,-0.007413,-0.039186,0.216878,-0.0895,-0.5031,0.8515,0.00
0.1470,-0.007503,-0.039693,0.217734,-0.0908,-0.5087,0.8590,0.00
0.1480,-0.007595,-0.040205,0.218598,-0.0922,-0.5147,0.8669,0.00
0.1490,-0.007688,-0.040724,0.219470,-0.0937,-0.5210,0.8753,0.00
0.1500,-0.007783,-0.041249,0.220351,-0.0953,-0.5278,0.8842,0.00
0.1510,-0.007879,-0.041781,0.221241,-0.0971,-0.5349,0.8935,0.00
0.1520,-0.007977,-0.042321,0.222141,-0.0990,-0.5425,0.9033,0.00
0.1530,-0.008078,-0.042868,0.223050,-0.1010,-0.5504,0.9135,0.00
0.1540,-0.008180,-0.043424,0.223970,-0.1031,-0.5587,0.9243,0.00
0.1550,-0.008284,-0.043988,0.224902,-0.1054,-0.5674,0.9354,0.00
0.1560,-0.008391,-0.044561,0.225844,-0.1078,-0.5766,0.9471,0.00
0.1570,-0.008501,-0.045143,0.226799,-0.1103,-0.5861,0.9592,0.00
0.1580,-0.008613,-0.045735,0.227766,-0.1130,-0.5960,0.9718,0.00
0.1590,-0.008727,-0.046338,0.228746,-0.1158,-0.6062,0.9848,0.00
0.1600,-0.008845,-0.046951,0.229739,-0.1187,-0.6169,0.9982,0.00
0.1610,-0.008966,-0.047574,0.230745,-0.1217,-0.6279,1.0121,0.00
0.1620,-0.009089,-0.048209,0.231766,-0.1249,-0.6393,1.0264,0.00
0.1630,-0.009216,-0.048856,0.232802,-0.1281,-0.6510,1.0411,0.00
0.1640,-0.009346,-0.049515,0.233852,-0.1315,-0.6631,1.0561,0.00
0.1650,-0.009480,-0.050185,0.234918,-0.1350,-0.6755,1.0716,0.00
0.1660,-0.009617,-0.050869,0.235999,-0.1386,-0.6883,1.0874,0.00
0.1670,-0.009758,-0.051565,0.237097,-0.1423,-0.7013,1.1036,0.00
0.1680,-0.009903,-0.052275,0.238210,-0.1461,-0.7147,1.1201,0.00
0.1690,-0.010051,-0.052998,0.239341,-0.1500,-0.7283,1.1368,0.00
0.1700,-0.010204,-0.053735,0.240488,-0.1540,-0.7422,1.1539,0.00
0.1710,-0.010360,-0.054486,0.241653,-0.1581,-0.7563,1.1713,0.00
0.1720,-0.010521,-0.055251,0.242835,-0.1622,-0.7707,1.1889,0.00
0.1730,-0.010686,-0.056031,0.244035,-0.1665,-0.7853,1.2067,0.00
0.1740,-0.010855,-0.056826,0.245253,-0.1708,-0.8000,1.2247,0.00
0.1750,-0.011029,-0.057635,0.246489,-0.1751,-0.8150,1.2428,0.00
0.1760,-0.011206,-0.058459,0.247743,-0.1795,-0.8301,1.2612,0.00
0.1770,-0.011389,-0.059299,0.249016,-0.1840,-0.8453,1.2796,0.00
0.1780,-0.011575,-0.060154,0.250307,-0.1885,-0.8606,1.2982,0.00
0.1790,-0.011767,-0.061024,0.251617,-0.1930,-0.8760,1.3168,0.00
0.1800,-0.011963,-0.061910,0.252945,-0.1976,-0.8915,1.3354,0.00
0.1810,-0.012163,-0.062811,0.254293,-0.2021,-0.9070,1.3541,0.00
0.1820,-0.012368,-0.063728,0.255658,-0.2067,-0.9226,1.3727,0.00
0.1830,-0.012578,-0.064660,0.257043,-0.2113,-0.9381,1.3913,0.00
0.1840,-0.012792,-0.065608,0.258446,-0.2159,-0.9535,1.4099,0.00
0.1850,-0.013011,-0.066571,0.259867,-0.2205,-0.9690,1.4283,0.00
0.1860,-0.013234,-0.067549,0.261307,-0.2250,-0.9843,1.4466,0.00
0.1870,-0.013462,-0.068543,0.262765,-0.2295,-0.9995,1.4647,0.00
0.1880,-0.013694,-0.069552,0.264241,-0.2340,-1.0146,1.4826,0.00
0.1890,-0.013931,-0.070576,0.265734,-0.2384,-1.0295,1.5003,0.00
0.1900,-0.014172,-0.071615,0.267246,-0.2428,-1.0442,1.5178,0.00
0.1910,-0.014417,-0.072668,0.268774,-0.2471,-1.0587,1.5350,0.00
0.1920,-0.014667,-0.073736,0.270320,-0.2513,-1.0729,1.5518,0.00
0.1930,-0.014921,-0.074817,0.271882,-0.2554,-1.0869,1.5684,0.00
0.1940,-0.015179,-0.075913,0.273461,-0.2594,-1.1006,1.5846,0.00
0.1950,-0.015441,-0.077022,0.275055,-0.2634,-1.1140,1.6004,0.00
0.1960,-0.015707,-0.078144,0.276665,-0.2672,-1.1270,1.6158,0.00
0.1970,-0.015976,-0.079279,0.278290,-0.2709,-1.1397,1.6307,0.00
0.1980,-0.016249,-0.080427,0.279930,-0.2745,-1.1520,1.6452,0.00
0.1990,-0.016526,-0.081586,0.281584,-0.2780,-1.1639,1.6592,0.00
0.2000,-0.016806,-0.082757,0.283252,-0.2813,-1.1753,1.6727,0.00
0.2010,-0.017089,-0.083940,0.284933,-0.2845,-1.1863,1.6857,0.00
0.2020,-0.017376,-0.085133,0.286626,-0.2875,-1.1969,1.6982,0.00
0.2030,-0.017665,-0.086336,0.288332,-0.2904,-1.2069,1.7101,0.00
0.2040,-0.017957,-0.087549,0.290049,-0.2931,-1.2165,1.7214,0.00
0.2050,-0.018252,-0.088771,0.291777,-0.2956,-1.2256,1.7322,0.00
0.2060,-0.018549,-0.090002,0.293516,-0.2980,-1.2341,1.7424,0.00
0.2070,-0.018848,-0.091242,0.295264,-0.3001,-1.2421,1.7519,0.00
0.2080,-0.019150,-0.092488,0.297022,-0.3021,-1.2496,1.7609,0.00
0.2090,-0.019453,-0.093743,0.298788,-0.3040,-1.2565,1.7692,0.00
0.2100,-0.019758,-0.095003,0.300562,-0.3056,-1.2629,1.7770,0.00
0.2110,-0.020064,-0.096270,0.302343,-0.3070,-1.2687,1.7841,0.00
0.2120,-0.020372,-0.097542,0.304132,-0.3083,-1.2740,1.7906,0.00
0.2130,-0.020681,-0.098819,0.305926,-0.3094,-1.2787,1.7965,0.00
0.2140,-0.020991,-0.100101,0.307725,-0.3103,-1.2829,1.8017,0.00
0.2150,-0.021302,-0.101386,0.309530,-0.3110,-1.2865,1.8064,0.00
0.2160,-0.021613,-0.102675,0.311339,-0.3115,-1.2896,1.8105,0.00
0.2170,-0.021925,-0.103966,0.313152,-0.3118,-1.2921,1.8140,0.00
0.2180,-0.022237,-0.105260,0.314967,-0.3120,-1.2942,1.8169,0.00
0.2190,-0.022549,-0.106555,0.316786,-0.3120,-1.2957,1.8193,0.00
0.2200,-0.022861,-0.107851,0.318606,-0.3118,-1.2967,1.8212,0.00
0.2210,-0.023172,-0.109149,0.320428,-0.3114,-1.2973,1.8226,0.00
0.2220,-0.023483,-0.110446,0.322251,-0.3109,-1.2975,1.8234,0.00
0.2230,-0.023794,-0.111744,0.324075,-0.3103,-1.2972,1.8238,0.00
0.2240,-0.024104,-0.113040,0.325899,-0.3095,-1.2965,1.8238,0.00
0.2250,-0.024413,-0.114336,0.327722,-0.3085,-1.2954,1.8234,0.00
0.2260,-0.024720,-0.115631,0.329545,-0.3075,-1.2940,1.8226,0.00
0.2270,-0.025027,-0.116924,0.331367,-0.3063,-1.2922,1.8215,0.00
0.2280,-0.025333,-0.118215,0.333187,-0.3051,-1.2902,1.8200,0.00
0.2290,-0.025637,-0.119504,0.335006,-0.3037,-1.2879,1.8183,0.00
0.2300,-0.025940,-0.120790,0.336823,-0.3022,-1.2854,1.8163,0.00
0.2310,-0.026241,-0.122074,0.338638,-0.3007,-1.2827,1.8142,0.00
0.2320,-0.026541,-0.123355,0.340451,-0.2992,-1.2799,1.8119,0.00
0.2330,-0.026839,-0.124633,0.342261,-0.2975,-1.2769,1.8094,0.00
0.2340,-0.027135,-0.125908,0.344069,-0.2959,-1.2739,1.8069,0.00
0.2350,-0.027430,-0.127180,0.345874,-0.2942,-1.2708,1.8044,0.00
0.2360,-0.027724,-0.128449,0.347677,-0.2926,-1.2678,1.8018,0.00
0.2370,-0.028015,-0.129715,0.349477,-0.2909,-1.2648,1.7993,0.00
0.2380,-0.028305,-0.130978,0.351275,-0.2893,-1.2619,1.7969,0.00
0.2390,-0.028593,-0.132238,0.353071,-0.2877,-1.2591,1.7947,0.00
0.2400,-0.028880,-0.133496,0.354864,-0.2861,-1.2565,1.7926,0.00
0.2410,-0.029165,-0.134750,0.356655,-0.2847,-1.2541,1.7907,0.00
0.2420,-0.029449,-0.136003,0.358445,-0.2833,-1.2519,1.7891,0.00
0.2430,-0.029731,-0.137254,0.360233,-0.2820,-1.2501,1.7878,0.00
0.2440,-0.030013,-0.138503,0.362021,-0.2808,-1.2485,1.7868,0.00
0.2450,-0.030293,-0.139750,0.363807,-0.2797,-1.2474,1.7862,0.00
0.2460,-0.030572,-0.140997,0.365593,-0.2788,-1.2466,1.7860,0.00
0.2470,-0.030850,-0.142244,0.367379,-0.2780,-1.2463,1.7863,0.00
0.2480,-0.031128,-0.143490,0.369166,-0.2774,-1.2465,1.7871,0.00
0.2490,-0.031405,-0.144737,0.370954,-0.2770,-1.2472,1.7884,0.00
0.2500,-0.031682,-0.145985,0.372744,-0.2767,-1.2485,1.7902,0.00
0.2510,-0.031958,-0.147234,0.374536,-0.2767,-1.2503,1.7927,0.00
0.2520,-0.032235,-0.148486,0.376330,-0.2768,-1.2527,1.7957,0.00
0.2530,-0.032512,-0.149740,0.378128,-0.2772,-1.2557,1.7995,0.00
0.2540,-0.032790,-0.150998,0.379931,-0.2778,-1.2594,1.8038,0.00
0.2550,-0.033068,-0.152260,0.381738,-0.2786,-1.2638,1.8089,0.00
0.2560,-0.033347,-0.153527,0.383550,-0.2797,-1.2689,1.8146,0.00
0.2570,-0.033628,-0.154799,0.385369,-0.2811,-1.2747,1.8211,0.00
0.2580,-0.033910,-0.156078,0.387194,-0.2826,-1.2812,1.8283,0.00
0.2590,-0.034194,-0.157363,0.389028,-0.2845,-1.2884,1.8363,0.00
0.2600,-0.034479,-0.158656,0.390870,-0.2866,-1.2964,1.8450,0.00
0.2610,-0.034767,-0.159958,0.392720,-0.2890,-1.3051,1.8544,0.00
0.2620,-0.035058,-0.161269,0.394581,-0.2916,-1.3146,1.8647,0.00
0.2630,-0.035351,-0.162590,0.396453,-0.2945,-1.3248,1.8757,0.00
0.2640,-0.035648,-0.163921,0.398336,-0.2977,-1.3358,1.8874,0.00
0.2650,-0.035948,-0.165264,0.400231,-0.3011,-1.3475,1.8999,0.00
0.2660,-0.036251,-0.166619,0.402139,-0.3049,-1.3600,1.9131,0.00
0.2670,-0.036558,-0.167987,0.404060,-0.3088,-1.3732,1.9270,0.00
0.2680,-0.036870,-0.169369,0.405997,-0.3131,-1.3871,1.9417,0.00
0.2690,-0.037186,-0.170765,0.407948,-0.3175,-1.4017,1.9570,0.00
0.2700,-0.037506,-0.172176,0.409915,-0.3223,-1.4169,1.9730,0.00
0.2710,-0.037832,-0.173603,0.411898,-0.3272,-1.4328,1.9896,0.00
0.2720,-0.038162,-0.175046,0.413898,-0.3324,-1.4493,2.0068,0.00
0.2730,-0.038498,-0.176506,0.415916,-0.3378,-1.4664,2.0247,0.00
0.2740,-0.038839,-0.177983,0.417952,-0.3434,-1.4841,2.0430,0.00
0.2750,-0.039186,-0.179479,0.420007,-0.3492,-1.5023,2.0619,0.00
0.2760,-0.039539,-0.180993,0.422081,-0.3552,-1.5209,2.0812,0.00
0.2770,-0.039898,-0.182525,0.424174,-0.3614,-1.5400,2.1010,0.00
0.2780,-0.040263,-0.184078,0.426288,-0.3677,-1.5595,2.1212,0.00
0.2790,-0.040635,-0.185649,0.428422,-0.3741,-1.5794,2.1416,0.00
0.2800,-0.041013,-0.187241,0.430576,-0.3807,-1.5995,2.1624,0.00
0.2810,-0.041398,-0.188854,0.432752,-0.3874,-1.6200,2.1835,0.00
0.2820,-0.041790,-0.190486,0.434948,-0.3942,-1.6406,2.2047,0.00
0.2830,-0.042188,-0.192140,0.437166,-0.4010,-1.6614,2.2261,0.00
0.2840,-0.042594,-0.193814,0.439406,-0.4079,-1.6823,2.2475,0.00
0.2850,-0.043006,-0.195510,0.441667,-0.4148,-1.7033,2.2690,0.00
0.2860,-0.043425,-0.197226,0.443949,-0.4218,-1.7243,2.2905,0.00
0.2870,-0.043851,-0.198964,0.446253,-0.4287,-1.7452,2.3119,0.00
0.2880,-0.044284,-0.200722,0.448578,-0.4356,-1.7660,2.3331,0.00
0.2890,-0.044724,-0.202501,0.450925,-0.4425,-1.7866,2.3542,0.00
0.2900,-0.045171,-0.204300,0.453292,-0.4493,-1.8070,2.3750,0.00
0.2910,-0.045624,-0.206120,0.455680,-0.4560,-1.8272,2.3956,0.00
0.2920,-0.046085,-0.207959,0.458088,-0.4626,-1.8470,2.4158,0.00
0.2930,-0.046551,-0.209819,0.460516,-0.4691,-1.8664,2.4356,0.00
0.2940,-0.047024,-0.211697,0.462964,-0.4754,-1.8854,2.4549,0.00
0.2950,-0.047504,-0.213594,0.465431,-0.4816,-1.9039,2.4737,0.00
0.2960,-0.047989,-0.215509,0.467916,-0.4875,-1.9218,2.4919,0.00
0.2970,-0.048480,-0.217442,0.470419,-0.4933,-1.9392,2.5096,0.00
0.2980,-0.048977,-0.219392,0.472939,-0.4989,-1.9559,2.5266,0.00
0.2990,-0.049479,-0.221358,0.475476,-0.5042,-1.9719,2.5429,0.00
0.3000,-0.049986,-0.223339,0.478029,-0.5092,-1.9872,2.5585,0.00
0.3010,-0.050499,-0.225336,0.480597,-0.5140,-2.0017,2.5733,0.00
0.3020,-0.051015,-0.227346,0.483179,-0.5185,-2.0154,2.5872,0.00
0.3030,-0.051537,-0.229370,0.485774,-0.5227,-2.0283,2.6004,0.00
0.3040,-0.052062,-0.231406,0.488382,-0.5266,-2.0403,2.6127,0.00
0.3050,-0.052591,-0.233453,0.491002,-0.5301,-2.0514,2.6240,0.00
0.3060,-0.053123,-0.235511,0.493633,-0.5333,-2.0615,2.6345,0.00
0.3070,-0.053658,-0.237578,0.496274,-0.5362,-2.0708,2.6440,0.00
0.3080,-0.054196,-0.239654,0.498923,-0.5388,-2.0790,2.6526,0.00
0.3090,-0.054736,-0.241738,0.501580,-0.5409,-2.0863,2.6603,0.00
0.3100,-0.055278,-0.243829,0.504245,-0.5428,-2.0926,2.6669,0.00
0.3110,-0.055822,-0.245925,0.506916,-0.5442,-2.0979,2.6727,0.00
0.3120,-0.056367,-0.248026,0.509591,-0.5453,-2.1022,2.6774,0.00
0.3130,-0.056912,-0.250130,0.512271,-0.5460,-2.1056,2.6812,0.00
0.3140,-0.057459,-0.252238,0.514954,-0.5464,-2.1080,2.6841,0.00
0.3150,-0.058005,-0.254347,0.517639,-0.5464,-2.1094,2.6860,0.00
0.3160,-0.058551,-0.256457,0.520326,-0.5461,-2.1099,2.6871,0.00
0.3170,-0.059097,-0.258566,0.523013,-0.5454,-2.1095,2.6872,0.00
0.3180,-0.059642,-0.260675,0.525700,-0.5444,-2.1081,2.6866,0.00
0.3190,-0.060185,-0.262782,0.528386,-0.5431,-2.1060,2.6851,0.00
0.3200,-0.060727,-0.264887,0.531069,-0.5414,-2.1030,2.6828,0.00
0.3210,-0.061268,-0.266987,0.533750,-0.5395,-2.0992,2.6798,0.00
0.3220,-0.061806,-0.269084,0.536427,-0.5373,-2.0947,2.6760,0.00
0.3230,-0.062342,-0.271176,0.539101,-0.5348,-2.0895,2.6717,0.00
0.3240,-0.062875,-0.273262,0.541769,-0.5321,-2.0837,2.6667,0.00
0.3250,-0.063405,-0.275342,0.544432,-0.5291,-2.0773,2.6612,0.00
0.3260,-0.063932,-0.277415,0.547090,-0.5260,-2.0704,2.6552,0.00
0.3270,-0.064456,-0.279481,0.549741,-0.5226,-2.0630,2.6488,0.00
0.3280,-0.064976,-0.281539,0.552385,-0.5191,-2.0552,2.6420,0.00
0.3290,-0.065493,-0.283589,0.555023,-0.5155,-2.0471,2.6348,0.00
0.3300,-0.066006,-0.285631,0.557653,-0.5117,-2.0387,2.6275,0.00
0.3310,-0.066516,-0.287664,0.560276,-0.5079,-2.0301,2.6199,0.00
0.3320,-0.067021,-0.289689,0.562891,-0.5040,-2.0213,2.6123,0.00
0.3330,-0.067523,-0.291705,0.565499,-0.5000,-2.0125,2.6046,0.00
0.3340,-0.068020,-0.293712,0.568098,-0.4961,-2.0038,2.5969,0.00
0.3350,-0.068514,-0.295710,0.570690,-0.4922,-1.9951,2.5893,0.00
0.3360,-0.069004,-0.297700,0.573275,-0.4883,-1.9865,2.5818,0.00
0.3370,-0.069490,-0.299681,0.575852,-0.4845,-1.9782,2.5746,0.00
0.3380,-0.069972,-0.301654,0.578423,-0.4808,-1.9702,2.5676,0.00
0.3390,-0.070450,-0.303620,0.580986,-0.4773,-1.9625,2.5610,0.00
0.3400,-0.070926,-0.305578,0.583543,-0.4739,-1.9553,2.5548,0.00
0.3410,-0.071397,-0.307529,0.586094,-0.4706,-1.9486,2.5490,0.00
0.3420,-0.071866,-0.309473,0.588640,-0.4676,-1.9424,2.5437,0.00
0.3430,-0.072332,-0.311412,0.591181,-0.4648,-1.9369,2.5391,0.00
0.3440,-0.072795,-0.313346,0.593718,-0.4622,-1.9320,2.5350,0.00
0.3450,-0.073256,-0.315275,0.596251,-0.4599,-1.9278,2.5316,0.00
0.3460,-0.073715,-0.317200,0.598780,-0.4579,-1.9244,2.5290,0.00
0.3470,-0.074171,-0.319123,0.601308,-0.4563,-1.9219,2.5271,0.00
0.3480,-0.074627,-0.321044,0.603835,-0.4549,-1.9202,2.5259,0.00
0.3490,-0.075081,-0.322963,0.606360,-0.4539,-1.9194,2.5256,0.00
0.3500,-0.075534,-0.324882,0.608886,-0.4532,-1.9196,2.5262,0.00
0.3510,-0.075987,-0.326803,0.611413,-0.4529,-1.9207,2.5276,0.00
0.3520,-0.076440,-0.328724,0.613942,-0.4529,-1.9228,2.5299,0.00
0.3530,-0.076893,-0.330649,0.616474,-0.4534,-1.9259,2.5331,0.00
0.3540,-0.077347,-0.332577,0.619010,-0.4542,-1.9300,2.5372,0.00
0.3550,-0.077802,-0.334510,0.621550,-0.4554,-1.9351,2.5423,0.00
0.3560,-0.078259,-0.336449,0.624096,-0.4570,-1.9413,2.5482,0.00
0.3570,-0.078717,-0.338394,0.626648,-0.4590,-1.9485,2.5551,0.00
0.3580,-0.079177,-0.340348,0.629208,-0.4614,-1.9566,2.5628,0.00
0.3590,-0.079640,-0.342310,0.631776,-0.4642,-1.9658,2.5715,0.00
0.3600,-0.080107,-0.344282,0.634354,-0.4673,-1.9760,2.5810,0.00
0.3610,-0.080576,-0.346265,0.636941,-0.4709,-1.9871,2.5913,0.00
0.3620,-0.081049,-0.348259,0.639539,-0.4747,-1.9991,2.6024,0.00
0.3630,-0.081527,-0.350266,0.642149,-0.4790,-2.0120,2.6144,0.00
0.3640,-0.082008,-0.352287,0.644771,-0.4835,-2.0257,2.6270,0.00
0.3650,-0.082495,-0.354321,0.647406,-0.4884,-2.0403,2.6403,0.00
0.3660,-0.082987,-0.356371,0.650055,-0.4935,-2.0555,2.6543,0.00
0.3670,-0.083483,-0.358436,0.652718,-0.4990,-2.0715,2.6688,0.00
0.3680,-0.083986,-0.360518,0.655397,-0.5047,-2.0881,2.6839,0.00
0.3690,-0.084494,-0.362617,0.658090,-0.5106,-2.1053,2.6995,0.00
0.3700,-0.085009,-0.364733,0.660799,-0.5167,-2.1230,2.7155,0.00
0.3710,-0.085529,-0.366867,0.663525,-0.5230,-2.1411,2.7318,0.00
0.3720,-0.086056,-0.369020,0.666267,-0.5294,-2.1596,2.7485,0.00
0.3730,-0.086590,-0.371191,0.669026,-0.5360,-2.1784,2.7653,0.00
0.3740,-0.087130,-0.373381,0.671802,-0.5427,-2.1974,2.7823,0.00
0.3750,-0.087677,-0.375591,0.674595,-0.5494,-2.2165,2.7994,0.00
0.3760,-0.088230,-0.377819,0.677405,-0.5562,-2.2357,2.8165,0.00
0.3770,-0.088791,-0.380067,0.680232,-0.5630,-2.2550,2.8336,0.00
0.3780,-0.089358,-0.382334,0.683076,-0.5697,-2.2741,2.8506,0.00
0.3790,-0.089932,-0.384620,0.685937,-0.5764,-2.2931,2.8673,0.00
0.3800,-0.090513,-0.386924,0.688815,-0.5830,-2.3118,2.8838,0.00
0.3810,-0.091100,-0.389248,0.691709,-0.5895,-2.3302,2.9000,0.00
0.3820,-0.091693,-0.391589,0.694619,-0.5959,-2.3482,2.9158,0.00
0.3830,-0.092293,-0.393948,0.697544,-0.6020,-2.3657,2.9311,0.00
0.3840,-0.092899,-0.396325,0.700485,-0.6080,-2.3827,2.9460,0.00
0.3850,-0.093510,-0.398718,0.703440,-0.6138,-2.3991,2.9602,0.00
0.3860,-0.094128,-0.401127,0.706409,-0.6193,-2.4149,2.9739,0.00
0.3870,-0.094750,-0.403551,0.709391,-0.6245,-2.4299,2.9869,0.00
0.3880,-0.095378,-0.405990,0.712386,-0.6294,-2.4441,2.9991,0.00
0.3890,-0.096010,-0.408443,0.715392,-0.6340,-2.4575,3.0106,0.00
0.3900,-0.096647,-0.410908,0.718409,-0.6382,-2.4701,3.0213,0.00
0.3910,-0.097287,-0.413386,0.721437,-0.6421,-2.4816,3.0312,0.00
0.3920,-0.097932,-0.415874,0.724474,-0.6456,-2.4923,3.0402,0.00
0.3930,-0.098579,-0.418373,0.727520,-0.6487,-2.5019,3.0484,0.00
0.3940,-0.099230,-0.420880,0.730573,-0.6514,-2.5105,3.0556,0.00
0.3950,-0.099882,-0.423396,0.733632,-0.6537,-2.5181,3.0619,0.00
0.3960,-0.100537,-0.425918,0.736698,-0.6556,-2.5246,3.0673,0.00
0.3970,-0.101194,-0.428446,0.739768,-0.6571,-2.5300,3.0718,0.00
0.3980,-0.101852,-0.430979,0.742842,-0.6581,-2.5344,3.0754,0.00
0.3990,-0.102510,-0.433516,0.745919,-0.6587,-2.5377,3.0780,0.00
0.4000,-0.103169,-0.436055,0.748999,-0.6589,-2.5400,3.0797,0.00
0.4010,-0.103828,-0.438596,0.752079,-0.6587,-2.5412,3.0806,0.00
0.4020,-0.104486,-0.441137,0.755160,-0.6581,-2.5414,3.0806,0.00
0.4030,-0.105144,-0.443679,0.758240,-0.6571,-2.5406,3.0798,0.00
0.4040,-0.105800,-0.446218,0.761319,-0.6556,-2.5388,3.0781,0.00
0.4050,-0.106455,-0.448755,0.764395,-0.6539,-2.5361,3.0757,0.00
0.4060,-0.107107,-0.451290,0.767469,-0.6517,-2.5326,3.0726,0.00
0.4070,-0.107757,-0.453820,0.770540,-0.6492,-2.5282,3.0688,0.00
0.4080,-0.108405,-0.456345,0.773606,-0.6465,-2.5231,3.0644,0.00
0.4090,-0.109049,-0.458865,0.776667,-0.6434,-2.5173,3.0594,0.00
0.4100,-0.109691,-0.461378,0.779723,-0.6401,-2.5108,3.0540,0.00
0.4110,-0.110329,-0.463885,0.782773,-0.6365,-2.5038,3.0480,0.00
0.4120,-0.110963,-0.466384,0.785817,-0.6327,-2.4963,3.0417,0.00
0.4130,-0.111593,-0.468875,0.788855,-0.6287,-2.4883,3.0350,0.00
0.4140,-0.112219,-0.471358,0.791885,-0.6246,-2.4800,3.0280,0.00
0.4150,-0.112841,-0.473833,0.794909,-0.6204,-2.4714,3.0209,0.00
0.4160,-0.113459,-0.476299,0.797925,-0.6161,-2.4626,3.0136,0.00
0.4170,-0.114072,-0.478756,0.800934,-0.6117,-2.4538,3.0063,0.00
0.4180,-0.114681,-0.481204,0.803936,-0.6073,-2.4449,2.9989,0.00
0.4190,-0.115286,-0.483644,0.806930,-0.6029,-2.4360,2.9916,0.00
0.4200,-0.115886,-0.486074,0.809917,-0.5986,-2.4274,2.9845,0.00
0.4210,-0.116482,-0.488496,0.812897,-0.5944,-2.4189,2.9775,0.00
0.4220,-0.117074,-0.490910,0.815871,-0.5902,-2.4107,2.9708,0.00
0.4230,-0.117661,-0.493316,0.818838,-0.5862,-2.4029,2.9644,0.00
0.4240,-0.118245,-0.495714,0.821798,-0.5824,-2.3956,2.9583,0.00
0.4250,-0.118825,-0.498105,0.824753,-0.5788,-2.3888,2.9527,0.00
0.4260,-0.119402,-0.500490,0.827702,-0.5754,-2.3826,2.9476,0.00
0.4270,-0.119976,-0.502869,0.830647,-0.5723,-2.3771,2.9430,0.00
0.4280,-0.120546,-0.505243,0.833588,-0.5695,-2.3723,2.9390,0.00
0.4290,-0.121114,-0.507613,0.836524,-0.5669,-2.3683,2.9355,0.00
0.4300,-0.121680,-0.509979,0.839458,-0.5647,-2.3651,2.9327,0.00
0.4310,-0.122243,-0.512343,0.842389,-0.5629,-2.3628,2.9306,0.00
0.4320,-0.122805,-0.514704,0.845319,-0.5614,-2.3614,2.9292,0.00
0.4330,-0.123366,-0.517065,0.848248,-0.5603,-2.3610,2.9285,0.00
0.4340,-0.123925,-0.519426,0.851176,-0.5595,-2.3615,2.9285,0.00
0.4350,-0.124485,-0.521789,0.854105,-0.5592,-2.3631,2.9293,0.00
0.4360,-0.125044,-0.524153,0.857035,-0.5593,-2.3657,2.9309,0.00
0.4370,-0.125603,-0.526521,0.859967,-0.5598,-2.3693,2.9331,0.00
0.4380,-0.126164,-0.528893,0.862902,-0.5607,-2.3739,2.9362,0.00
0.4390,-0.126725,-0.531270,0.865841,-0.5620,-2.3796,2.9400,0.00
0.4400,-0.127288,-0.533654,0.868783,-0.5637,-2.3862,2.9445,0.00
0.4410,-0.127853,-0.536045,0.871731,-0.5658,-2.3939,2.9497,0.00
0.4420,-0.128421,-0.538444,0.874684,-0.5683,-2.4025,2.9556,0.00
0.4430,-0.128991,-0.540852,0.877643,-0.5711,-2.4121,2.9621,0.00
0.4440,-0.129564,-0.543271,0.880610,-0.5744,-2.4226,2.9693,0.00
0.4450,-0.130140,-0.545700,0.883584,-0.5779,-2.4340,2.9770,0.00
0.4460,-0.130721,-0.548141,0.886566,-0.5818,-2.4461,2.9853,0.00
0.4470,-0.131305,-0.550596,0.889556,-0.5861,-2.4591,2.9941,0.00
0.4480,-0.131894,-0.553063,0.892556,-0.5905,-2.4727,3.0033,0.00
0.4490,-0.132487,-0.555545,0.895565,-0.5953,-2.4870,3.0129,0.00
0.4500,-0.133086,-0.558041,0.898584,-0.6002,-2.5018,3.0229,0.00
0.4510,-0.133689,-0.560552,0.901613,-0.6054,-2.5171,3.0331,0.00
0.4520,-0.134298,-0.563079,0.904653,-0.6107,-2.5329,3.0436,0.00
0.4530,-0.134912,-0.565622,0.907703,-0.6162,-2.5491,3.0543,0.00
0.4540,-0.135532,-0.568181,0.910763,-0.6218,-2.5655,3.0650,0.00
0.4550,-0.136157,-0.570757,0.913835,-0.6274,-2.5821,3.0758,0.00
0.4560,-0.136788,-0.573349,0.916918,-0.6331,-2.5988,3.0867,0.00
0.4570,-0.137425,-0.575958,0.920011,-0.6388,-2.6155,3.0974,0.00
0.4580,-0.138067,-0.578584,0.923115,-0.6445,-2.6322,3.1080,0.00
0.4590,-0.138715,-0.581227,0.926230,-0.6501,-2.6488,3.1185,0.00
0.4600,-0.139369,-0.583886,0.929354,-0.6556,-2.6651,3.1287,0.00
0.4610,-0.140028,-0.586561,0.932489,-0.6610,-2.6812,3.1386,0.00
0.4620,-0.140692,-0.589252,0.935634,-0.6662,-2.6968,3.1481,0.00
0.4630,-0.141361,-0.591959,0.938788,-0.6713,-2.7121,3.1573,0.00
0.4640,-0.142036,-0.594680,0.941951,-0.6761,-2.7268,3.1660,0.00
0.4650,-0.142715,-0.597416,0.945122,-0.6807,-2.7410,3.1742,0.00
0.4660,-0.143398,-0.600165,0.948301,-0.6850,-2.7545,3.1819,0.00
0.4670,-0.144086,-0.602928,0.951488,-0.6890,-2.7673,3.1891,0.00
0.4680,-0.144777,-0.605703,0.954681,-0.6927,-2.7793,3.1957,0.00
0.4690,-0.145472,-0.608489,0.957881,-0.6961,-2.7906,3.2016,0.00
0.4700,-0.146170,-0.611286,0.961086,-0.6991,-2.8010,3.2069,0.00
0.4710,-0.146871,-0.614094,0.964296,-0.7018,-2.8105,3.2116,0.00
0.4720,-0.147574,-0.616910,0.967510,-0.7040,-2.8191,3.2156,0.00
0.4730,-0.148279,-0.619734,0.970728,-0.7059,-2.8268,3.2189,0.00
0.4740,-0.148986,-0.622565,0.973949,-0.7074,-2.8335,3.2215,0.00
0.4750,-0.149694,-0.625402,0.977172,-0.7084,-2.8392,3.2235,0.00
0.4760,-0.150403,-0.628244,0.980396,-0.7091,-2.8440,3.2248,0.00
0.4770,-0.151112,-0.631091,0.983622,-0.7094,-2.8479,3.2254,0.00
0.4780,-0.151822,-0.633941,0.986847,-0.7092,-2.8507,3.2254,0.00
0.4790,-0.152531,-0.636793,0.990072,-0.7087,-2.8526,3.2247,0.00
0.4800,-0.153239,-0.639646,0.993296,-0.7078,-2.8537,3.2235,0.00
0.4810,-0.153946,-0.642500,0.996519,-0.7065,-2.8538,3.2216,0.00
0.4820,-0.154651,-0.645354,0.999739,-0.7049,-2.8531,3.2193,0.00
0.4830,-0.155355,-0.648206,1.002957,-0.7029,-2.8516,3.2164,0.00
0.4840,-0.156057,-0.651056,1.006171,-0.7006,-2.8493,3.2130,0.00
0.4850,-0.156756,-0.653904,1.009382,-0.6981,-2.8464,3.2092,0.00
0.4860,-0.157452,-0.656748,1.012589,-0.6952,-2.8428,3.2051,0.00
0.4870,-0.158145,-0.659589,1.015791,-0.6921,-2.8386,3.2005,0.00
0.4880,-0.158835,-0.662424,1.018989,-0.6888,-2.8339,3.1957,0.00
0.4890,-0.159522,-0.665255,1.022181,-0.6853,-2.8288,3.1906,0.00
0.4900,-0.160205,-0.668081,1.025368,-0.6817,-2.8234,3.1854,0.00
0.4910,-0.160884,-0.670900,1.028551,-0.6779,-2.8176,3.1799,0.00
0.4920,-0.161560,-0.673714,1.031727,-0.6740,-2.8117,3.1744,0.00
0.4930,-0.162231,-0.676522,1.034898,-0.6701,-2.8056,3.1688,0.00
0.4940,-0.162899,-0.679324,1.038063,-0.6662,-2.7995,3.1632,0.00
0.4950,-0.163563,-0.682120,1.041223,-0.6623,-2.7935,3.1577,0.00
0.4960,-0.164223,-0.684910,1.044377,-0.6584,-2.7876,3.1522,0.00
0.4970,-0.164879,-0.687693,1.047526,-0.6546,-2.7819,3.1469,0.00
0.4980,-0.165531,-0.690472,1.050670,-0.6509,-2.7765,3.1417,0.00
0.4990,-0.166180,-0.693245,1.053808,-0.6473,-2.7714,3.1368,0.00
0.5000,-0.166825,-0.696014,1.056942,-0.6439,-2.7669,3.1321,0.00
0.5010,-0.167467,-0.698778,1.060072,-0.6407,-2.7628,3.1277,0.00
0.5020,-0.168106,-0.701538,1.063196,-0.6378,-2.7593,3.1237,0.00
0.5030,-0.168742,-0.704296,1.066318,-0.6351,-2.7565,3.1200,0.00
0.5040,-0.169375,-0.707051,1.069436,-0.6327,-2.7544,3.1166,0.00
0.5050,-0.170007,-0.709805,1.072550,-0.6305,-2.7531,3.1137,0.00
0.5060,-0.170636,-0.712557,1.075662,-0.6287,-2.7526,3.1112,0.00
0.5070,-0.171264,-0.715310,1.078772,-0.6272,-2.7529,3.1091,0.00
0.5080,-0.171890,-0.718063,1.081880,-0.6261,-2.7542,3.1074,0.00
0.5090,-0.172516,-0.720819,1.084986,-0.6253,-2.7563,3.1062,0.00
0.5100,-0.173141,-0.723577,1.088092,-0.6249,-2.7594,3.1055,0.00
0.5110,-0.173766,-0.726339,1.091197,-0.6249,-2.7635,3.1052,0.00
0.5120,-0.174391,-0.729105,1.094302,-0.6252,-2.7685,3.1053,0.00
0.5130,-0.175016,-0.731877,1.097407,-0.6259,-2.7745,3.1058,0.00
0.5140,-0.175643,-0.734656,1.100513,-0.6270,-2.7814,3.1068,0.00
0.5150,-0.176271,-0.737442,1.103620,-0.6284,-2.7893,3.1082,0.00
0.5160,-0.176900,-0.740236,1.106729,-0.6302,-2.7982,3.1099,0.00
0.5170,-0.177532,-0.743040,1.109840,-0.6323,-2.8079,3.1120,0.00
0.5180,-0.178166,-0.745855,1.112953,-0.6348,-2.8185,3.1144,0.00
0.5190,-0.178802,-0.748680,1.116069,-0.6375,-2.8299,3.1171,0.00
0.5200,-0.179442,-0.751518,1.119188,-0.6406,-2.8420,3.1201,0.00
0.5210,-0.180084,-0.754368,1.122310,-0.6439,-2.8550,3.1233,0.00
0.5220,-0.180730,-0.757231,1.125435,-0.6474,-2.8685,3.1267,0.00
0.5230,-0.181380,-0.760108,1.128563,-0.6512,-2.8827,3.1303,0.00
0.5240,-0.182034,-0.763000,1.131696,-0.6551,-2.8974,3.1340,0.00
0.5250,-0.182691,-0.765906,1.134832,-0.6592,-2.9125,3.1377,0.00
0.5260,-0.183353,-0.768829,1.137972,-0.6634,-2.9281,3.1415,0.00
0.5270,-0.184019,-0.771767,1.141115,-0.6677,-2.9439,3.1453,0.00
0.5280,-0.184690,-0.774720,1.144263,-0.6720,-2.9600,3.1490,0.00
0.5290,-0.185364,-0.777691,1.147414,-0.6764,-2.9762,3.1527,0.00
0.5300,-0.186043,-0.780677,1.150569,-0.6808,-2.9925,3.1563,0.00
0.5310,-0.186727,-0.783680,1.153727,-0.6851,-3.0088,3.1597,0.00
0.5320,-0.187415,-0.786699,1.156889,-0.6893,-3.0249,3.1629,0.00
0.5330,-0.188107,-0.789734,1.160053,-0.6935,-3.0409,3.1659,0.00
0.5340,-0.188803,-0.792784,1.163221,-0.6975,-3.0566,3.1686,0.00
0.5350,-0.189502,-0.795851,1.166391,-0.7013,-3.0720,3.1710,0.00
0.5360,-0.190206,-0.798932,1.169564,-0.7049,-3.0870,3.1732,0.00
0.5370,-0.190913,-0.802028,1.172738,-0.7083,-3.1014,3.1750,0.00
0.5380,-0.191623,-0.805138,1.175914,-0.7115,-3.1153,3.1764,0.00
0.5390,-0.192337,-0.808262,1.179091,-0.7143,-3.1286,3.1775,0.00
0.5400,-0.193053,-0.811399,1.182270,-0.7169,-3.1413,3.1782,0.00
0.5410,-0.193771,-0.814548,1.185448,-0.7191,-3.1532,3.1785,0.00
0.5420,-0.194491,-0.817708,1.188627,-0.7210,-3.1643,3.1783,0.00
0.5430,-0.195213,-0.820879,1.191805,-0.7226,-3.1746,3.1778,0.00
0.5440,-0.195937,-0.824060,1.194983,-0.7238,-3.1841,3.1769,0.00
0.5450,-0.196661,-0.827249,1.198159,-0.7246,-3.1927,3.1755,0.00
0.5460,-0.197386,-0.830447,1.201334,-0.7251,-3.2005,3.1738,0.00
0.5470,-0.198111,-0.833652,1.204507,-0.7252,-3.2073,3.1716,0.00
0.5480,-0.198836,-0.836863,1.207677,-0.7249,-3.2133,3.1691,0.00
0.5490,-0.199561,-0.840080,1.210845,-0.7242,-3.2184,3.1662,0.00
0.5500,-0.200284,-0.843301,1.214009,-0.7232,-3.2226,3.1630,0.00
0.5510,-0.201007,-0.846526,1.217170,-0.7218,-3.2260,3.1594,0.00
0.5520,-0.201727,-0.849754,1.220327,-0.7201,-3.2286,3.1555,0.00
0.5530,-0.202446,-0.852984,1.223480,-0.7180,-3.2303,3.1513,0.00
0.5540,-0.203163,-0.856215,1.226629,-0.7157,-3.2314,3.1468,0.00
0.5550,-0.203877,-0.859446,1.229773,-0.7131,-3.2317,3.1422,0.00
0.5560,-0.204588,-0.862678,1.232913,-0.7102,-3.2315,3.1372,0.00
0.5570,-0.205296,-0.865909,1.236047,-0.7070,-3.2306,3.1322,0.00
0.5580,-0.206001,-0.869139,1.239176,-0.7037,-3.2293,3.1269,0.00
0.5590,-0.206703,-0.872367,1.242299,-0.7002,-3.2275,3.1215,0.00
0.5600,-0.207401,-0.875593,1.245417,-0.6965,-3.2254,3.1160,0.00
0.5610,-0.208095,-0.878817,1.248530,-0.6927,-3.2230,3.1105,0.00
0.5620,-0.208785,-0.882038,1.251637,-0.6888,-3.2204,3.1049,0.00
0.5630,-0.209471,-0.885257,1.254739,-0.6849,-3.2177,3.0992,0.00
0.5640,-0.210154,-0.888473,1.257835,-0.6809,-3.2150,3.0936,0.00
0.5650,-0.210832,-0.891687,1.260924,-0.6769,-3.2123,3.0880,0.00
0.5660,-0.211507,-0.894897,1.264009,-0.6730,-3.2099,3.0824,0.00
0.5670,-0.212177,-0.898106,1.267088,-0.6692,-3.2076,3.0769,0.00
0.5680,-0.212844,-0.901312,1.270161,-0.6655,-3.2057,3.0715,0.00
0.5690,-0.213507,-0.904517,1.273229,-0.6619,-3.2042,3.0662,0.00
0.5700,-0.214167,-0.907720,1.276292,-0.6584,-3.2031,3.0610,0.00
0.5710,-0.214823,-0.910923,1.279349,-0.6552,-3.2027,3.0559,0.00
0.5720,-0.215477,-0.914126,1.282402,-0.6522,-3.2028,3.0509,0.00
0.5730,-0.216127,-0.917329,1.285449,-0.6494,-3.2036,3.0461,0.00
0.5740,-0.216775,-0.920533,1.288492,-0.6468,-3.2052,3.0414,0.00
0.5750,-0.217420,-0.923740,1.291530,-0.6445,-3.2076,3.0368,0.00
0.5760,-0.218064,-0.926949,1.294564,-0.6425,-3.2108,3.0324,0.00
0.5770,-0.218705,-0.930162,1.297594,-0.6409,-3.2149,3.0281,0.00
0.5780,-0.219345,-0.933380,1.300619,-0.6395,-3.2199,3.0240,0.00
0.5790,-0.219984,-0.936604,1.303640,-0.6384,-3.2259,3.0199,0.00
0.5800,-0.220622,-0.939834,1.306656,-0.6376,-3.2327,3.0160,0.00
0.5810,-0.221259,-0.943071,1.309669,-0.6371,-3.2405,3.0122,0.00
0.5820,-0.221896,-0.946317,1.312679,-0.6369,-3.2493,3.0084,0.00
0.5830,-0.222533,-0.949572,1.315684,-0.6370,-3.2590,3.0048,0.00
0.5840,-0.223170,-0.952837,1.318686,-0.6374,-3.2695,3.0012,0.00
0.5850,-0.223808,-0.956114,1.321684,-0.6381,-3.2810,2.9976,0.00
0.5860,-0.224446,-0.959402,1.324679,-0.6390,-3.2933,2.9940,0.00
0.5870,-0.225086,-0.962703,1.327670,-0.6401,-3.3064,2.9905,0.00
0.5880,-0.225727,-0.966018,1.330658,-0.6414,-3.3202,2.9869,0.00
0.5890,-0.226369,-0.969347,1.333642,-0.6430,-3.3346,2.9833,0.00
0.5900,-0.227013,-0.972691,1.336622,-0.6446,-3.3497,2.9797,0.00
0.5910,-0.227659,-0.976050,1.339599,-0.6464,-3.3654,2.9760,0.00
0.5920,-0.228307,-0.979425,1.342573,-0.6483,-3.3815,2.9722,0.00
0.5930,-0.228956,-0.982817,1.345542,-0.6503,-3.3979,2.9683,0.00
0.5940,-0.229608,-0.986225,1.348507,-0.6523,-3.4147,2.9643,0.00
0.5950,-0.230261,-0.989651,1.351468,-0.6543,-3.4317,2.9602,0.00
0.5960,-0.230917,-0.993093,1.354425,-0.6562,-3.4487,2.9560,0.00
0.5970,-0.231574,-0.996552,1.357378,-0.6581,-3.4658,2.9516,0.00
0.5980,-0.232233,-1.000029,1.360326,-0.6599,-3.4829,2.9470,0.00
0.5990,-0.232894,-1.003522,1.363270,-0.6616,-3.4998,2.9423,0.00
0.6000,-0.233557,-1.007032,1.366210,-0.6631,-3.5164,2.9374,0.00
0.6010,-0.234221,-1.010559,1.369144,-0.6644,-3.5327,2.9324,0.00
0.6020,-0.234886,-1.014102,1.372073,-0.6655,-3.5486,2.9272,0.00
0.6030,-0.235552,-1.017660,1.374997,-0.6664,-3.5640,2.9218,0.00
0.6040,-0.236219,-1.021233,1.377916,-0.6670,-3.5788,2.9163,0.00
0.6050,-0.236886,-1.024821,1.380828,-0.6673,-3.5930,2.9106,0.00
0.6060,-0.237553,-1.028423,1.383736,-0.6673,-3.6064,2.9047,0.00
0.6070,-0.238220,-1.032037,1.386637,-0.6669,-3.6192,2.8987,0.00
0.6080,-0.238887,-1.035664,1.389532,-0.6663,-3.6311,2.8925,0.00
0.6090,-0.239553,-1.039302,1.392420,-0.6653,-3.6422,2.8863,0.00
0.6100,-0.240217,-1.042951,1.395304,-0.6639,-3.6524,2.8799,0.00
0.6110,-0.240880,-1.046610,1.398181,-0.6622,-3.6618,2.8734,0.00
0.6120,-0.241541,-1.050276,1.401050,-0.6601,-3.6702,2.8668,0.00
0.6130,-0.242199,-1.053952,1.403913,-0.6577,-3.6778,2.8601,0.00
0.6140,-0.242855,-1.057634,1.406769,-0.6549,-3.6844,2.8534,0.00
0.6150,-0.243508,-1.061322,1.409619,-0.6518,-3.6902,2.8466,0.00
0.6160,-0.244158,-1.065016,1.412461,-0.6483,-3.6951,2.8398,0.00
0.6170,-0.244804,-1.068714,1.415297,-0.6446,-3.6993,2.8329,0.00
0.6180,-0.245446,-1.072415,1.418126,-0.6406,-3.7026,2.8260,0.00
0.6190,-0.246084,-1.076120,1.420948,-0.6363,-3.7053,2.8191,0.00
0.6200,-0.246718,-1.079827,1.423764,-0.6317,-3.7073,2.8123,0.00
0.6210,-0.247346,-1.083535,1.426571,-0.6270,-3.7087,2.8054,0.00
0.6220,-0.247970,-1.087244,1.429373,-0.6220,-3.7097,2.7985,0.00
0.6230,-0.248589,-1.090954,1.432167,-0.6169,-3.7102,2.7917,0.00
0.6240,-0.249203,-1.094664,1.434955,-0.6117,-3.7103,2.7849,0.00
0.6250,-0.249811,-1.098375,1.437735,-0.6063,-3.7102,2.7781,0.00
0.6260,-0.250414,-1.102085,1.440509,-0.6009,-3.7100,2.7714,0.00
0.6270,-0.251011,-1.105795,1.443276,-0.5954,-3.7097,2.7646,0.00
0.6280,-0.251603,-1.109504,1.446037,-0.5899,-3.7094,2.7579,0.00
0.6290,-0.252190,-1.113213,1.448790,-0.5845,-3.7093,2.7512,0.00
0.6300,-0.252771,-1.116923,1.451537,-0.5790,-3.7094,2.7446,0.00
0.6310,-0.253347,-1.120632,1.454276,-0.5737,-3.7097,2.7379,0.00
0.6320,-0.253917,-1.124342,1.457009,-0.5684,-3.7105,2.7312,0.00
0.6330,-0.254482,-1.128054,1.459735,-0.5633,-3.7118,2.7245,0.00
0.6340,-0.255042,-1.131766,1.462454,-0.5583,-3.7136,2.7178,0.00
0.6350,-0.255598,-1.135482,1.465167,-0.5534,-3.7161,2.7111,0.00
0.6360,-0.256148,-1.139199,1.467872,-0.5488,-3.7192,2.7043,0.00
0.6370,-0.256694,-1.142921,1.470571,-0.5443,-3.7231,2.6975,0.00
0.6380,-0.257236,-1.146646,1.473263,-0.5400,-3.7278,2.6906,0.00
0.6390,-0.257773,-1.150377,1.475946,-0.5359,-3.7334,2.6836,0.00
0.6400,-0.258307,-1.154114,1.478622,-0.5321,-3.7398,2.6765,0.00
0.6410,-0.258836,-1.157858,1.481293,-0.5284,-3.7470,2.6693,0.00
0.6420,-0.259363,-1.161610,1.483957,-0.5250,-3.7552,2.6620,0.00
0.6430,-0.259886,-1.165370,1.486610,-0.5217,-3.7642,2.6546,0.00
0.6440,-0.260405,-1.169140,1.489257,-0.5187,-3.7742,2.6471,0.00
0.6450,-0.260922,-1.172921,1.491897,-0.5158,-3.7849,2.6395,0.00
0.6460,-0.261436,-1.176712,1.494529,-0.5131,-3.7965,2.6317,0.00
0.6470,-0.261948,-1.180516,1.497152,-0.5105,-3.8089,2.6237,0.00
0.6480,-0.262457,-1.184333,1.499766,-0.5081,-3.8219,2.6157,0.00
0.6490,-0.262963,-1.188163,1.502373,-0.5058,-3.8357,2.6075,0.00
0.6500,-0.263468,-1.192007,1.504972,-0.5035,-3.8500,2.5992,0.00
0.6510,-0.263970,-1.195866,1.507561,-0.5013,-3.8648,2.5907,0.00
0.6520,-0.264470,-1.199740,1.510142,-0.4992,-3.8801,2.5822,0.00
0.6530,-0.264968,-1.203630,1.512714,-0.4971,-3.8957,2.5735,0.00
0.6540,-0.265464,-1.207535,1.515277,-0.4949,-3.9116,2.5647,0.00
0.6550,-0.265957,-1.211456,1.517830,-0.4927,-3.9277,2.5559,0.00
0.6560,-0.266448,-1.215394,1.520377,-0.4904,-3.9438,2.5470,0.00
0.6570,-0.266937,-1.219347,1.522913,-0.4880,-3.9599,2.5381,0.00
0.6580,-0.267424,-1.223317,1.525438,-0.4855,-3.9758,2.5291,0.00
0.6590,-0.267908,-1.227303,1.527957,-0.4829,-3.9916,2.5201,0.00
0.6600,-0.268389,-1.231304,1.530464,-0.4800,-4.0070,2.5111,0.00
0.6610,-0.268867,-1.235320,1.532964,-0.4770,-4.0221,2.5022,0.00
0.6620,-0.269342,-1.239351,1.535453,-0.4737,-4.0367,2.4932,0.00
0.6630,-0.269813,-1.243397,1.537931,-0.4702,-4.0507,2.4844,0.00
0.6640,-0.270281,-1.247456,1.540400,-0.4665,-4.0642,2.4756,0.00
0.6650,-0.270745,-1.251528,1.542865,-0.4625,-4.0769,2.4670,0.00
0.6660,-0.271205,-1.255613,1.545314,-0.4582,-4.0890,2.4584,0.00
0.6670,-0.271660,-1.259709,1.547754,-0.4537,-4.1002,2.4500,0.00
0.6680,-0.272111,-1.263816,1.550181,-0.4488,-4.1107,2.4418,0.00
0.6690,-0.272557,-1.267933,1.552601,-0.4437,-4.1204,2.4337,0.00
0.6700,-0.272997,-1.272059,1.555002,-0.4383,-4.1292,2.4257,0.00
0.6710,-0.273432,-1.276194,1.557390,-0.4327,-4.1373,2.4180,0.00
0.6720,-0.273861,-1.280336,1.559750,-0.4267,-4.1445,2.4104,0.00
0.6730,-0.274284,-1.284484,1.562082,-0.4205,-4.1509,2.4030,0.00
0.6740,-0.274700,-1.288639,1.564348,-0.4141,-4.1565,2.3958,0.00
0.6750,-0.275110,-1.292799,1.570796,-0.4074,-4.1615,2.3888,0.00
0.6760,-0.275513,-1.296963,1.570796,-0.4005,-4.1657,2.3820,0.00
0.6770,-0.275910,-1.301131,1.570796,-0.3935,-4.1693,2.3754,0.00
0.6780,-0.276299,-1.305302,1.570796,-0.3862,-4.1724,2.3689,0.00
0.6790,-0.276680,-1.309477,1.564349,-0.3788,-4.1750,2.3626,0.00
0.6800,-0.277054,-1.313653,1.562122,-0.3712,-4.1772,2.3564,0.00
0.6810,-0.277421,-1.317831,1.559849,-0.3636,-4.1791,2.3504,0.00
0.6820,-0.277779,-1.322011,1.557557,-0.3558,-4.1807,2.3444,0.00
0.6830,-0.278130,-1.326193,1.555244,-0.3480,-4.1822,2.3386,0.00
0.6840,-0.278473,-1.330375,1.552933,-0.3401,-4.1836,2.3329,0.00
0.6850,-0.278809,-1.334559,1.550616,-0.3322,-4.1850,2.3271,0.00
0.6860,-0.279136,-1.338745,1.548308,-0.3243,-4.1865,2.3215,0.00
0.6870,-0.279455,-1.342932,1.546003,-0.3164,-4.1882,2.3158,0.00
0.6880,-0.279767,-1.347121,1.543698,-0.3085,-4.1902,2.3102,0.00
0.6890,-0.280070,-1.351312,1.541396,-0.3007,-4.1925,2.3045,0.00
0.6900,-0.280366,-1.355506,1.539101,-0.2929,-4.1953,2.2988,0.00
0.6910,-0.280654,-1.359702,1.536808,-0.2852,-4.1985,2.2930,0.00
0.6920,-0.280935,-1.363902,1.534524,-0.2776,-4.2022,2.2872,0.00
0.6930,-0.281208,-1.368106,1.532243,-0.2701,-4.2065,2.2812,0.00
0.6940,-0.281473,-1.372315,1.529968,-0.2626,-4.2114,2.2752,0.00
0.6950,-0.281731,-1.376529,1.527696,-0.2553,-4.2170,2.2690,0.00
0.6960,-0.281982,-1.380749,1.525433,-0.2480,-4.2232,2.2627,0.00
0.6970,-0.282225,-1.384975,1.523177,-0.2409,-4.2301,2.2563,0.00
0.6980,-0.282462,-1.389208,1.520924,-0.2338,-4.2377,2.2498,0.00
0.6990,-0.282691,-1.393450,1.518679,-0.2268,-4.2459,2.2432,0.00
0.7000,-0.282914,-1.397699,1.516439,-0.2199,-4.2548,2.2364,0.00
0.7010,-0.283129,-1.401959,1.514207,-0.2131,-4.2644,2.2295,0.00
0.7020,-0.283338,-1.406228,1.511983,-0.2063,-4.2745,2.2225,0.00
0.7030,-0.283540,-1.410507,1.509766,-0.1996,-4.2852,2.2153,0.00
0.7040,-0.283736,-1.414797,1.507555,-0.1929,-4.2965,2.2081,0.00
0.7050,-0.283925,-1.419099,1.505352,-0.1863,-4.3082,2.2008,0.00
0.7060,-0.284107,-1.423413,1.503155,-0.1796,-4.3203,2.1935,0.00
0.7070,-0.284282,-1.427739,1.500967,-0.1730,-4.3327,2.1861,0.00
0.7080,-0.284451,-1.432078,1.498786,-0.1663,-4.3455,2.1787,0.00
0.7090,-0.284613,-1.436429,1.496613,-0.1596,-4.3584,2.1712,0.00
0.7100,-0.284768,-1.440793,1.494447,-0.1528,-4.3715,2.1638,0.00
0.7110,-0.284917,-1.445169,1.492288,-0.1460,-4.3847,2.1564,0.00
0.7120,-0.285059,-1.449560,1.490137,-0.1391,-4.3979,2.1490,0.00
0.7130,-0.285193,-1.453964,1.487994,-0.1321,-4.4111,2.1418,0.00
0.7140,-0.285321,-1.458381,1.485858,-0.1250,-4.4241,2.1346,0.00
0.7150,-0.285441,-1.462809,1.483730,-0.1177,-4.4369,2.1275,0.00
0.7160,-0.285555,-1.467252,1.481607,-0.1104,-4.4495,2.1206,0.00
0.7170,-0.285660,-1.471706,1.479492,-0.1029,-4.4619,2.1138,0.00
0.7180,-0.285758,-1.476171,1.477384,-0.0952,-4.4738,2.1072,0.00
0.7190,-0.285849,-1.480649,1.475281,-0.0875,-4.4854,2.1007,0.00
0.7200,-0.285931,-1.485136,1.473187,-0.0795,-4.4966,2.0945,0.00
0.7210,-0.286006,-1.489636,1.471097,-0.0714,-4.5073,2.0884,0.00
0.7220,-0.286072,-1.494145,1.469014,-0.0631,-4.5176,2.0826,0.00
0.7230,-0.286130,-1.498663,1.466936,-0.0546,-4.5273,2.0770,0.00
0.7240,-0.286179,-1.503190,1.464865,-0.0460,-4.5366,2.0716,0.00
0.7250,-0.286220,-1.507726,1.462797,-0.0373,-4.5454,2.0664,0.00
0.7260,-0.286251,-1.512268,1.460735,-0.0283,-4.5537,2.0614,0.00
0.7270,-0.286274,-1.516818,1.458678,-0.0192,-4.5615,2.0567,0.00
0.7280,-0.286287,-1.521371,1.456625,-0.0100,-4.5688,2.0522,0.00
0.7290,-0.286292,-1.525932,1.454577,-0.0006,-4.5757,2.0479,0.00
0.7300,-0.286286,-1.530496,1.452532,0.0089,-4.5822,2.0439,0.00
0.7310,-0.286271,-1.535060,1.450492,0.0186,-4.5883,2.0400,0.00
0.7320,-0.286247,-1.539625,1.448455,0.0284,-4.5941,2.0363,0.00
0.7330,-0.286212,-1.544187,1.446422,0.0383,-4.5996,2.0328,0.00
0.7340,-0.286167,-1.548734,1.444392,0.0483,-4.6048,2.0294,0.00
0.7350,-0.286113,-1.553262,1.442365,0.0583,-4.6098,2.0263,0.00
0.7360,-0.286048,-1.557742,1.440341,0.0685,-4.6146,2.0232,0.00
0.7370,-0.285973,-1.562058,1.438320,0.0787,-4.6194,2.0203,0.00
0.7380,-0.285888,-1.565862,1.436302,0.0891,-4.6240,2.0174,0.00
0.7390,-0.285793,-1.570796,1.434286,0.0994,-4.6287,2.0147,0.00
0.7400,-0.285687,-1.563777,1.432274,0.1098,-4.6334,2.0121,0.00
0.7410,-0.285570,-1.559550,1.430264,0.1203,-4.6381,2.0095,0.00
0.7420,-0.285444,-1.555095,1.428256,0.1307,-4.6430,2.0070,0.00
0.7430,-0.285306,-1.550549,1.426250,0.1412,-4.6481,2.0045,0.00
0.7440,-0.285159,-1.545960,1.424247,0.1517,-4.6533,2.0021,0.00
0.7450,-0.285000,-1.541346,1.422246,0.1622,-4.6588,1.9996,0.00
0.7460,-0.284832,-1.536715,1.420249,0.1727,-4.6646,1.9972,0.00
0.7470,-0.284652,-1.532071,1.418253,0.1832,-4.6708,1.9948,0.00
0.7480,-0.284462,-1.527415,1.416259,0.1937,-4.6772,1.9924,0.00
0.7490,-0.284262,-1.522746,1.414269,0.2042,-4.6840,1.9900,0.00
0.7500,-0.284051,-1.518071,1.412278,0.2147,-4.6912,1.9876,0.00
0.7510,-0.283830,-1.513385,1.410293,0.2252,-4.6988,1.9851,0.00
0.7520,-0.283598,-1.508690,1.408309,0.2357,-4.7067,1.9827,0.00
0.7530,-0.283356,-1.503984,1.406329,0.2461,-4.7151,1.9802,0.00
0.7540,-0.283103,-1.499269,1.404349,0.2566,-4.7239,1.9777,0.00
0.7550,-0.282840,-1.494545,1.402373,0.2670,-4.7331,1.9752,0.00
0.7560,-0.282567,-1.489812,1.400398,0.2775,-4.7426,1.9727,0.00
0.7570,-0.282283,-1.485067,1.398426,0.2879,-4.7526,1.9702,0.00
0.7580,-0.281988,-1.480311,1.396458,0.2984,-4.7629,1.9677,0.00
0.7590,-0.281683,-1.475545,1.394491,0.3089,-4.7736,1.9652,0.00
0.7600,-0.281368,-1.470768,1.392528,0.3194,-4.7846,1.9627,0.00
0.7610,-0.281042,-1.465978,1.390567,0.3299,-4.7959,1.9603,0.00
0.7620,-0.280705,-1.461178,1.388607,0.3404,-4.8075,1.9579,0.00
0.7630,-0.280358,-1.456366,1.386651,0.3510,-4.8193,1.9556,0.00
0.7640,-0.280001,-1.451541,1.384697,0.3616,-4.8314,1.9533,0.00
0.7650,-0.279632,-1.446704,1.382744,0.3723,-4.8436,1.9511,0.00
0.7660,-0.279253,-1.441855,1.380794,0.3830,-4.8561,1.9489,0.00
0.7670,-0.278864,-1.436992,1.378847,0.3938,-4.8686,1.9469,0.00
0.7680,-0.278463,-1.432117,1.376902,0.4047,-4.8813,1.9449,0.00
0.7690,-0.278052,-1.427230,1.374957,0.4156,-4.8940,1.9431,0.00
0.7700,-0.277629,-1.422329,1.373015,0.4266,-4.9068,1.9414,0.00
0.7710,-0.277196,-1.417416,1.371074,0.4377,-4.9196,1.9398,0.00
0.7720,-0.276751,-1.412490,1.369136,0.4489,-4.9325,1.9383,0.00
0.7730,-0.276295,-1.407550,1.367198,0.4602,-4.9452,1.9370,0.00
0.7740,-0.275828,-1.402598,1.365262,0.4716,-4.9580,1.9359,0.00
0.7750,-0.275349,-1.397633,1.363327,0.4830,-4.9706,1.9349,0.00
0.7760,-0.274859,-1.392656,1.361392,0.4946,-4.9832,1.9341,0.00
0.7770,-0.274357,-1.387667,1.359459,0.5063,-4.9956,1.9334,0.00
0.7780,-0.273843,-1.382665,1.357526,0.5181,-5.0080,1.9330,0.00
0.7790,-0.273317,-1.377650,1.355593,0.5300,-5.0202,1.9327,0.00
0.7800,-0.272780,-1.372623,1.353660,0.5421,-5.0322,1.9326,0.00
0.7810,-0.272230,-1.367583,1.351727,0.5542,-5.0442,1.9326,0.00
0.7820,-0.271668,-1.362533,1.349795,0.5664,-5.0560,1.9329,0.00
0.7830,-0.271094,-1.357471,1.347861,0.5788,-5.0676,1.9333,0.00
0.7840,-0.270508,-1.352396,1.345928,0.5913,-5.0791,1.9340,0.00
0.7850,-0.269909,-1.347311,1.343993,0.6038,-5.0905,1.9348,0.00
0.7860,-0.269297,-1.342214,1.342059,0.6165,-5.1017,1.9357,0.00
0.7870,-0.268672,-1.337106,1.340122,0.6293,-5.1128,1.9369,0.00
0.7880,-0.268035,-1.331988,1.338185,0.6422,-5.1239,1.9382,0.00
0.7890,-0.267385,-1.326857,1.336246,0.6552,-5.1348,1.9397,0.00
0.7900,-0.266721,-1.321716,1.334305,0.6682,-5.1457,1.9414,0.00
0.7910,-0.266045,-1.316564,1.332363,0.6814,-5.1565,1.9432,0.00
0.7920,-0.265355,-1.311402,1.330419,0.6946,-5.1673,1.9452,0.00
0.7930,-0.264652,-1.306228,1.328472,0.7080,-5.1781,1.9474,0.00
0.7940,-0.263936,-1.301043,1.326523,0.7214,-5.1890,1.9497,0.00
0.7950,-0.263206,-1.295848,1.324572,0.7349,-5.1998,1.9521,0.00
0.7960,-0.262463,-1.290643,1.322618,0.7485,-5.2107,1.9547,0.00
0.7970,-0.261706,-1.285425,1.320662,0.7621,-5.2218,1.9574,0.00
0.7980,-0.260935,-1.280197,1.318704,0.7758,-5.2329,1.9603,0.00
0.7990,-0.260151,-1.274958,1.316741,0.7896,-5.2442,1.9632,0.00
0.8000,-0.259352,-1.269707,1.314776,0.8035,-5.2556,1.9663,0.00
0.8010,-0.258540,-1.264444,1.312808,0.8174,-5.2672,1.9696,0.00
0.8020,-0.257714,-1.259170,1.310837,0.8313,-5.2791,1.9729,0.00
0.8030,-0.256874,-1.253884,1.308862,0.8454,-5.2911,1.9764,0.00
0.8040,-0.256020,-1.248585,1.306884,0.8595,-5.3035,1.9799,0.00
0.8050,-0.255152,-1.243275,1.304902,0.8737,-5.3161,1.9836,0.00
0.8060,-0.254269,-1.237951,1.302915,0.8879,-5.3289,1.9874,0.00
0.8070,-0.253372,-1.232614,1.300926,0.9022,-5.3421,1.9914,0.00
0.8080,-0.252461,-1.227264,1.298933,0.9165,-5.3556,1.9954,0.00
0.8090,-0.251535,-1.221900,1.296935,0.9310,-5.3695,1.9996,0.00
0.8100,-0.250595,-1.216522,1.294933,0.9455,-5.3837,2.0039,0.00
0.8110,-0.249641,-1.211130,1.292926,0.9600,-5.3983,2.0083,0.00
0.8120,-0.248672,-1.205723,1.290915,0.9747,-5.4132,2.0128,0.00
0.8130,-0.247688,-1.200300,1.288900,0.9894,-5.4285,2.0175,0.00
0.8140,-0.246689,-1.194863,1.286880,1.0042,-5.4441,2.0223,0.00
0.8150,-0.245676,-1.189409,1.284854,1.0190,-5.4602,2.0272,0.00
0.8160,-0.244647,-1.183939,1.282825,1.0340,-5.4766,2.0323,0.00
0.8170,-0.243604,-1.178452,1.280789,1.0491,-5.4934,2.0376,0.00
0.8180,-0.242545,-1.172948,1.278749,1.0642,-5.5105,2.0430,0.00
0.8190,-0.241472,-1.167428,1.276703,1.0795,-5.5281,2.0485,0.00
0.8200,-0.240383,-1.161889,1.274651,1.0948,-5.5460,2.0543,0.00
0.8210,-0.239278,-1.156331,1.272593,1.1103,-5.5642,2.0602,0.00
0.8220,-0.238158,-1.150756,1.270530,1.1258,-5.5828,2.0663,0.00
0.8230,-0.237023,-1.145162,1.268460,1.1415,-5.6018,2.0726,0.00
0.8240,-0.235871,-1.139548,1.266383,1.1573,-5.6210,2.0791,0.00
0.8250,-0.234704,-1.133916,1.264300,1.1733,-5.6406,2.0858,0.00
0.8260,-0.233521,-1.128263,1.262210,1.1893,-5.6605,2.0927,0.00
0.8270,-0.232321,-1.122590,1.260114,1.2055,-5.6808,2.0999,0.00
0.8280,-0.231106,-1.116896,1.258009,1.2218,-5.7013,2.1072,0.00
0.8290,-0.229873,-1.111183,1.255897,1.2383,-5.7221,2.1148,0.00
0.8300,-0.228625,-1.105448,1.253778,1.2549,-5.7431,2.1227,0.00
0.8310,-0.227359,-1.099691,1.251651,1.2717,-5.7645,2.1307,0.00
0.8320,-0.226077,-1.093914,1.249515,1.2886,-5.7860,2.1391,0.00
0.8330,-0.224778,-1.088114,1.247371,1.3056,-5.8079,2.1477,0.00
0.8340,-0.223461,-1.082293,1.245218,1.3229,-5.8300,2.1566,0.00
0.8350,-0.222128,-1.076449,1.243056,1.3402,-5.8523,2.1657,0.00
0.8360,-0.220777,-1.070583,1.240885,1.3578,-5.8748,2.1751,0.00
0.8370,-0.219408,-1.064695,1.238704,1.3755,-5.8976,2.1848,0.00
0.8380,-0.218021,-1.058783,1.236513,1.3933,-5.9206,2.1948,0.00
0.8390,-0.216617,-1.052848,1.234312,1.4114,-5.9438,2.2051,0.00
0.8400,-0.215194,-1.046889,1.232101,1.4296,-5.9673,2.2157,0.00
0.8410,-0.213753,-1.040908,1.229878,1.4479,-5.9909,2.2266,0.00
0.8420,-0.212293,-1.034902,1.227645,1.4665,-6.0148,2.2378,0.00
0.8430,-0.210815,-1.028872,1.225400,1.4852,-6.0390,2.2493,0.00
0.8440,-0.209318,-1.022818,1.223144,1.5041,-6.0634,2.2612,0.00
0.8450,-0.207802,-1.016740,1.220875,1.5232,-6.0880,2.2734,0.00
0.8460,-0.206267,-1.010636,1.218594,1.5425,-6.1129,2.2859,0.00
0.8470,-0.204712,-1.004508,1.216301,1.5619,-6.1381,2.2987,0.00
0.8480,-0.203138,-0.998354,1.213994,1.5815,-6.1636,2.3119,0.00
0.8490,-0.201544,-0.992175,1.211674,1.6014,-6.1893,2.3255,0.00
0.8500,-0.199930,-0.985970,1.209340,1.6214,-6.2154,2.3394,0.00
0.8510,-0.198296,-0.979738,1.206992,1.6416,-6.2418,2.3537,0.00
0.8520,-0.196642,-0.973480,1.204629,1.6620,-6.2686,2.3684,0.00
0.8530,-0.194967,-0.967195,1.202252,1.6826,-6.2957,2.3834,0.00
0.8540,-0.193271,-0.960882,1.199859,1.7034,-6.3232,2.3988,0.00
0.8550,-0.191555,-0.954542,1.197451,1.7244,-6.3511,2.4146,0.00
0.8560,-0.189817,-0.948173,1.195026,1.7457,-6.3795,2.4309,0.00
0.8570,-0.188058,-0.941776,1.192585,1.7671,-6.4083,2.4475,0.00
0.8580,-0.186277,-0.935350,1.190127,1.7888,-6.4376,2.4646,0.00
0.8590,-0.184475,-0.928894,1.187652,1.8107,-6.4674,2.4822,0.00
0.8600,-0.182650,-0.922409,1.185158,1.8329,-6.4977,2.5002,0.00
0.8610,-0.180804,-0.915892,1.182647,1.8552,-6.5285,2.5186,0.00
0.8620,-0.178934,-0.909344,1.180117,1.8779,-6.5600,2.5376,0.00
0.8630,-0.177042,-0.902765,1.177568,1.9007,-6.5920,2.5570,0.00
0.8640,-0.175127,-0.896153,1.174998,1.9239,-6.6247,2.5770,0.00
0.8650,-0.173188,-0.889508,1.172408,1.9473,-6.6580,2.5974,0.00
0.8660,-0.171226,-0.882829,1.169798,1.9710,-6.6920,2.6185,0.00
0.8670,-0.169240,-0.876116,1.167166,1.9949,-6.7267,2.6401,0.00
0.8680,-0.167230,-0.869368,1.164512,2.0192,-6.7621,2.6623,0.00
0.8690,-0.165196,-0.862584,1.161836,2.0437,-6.7982,2.6850,0.00
0.8700,-0.163137,-0.855764,1.159136,2.0686,-6.8352,2.7085,0.00
0.8710,-0.161052,-0.848906,1.156412,2.0938,-6.8729,2.7325,0.00
0.8720,-0.158943,-0.842009,1.153665,2.1193,-6.9115,2.7573,0.00
0.8730,-0.156807,-0.835074,1.150892,2.1451,-6.9509,2.7827,0.00
0.8740,-0.154646,-0.828098,1.148092,2.1713,-6.9912,2.8089,0.00
0.8750,-0.152458,-0.821082,1.145267,2.1979,-7.0325,2.8358,0.00
0.8760,-0.150243,-0.814024,1.142413,2.2248,-7.0746,2.8634,0.00
0.8770,-0.148002,-0.806924,1.139532,2.2521,-7.1177,2.8919,0.00
0.8780,-0.145732,-0.799779,1.136621,2.2798,-7.1618,2.9212,0.00
0.8790,-0.143435,-0.792590,1.133681,2.3079,-7.2069,2.9514,0.00
0.8800,-0.141109,-0.785356,1.130710,2.3364,-7.2530,2.9825,0.00
0.8810,-0.138755,-0.778074,1.127707,2.3653,-7.3002,3.0145,0.00
0.8820,-0.136371,-0.770745,1.124671,2.3947,-7.3484,3.0474,0.00
0.8830,-0.133958,-0.763367,1.121601,2.4245,-7.3978,3.0814,0.00
0.8840,-0.131514,-0.755939,1.118497,2.4548,-7.4483,3.1164,0.00
0.8850,-0.129040,-0.748459,1.115358,2.4856,-7.5000,3.1525,0.00
0.8860,-0.126535,-0.740927,1.112181,2.5169,-7.5529,3.1897,0.00
0.8870,-0.123998,-0.733341,1.108967,2.5487,-7.6071,3.2281,0.00
0.8880,-0.121430,-0.725701,1.105713,2.5810,-7.6625,3.2676,0.00
0.8890,-0.118828,-0.718004,1.102418,2.6138,-7.7192,3.3085,0.00
0.8900,-0.116194,-0.710250,1.099082,2.6472,-7.7772,3.3506,0.00
0.8910,-0.113525,-0.702437,1.095703,2.6811,-7.8366,3.3941,0.00
0.8920,-0.110823,-0.694564,1.092280,2.7157,-7.8975,3.4390,0.00
0.8930,-0.108085,-0.686629,1.088810,2.7508,-7.9598,3.4853,0.00
0.8940,-0.105312,-0.678631,1.085293,2.7865,-8.0235,3.5332,0.00
0.8950,-0.102503,-0.670568,1.081727,2.8229,-8.0889,3.5827,0.00
0.8960,-0.099657,-0.662439,1.078110,2.8599,-8.1558,3.6338,0.00
0.8970,-0.096773,-0.654242,1.074441,2.8976,-8.2243,3.6866,0.00
0.8980,-0.093852,-0.645976,1.070718,2.9360,-8.2946,3.7413,0.00
0.8990,-0.090891,-0.637638,1.066939,2.9751,-8.3666,3.7978,0.00
0.9000,-0.087891,-0.629227,1.063102,3.0148,-8.4403,3.8562,0.00
0.9010,-0.084851,-0.620742,1.059205,3.0554,-8.5160,3.9167,0.00
0.9020,-0.081770,-0.612179,1.055246,3.0967,-8.5936,3.9794,0.00
0.9030,-0.078647,-0.603539,1.051222,3.1387,-8.6731,4.0442,0.00
0.9040,-0.075482,-0.594817,1.047132,3.1816,-8.7548,4.1114,0.00
0.9050,-0.072273,-0.586012,1.042973,3.2253,-8.8385,4.1810,0.00
0.9060,-0.069020,-0.577123,1.038743,3.2698,-8.9245,4.2532,0.00
0.9070,-0.065722,-0.568146,1.034438,3.3152,-9.0127,4.3280,0.00
0.9080,-0.062378,-0.559079,1.030056,3.3615,-9.1034,4.4056,0.00
0.9090,-0.058987,-0.549921,1.025595,3.4087,-9.1965,4.4862,0.00
0.9100,-0.055548,-0.540668,1.021050,3.4568,-9.2921,4.5698,0.00
0.9110,-0.052061,-0.531318,1.016419,3.5059,-9.3904,4.6567,0.00
0.9120,-0.048524,-0.521868,1.011699,3.5560,-9.4915,4.7469,0.00
0.9130,-0.044936,-0.512316,1.006886,3.6070,-9.5954,4.8407,0.00
0.9140,-0.041296,-0.502658,1.001976,3.6591,-9.7022,4.9383,0.00
0.9150,-0.037604,-0.492892,0.996965,3.7122,-9.8121,5.0398,0.00
0.9160,-0.033858,-0.483014,0.991850,3.7663,-9.9252,5.1454,0.00
0.9170,-0.030058,-0.473021,0.986625,3.8215,-10.0416,5.2554,0.00
0.9180,-0.026201,-0.462910,0.981286,3.8778,-10.1614,5.3700,0.00
0.9190,-0.022287,-0.452678,0.975829,3.9352,-10.2848,5.4895,0.00
0.9200,-0.018316,-0.442320,0.970248,3.9937,-10.4118,5.6141,0.00
0.9210,-0.014285,-0.431833,0.964539,4.0533,-10.5426,5.7440,0.00
0.9220,-0.010194,-0.421214,0.958694,4.1140,-10.6773,5.8796,0.00
0.9230,-0.006041,-0.410458,0.952708,4.1758,-10.8160,6.0212,0.00
0.9240,-0.001826,-0.399561,0.946576,4.2387,-10.9589,6.1691,0.00
0.9250,0.002452,-0.388520,0.940290,4.3026,-11.1061,6.3237,0.00
0.9260,0.006796,-0.377329,0.933843,4.3675,-11.2577,6.4853,0.00
0.9270,0.011204,-0.365985,0.927227,4.4334,-11.4137,6.6543,0.00
0.9280,0.015679,-0.354482,0.920436,4.5002,-11.5743,6.8312,0.00
0.9290,0.020222,-0.342817,0.913460,4.5678,-11.7396,7.0162,0.00
0.9300,0.024832,-0.330985,0.906291,4.6361,-11.9096,7.2100,0.00
0.9310,0.029511,-0.318982,0.898920,4.7050,-12.0843,7.4128,0.00
0.9320,0.034259,-0.306802,0.891337,4.7744,-12.2637,7.6253,0.00
0.9330,0.039077,-0.294441,0.883532,4.8440,-12.4479,7.8478,0.00
0.9340,0.043965,-0.281894,0.875493,4.9136,-12.6366,8.0809,0.00
0.9350,0.048922,-0.269158,0.867211,4.9829,-12.8298,8.3250,0.00
0.9360,0.053948,-0.256228,0.858672,5.0517,-13.0272,8.5806,0.00
0.9370,0.059042,-0.243100,0.849866,5.1195,-13.2286,8.8481,0.00
0.9380,0.064203,-0.229771,0.840778,5.1859,-13.4335,9.1281,0.00
0.9390,0.069429,-0.216237,0.831397,5.2503,-13.6414,9.4207,0.00
0.9400,0.074719,-0.202497,0.821708,5.3123,-13.8517,9.7265,0.00
0.9410,0.080068,-0.188549,0.811698,5.3709,-14.0634,10.0455,0.00
0.9420,0.085473,-0.174392,0.801353,5.4255,-14.2757,10.3780,0.00
0.9430,0.090930,-0.160026,0.790659,5.4752,-14.4872,10.7238,0.00
0.9440,0.096433,-0.145455,0.779602,5.5188,-14.6966,11.0827,0.00
0.9450,0.101975,-0.130681,0.768169,5.5554,-14.9020,11.4543,0.00
0.9460,0.107549,-0.115709,0.756346,5.5835,-15.1015,11.8378,0.00
0.9470,0.113145,-0.100548,0.744123,5.6018,-15.2927,12.2323,0.00
0.9480,0.118752,-0.085208,0.731488,5.6090,-15.4731,12.6362,0.00
0.9490,0.124358,-0.069701,0.718433,5.6034,-15.6396,13.0478,0.00
0.9500,0.129950,-0.054043,0.704952,5.5834,-15.7891,13.4649,0.00
0.9510,0.135513,-0.038255,0.691040,5.5477,-15.9182,13.8847,0.00
0.9520,0.141029,-0.022357,0.676698,5.4947,-16.0231,14.3040,0.00
0.9530,0.146480,-0.006378,0.661930,5.4231,-16.1002,14.7193,0.00
0.9540,0.151848,0.009654,0.646741,5.3319,-16.1457,15.1267,0.00
0.9550,0.157112,0.025705,0.631144,5.2202,-16.1559,15.5219,0.00
0.9560,0.162251,0.041739,0.615157,5.0878,-16.1275,15.9005,0.00
0.9570,0.167244,0.057715,0.598800,4.9350,-16.0583,16.2577,0.00
0.9580,0.172074,0.073596,0.582102,4.7645,-15.9497,16.5842,0.00
0.9590,0.176724,0.089342,0.565098,4.5785,-15.8030,16.8764,0.00
0.9600,0.181178,0.104917,0.547826,4.3784,-15.6182,17.1326,0.00
0.9610,0.185425,0.120284,0.530324,4.1660,-15.3958,17.3515,0.00
0.9620,0.189452,0.135406,0.512632,3.9434,-15.1371,17.5324,0.00
0.9630,0.193252,0.150251,0.494790,3.7128,-14.8438,17.6755,0.00
0.9640,0.196818,0.164783,0.476837,3.4764,-14.5178,17.7815,0.00
0.9650,0.200144,0.178975,0.458809,3.2364,-14.1612,17.8516,0.00
0.9660,0.203229,0.192796,0.440744,2.9947,-13.7763,17.8876,0.00
0.9670,0.206073,0.206220,0.422674,2.7533,-13.3655,17.8916,0.00
0.9680,0.208677,0.219225,0.404631,2.5138,-12.9309,17.8657,0.00
0.9690,0.211043,0.231787,0.386644,2.2777,-12.4749,17.8127,0.00
0.9700,0.213175,0.243888,0.368738,2.0463,-11.9996,17.7349,0.00
0.9710,0.215080,0.255510,0.350937,1.8205,-11.5070,17.6351,0.00
0.9720,0.216763,0.266636,0.333260,1.6010,-10.9993,17.5158,0.00
0.9730,0.218230,0.277254,0.315725,1.3885,-10.4781,17.3795,0.00
0.9740,0.219490,0.287350,0.298347,1.1834,-9.9453,17.2284,0.00
0.9750,0.220549,0.296916,0.281140,0.9858,-9.4026,17.0647,0.00
0.9760,0.221416,0.305942,0.264114,0.7958,-8.8514,16.8903,0.00
0.9770,0.222097,0.314420,0.247278,0.6134,-8.2931,16.7071,0.00
0.9780,0.222601,0.322345,0.230640,0.4384,-7.7292,16.5167,0.00
0.9790,0.222934,0.329713,0.214205,0.2704,-7.1607,16.3202,0.00
0.9800,0.223103,0.336520,0.197980,0.1092,-6.5890,16.1191,0.00
0.9810,0.223115,0.342764,0.181966,-0.0458,-6.0149,15.9141,0.00
0.9820,0.222975,0.348443,0.166168,-0.1949,-5.4394,15.7062,0.00
0.9830,0.222690,0.353559,0.150589,-0.3387,-4.8633,15.4959,0.00
0.9840,0.222264,0.358111,0.135230,-0.4778,-4.2875,15.2837,0.00
0.9850,0.221701,0.362101,0.120093,-0.6128,-3.7126,15.0700,0.00
0.9860,0.221006,0.365531,0.105180,-0.7443,-3.1393,14.8550,0.00
0.9870,0.220181,0.368405,0.090493,-0.8730,-2.5679,14.6388,0.00
0.9880,0.219229,0.370726,0.076034,-0.9993,-1.9990,14.4214,0.00
0.9890,0.218152,0.372498,0.061805,-1.1241,-1.4331,14.2028,0.00
0.9900,0.216950,0.373725,0.047809,-1.2480,-0.8703,13.9827,0.00
0.9910,0.215625,0.374412,0.034047,-1.3715,-0.3111,13.7611,0.00
0.9920,0.214176,0.374565,0.020525,-1.4954,0.2443,13.5376,0.00
0.9930,0.212603,0.374190,0.007244,-1.6202,0.7957,13.3120,0.00
0.9940,0.210904,0.373292,-0.005791,-1.7465,1.3430,13.0839,0.00
0.9950,0.209077,0.371876,-0.018574,-1.8750,1.8860,12.8532,0.00
0.9960,0.207120,0.369950,-0.031101,-2.0062,2.4245,12.6194,0.00
0.9970,0.205030,0.367520,-0.043365,-2.1406,2.9584,12.3822,0.00
0.9980,0.202804,0.364591,-0.055362,-2.2788,3.4877,12.1414,0.00
0.9990,0.200436,0.361171,-0.067083,-2.4212,4.0112,11.8972,0.00
1.0000,0.197926,0.357282,-0.078529,-2.5628,4.5009,11.6604,0.00
1.0100,0.165776,0.301618,-0.180641,-3.7514,7.1233,10.0449,0.00
1.0200,0.124965,0.237863,-0.271838,-4.2806,6.8653,9.8900,0.00
1.0300,0.081729,0.181397,-0.366774,-4.3389,5.9660,10.5596,0.00
1.0400,0.038005,0.129726,-0.469584,-4.4337,5.8718,11.2234,0.00
1.0500,-0.007924,0.074008,-0.575628,-4.7769,6.8167,11.2927,0.00
1.0600,-0.057184,0.009550,-0.673653,-4.9756,7.5850,10.3801,0.00
1.0700,-0.104310,-0.053601,-0.757280,-4.3342,6.2924,8.7736,0.00
1.0800,-0.142171,-0.101939,-0.833174,-3.2226,3.7050,7.3848,0.00
1.0900,-0.168119,-0.127885,-0.908528,-2.0021,0.6209,6.3732,0.00
1.1000,-0.182386,-0.126864,-0.982291,-0.9371,-2.1219,5.5869,0.00
1.1100,-0.189544,-0.106301,-1.049739,-0.6444,-2.7105,5.4574,0.00
1.1200,-0.197159,-0.084489,-1.117051,-0.9195,-1.8452,6.5321,0.00
1.1300,-0.208263,-0.067833,-1.197188,-1.2765,-0.7856,8.7177,0.00
1.1400,-0.221982,-0.051949,-1.293304,-1.4052,-0.0098,11.0402,0.00
1.1500,-0.234893,-0.028410,-1.377746,-1.1100,0.2242,11.9094,0.00
1.1600,-0.243145,0.004997,-1.391230,-0.5549,-0.1315,10.0559,0.00
1.1700,-0.246858,0.034645,-1.362762,-0.2655,-0.6113,6.3472,0.00
1.1800,-0.249292,0.046992,-1.357678,-0.2323,-1.0887,2.5935,0.00
1.1900,-0.251053,0.041919,-1.388221,-0.0894,-1.7656,-0.3246,0.00
1.2000,-0.250814,0.034238,-1.424055,0.1145,-1.9739,-0.1650,0.00
1.2100,-0.249356,0.035821,-1.425437,0.1472,-1.4389,2.6257,0.00
1.2200,-0.248135,0.049634,-1.382040,0.1027,-0.5935,6.0115,0.00
1.2300,-0.246970,0.075661,-1.308103,0.1481,0.0431,8.1288,0.00
1.2400,-0.245030,0.107893,-1.226625,0.2247,0.1344,7.5627,0.00
1.2500,-0.243079,0.130673,-1.160570,0.1337,-0.2055,4.7351,0.00
1.2600,-0.242706,0.129881,-1.119098,-0.0441,-0.7248,1.4041,0.00
1.2700,-0.243382,0.108756,-1.095209,-0.0539,-1.2300,-0.7018,0.00
1.2800,-0.243174,0.083298,-1.074718,0.1104,-1.4773,-0.8187,0.00
1.2900,-0.240900,0.066404,-1.045475,0.3447,-1.4478,0.5650,0.00
1.3000,-0.236185,0.062387,-1.002303,0.5883,-1.3564,2.2430,0.00
1.3100,-0.229333,0.069232,-0.947619,0.7550,-1.3408,3.1139,0.00
1.3200,-0.221738,0.080049,-0.889018,0.7232,-1.2628,2.8309,0.00
1.3300,-0.215778,0.084423,-0.834568,0.4366,-0.8313,1.9342,0.00
1.3400,-0.213629,0.073666,-0.788909,-0.0051,-0.0632,1.1292,0.00
1.3500,-0.215762,0.047367,-0.752580,-0.3811,0.5754,0.6091,0.00
1.3600,-0.220407,0.013490,-0.722512,-0.4911,0.7086,0.3854,0.00
1.3700,-0.224501,-0.018040,-0.692884,-0.2854,0.3831,0.5570,0.00
1.3800,-0.225346,-0.041016,-0.657842,0.1248,-0.1573,1.0039,0.00
1.3900,-0.221896,-0.054451,-0.614925,0.5362,-0.6648,1.3586,0.00
1.4000,-0.215291,-0.061809,-0.566400,0.7266,-0.8660,1.3992,0.00
1.4100,-0.208615,-0.069425,-0.517736,0.5485,-0.5248,1.2908,0.00
1.4200,-0.205475,-0.083471,-0.474487,0.0579,0.2813,1.2798,0.00
1.4300,-0.207705,-0.106385,-0.439354,-0.4687,1.0897,1.3042,0.00
1.4400,-0.214081,-0.135735,-0.410983,-0.7427,1.4661,1.2285,0.00
1.4500,-0.221429,-0.166342,-0.385185,-0.6769,1.3544,1.1577,0.00
1.4600,-0.226791,-0.193638,-0.357393,-0.3787,0.9684,1.2341,0.00
1.4700,-0.228734,-0.215661,-0.324808,-0.0233,0.5483,1.4171,0.00
1.4800,-0.227510,-0.233029,-0.287419,0.2350,0.2645,1.5645,0.00
1.4900,-0.224654,-0.248021,-0.247688,0.2979,0.2114,1.5893,0.00
1.5000,-0.222282,-0.263470,-0.209241,0.1487,0.3903,1.4954,0.00
1.5100,-0.222198,-0.281608,-0.175309,-0.1375,0.7016,1.3137,0.00
1.5200,-0.225133,-0.303220,-0.147577,-0.4335,1.0022,1.0660,0.00
1.5300,-0.230612,-0.327594,-0.125897,-0.6369,1.1945,0.7927,0.00
1.5400,-0.237489,-0.353247,-0.108809,-0.7172,1.2646,0.5592,0.00
1.5500,-0.244650,-0.378857,-0.094409,-0.7041,1.2566,0.4110,0.00
1.5600,-0.251419,-0.403765,-0.081123,-0.6479,1.2256,0.3404,0.00
1.5700,-0.257587,-0.427874,-0.068220,-0.5889,1.2031,0.2940,0.00
1.5800,-0.263235,-0.451182,-0.055992,-0.5442,1.1834,0.2020,0.00
1.5900,-0.268491,-0.473250,-0.045659,-0.5080,1.1243,0.0074,0.00
1.6000,-0.273341,-0.492858,-0.039017,-0.4591,0.9590,-0.3130,0.00
0.0010,0.000000,-0.000000,0.150000,0.0000,0.0000,0.0000,284.26
0.0020,-0.000024,-0.000082,0.150080,-0.0389,-0.1312,0.1282,266.51
0.0030,-0.000086,-0.000290,0.150283,-0.0753,-0.2538,0.2481,249.69
0.0040,-0.000182,-0.000615,0.150601,-0.1092,-0.3684,0.3602,233.75
0.0050,-0.000311,-0.001050,0.151027,-0.1409,-0.4753,0.4647,218.66
0.0060,-0.000471,-0.001588,0.151553,-0.1704,-0.5749,0.5623,204.36
0.0070,-0.000658,-0.002221,0.152172,-0.1978,-0.6677,0.6532,190.83
0.0080,-0.000872,-0.002943,0.152878,-0.2234,-0.7541,0.7378,178.03
0.0090,-0.001110,-0.003747,0.153665,-0.2471,-0.8343,0.8165,165.91
0.0100,-0.001371,-0.004628,0.154527,-0.2690,-0.9088,0.8895,154.45
0.0110,-0.001653,-0.005580,0.155459,-0.2893,-0.9778,0.9573,143.61
0.0120,-0.001954,-0.006597,0.156455,-0.3081,-1.0417,1.0202,133.37
0.0130,-0.002273,-0.007676,0.157512,-0.3255,-1.1007,1.0783,123.68
0.0140,-0.002608,-0.008811,0.158624,-0.3415,-1.1552,1.1321,114.53
0.0150,-0.002959,-0.009997,0.159787,-0.3562,-1.2054,1.1817,105.88
0.0160,-0.003324,-0.011232,0.160997,-0.3697,-1.2517,1.2275,97.71
0.0170,-0.003701,-0.012510,0.162251,-0.3821,-1.2941,1.2696,89.99
0.0180,-0.004090,-0.013828,0.163545,-0.3934,-1.3330,1.3084,82.69
0.0190,-0.004490,-0.015183,0.164875,-0.4037,-1.3686,1.3440,75.80
0.0200,-0.004900,-0.016572,0.166240,-0.4131,-1.4011,1.3766,69.30
0.0210,-0.005318,-0.017992,0.167635,-0.4217,-1.4307,1.4064,63.15
0.0220,-0.005745,-0.019439,0.169058,-0.4294,-1.4575,1.4337,57.34
0.0230,-0.006178,-0.020912,0.170508,-0.4363,-1.4819,1.4586,51.86
0.0240,-0.006619,-0.022408,0.171980,-0.4426,-1.5039,1.4812,46.68
0.0250,-0.007065,-0.023924,0.173474,-0.4482,-1.5237,1.5018,41.78
0.0260,-0.007516,-0.025459,0.174988,-0.4532,-1.5415,1.5204,37.15
0.0270,-0.007972,-0.027010,0.176519,-0.4576,-1.5575,1.5373,32.77
0.0280,-0.008432,-0.028577,0.178065,-0.4615,-1.5716,1.5526,28.64
0.0290,-0.008896,-0.030156,0.179626,-0.4649,-1.5842,1.5663,24.72
0.0300,-0.009362,-0.031747,0.181200,-0.4679,-1.5953,1.5786,21.02
0.0310,-0.009832,-0.033349,0.182786,-0.4705,-1.6050,1.5897,17.51
0.0320,-0.010304,-0.034959,0.184382,-0.4727,-1.6134,1.5996,14.18
0.0330,-0.010778,-0.036577,0.185987,-0.4745,-1.6207,1.6084,11.03
0.0340,-0.011253,-0.038201,0.187600,-0.4760,-1.6269,1.6163,8.04
0.0350,-0.011730,-0.039832,0.189220,-0.4773,-1.6322,1.6232,5.21
0.0360,-0.012208,-0.041467,0.190847,-0.4783,-1.6366,1.6294,2.51
0.0370,-0.012686,-0.043105,0.192480,-0.4790,-1.6401,1.6348,-0.05
0.0380,-0.013166,-0.044747,0.194117,-0.4795,-1.6430,1.6395,-2.49
0.0390,-0.013645,-0.046392,0.195760,-0.4799,-1.6451,1.6437,-4.82
0.0400,-0.014125,-0.048038,0.197405,-0.4800,-1.6467,1.6473,-7.04
0.0410,-0.014606,-0.049685,0.199054,-0.4801,-1.6478,1.6504,-9.15
0.0420,-0.015085,-0.051333,0.200706,-0.4799,-1.6483,1.6530,-11.18
0.0430,-0.015565,-0.052982,0.202361,-0.4797,-1.6484,1.6553,-13.12
0.0440,-0.016045,-0.054630,0.204017,-0.4793,-1.6481,1.6573,-14.98
0.0450,-0.016524,-0.056278,0.205675,-0.4789,-1.6475,1.6589,-16.76
0.0460,-0.017002,-0.057924,0.207335,-0.4783,-1.6465,1.6602,-18.48
0.0470,-0.017480,-0.059570,0.208996,-0.4777,-1.6453,1.6613,-20.13
0.0480,-0.017957,-0.061215,0.210657,-0.4770,-1.6438,1.6621,-21.72
0.0490,-0.018434,-0.062857,0.212320,-0.4763,-1.6421,1.6628,-23.26
0.0500,-0.018910,-0.064498,0.213983,-0.4755,-1.6401,1.6633,-24.74
0.0510,-0.019385,-0.066137,0.215646,-0.4746,-1.6380,1.6635,-26.18
0.0520,-0.019859,-0.067773,0.217310,-0.4737,-1.6357,1.6637,-27.57
0.0530,-0.020332,-0.069408,0.218973,-0.4728,-1.6333,1.6636,-28.92
0.0540,-0.020804,-0.071039,0.220637,-0.4718,-1.6307,1.6635,-30.24
0.0550,-0.021275,-0.072668,0.222300,-0.4708,-1.6279,1.6632,-31.51
0.0560,-0.021745,-0.074294,0.223963,-0.4698,-1.6251,1.6627,-32.76
0.0570,-0.022214,-0.075918,0.225625,-0.4688,-1.6221,1.6622,-33.97
0.0580,-0.022682,-0.077538,0.227287,-0.4677,-1.6190,1.6614,-35.16
0.0590,-0.023149,-0.079155,0.228947,-0.4666,-1.6157,1.6606,-36.31
0.0600,-0.023615,-0.080768,0.230607,-0.4654,-1.6123,1.6596,-37.45
0.0610,-0.024080,-0.082378,0.232266,-0.4642,-1.6088,1.6584,-38.55
0.0620,-0.024543,-0.083985,0.233924,-0.4630,-1.6052,1.6571,-39.64
0.0630,-0.025006,-0.085588,0.235580,-0.4617,-1.6014,1.6557,-40.70
0.0640,-0.025466,-0.087186,0.237234,-0.4604,-1.5974,1.6540,-41.74
0.0650,-0.025926,-0.088781,0.238887,-0.4591,-1.5933,1.6522,-42.75
0.0660,-0.026384,-0.090372,0.240538,-0.4577,-1.5890,1.6501,-43.75
0.0670,-0.026841,-0.091958,0.242187,-0.4563,-1.5845,1.6478,-44.73
0.0680,-0.027296,-0.093540,0.243833,-0.4548,-1.5798,1.6454,-45.69
0.0690,-0.027750,-0.095116,0.245477,-0.4532,-1.5749,1.6426,-46.63
0.0700,-0.028202,-0.096688,0.247118,-0.4516,-1.5698,1.6396,-47.55
0.0710,-0.028653,-0.098255,0.248755,-0.4499,-1.5645,1.6364,-48.45
0.0720,-0.029102,-0.099816,0.250389,-0.4481,-1.5589,1.6328,-49.34
0.0730,-0.029549,-0.101371,0.252020,-0.4462,-1.5531,1.6290,-50.20
0.0740,-0.029994,-0.102920,0.253646,-0.4443,-1.5470,1.6249,-51.05
0.0750,-0.030436,-0.104463,0.255268,-0.4422,-1.5406,1.6204,-51.87
0.0760,-0.030877,-0.105999,0.256886,-0.4401,-1.5339,1.6156,-52.68
0.0770,-0.031316,-0.107529,0.258498,-0.4379,-1.5269,1.6104,-53.46
0.0780,-0.031752,-0.109051,0.260105,-0.4355,-1.5196,1.6049,-54.23
0.0790,-0.032186,-0.110566,0.261707,-0.4331,-1.5120,1.5991,-54.98
0.0800,-0.032618,-0.112073,0.263302,-0.4305,-1.5040,1.5928,-55.70
0.0810,-0.033047,-0.113572,0.264891,-0.4278,-1.4957,1.5862,-56.40
0.0820,-0.033473,-0.115062,0.266472,-0.4250,-1.4870,1.5791,-57.09
0.0830,-0.033896,-0.116543,0.268047,-0.4221,-1.4780,1.5717,-57.75
0.0840,-0.034316,-0.118016,0.269614,-0.4191,-1.4686,1.5638,-58.38
0.0850,-0.034733,-0.119478,0.271172,-0.4159,-1.4588,1.5556,-59.00
0.0860,-0.035147,-0.120930,0.272723,-0.4126,-1.4486,1.5469,-59.59
0.0870,-0.035558,-0.122373,0.274264,-0.4092,-1.4381,1.5378,-60.17
0.0880,-0.035965,-0.123804,0.275796,-0.4056,-1.4272,1.5283,-60.71
0.0890,-0.036368,-0.125224,0.277318,-0.4019,-1.4159,1.5184,-61.24
0.0900,-0.036767,-0.126633,0.278830,-0.3981,-1.4043,1.5081,-61.74
0.0910,-0.037163,-0.128030,0.280332,-0.3941,-1.3923,1.4974,-62.22
0.0920,-0.037555,-0.129414,0.281822,-0.3900,-1.3799,1.4863,-62.68
0.0930,-0.037942,-0.130786,0.283301,-0.3858,-1.3671,1.4747,-63.12
0.0940,-0.038325,-0.132145,0.284768,-0.3814,-1.3540,1.4628,-63.53
0.0950,-0.038704,-0.133491,0.286224,-0.3770,-1.3405,1.4505,-63.92
0.0960,-0.039078,-0.134823,0.287666,-0.3724,-1.3267,1.4379,-64.29
0.0970,-0.039447,-0.136141,0.289096,-0.3677,-1.3126,1.4249,-64.64
0.0980,-0.039812,-0.137444,0.290513,-0.3628,-1.2982,1.4116,-64.97
0.0990,-0.040172,-0.138733,0.291916,-0.3579,-1.2835,1.3979,-65.28
0.1000,-0.040526,-0.140008,0.293305,-0.3528,-1.2685,1.3840,-65.57
0.1010,-0.040876,-0.141267,0.294680,-0.3477,-1.2532,1.3697,-65.84
0.1020,-0.041220,-0.142510,0.296041,-0.3425,-1.2377,1.3552,-66.09
0.1030,-0.041560,-0.143738,0.297387,-0.3371,-1.2220,1.3404,-66.33
0.1040,-0.041893,-0.144950,0.298718,-0.3317,-1.2060,1.3254,-66.55
0.1050,-0.042222,-0.146146,0.300034,-0.3262,-1.1899,1.3102,-66.76
0.1060,-0.042544,-0.147326,0.301334,-0.3207,-1.1736,1.2949,-66.95
0.1070,-0.042862,-0.148489,0.302619,-0.3151,-1.1572,1.2793,-67.13
0.1080,-0.043173,-0.149636,0.303889,-0.3094,-1.1406,1.2636,-67.30
0.1090,-0.043479,-0.150766,0.305143,-0.3037,-1.1240,1.2479,-67.46
0.1100,-0.043779,-0.151880,0.306381,-0.2980,-1.1073,1.2320,-67.61
0.1110,-0.044074,-0.152977,0.307603,-0.2922,-1.0905,1.2161,-67.76
0.1120,-0.044362,-0.154057,0.308809,-0.2865,-1.0737,1.2001,-67.90
0.1130,-0.044645,-0.155120,0.309999,-0.2807,-1.0570,1.1841,-68.03
0.1140,-0.044922,-0.156167,0.311173,-0.2749,-1.0402,1.1682,-68.16
0.1150,-0.045193,-0.157196,0.312331,-0.2691,-1.0235,1.1523,-68.29
0.1160,-0.045459,-0.158210,0.313473,-0.2634,-1.0069,1.1364,-68.43
0.1170,-0.045719,-0.159206,0.314600,-0.2576,-0.9905,1.1207,-68.56
0.1180,-0.045973,-0.160186,0.315711,-0.2520,-0.9741,1.1051,-68.69
0.1190,-0.046221,-0.161150,0.316806,-0.2463,-0.9579,1.0896,-68.83
0.1200,-0.046464,-0.162098,0.317886,-0.2407,-0.9419,1.0743,-68.98
0.1210,-0.046701,-0.163030,0.318951,-0.2352,-0.9261,1.0591,-69.13
0.1220,-0.046933,-0.163947,0.320001,-0.2298,-0.9105,1.0442,-69.29
0.1230,-0.047159,-0.164847,0.321036,-0.2244,-0.8952,1.0295,-69.47
0.1240,-0.047381,-0.165733,0.322056,-0.2191,-0.8801,1.0151,-69.65
0.1250,-0.047596,-0.166604,0.323063,-0.2139,-0.8653,1.0010,-69.84
0.1260,-0.047807,-0.167460,0.324055,-0.2088,-0.8509,0.9871,-70.05
0.1270,-0.048013,-0.168302,0.325034,-0.2039,-0.8367,0.9736,-70.28
0.1280,-0.048214,-0.169130,0.325999,-0.1990,-0.8230,0.9604,-70.52
0.1290,-0.048410,-0.169945,0.326951,-0.1943,-0.8095,0.9475,-70.77
0.1300,-0.048601,-0.170746,0.327891,-0.1897,-0.7965,0.9350,-71.05
0.1310,-0.048788,-0.171534,0.328818,-0.1852,-0.7838,0.9229,-71.34
0.1320,-0.048970,-0.172311,0.329734,-0.1808,-0.7716,0.9111,-71.65
0.1330,-0.049149,-0.173075,0.330638,-0.1766,-0.7597,0.8997,-71.98
0.1340,-0.049323,-0.173827,0.331531,-0.1726,-0.7483,0.8888,-72.33
0.1350,-0.049493,-0.174568,0.332413,-0.1687,-0.7372,0.8782,-72.70
0.1360,-0.049659,-0.175299,0.333285,-0.1649,-0.7266,0.8680,-73.10
0.1370,-0.049822,-0.176019,0.334147,-0.1613,-0.7165,0.8583,-73.51
0.1380,-0.049981,-0.176729,0.334999,-0.1579,-0.7068,0.8490,-73.95
0.1390,-0.050137,-0.177430,0.335842,-0.1546,-0.6975,0.8400,-74.41
0.1400,-0.050289,-0.178122,0.336677,-0.1514,-0.6886,0.8315,-74.89
0.1410,-0.050439,-0.178805,0.337504,-0.1484,-0.6802,0.8234,-75.39
0.1420,-0.050586,-0.179480,0.338322,-0.1456,-0.6722,0.8157,-75.91
0.1430,-0.050729,-0.180147,0.339133,-0.1429,-0.6646,0.8085,-76.45
0.1440,-0.050871,-0.180807,0.339938,-0.1404,-0.6574,0.8015,-77.02
0.1450,-0.051010,-0.181461,0.340735,-0.1380,-0.6507,0.7950,-77.60
0.1460,-0.051146,-0.182107,0.341526,-0.1357,-0.6443,0.7889,-78.20
0.1470,-0.051281,-0.182748,0.342311,-0.1336,-0.6383,0.7831,-78.83
0.1480,-0.051413,-0.183382,0.343091,-0.1316,-0.6327,0.7777,-79.47
0.1490,-0.051543,-0.184011,0.343865,-0.1298,-0.6274,0.7725,-80.12
0.1500,-0.051672,-0.184636,0.344635,-0.1281,-0.6225,0.7678,-80.80
0.1510,-0.051799,-0.185255,0.345400,-0.1265,-0.6179,0.7633,-81.48
0.1520,-0.051925,-0.185870,0.346160,-0.1250,-0.6136,0.7591,-82.19
0.1530,-0.052049,-0.186481,0.346917,-0.1236,-0.6096,0.7551,-82.90
0.1540,-0.052172,-0.187088,0.347670,-0.1224,-0.6058,0.7514,-83.63
0.1550,-0.052293,-0.187692,0.348419,-0.1212,-0.6023,0.7480,-84.37
0.1560,-0.052414,-0.188292,0.349165,-0.1201,-0.5991,0.7447,-85.12
0.1570,-0.052533,-0.188889,0.349907,-0.1191,-0.5960,0.7416,-85.87
0.1580,-0.052652,-0.189483,0.350647,-0.1182,-0.5931,0.7387,-86.64
0.1590,-0.052769,-0.190075,0.351384,-0.1173,-0.5904,0.7359,-87.40
0.1600,-0.052886,-0.190664,0.352118,-0.1165,-0.5878,0.7332,-88.17
0.1610,-0.053002,-0.191250,0.352849,-0.1157,-0.5853,0.7306,-88.95
0.1620,-0.053117,-0.191833,0.353579,-0.1150,-0.5829,0.7281,-89.72
0.1630,-0.053232,-0.192415,0.354305,-0.1143,-0.5806,0.7256,-90.50
0.1640,-0.053346,-0.192994,0.355029,-0.1136,-0.5783,0.7232,-91.27
0.1650,-0.053459,-0.193571,0.355751,-0.1130,-0.5760,0.7207,-92.04
0.1660,-0.053572,-0.194145,0.356470,-0.1123,-0.5737,0.7182,-92.80
0.1670,-0.053684,-0.194717,0.357186,-0.1116,-0.5713,0.7157,-93.55
0.1680,-0.053795,-0.195287,0.357900,-0.1110,-0.5689,0.7130,-94.30
0.1690,-0.053905,-0.195855,0.358612,-0.1103,-0.5664,0.7103,-95.04
0.1700,-0.054015,-0.196419,0.359320,-0.1095,-0.5638,0.7074,-95.76
0.1710,-0.054124,-0.196981,0.360026,-0.1088,-0.5611,0.7045,-96.48
0.1720,-0.054232,-0.197541,0.360728,-0.1079,-0.5582,0.7013,-97.18
0.1730,-0.054340,-0.198097,0.361427,-0.1071,-0.5552,0.6979,-97.86
0.1740,-0.054446,-0.198650,0.362123,-0.1061,-0.5519,0.6944,-98.53
0.1750,-0.054552,-0.199200,0.362815,-0.1051,-0.5485,0.6906,-99.18
0.1760,-0.054656,-0.199746,0.363503,-0.1040,-0.5448,0.6866,-99.81
0.1770,-0.054759,-0.200289,0.364187,-0.1029,-0.5408,0.6823,-100.41
0.1780,-0.054862,-0.200827,0.364867,-0.1016,-0.5366,0.6777,-101.00
0.1790,-0.054962,-0.201361,0.365541,-0.1003,-0.5321,0.6729,-101.56
0.1800,-0.055062,-0.201890,0.366211,-0.0988,-0.5273,0.6677,-102.10
0.1810,-0.055160,-0.202414,0.366875,-0.0973,-0.5222,0.6623,-102.62
0.1820,-0.055256,-0.202933,0.367534,-0.0956,-0.5168,0.6565,-103.11
0.1830,-0.055350,-0.203446,0.368187,-0.0938,-0.5111,0.6503,-103.57
0.1840,-0.055443,-0.203953,0.368833,-0.0919,-0.5050,0.6439,-104.00
0.1850,-0.055534,-0.204454,0.369473,-0.0899,-0.4985,0.6370,-104.41
0.1860,-0.055622,-0.204949,0.370105,-0.0877,-0.4917,0.6298,-104.79
0.1870,-0.055708,-0.205436,0.370730,-0.0855,-0.4846,0.6223,-105.14
0.1880,-0.055792,-0.205916,0.371348,-0.0830,-0.4770,0.6144,-105.46
0.1890,-0.055874,-0.206388,0.371957,-0.0805,-0.4692,0.6061,-105.75
0.1900,-0.055953,-0.206852,0.372558,-0.0778,-0.4609,0.5975,-106.01
0.1910,-0.056029,-0.207308,0.373150,-0.0750,-0.4523,0.5885,-106.24
0.1920,-0.056102,-0.207755,0.373732,-0.0721,-0.4433,0.5791,-106.44
0.1930,-0.056172,-0.208192,0.374305,-0.0691,-0.4340,0.5694,-106.61
0.1940,-0.056239,-0.208620,0.374868,-0.0659,-0.4243,0.5593,-106.75
0.1950,-0.056303,-0.209038,0.375421,-0.0626,-0.4143,0.5489,-106.87
0.1960,-0.056364,-0.209446,0.375963,-0.0591,-0.4039,0.5381,-106.95
0.1970,-0.056420,-0.209843,0.376495,-0.0556,-0.3932,0.5271,-107.00
0.1980,-0.056474,-0.210230,0.377015,-0.0519,-0.3822,0.5157,-107.03
0.1990,-0.056523,-0.210605,0.377523,-0.0481,-0.3709,0.5040,-107.02
0.2000,-0.056569,-0.210969,0.378020,-0.0442,-0.3593,0.4920,-107.00
0.2010,-0.056611,-0.211321,0.378504,-0.0402,-0.3474,0.4798,-106.94
0.2020,-0.056648,-0.211660,0.378976,-0.0361,-0.3352,0.4673,-106.86
0.2030,-0.056682,-0.211988,0.379435,-0.0319,-0.3229,0.4545,-106.76
0.2040,-0.056711,-0.212303,0.379882,-0.0277,-0.3102,0.4416,-106.63
0.2050,-0.056736,-0.212605,0.380315,-0.0233,-0.2974,0.4284,-106.48
0.2060,-0.056757,-0.212895,0.380735,-0.0189,-0.2844,0.4150,-106.31
0.2070,-0.056773,-0.213171,0.381142,-0.0144,-0.2712,0.4015,-106.12
0.2080,-0.056784,-0.213434,0.381535,-0.0098,-0.2579,0.3878,-105.91
0.2090,-0.056791,-0.213683,0.381914,-0.0052,-0.2444,0.3740,-105.68
0.2100,-0.056793,-0.213920,0.382279,-0.0006,-0.2309,0.3601,-105.44
0.2110,-0.056791,-0.214142,0.382631,0.0041,-0.2172,0.3461,-105.18
0.2120,-0.056784,-0.214351,0.382968,0.0089,-0.2035,0.3321,-104.91
0.2130,-0.056772,-0.214546,0.383291,0.0136,-0.1897,0.3180,-104.63
0.2140,-0.056756,-0.214727,0.383600,0.0184,-0.1760,0.3038,-104.34
0.2150,-0.056734,-0.214894,0.383895,0.0231,-0.1622,0.2897,-104.04
0.2160,-0.056708,-0.215048,0.384176,0.0279,-0.1484,0.2756,-103.73
0.2170,-0.056677,-0.215188,0.384443,0.0326,-0.1347,0.2615,-103.42
0.2180,-0.056642,-0.215314,0.384696,0.0374,-0.1211,0.2475,-103.11
0.2190,-0.056601,-0.215426,0.384935,0.0421,-0.1075,0.2336,-102.79
0.2200,-0.056557,-0.215526,0.385160,0.0467,-0.0941,0.2198,-102.47
0.2210,-0.056507,-0.215611,0.385371,0.0514,-0.0808,0.2061,-102.15
0.2220,-0.056453,-0.215684,0.385568,0.0559,-0.0676,0.1925,-101.83
0.2230,-0.056394,-0.215743,0.385753,0.0605,-0.0546,0.1791,-101.52
0.2240,-0.056331,-0.215790,0.385923,0.0650,-0.0418,0.1659,-101.21
0.2250,-0.056263,-0.215824,0.386081,0.0694,-0.0291,0.1529,-100.90
0.2260,-0.056191,-0.215845,0.386226,0.0737,-0.0167,0.1400,-100.61
0.2270,-0.056114,-0.215854,0.386358,0.0779,-0.0046,0.1274,-100.32
0.2280,-0.056034,-0.215851,0.386478,0.0821,0.0073,0.1151,-100.04
0.2290,-0.055949,-0.215837,0.386585,0.0862,0.0190,0.1029,-99.77
0.2300,-0.055861,-0.215810,0.386681,0.0902,0.0304,0.0910,-99.51
0.2310,-0.055768,-0.215773,0.386765,0.0941,0.0415,0.0794,-99.27
0.2320,-0.055672,-0.215725,0.386837,0.0978,0.0523,0.0681,-99.04
0.2330,-0.055571,-0.215666,0.386898,0.1015,0.0628,0.0571,-98.82
0.2340,-0.055468,-0.215596,0.386949,0.1051,0.0730,0.0463,-98.61
0.2350,-0.055360,-0.215517,0.386988,0.1085,0.0829,0.0359,-98.43
0.2360,-0.055250,-0.215428,0.387018,0.1119,0.0925,0.0257,-98.25
0.2370,-0.055136,-0.215330,0.387037,0.1151,0.1017,0.0159,-98.10
0.2380,-0.055019,-0.215222,0.387047,0.1182,0.1106,0.0063,-97.96
0.2390,-0.054899,-0.215106,0.387048,0.1212,0.1192,-0.0029,-97.83
0.2400,-0.054776,-0.214982,0.387039,0.1241,0.1275,-0.0118,-97.73
0.2410,-0.054650,-0.214849,0.387022,0.1269,0.1354,-0.0205,-97.64
0.2420,-0.054521,-0.214709,0.386996,0.1295,0.1430,-0.0288,-97.56
0.2430,-0.054390,-0.214561,0.386963,0.1321,0.1503,-0.0368,-97.50
0.2440,-0.054256,-0.214407,0.386921,0.1345,0.1573,-0.0445,-97.46
0.2450,-0.054120,-0.214245,0.386872,0.1368,0.1640,-0.0519,-97.44
0.2460,-0.053982,-0.214077,0.386816,0.1390,0.1703,-0.0590,-97.43
0.2470,-0.053842,-0.213903,0.386752,0.1411,0.1764,-0.0659,-97.44
0.2480,-0.053700,-0.213723,0.386682,0.1431,0.1822,-0.0724,-97.46
0.2490,-0.053555,-0.213537,0.386606,0.1450,0.1877,-0.0788,-97.50
0.2500,-0.053409,-0.213346,0.386523,0.1467,0.1929,-0.0848,-97.55
0.2510,-0.053262,-0.213150,0.386435,0.1484,0.1978,-0.0906,-97.61
0.2520,-0.053112,-0.212949,0.386341,0.1500,0.2026,-0.0962,-97.68
0.2530,-0.052961,-0.212744,0.386241,0.1515,0.2071,-0.1016,-97.77
0.2540,-0.052809,-0.212534,0.386136,0.1530,0.2113,-0.1068,-97.87
0.2550,-0.052655,-0.212320,0.386026,0.1543,0.2154,-0.1118,-97.97
0.2560,-0.052500,-0.212102,0.385912,0.1556,0.2193,-0.1165,-98.09
0.2570,-0.052343,-0.211881,0.385792,0.1568,0.2230,-0.1212,-98.21
0.2580,-0.052186,-0.211655,0.385668,0.1580,0.2265,-0.1257,-98.34
0.2590,-0.052027,-0.211427,0.385540,0.1591,0.2299,-0.1300,-98.47
0.2600,-0.051867,-0.211195,0.385407,0.1601,0.2331,-0.1342,-98.61
0.2610,-0.051707,-0.210960,0.385270,0.1611,0.2363,-0.1383,-98.75
0.2620,-0.051545,-0.210722,0.385129,0.1621,0.2393,-0.1424,-98.90
0.2630,-0.051382,-0.210480,0.384984,0.1630,0.2422,-0.1463,-99.04
0.2640,-0.051219,-0.210236,0.384836,0.1639,0.2451,-0.1502,-99.19
0.2650,-0.051054,-0.209989,0.384683,0.1648,0.2480,-0.1540,-99.33
0.2660,-0.050889,-0.209740,0.384527,0.1656,0.2507,-0.1578,-99.48
0.2670,-0.050723,-0.209487,0.384367,0.1665,0.2535,-0.1616,-99.61
0.2680,-0.050556,-0.209232,0.384203,0.1673,0.2563,-0.1654,-99.75
0.2690,-0.050388,-0.208974,0.384035,0.1681,0.2590,-0.1692,-99.88
0.2700,-0.050220,-0.208713,0.383863,0.1690,0.2618,-0.1730,-100.00
0.2710,-0.050050,-0.208449,0.383688,0.1698,0.2647,-0.1769,-100.11
0.2720,-0.049880,-0.208183,0.383508,0.1707,0.2675,-0.1808,-100.21
0.2730,-0.049708,-0.207914,0.383325,0.1716,0.2705,-0.1847,-100.31
0.2740,-0.049536,-0.207641,0.383138,0.1725,0.2735,-0.1888,-100.39
0.2750,-0.049363,-0.207366,0.382947,0.1734,0.2766,-0.1929,-100.46
0.2760,-0.049189,-0.207087,0.382751,0.1744,0.2798,-0.1971,-100.52
0.2770,-0.049014,-0.206805,0.382551,0.1754,0.2831,-0.2014,-100.56
0.2780,-0.048838,-0.206520,0.382347,0.1764,0.2865,-0.2058,-100.59
0.2790,-0.048661,-0.206232,0.382138,0.1775,0.2901,-0.2104,-100.61
0.2800,-0.048483,-0.205939,0.381925,0.1787,0.2937,-0.2151,-100.61
0.2810,-0.048303,-0.205643,0.381707,0.1798,0.2976,-0.2199,-100.59
0.2820,-0.048123,-0.205343,0.381484,0.1811,0.3015,-0.2249,-100.56
0.2830,-0.047941,-0.205039,0.381256,0.1824,0.3057,-0.2300,-100.51
0.2840,-0.047758,-0.204731,0.381023,0.1837,0.3100,-0.2352,-100.44
0.2850,-0.047573,-0.204418,0.380784,0.1851,0.3144,-0.2406,-100.35
0.2860,-0.047387,-0.204101,0.380540,0.1866,0.3191,-0.2462,-100.24
0.2870,-0.047200,-0.203779,0.380290,0.1881,0.3238,-0.2519,-100.12
0.2880,-0.047010,-0.203452,0.380035,0.1897,0.3288,-0.2578,-99.97
0.2890,-0.046820,-0.203120,0.379773,0.1913,0.3339,-0.2639,-99.81
0.2900,-0.046627,-0.202782,0.379505,0.1931,0.3393,-0.2701,-99.62
0.2910,-0.046433,-0.202440,0.379231,0.1948,0.3447,-0.2765,-99.42
0.2920,-0.046237,-0.202092,0.378951,0.1967,0.3504,-0.2830,-99.19
0.2930,-0.046039,-0.201738,0.378664,0.1986,0.3562,-0.2897,-98.95
0.2940,-0.045840,-0.201378,0.378370,0.2005,0.3622,-0.2966,-98.68
0.2950,-0.045638,-0.201012,0.378069,0.2025,0.3683,-0.3036,-98.40
0.2960,-0.045434,-0.200640,0.377761,0.2046,0.3746,-0.3107,-98.10
0.2970,-0.045228,-0.200261,0.377445,0.2067,0.3811,-0.3180,-97.78
0.2980,-0.045020,-0.199876,0.377123,0.2089,0.3877,-0.3254,-97.44
0.2990,-0.044810,-0.199484,0.376793,0.2111,0.3944,-0.3329,-97.09
0.3000,-0.044597,-0.199085,0.376455,0.2134,0.4013,-0.3406,-96.71
0.3010,-0.044382,-0.198680,0.376110,0.2157,0.4083,-0.3484,-96.32
0.3020,-0.044165,-0.198267,0.375756,0.2181,0.4154,-0.3562,-95.91
0.3030,-0.043945,-0.197847,0.375395,0.2205,0.4226,-0.3642,-95.49
0.3040,-0.043723,-0.197420,0.375026,0.2230,0.4298,-0.3723,-95.05
0.3050,-0.043499,-0.196986,0.374649,0.2255,0.4372,-0.3804,-94.60
0.3060,-0.043272,-0.196544,0.374263,0.2280,0.4447,-0.3886,-94.13
0.3070,-0.043042,-0.196095,0.373869,0.2305,0.4522,-0.3968,-93.65
0.3080,-0.042810,-0.195638,0.373467,0.2331,0.4598,-0.4051,-93.16
0.3090,-0.042576,-0.195173,0.373057,0.2357,0.4674,-0.4134,-92.66
0.3100,-0.042338,-0.194701,0.372639,0.2383,0.4751,-0.4218,-92.14
0.3110,-0.042098,-0.194221,0.372212,0.2409,0.4828,-0.4301,-91.62
0.3120,-0.041856,-0.193734,0.371776,0.2435,0.4904,-0.4385,-91.09
0.3130,-0.041611,-0.193238,0.371332,0.2461,0.4981,-0.4469,-90.55
0.3140,-0.041363,-0.192735,0.370880,0.2487,0.5058,-0.4552,-90.00
0.3150,-0.041113,-0.192225,0.370420,0.2513,0.5135,-0.4635,-89.45
0.3160,-0.040860,-0.191707,0.369951,0.2539,0.5211,-0.4718,-88.89
0.3170,-0.040604,-0.191181,0.369474,0.2565,0.5286,-0.4800,-88.33
0.3180,-0.040346,-0.190648,0.368989,0.2591,0.5362,-0.4882,-87.76
0.3190,-0.040085,-0.190107,0.368496,0.2617,0.5436,-0.4963,-87.19
0.3200,-0.039822,-0.189559,0.367995,0.2642,0.5510,-0.5043,-86.62
0.3210,-0.039556,-0.189003,0.367486,0.2667,0.5583,-0.5122,-86.05
0.3220,-0.039288,-0.188440,0.366969,0.2692,0.5654,-0.5200,-85.48
0.3230,-0.039017,-0.187871,0.366444,0.2717,0.5725,-0.5277,-84.91
0.3240,-0.038744,-0.187294,0.365911,0.2741,0.5795,-0.5353,-84.34
0.3250,-0.038469,-0.186710,0.365371,0.2764,0.5863,-0.5427,-83.77
0.3260,-0.038191,-0.186119,0.364824,0.2788,0.5930,-0.5501,-83.21
0.3270,-0.037910,-0.185522,0.364270,0.2810,0.5996,-0.5572,-82.65
0.3280,-0.037628,-0.184919,0.363708,0.2833,0.6060,-0.5643,-82.09
0.3290,-0.037343,-0.184309,0.363139,0.2854,0.6123,-0.5712,-81.54
0.3300,-0.037057,-0.183693,0.362564,0.2876,0.6184,-0.5779,-81.00
0.3310,-0.036768,-0.183071,0.361982,0.2896,0.6243,-0.5844,-80.46
0.3320,-0.036477,-0.182443,0.361394,0.2916,0.6301,-0.5908,-79.93
0.3330,-0.036184,-0.181809,0.360799,0.2936,0.6356,-0.5970,-79.41
0.3340,-0.035889,-0.181170,0.360198,0.2955,0.6411,-0.6031,-78.90
0.3350,-0.035593,-0.180526,0.359591,0.2973,0.6463,-0.6089,-78.39
0.3360,-0.035294,-0.179876,0.358979,0.2991,0.6513,-0.6146,-77.89
0.3370,-0.034994,-0.179222,0.358361,0.3008,0.6561,-0.6200,-77.40
0.3380,-0.034692,-0.178563,0.357738,0.3024,0.6608,-0.6253,-76.93
0.3390,-0.034389,-0.177899,0.357109,0.3040,0.6653,-0.6304,-76.46
0.3400,-0.034084,-0.177232,0.356476,0.3055,0.6695,-0.6353,-76.00
0.3410,-0.033778,-0.176559,0.355838,0.3069,0.6736,-0.6400,-75.55
0.3420,-0.033470,-0.175883,0.355195,0.3083,0.6775,-0.6445,-75.11
0.3430,-0.033161,-0.175204,0.354547,0.3095,0.6811,-0.6489,-74.68
0.3440,-0.032851,-0.174520,0.353896,0.3108,0.6846,-0.6530,-74.26
0.3450,-0.032539,-0.173834,0.353241,0.3119,0.6879,-0.6570,-73.85
0.3460,-0.032226,-0.173144,0.352581,0.3130,0.6911,-0.6607,-73.46
0.3470,-0.031913,-0.172451,0.351918,0.3141,0.6940,-0.6643,-73.07
0.3480,-0.031598,-0.171755,0.351252,0.3151,0.6967,-0.6677,-72.69
0.3490,-0.031282,-0.171057,0.350582,0.3160,0.6993,-0.6710,-72.32
0.3500,-0.030966,-0.170356,0.349909,0.3168,0.7017,-0.6740,-71.96
0.3510,-0.030649,-0.169653,0.349233,0.3176,0.7039,-0.6769,-71.61
0.3520,-0.030331,-0.168947,0.348555,0.3183,0.7060,-0.6796,-71.27
0.3530,-0.030012,-0.168240,0.347873,0.3190,0.7079,-0.6822,-70.94
0.3540,-0.029692,-0.167531,0.347190,0.3196,0.7097,-0.6846,-70.62
0.3550,-0.029372,-0.166821,0.346504,0.3202,0.7113,-0.6869,-70.31
0.3560,-0.029052,-0.166108,0.345815,0.3207,0.7127,-0.6890,-70.00
0.3570,-0.028731,-0.165395,0.345125,0.3212,0.7141,-0.6910,-69.70
0.3580,-0.028409,-0.164680,0.344433,0.3216,0.7153,-0.6929,-69.41
0.3590,-0.028087,-0.163964,0.343739,0.3220,0.7163,-0.6947,-69.13
0.3600,-0.027765,-0.163247,0.343043,0.3223,0.7173,-0.6963,-68.85
0.3610,-0.027443,-0.162529,0.342346,0.3227,0.7181,-0.6978,-68.58
0.3620,-0.027120,-0.161811,0.341647,0.3229,0.7189,-0.6992,-68.31
0.3630,-0.026797,-0.161091,0.340947,0.3231,0.7195,-0.7005,-68.05
0.3640,-0.026474,-0.160372,0.340246,0.3233,0.7201,-0.7017,-67.79
0.3650,-0.026150,-0.159651,0.339544,0.3235,0.7205,-0.7029,-67.54
0.3660,-0.025827,-0.158930,0.338840,0.3236,0.7209,-0.7039,-67.29
0.3670,-0.025503,-0.158209,0.338135,0.3238,0.7213,-0.7049,-67.04
0.3680,-0.025179,-0.157488,0.337430,0.3238,0.7215,-0.7059,-66.80
0.3690,-0.024855,-0.156766,0.336723,0.3239,0.7217,-0.7067,-66.55
0.3700,-0.024531,-0.156044,0.336016,0.3240,0.7219,-0.7075,-66.31
0.3710,-0.024207,-0.155322,0.335308,0.3240,0.7220,-0.7083,-66.07
0.3720,-0.023883,-0.154600,0.334599,0.3240,0.7221,-0.7090,-65.84
0.3730,-0.023559,-0.153878,0.333890,0.3240,0.7221,-0.7097,-65.60
0.3740,-0.023235,-0.153156,0.333180,0.3240,0.7221,-0.7104,-65.36
0.3750,-0.022911,-0.152434,0.332469,0.3240,0.7221,-0.7110,-65.12
0.3760,-0.022587,-0.151712,0.331758,0.3240,0.7221,-0.7116,-64.88
0.3770,-0.022263,-0.150990,0.331046,0.3240,0.7221,-0.7122,-64.64
0.3780,-0.021939,-0.150268,0.330333,0.3240,0.7220,-0.7128,-64.39
0.3790,-0.021615,-0.149546,0.329620,0.3240,0.7220,-0.7134,-64.15
0.3800,-0.021291,-0.148824,0.328906,0.3239,0.7220,-0.7140,-63.90
0.3810,-0.020967,-0.148102,0.328192,0.3239,0.7220,-0.7146,-63.65
0.3820,-0.020643,-0.147380,0.327477,0.3239,0.7220,-0.7152,-63.39
0.3830,-0.020319,-0.146658,0.326761,0.3239,0.7220,-0.7158,-63.14
0.3840,-0.019995,-0.145936,0.326045,0.3239,0.7220,-0.7164,-62.88
0.3850,-0.019672,-0.145214,0.325328,0.3239,0.7221,-0.7171,-62.61
0.3860,-0.019348,-0.144492,0.324611,0.3239,0.7221,-0.7177,-62.34
0.3870,-0.019024,-0.143770,0.323893,0.3240,0.7223,-0.7184,-62.07
0.3880,-0.018700,-0.143047,0.323174,0.3240,0.7224,-0.7191,-61.80
0.3890,-0.018376,-0.142325,0.322454,0.3240,0.7226,-0.7198,-61.51
0.3900,-0.018052,-0.141602,0.321734,0.3241,0.7228,-0.7206,-61.23
0.3910,-0.017727,-0.140879,0.321013,0.3242,0.7230,-0.7214,-60.94
0.3920,-0.017403,-0.140156,0.320291,0.3243,0.7233,-0.7222,-60.64
0.3930,-0.017079,-0.139433,0.319569,0.3244,0.7236,-0.7230,-60.34
0.3940,-0.016754,-0.138709,0.318845,0.3245,0.7239,-0.7239,-60.04
0.3950,-0.016430,-0.137985,0.318121,0.3246,0.7243,-0.7248,-59.73
0.3960,-0.016105,-0.137260,0.317395,0.3247,0.7247,-0.7257,-59.42
0.3970,-0.015780,-0.136535,0.316669,0.3249,0.7252,-0.7267,-59.10
0.3980,-0.015455,-0.135810,0.315942,0.3250,0.7257,-0.7277,-58.78
0.3990,-0.015130,-0.135084,0.315213,0.3252,0.7262,-0.7287,-58.45
0.4000,-0.014805,-0.134357,0.314484,0.3254,0.7267,-0.7297,-58.12
0.4010,-0.014479,-0.133630,0.313754,0.3256,0.7273,-0.7308,-57.78
0.4020,-0.014154,-0.132903,0.313022,0.3258,0.7279,-0.7319,-57.44
0.4030,-0.013828,-0.132174,0.312290,0.3260,0.7285,-0.7330,-57.10
0.4040,-0.013502,-0.131445,0.311556,0.3262,0.7292,-0.7341,-56.75
0.4050,-0.013175,-0.130716,0.310821,0.3265,0.7299,-0.7352,-56.40
0.4060,-0.012849,-0.129985,0.310085,0.3267,0.7306,-0.7364,-56.05
0.4070,-0.012522,-0.129254,0.309348,0.3270,0.7313,-0.7375,-55.69
0.4080,-0.012195,-0.128523,0.308610,0.3272,0.7320,-0.7387,-55.33
0.4090,-0.011867,-0.127790,0.307871,0.3275,0.7328,-0.7399,-54.97
0.4100,-0.011540,-0.127057,0.307130,0.3277,0.7335,-0.7411,-54.60
0.4110,-0.011212,-0.126323,0.306388,0.3280,0.7343,-0.7422,-54.24
0.4120,-0.010884,-0.125588,0.305645,0.3283,0.7350,-0.7434,-53.87
0.4130,-0.010555,-0.124853,0.304901,0.3285,0.7358,-0.7446,-53.50
0.4140,-0.010227,-0.124117,0.304156,0.3288,0.7365,-0.7457,-53.13
0.4150,-0.009898,-0.123380,0.303410,0.3290,0.7373,-0.7469,-52.76
0.4160,-0.009568,-0.122642,0.302662,0.3293,0.7380,-0.7480,-52.39
0.4170,-0.009239,-0.121903,0.301913,0.3296,0.7387,-0.7491,-52.02
0.4180,-0.008909,-0.121164,0.301164,0.3298,0.7394,-0.7502,-51.64
0.4190,-0.008579,-0.120425,0.300413,0.3301,0.7400,-0.7512,-51.27
0.4200,-0.008249,-0.119684,0.299661,0.3303,0.7407,-0.7522,-50.90
0.4210,-0.007919,-0.118943,0.298908,0.3305,0.7413,-0.7532,-50.53
0.4220,-0.007588,-0.118201,0.298154,0.3307,0.7419,-0.7542,-50.17
0.4230,-0.007257,-0.117459,0.297400,0.3309,0.7424,-0.7551,-49.80
0.4240,-0.006926,-0.116716,0.296644,0.3311,0.7429,-0.7560,-49.44
0.4250,-0.006595,-0.115973,0.295887,0.3313,0.7434,-0.7568,-49.08
0.4260,-0.006263,-0.115230,0.295130,0.3315,0.7438,-0.7576,-48.72
0.4270,-0.005932,-0.114486,0.294372,0.3316,0.7442,-0.7583,-48.36
0.4280,-0.005600,-0.113741,0.293613,0.3317,0.7445,-0.7590,-48.01
0.4290,-0.005268,-0.112996,0.292854,0.3319,0.7448,-0.7596,-47.66
0.4300,-0.004936,-0.112252,0.292094,0.3320,0.7450,-0.7602,-47.32
0.4310,-0.004604,-0.111507,0.291334,0.3320,0.7451,-0.7607,-46.98
0.4320,-0.004272,-0.110761,0.290573,0.3321,0.7452,-0.7611,-46.64
0.4330,-0.003940,-0.110016,0.289811,0.3321,0.7452,-0.7615,-46.31
0.4340,-0.003608,-0.109271,0.289050,0.3321,0.7452,-0.7618,-45.98
0.4350,-0.003276,-0.108526,0.288288,0.3321,0.7451,-0.7620,-45.66
0.4360,-0.002944,-0.107781,0.287526,0.3321,0.7449,-0.7622,-45.34
0.4370,-0.002612,-0.107036,0.286763,0.3320,0.7447,-0.7623,-45.02
0.4380,-0.002280,-0.106292,0.286001,0.3319,0.7444,-0.7623,-44.72
0.4390,-0.001948,-0.105547,0.285239,0.3318,0.7440,-0.7623,-44.41
0.4400,-0.001616,-0.104804,0.284477,0.3317,0.7435,-0.7621,-44.12
0.4410,-0.001285,-0.104061,0.283715,0.3315,0.7430,-0.7619,-43.83
0.4420,-0.000954,-0.103318,0.282953,0.3313,0.7424,-0.7617,-43.54
0.4430,-0.000622,-0.102576,0.282191,0.3311,0.7417,-0.7613,-43.26
0.4440,-0.000291,-0.101835,0.281430,0.3309,0.7409,-0.7609,-42.99
0.4450,0.000039,-0.101095,0.280670,0.3306,0.7401,-0.7604,-42.72
0.4460,0.000370,-0.100355,0.279910,0.3303,0.7392,-0.7598,-42.45
0.4470,0.000700,-0.099617,0.279150,0.3300,0.7382,-0.7591,-42.20
0.4480,0.001030,-0.098879,0.278392,0.3296,0.7371,-0.7584,-41.95
0.4490,0.001359,-0.098143,0.277634,0.3293,0.7360,-0.7576,-41.70
0.4500,0.001688,-0.097407,0.276877,0.3288,0.7348,-0.7567,-41.46
0.4510,0.002017,-0.096673,0.276121,0.3284,0.7335,-0.7558,-41.23
0.4520,0.002345,-0.095941,0.275365,0.3280,0.7321,-0.7548,-41.00
0.4530,0.002672,-0.095210,0.274611,0.3275,0.7307,-0.7537,-40.78
0.4540,0.003000,-0.094480,0.273858,0.3270,0.7292,-0.7525,-40.56
0.4550,0.003326,-0.093752,0.273107,0.3265,0.7276,-0.7513,-40.35
0.4560,0.003652,-0.093025,0.272356,0.3259,0.7260,-0.7500,-40.15
0.4570,0.003978,-0.092300,0.271607,0.3253,0.7243,-0.7486,-39.95
0.4580,0.004303,-0.091577,0.270859,0.3247,0.7226,-0.7472,-39.75
0.4590,0.004627,-0.090855,0.270113,0.3241,0.7208,-0.7457,-39.56
0.4600,0.004951,-0.090136,0.269368,0.3235,0.7189,-0.7441,-39.38
0.4610,0.005274,-0.089418,0.268625,0.3228,0.7169,-0.7425,-39.20
0.4620,0.005596,-0.088702,0.267883,0.3221,0.7150,-0.7409,-39.02
0.4630,0.005918,-0.087989,0.267144,0.3214,0.7129,-0.7392,-38.85
0.4640,0.006239,-0.087277,0.266406,0.3207,0.7108,-0.7374,-38.69
0.4650,0.006559,-0.086568,0.265669,0.3199,0.7087,-0.7356,-38.52
0.4660,0.006878,-0.085860,0.264935,0.3192,0.7065,-0.7337,-38.36
0.4670,0.007197,-0.085155,0.264202,0.3184,0.7043,-0.7318,-38.21
0.4680,0.007515,-0.084452,0.263472,0.3176,0.7020,-0.7299,-38.06
0.4690,0.007832,-0.083752,0.262743,0.3168,0.6997,-0.7279,-37.91
0.4700,0.008148,-0.083054,0.262016,0.3160,0.6974,-0.7259,-37.76
0.4710,0.008464,-0.082358,0.261292,0.3151,0.6950,-0.7239,-37.62
0.4720,0.008778,-0.081664,0.260569,0.3143,0.6926,-0.7218,-37.48
0.4730,0.009092,-0.080973,0.259849,0.3134,0.6902,-0.7197,-37.34
0.4740,0.009405,-0.080285,0.259130,0.3125,0.6877,-0.7175,-37.21
0.4750,0.009717,-0.079598,0.258414,0.3117,0.6852,-0.7154,-37.07
0.4760,0.010028,-0.078915,0.257700,0.3108,0.6827,-0.7132,-36.94
0.4770,0.010338,-0.078234,0.256988,0.3099,0.6802,-0.7110,-36.81
0.4780,0.010648,-0.077555,0.256279,0.3090,0.6777,-0.7088,-36.68
0.4790,0.010956,-0.076879,0.255571,0.3080,0.6751,-0.7065,-36.56
0.4800,0.011263,-0.076205,0.254866,0.3071,0.6726,-0.7043,-36.43
0.4810,0.011570,-0.075534,0.254163,0.3062,0.6700,-0.7021,-36.31
0.4820,0.011876,-0.074866,0.253462,0.3053,0.6675,-0.6998,-36.18
0.4830,0.012180,-0.074200,0.252764,0.3043,0.6649,-0.6975,-36.06
0.4840,0.012484,-0.073537,0.252068,0.3034,0.6623,-0.6953,-35.94
0.4850,0.012787,-0.072876,0.251374,0.3024,0.6597,-0.6930,-35.81
0.4860,0.013089,-0.072218,0.250682,0.3015,0.6572,-0.6907,-35.69
0.4870,0.013390,-0.071562,0.249993,0.3006,0.6546,-0.6885,-35.57
0.4880,0.013690,-0.070909,0.249306,0.2996,0.6520,-0.6862,-35.44
0.4890,0.013989,-0.070259,0.248621,0.2987,0.6495,-0.6840,-35.32
0.4900,0.014287,-0.069611,0.247939,0.2977,0.6470,-0.6817,-35.19
0.4910,0.014584,-0.068966,0.247258,0.2968,0.6444,-0.6795,-35.07
0.4920,0.014880,-0.068323,0.246580,0.2959,0.6419,-0.6773,-34.94
0.4930,0.015175,-0.067683,0.245904,0.2949,0.6394,-0.6751,-34.82
0.4940,0.015470,-0.067045,0.245231,0.2940,0.6369,-0.6729,-34.69
0.4950,0.015763,-0.066409,0.244559,0.2931,0.6345,-0.6707,-34.56
0.4960,0.016056,-0.065776,0.243890,0.2922,0.6320,-0.6685,-34.43
0.4970,0.016347,-0.065146,0.243222,0.2912,0.6296,-0.6664,-34.30
0.4980,0.016638,-0.064518,0.242557,0.2903,0.6272,-0.6643,-34.17
0.4990,0.016928,-0.063892,0.241894,0.2894,0.6248,-0.6621,-34.04
0.5000,0.017217,-0.063269,0.241234,0.2885,0.6224,-0.6601,-33.90
0.5010,0.017504,-0.062648,0.240575,0.2876,0.6201,-0.6580,-33.76
0.5020,0.017792,-0.062029,0.239918,0.2867,0.6177,-0.6559,-33.63
0.5030,0.018078,-0.061413,0.239263,0.2859,0.6154,-0.6539,-33.49
0.5040,0.018363,-0.060799,0.238611,0.2850,0.6132,-0.6519,-33.34
0.5050,0.018647,-0.060187,0.237960,0.2841,0.6109,-0.6499,-33.20
0.5060,0.018931,-0.059578,0.237311,0.2832,0.6087,-0.6480,-33.06
0.5070,0.019214,-0.058971,0.236665,0.2824,0.6065,-0.6460,-32.91
0.5080,0.019496,-0.058366,0.236020,0.2815,0.6043,-0.6441,-32.76
0.5090,0.019777,-0.057763,0.235377,0.2807,0.6021,-0.6422,-32.62
0.5100,0.020057,-0.057162,0.234736,0.2799,0.6000,-0.6404,-32.46
0.5110,0.020336,-0.056563,0.234097,0.2790,0.5979,-0.6385,-32.31
0.5120,0.020615,-0.055967,0.233459,0.2782,0.5958,-0.6367,-32.16
0.5130,0.020892,-0.055372,0.232824,0.2774,0.5937,-0.6349,-32.00
0.5140,0.021169,-0.054780,0.232190,0.2766,0.5917,-0.6331,-31.85
0.5150,0.021445,-0.054189,0.231558,0.2758,0.5897,-0.6313,-31.69
0.5160,0.021721,-0.053601,0.230928,0.2750,0.5877,-0.6296,-31.53
0.5170,0.021995,-0.053014,0.230299,0.2742,0.5857,-0.6279,-31.37
0.5180,0.022269,-0.052430,0.229672,0.2734,0.5837,-0.6262,-31.21
0.5190,0.022542,-0.051847,0.229047,0.2726,0.5818,-0.6245,-31.05
0.5200,0.022814,-0.051267,0.228424,0.2718,0.5799,-0.6228,-30.88
0.5210,0.023085,-0.050688,0.227802,0.2710,0.5780,-0.6211,-30.72
0.5220,0.023355,-0.050111,0.227182,0.2703,0.5761,-0.6195,-30.55
0.5230,0.023625,-0.049537,0.226564,0.2695,0.5742,-0.6179,-30.39
0.5240,0.023894,-0.048964,0.225947,0.2687,0.5723,-0.6162,-30.22
0.5250,0.024163,-0.048392,0.225332,0.2680,0.5705,-0.6146,-30.06
0.5260,0.024430,-0.047823,0.224718,0.2672,0.5686,-0.6130,-29.89
0.5270,0.024697,-0.047256,0.224106,0.2665,0.5668,-0.6114,-29.72
0.5280,0.024963,-0.046690,0.223495,0.2657,0.5650,-0.6099,-29.55
0.5290,0.025228,-0.046126,0.222887,0.2650,0.5632,-0.6083,-29.38
0.5300,0.025492,-0.045564,0.222279,0.2642,0.5614,-0.6067,-29.22
0.5310,0.025756,-0.045004,0.221673,0.2635,0.5596,-0.6052,-29.05
0.5320,0.026019,-0.044445,0.221069,0.2627,0.5578,-0.6036,-28.88
0.5330,0.026281,-0.043889,0.220467,0.2620,0.5560,-0.6021,-28.71
0.5340,0.026543,-0.043334,0.219865,0.2612,0.5542,-0.6005,-28.55
0.5350,0.026804,-0.042781,0.219266,0.2605,0.5524,-0.5990,-28.38
0.5360,0.027064,-0.042229,0.218668,0.2597,0.5506,-0.5974,-28.21
0.5370,0.027323,-0.041680,0.218071,0.2590,0.5489,-0.5959,-28.05
0.5380,0.027581,-0.041132,0.217477,0.2582,0.5471,-0.5943,-27.88
0.5390,0.027839,-0.040586,0.216883,0.2574,0.5453,-0.5928,-27.72
0.5400,0.028096,-0.040042,0.216291,0.2567,0.5435,-0.5912,-27.55
0.5410,0.028352,-0.039500,0.215701,0.2559,0.5417,-0.5896,-27.39
0.5420,0.028608,-0.038959,0.215112,0.2552,0.5399,-0.5881,-27.23
0.5430,0.028862,-0.038421,0.214525,0.2544,0.5381,-0.5865,-27.07
0.5440,0.029116,-0.037884,0.213940,0.2536,0.5362,-0.5849,-26.91
0.5450,0.029369,-0.037349,0.213356,0.2528,0.5344,-0.5833,-26.76
0.5460,0.029622,-0.036815,0.212774,0.2521,0.5326,-0.5817,-26.60
0.5470,0.029873,-0.036284,0.212193,0.2513,0.5307,-0.5801,-26.45
0.5480,0.030124,-0.035754,0.211614,0.2505,0.5288,-0.5785,-26.30
0.5490,0.030374,-0.035227,0.211036,0.2497,0.5270,-0.5768,-26.15
0.5500,0.030623,-0.034701,0.210461,0.2489,0.5251,-0.5752,-26.00
0.5510,0.030872,-0.034177,0.209887,0.2481,0.5232,-0.5735,-25.85
0.5520,0.031119,-0.033655,0.209314,0.2472,0.5212,-0.5718,-25.71
0.5530,0.031366,-0.033135,0.208743,0.2464,0.5193,-0.5701,-25.56
0.5540,0.031612,-0.032617,0.208174,0.2456,0.5174,-0.5684,-25.42
0.5550,0.031857,-0.032101,0.207607,0.2448,0.5154,-0.5667,-25.28
0.5560,0.032101,-0.031587,0.207041,0.2439,0.5134,-0.5650,-25.14
0.5570,0.032344,-0.031075,0.206477,0.2431,0.5114,-0.5632,-25.01
0.5580,0.032587,-0.030564,0.205915,0.2422,0.5094,-0.5614,-24.88
0.5590,0.032829,-0.030056,0.205355,0.2414,0.5074,-0.5596,-24.75
0.5600,0.033069,-0.029550,0.204796,0.2405,0.5053,-0.5578,-24.62
0.5610,0.033309,-0.029046,0.204240,0.2396,0.5033,-0.5560,-24.49
0.5620,0.033548,-0.028544,0.203685,0.2387,0.5012,-0.5542,-24.37
0.5630,0.033787,-0.028044,0.203132,0.2378,0.4991,-0.5523,-24.24
0.5640,0.034024,-0.027547,0.202581,0.2369,0.4970,-0.5505,-24.12
0.5650,0.034260,-0.027051,0.202031,0.2360,0.4948,-0.5486,-24.00
0.5660,0.034496,-0.026558,0.201484,0.2351,0.4927,-0.5467,-23.89
0.5670,0.034730,-0.026066,0.200938,0.2342,0.4905,-0.5448,-23.77
0.5680,0.034964,-0.025577,0.200395,0.2333,0.4883,-0.5428,-23.66
0.5690,0.035196,-0.025090,0.199853,0.2323,0.4862,-0.5409,-23.55
0.5700,0.035428,-0.024605,0.199313,0.2314,0.4839,-0.5389,-23.44
0.5710,0.035659,-0.024123,0.198776,0.2304,0.4817,-0.5370,-23.34
0.5720,0.035889,-0.023643,0.198240,0.2295,0.4795,-0.5350,-23.23
0.5730,0.036118,-0.023164,0.197706,0.2285,0.4772,-0.5330,-23.13
0.5740,0.036346,-0.022689,0.197174,0.2275,0.4749,-0.5310,-23.03
0.5750,0.036573,-0.022215,0.196645,0.2266,0.4727,-0.5290,-22.93
0.5760,0.036798,-0.021744,0.196117,0.2256,0.4704,-0.5269,-22.84
0.5770,0.037023,-0.021275,0.195591,0.2246,0.4681,-0.5249,-22.74
0.5780,0.037247,-0.020809,0.195068,0.2236,0.4657,-0.5228,-22.65
0.5790,0.037470,-0.020344,0.194546,0.2226,0.4634,-0.5208,-22.56
0.5800,0.037692,-0.019882,0.194027,0.2216,0.4611,-0.5187,-22.47
0.5810,0.037913,-0.019423,0.193509,0.2206,0.4587,-0.5166,-22.38
0.5820,0.038133,-0.018965,0.192994,0.2196,0.4564,-0.5145,-22.29
0.5830,0.038352,-0.018511,0.192481,0.2185,0.4540,-0.5124,-22.21
0.5840,0.038570,-0.018058,0.191970,0.2175,0.4516,-0.5103,-22.13
0.5850,0.038787,-0.017608,0.191461,0.2165,0.4493,-0.5082,-22.04
0.5860,0.039003,-0.017160,0.190954,0.2155,0.4469,-0.5061,-21.96
0.5870,0.039218,-0.016715,0.190449,0.2144,0.4445,-0.5040,-21.88
0.5880,0.039431,-0.016272,0.189946,0.2134,0.4421,-0.5019,-21.80
0.5890,0.039644,-0.015831,0.189445,0.2124,0.4397,-0.4998,-21.72
0.5900,0.039856,-0.015393,0.188947,0.2113,0.4373,-0.4977,-21.65
0.5910,0.040067,-0.014957,0.188451,0.2103,0.4349,-0.4956,-21.57
0.5920,0.040276,-0.014524,0.187956,0.2092,0.4325,-0.4935,-21.49
0.5930,0.040485,-0.014093,0.187464,0.2082,0.4301,-0.4914,-21.42
0.5940,0.040692,-0.013664,0.186974,0.2071,0.4278,-0.4893,-21.34
0.5950,0.040899,-0.013238,0.186486,0.2061,0.4254,-0.4872,-21.27
0.5960,0.041104,-0.012814,0.186000,0.2050,0.4230,-0.4851,-21.20
0.5970,0.041308,-0.012393,0.185516,0.2040,0.4206,-0.4830,-21.12
0.5980,0.041512,-0.011973,0.185035,0.2029,0.4182,-0.4809,-21.05
0.5990,0.041714,-0.011557,0.184555,0.2019,0.4159,-0.4788,-20.98
0.6000,0.041915,-0.011142,0.184078,0.2008,0.4135,-0.4767,-20.91
0.6010,0.042115,-0.010730,0.183602,0.1998,0.4111,-0.4747,-20.83
0.6020,0.042314,-0.010321,0.183129,0.1987,0.4088,-0.4726,-20.76
0.6030,0.042513,-0.009913,0.182657,0.1977,0.4065,-0.4706,-20.69
0.6040,0.042710,-0.009508,0.182188,0.1966,0.4041,-0.4685,-20.62
0.6050,0.042906,-0.009106,0.181721,0.1956,0.4018,-0.4665,-20.55
0.6060,0.043100,-0.008705,0.181256,0.1945,0.3995,-0.4645,-20.48
0.6070,0.043294,-0.008307,0.180792,0.1935,0.3972,-0.4625,-20.40
0.6080,0.043487,-0.007911,0.180331,0.1924,0.3949,-0.4605,-20.33
0.6090,0.043679,-0.007518,0.179872,0.1914,0.3927,-0.4586,-20.26
0.6100,0.043870,-0.007127,0.179414,0.1904,0.3904,-0.4566,-20.19
0.6110,0.044059,-0.006738,0.178959,0.1893,0.3882,-0.4547,-20.11
0.6120,0.044248,-0.006351,0.178505,0.1883,0.3859,-0.4528,-20.04
0.6130,0.044436,-0.005966,0.178054,0.1873,0.3837,-0.4508,-19.97
0.6140,0.044622,-0.005584,0.177604,0.1863,0.3815,-0.4490,-19.89
0.6150,0.044808,-0.005204,0.177156,0.1853,0.3793,-0.4471,-19.82
0.6160,0.044993,-0.004826,0.176710,0.1842,0.3771,-0.4452,-19.74
0.6170,0.045176,-0.004450,0.176266,0.1832,0.3750,-0.4434,-19.67
0.6180,0.045359,-0.004077,0.175824,0.1822,0.3729,-0.4415,-19.59
0.6190,0.045540,-0.003705,0.175384,0.1812,0.3707,-0.4397,-19.52
0.6200,0.045721,-0.003336,0.174945,0.1802,0.3686,-0.4379,-19.44
0.6210,0.045901,-0.002968,0.174508,0.1792,0.3665,-0.4361,-19.36
0.6220,0.046079,-0.002603,0.174073,0.1782,0.3645,-0.4344,-19.28
0.6230,0.046257,-0.002240,0.173640,0.1772,0.3624,-0.4326,-19.21
0.6240,0.046434,-0.001879,0.173208,0.1763,0.3603,-0.4309,-19.13
0.6250,0.046609,-0.001520,0.172778,0.1753,0.3583,-0.4292,-19.05
0.6260,0.046784,-0.001163,0.172350,0.1743,0.3563,-0.4275,-18.97
0.6270,0.046958,-0.000808,0.171924,0.1733,0.3543,-0.4258,-18.89
0.6280,0.047130,-0.000455,0.171499,0.1724,0.3523,-0.4242,-18.80
0.6290,0.047302,-0.000104,0.171076,0.1714,0.3504,-0.4225,-18.72
0.6300,0.047473,0.000246,0.170654,0.1705,0.3484,-0.4209,-18.64
0.6310,0.047643,0.000593,0.170234,0.1695,0.3465,-0.4193,-18.56
0.6320,0.047812,0.000938,0.169816,0.1686,0.3446,-0.4177,-18.47
0.6330,0.047980,0.001282,0.169399,0.1676,0.3427,-0.4161,-18.39
0.6340,0.048147,0.001623,0.168984,0.1667,0.3408,-0.4146,-18.31
0.6350,0.048313,0.001963,0.168571,0.1657,0.3389,-0.4130,-18.22
0.6360,0.048478,0.002300,0.168159,0.1648,0.3371,-0.4115,-18.14
0.6370,0.048642,0.002636,0.167748,0.1639,0.3352,-0.4100,-18.05
0.6380,0.048806,0.002970,0.167339,0.1630,0.3334,-0.4085,-17.96
0.6390,0.048968,0.003303,0.166931,0.1620,0.3316,-0.4070,-17.88
0.6400,0.049129,0.003633,0.166525,0.1611,0.3298,-0.4055,-17.79
0.6410,0.049290,0.003962,0.166121,0.1602,0.3280,-0.4041,-17.71
0.6420,0.049450,0.004289,0.165717,0.1593,0.3262,-0.4026,-17.62
0.6430,0.049608,0.004614,0.165316,0.1584,0.3244,-0.4012,-17.53
0.6440,0.049766,0.004937,0.164915,0.1575,0.3227,-0.3998,-17.45
0.6450,0.049923,0.005259,0.164517,0.1566,0.3209,-0.3984,-17.36
0.6460,0.050079,0.005579,0.164119,0.1557,0.3192,-0.3970,-17.27
0.6470,0.050234,0.005897,0.163723,0.1548,0.3175,-0.3956,-17.19
0.6480,0.050388,0.006213,0.163328,0.1539,0.3158,-0.3942,-17.10
0.6490,0.050542,0.006528,0.162935,0.1530,0.3141,-0.3928,-17.01
0.6500,0.050694,0.006841,0.162543,0.1521,0.3124,-0.3915,-16.93
0.6510,0.050846,0.007152,0.162152,0.1512,0.3107,-0.3901,-16.84
0.6520,0.050996,0.007462,0.161763,0.1503,0.3090,-0.3888,-16.75
0.6530,0.051146,0.007770,0.161375,0.1494,0.3073,-0.3874,-16.67
0.6540,0.051295,0.008076,0.160988,0.1485,0.3056,-0.3861,-16.58
0.6550,0.051443,0.008380,0.160603,0.1477,0.3040,-0.3848,-16.50
0.6560,0.051590,0.008683,0.160219,0.1468,0.3023,-0.3835,-16.41
0.6570,0.051736,0.008985,0.159837,0.1459,0.3006,-0.3822,-16.33
0.6580,0.051882,0.009284,0.159455,0.1450,0.2990,-0.3809,-16.24
0.6590,0.052026,0.009582,0.159075,0.1441,0.2973,-0.3796,-16.16
0.6600,0.052170,0.009878,0.158696,0.1432,0.2957,-0.3783,-16.08
0.6610,0.052312,0.010173,0.158319,0.1424,0.2940,-0.3770,-16.00
0.6620,0.052454,0.010466,0.157943,0.1415,0.2924,-0.3757,-15.92
0.6630,0.052595,0.010757,0.157568,0.1406,0.2907,-0.3744,-15.84
0.6640,0.052735,0.011047,0.157194,0.1397,0.2891,-0.3731,-15.76
0.6650,0.052874,0.011335,0.156822,0.1388,0.2875,-0.3718,-15.68
0.6660,0.053013,0.011622,0.156451,0.1379,0.2858,-0.3706,-15.60
0.6670,0.053150,0.011906,0.156081,0.1371,0.2842,-0.3693,-15.52
0.6680,0.053286,0.012190,0.155713,0.1362,0.2825,-0.3680,-15.45
0.6690,0.053422,0.012471,0.155345,0.1353,0.2809,-0.3667,-15.37
0.6700,0.053557,0.012751,0.154980,0.1344,0.2793,-0.3655,-15.30
0.6710,0.053691,0.013029,0.154615,0.1335,0.2776,-0.3642,-15.22
0.6720,0.053824,0.013306,0.154251,0.1326,0.2760,-0.3629,-15.15
0.6730,0.053956,0.013581,0.153889,0.1317,0.2743,-0.3617,-15.08
0.6740,0.054087,0.013854,0.153528,0.1308,0.2727,-0.3604,-15.01
0.6750,0.054217,0.014126,0.153169,0.1299,0.2711,-0.3591,-14.94
0.6760,0.054346,0.014396,0.152810,0.1291,0.2694,-0.3579,-14.87
0.6770,0.054475,0.014664,0.152453,0.1282,0.2678,-0.3566,-14.80
0.6780,0.054603,0.014931,0.152098,0.1273,0.2661,-0.3553,-14.74
0.6790,0.054729,0.015196,0.151743,0.1264,0.2645,-0.3541,-14.67
0.6800,0.054855,0.015459,0.151390,0.1255,0.2628,-0.3528,-14.61
0.6810,0.054980,0.015721,0.151038,0.1246,0.2612,-0.3515,-14.55
0.6820,0.055104,0.015981,0.150687,0.1237,0.2595,-0.3503,-14.49
0.6830,0.055227,0.016240,0.150338,0.1227,0.2578,-0.3490,-14.43
0.6840,0.055349,0.016496,0.149989,0.1218,0.2562,-0.3477,-14.37
0.6850,0.055470,0.016752,0.149642,0.1209,0.2545,-0.3465,-14.31
0.6860,0.055591,0.017005,0.149297,0.1200,0.2528,-0.3452,-14.25
0.6870,0.055710,0.017257,0.148952,0.1191,0.2512,-0.3439,-14.20
0.6880,0.055829,0.017507,0.148609,0.1182,0.2495,-0.3427,-14.14
0.6890,0.055946,0.017755,0.148267,0.1173,0.2478,-0.3414,-14.09
0.6900,0.056063,0.018002,0.147927,0.1164,0.2462,-0.3401,-14.04
0.6910,0.056179,0.018247,0.147588,0.1154,0.2445,-0.3389,-13.98
0.6920,0.056294,0.018491,0.147249,0.1145,0.2428,-0.3376,-13.93
0.6930,0.056408,0.018733,0.146913,0.1136,0.2411,-0.3363,-13.89
0.6940,0.056521,0.018973,0.146577,0.1127,0.2395,-0.3351,-13.84
0.6950,0.056633,0.019211,0.146243,0.1118,0.2378,-0.3338,-13.79
0.6960,0.056744,0.019448,0.145910,0.1108,0.2361,-0.3326,-13.74
0.6970,0.056854,0.019683,0.145578,0.1099,0.2344,-0.3313,-13.70
0.6980,0.056964,0.019916,0.145247,0.1090,0.2328,-0.3301,-13.65
0.6990,0.057072,0.020148,0.144918,0.1081,0.2311,-0.3288,-13.61
0.7000,0.057180,0.020378,0.144590,0.1071,0.2294,-0.3276,-13.57
0.7010,0.057286,0.020606,0.144263,0.1062,0.2277,-0.3263,-13.52
0.7020,0.057392,0.020833,0.143938,0.1053,0.2261,-0.3251,-13.48
0.7030,0.057496,0.021058,0.143613,0.1043,0.2244,-0.3239,-13.44
0.7040,0.057600,0.021281,0.143290,0.1034,0.2227,-0.3226,-13.40
0.7050,0.057703,0.021503,0.142969,0.1025,0.2211,-0.3214,-13.36
0.7060,0.057805,0.021723,0.142648,0.1016,0.2194,-0.3202,-13.33
0.7070,0.057906,0.021942,0.142328,0.1006,0.2178,-0.3190,-13.29
0.7080,0.058006,0.022158,0.142010,0.0997,0.2161,-0.3178,-13.25
0.7090,0.058105,0.022373,0.141693,0.0988,0.2145,-0.3166,-13.21
0.7100,0.058203,0.022587,0.141377,0.0979,0.2128,-0.3154,-13.18
0.7110,0.058301,0.022799,0.141063,0.0969,0.2112,-0.3142,-13.14
0.7120,0.058397,0.023009,0.140749,0.0960,0.2095,-0.3130,-13.11
0.7130,0.058492,0.023217,0.140437,0.0951,0.2079,-0.3119,-13.07
0.7140,0.058587,0.023424,0.140126,0.0942,0.2063,-0.3107,-13.04
0.7150,0.058680,0.023629,0.139816,0.0932,0.2047,-0.3095,-13.00
0.7160,0.058773,0.023833,0.139507,0.0923,0.2031,-0.3084,-12.97
0.7170,0.058865,0.024035,0.139199,0.0914,0.2015,-0.3073,-12.94
0.7180,0.058956,0.024236,0.138893,0.0905,0.1999,-0.3061,-12.90
0.7190,0.059046,0.024435,0.138587,0.0896,0.1983,-0.3050,-12.87
0.7200,0.059135,0.024632,0.138283,0.0886,0.1967,-0.3039,-12.84
0.7210,0.059223,0.024828,0.137980,0.0877,0.1952,-0.3028,-12.80
0.7220,0.059310,0.025022,0.137678,0.0868,0.1936,-0.3017,-12.77
0.7230,0.059396,0.025214,0.137377,0.0859,0.1920,-0.3007,-12.74
0.7240,0.059481,0.025406,0.137077,0.0850,0.1905,-0.2996,-12.70
0.7250,0.059566,0.025595,0.136778,0.0841,0.1890,-0.2985,-12.67
0.7260,0.059649,0.025783,0.136480,0.0832,0.1874,-0.2975,-12.64
0.7270,0.059732,0.025970,0.136183,0.0823,0.1859,-0.2965,-12.60
0.7280,0.059814,0.026155,0.135887,0.0814,0.1844,-0.2954,-12.57
0.7290,0.059895,0.026338,0.135592,0.0805,0.1829,-0.2944,-12.53
0.7300,0.059974,0.026520,0.135298,0.0796,0.1814,-0.2934,-12.50
0.7310,0.060053,0.026701,0.135006,0.0787,0.1800,-0.2925,-12.47
0.7320,0.060132,0.026880,0.134714,0.0778,0.1785,-0.2915,-12.43
0.7330,0.060209,0.027057,0.134423,0.0769,0.1770,-0.2905,-12.40
0.7340,0.060285,0.027233,0.134133,0.0761,0.1756,-0.2896,-12.36
0.7350,0.060361,0.027408,0.133844,0.0752,0.1742,-0.2886,-12.32
0.7360,0.060436,0.027581,0.133556,0.0743,0.1728,-0.2877,-12.29
0.7370,0.060509,0.027753,0.133269,0.0734,0.1713,-0.2868,-12.25
0.7380,0.060582,0.027924,0.132983,0.0726,0.1699,-0.2859,-12.22
0.7390,0.060654,0.028093,0.132697,0.0717,0.1686,-0.2850,-12.18
0.7400,0.060725,0.028260,0.132413,0.0708,0.1672,-0.2841,-12.14
0.7410,0.060796,0.028427,0.132129,0.0700,0.1658,-0.2833,-12.10
0.7420,0.060865,0.028592,0.131846,0.0691,0.1645,-0.2824,-12.06
0.7430,0.060934,0.028755,0.131564,0.0683,0.1631,-0.2816,-12.03
0.7440,0.061001,0.028918,0.131283,0.0674,0.1618,-0.2808,-11.99
0.7450,0.061068,0.029079,0.131003,0.0666,0.1605,-0.2799,-11.95
0.7460,0.061134,0.029238,0.130724,0.0657,0.1591,-0.2791,-11.91
0.7470,0.061200,0.029397,0.130445,0.0649,0.1578,-0.2784,-11.87
0.7480,0.061264,0.029554,0.130167,0.0640,0.1565,-0.2776,-11.82
0.7490,0.061327,0.029709,0.129890,0.0632,0.1553,-0.2768,-11.78
0.7500,0.061390,0.029864,0.129614,0.0624,0.1540,-0.2760,-11.74
0.7510,0.061452,0.030017,0.129338,0.0615,0.1527,-0.2753,-11.70
0.7520,0.061513,0.030169,0.129063,0.0607,0.1515,-0.2746,-11.66
0.7530,0.061573,0.030320,0.128789,0.0599,0.1502,-0.2738,-11.61
0.7540,0.061633,0.030469,0.128516,0.0591,0.1490,-0.2731,-11.57
0.7550,0.061691,0.030617,0.128243,0.0582,0.1478,-0.2724,-11.53
0.7560,0.061749,0.030764,0.127971,0.0574,0.1466,-0.2717,-11.48
0.7570,0.061806,0.030910,0.127700,0.0566,0.1454,-0.2710,-11.44
0.7580,0.061862,0.031055,0.127429,0.0558,0.1442,-0.2703,-11.39
0.7590,0.061917,0.031198,0.127160,0.0550,0.1430,-0.2697,-11.35
0.7600,0.061972,0.031341,0.126890,0.0542,0.1418,-0.2690,-11.30
0.7610,0.062025,0.031482,0.126622,0.0534,0.1406,-0.2684,-11.26
0.7620,0.062078,0.031621,0.126354,0.0526,0.1394,-0.2677,-11.21
0.7630,0.062130,0.031760,0.126086,0.0518,0.1383,-0.2671,-11.16
0.7640,0.062182,0.031898,0.125820,0.0510,0.1371,-0.2664,-11.12
0.7650,0.062232,0.032034,0.125554,0.0502,0.1360,-0.2658,-11.07
0.7660,0.062282,0.032169,0.125288,0.0494,0.1348,-0.2652,-11.02
0.7670,0.062331,0.032303,0.125024,0.0486,0.1337,-0.2646,-10.98
0.7680,0.062379,0.032436,0.124759,0.0478,0.1326,-0.2640,-10.93
0.7690,0.062426,0.032568,0.124496,0.0470,0.1314,-0.2634,-10.88
0.7700,0.062473,0.032699,0.124233,0.0462,0.1303,-0.2628,-10.84
0.7710,0.062518,0.032829,0.123970,0.0454,0.1292,-0.2622,-10.79
0.7720,0.062563,0.032957,0.123708,0.0446,0.1281,-0.2616,-10.74
0.7730,0.062607,0.033085,0.123447,0.0439,0.1270,-0.2611,-10.70
0.7740,0.062651,0.033211,0.123186,0.0431,0.1259,-0.2605,-10.65
0.7750,0.062693,0.033336,0.122926,0.0423,0.1248,-0.2599,-10.60
0.7760,0.062735,0.033460,0.122667,0.0415,0.1237,-0.2594,-10.55
0.7770,0.062776,0.033583,0.122408,0.0407,0.1226,-0.2588,-10.51
0.7780,0.062816,0.033705,0.122149,0.0399,0.1215,-0.2582,-10.46
0.7790,0.062856,0.033826,0.121891,0.0392,0.1204,-0.2577,-10.42
0.7800,0.062895,0.033946,0.121634,0.0384,0.1193,-0.2571,-10.37
0.7810,0.062932,0.034064,0.121377,0.0376,0.1182,-0.2566,-10.32
0.7820,0.062970,0.034182,0.121121,0.0368,0.1171,-0.2560,-10.28
0.7830,0.063006,0.034298,0.120865,0.0360,0.1160,-0.2555,-10.23
0.7840,0.063041,0.034414,0.120610,0.0353,0.1150,-0.2550,-10.19
0.7850,0.063076,0.034528,0.120356,0.0345,0.1139,-0.2544,-10.14
0.7860,0.063110,0.034641,0.120102,0.0337,0.1128,-0.2539,-10.10
0.7870,0.063143,0.034753,0.119848,0.0329,0.1117,-0.2534,-10.06
0.7880,0.063176,0.034864,0.119595,0.0321,0.1106,-0.2528,-10.01
0.7890,0.063207,0.034974,0.119343,0.0314,0.1096,-0.2523,-9.97
0.7900,0.063238,0.035083,0.119091,0.0306,0.1085,-0.2518,-9.93
0.7910,0.063268,0.035191,0.118839,0.0298,0.1074,-0.2512,-9.89
0.7920,0.063298,0.035298,0.118588,0.0290,0.1063,-0.2507,-9.85
0.7930,0.063326,0.035403,0.118338,0.0283,0.1053,-0.2502,-9.81
0.7940,0.063354,0.035508,0.118088,0.0275,0.1042,-0.2497,-9.77
0.7950,0.063381,0.035612,0.117839,0.0267,0.1031,-0.2491,-9.73
0.7960,0.063407,0.035714,0.117590,0.0259,0.1020,-0.2486,-9.69
0.7970,0.063433,0.035815,0.117342,0.0251,0.1009,-0.2481,-9.65
0.7980,0.063457,0.035916,0.117094,0.0243,0.0999,-0.2476,-9.61
0.7990,0.063481,0.036015,0.116847,0.0236,0.0988,-0.2470,-9.57
0.8000,0.063504,0.036113,0.116600,0.0228,0.0977,-0.2465,-9.54
0.8010,0.063527,0.036210,0.116354,0.0220,0.0966,-0.2460,-9.50
0.8020,0.063548,0.036306,0.116108,0.0212,0.0955,-0.2455,-9.47
0.8030,0.063569,0.036401,0.115863,0.0204,0.0944,-0.2450,-9.43
0.8040,0.063589,0.036495,0.115618,0.0196,0.0934,-0.2444,-9.40
0.8050,0.063608,0.036587,0.115374,0.0189,0.0923,-0.2439,-9.36
0.8060,0.063626,0.036679,0.115131,0.0181,0.0912,-0.2434,-9.33
0.8070,0.063644,0.036769,0.114888,0.0173,0.0901,-0.2429,-9.30
0.8080,0.063661,0.036859,0.114645,0.0165,0.0890,-0.2424,-9.27
0.8090,0.063677,0.036947,0.114403,0.0157,0.0879,-0.2419,-9.23
0.8100,0.063692,0.037034,0.114161,0.0149,0.0868,-0.2414,-9.20
0.8110,0.063706,0.037121,0.113920,0.0141,0.0858,-0.2408,-9.17
0.8120,0.063720,0.037206,0.113680,0.0134,0.0847,-0.2403,-9.14
0.8130,0.063733,0.037290,0.113440,0.0126,0.0836,-0.2398,-9.12
0.8140,0.063745,0.037373,0.113200,0.0118,0.0825,-0.2393,-9.09
0.8150,0.063756,0.037454,0.112961,0.0110,0.0814,-0.2388,-9.06
0.8160,0.063767,0.037535,0.112723,0.0102,0.0803,-0.2383,-9.03
0.8170,0.063776,0.037615,0.112485,0.0094,0.0792,-0.2378,-9.01
0.8180,0.063785,0.037693,0.112247,0.0086,0.0781,-0.2373,-8.98
0.8190,0.063794,0.037771,0.112010,0.0078,0.0771,-0.2368,-8.95
0.8200,0.063801,0.037847,0.111774,0.0071,0.0760,-0.2363,-8.93
0.8210,0.063807,0.037923,0.111538,0.0063,0.0749,-0.2358,-8.90
0.8220,0.063813,0.037997,0.111302,0.0055,0.0738,-0.2353,-8.88
0.8230,0.063818,0.038070,0.111067,0.0047,0.0727,-0.2349,-8.85
0.8240,0.063822,0.038142,0.110833,0.0039,0.0716,-0.2344,-8.83
0.8250,0.063826,0.038213,0.110599,0.0031,0.0706,-0.2339,-8.81
0.8260,0.063828,0.038283,0.110365,0.0023,0.0695,-0.2334,-8.78
0.8270,0.063830,0.038352,0.110132,0.0015,0.0684,-0.2329,-8.76
0.8280,0.063831,0.038420,0.109900,0.0007,0.0674,-0.2325,-8.74
0.8290,0.063831,0.038486,0.109667,-0.0000,0.0663,-0.2320,-8.71
0.8300,0.063831,0.038552,0.109436,-0.0008,0.0652,-0.2315,-8.69
0.8310,0.063830,0.038617,0.109204,-0.0016,0.0642,-0.2311,-8.67
0.8320,0.063828,0.038680,0.108974,-0.0024,0.0631,-0.2306,-8.65
0.8330,0.063825,0.038742,0.108743,-0.0032,0.0620,-0.2302,-8.63
0.8340,0.063821,0.038804,0.108513,-0.0040,0.0610,-0.2297,-8.60
0.8350,0.063817,0.038864,0.108284,-0.0048,0.0599,-0.2293,-8.58
0.8360,0.063811,0.038924,0.108055,-0.0055,0.0589,-0.2288,-8.56
0.8370,0.063805,0.038982,0.107826,-0.0063,0.0578,-0.2284,-8.54
0.8380,0.063798,0.039039,0.107598,-0.0071,0.0568,-0.2280,-8.52
0.8390,0.063791,0.039095,0.107371,-0.0079,0.0557,-0.2275,-8.49
0.8400,0.063782,0.039150,0.107143,-0.0087,0.0547,-0.2271,-8.47
0.8410,0.063773,0.039204,0.106917,-0.0094,0.0537,-0.2267,-8.45
0.8420,0.063763,0.039257,0.106690,-0.0102,0.0527,-0.2263,-8.43
0.8430,0.063753,0.039309,0.106464,-0.0110,0.0516,-0.2259,-8.41
0.8440,0.063741,0.039360,0.106238,-0.0118,0.0506,-0.2255,-8.39
0.8450,0.063729,0.039410,0.106013,-0.0125,0.0496,-0.2251,-8.36
0.8460,0.063716,0.039459,0.105788,-0.0133,0.0486,-0.2247,-8.34
0.8470,0.063702,0.039507,0.105564,-0.0141,0.0476,-0.2243,-8.32
0.8480,0.063688,0.039554,0.105340,-0.0149,0.0466,-0.2239,-8.29
0.8490,0.063672,0.039600,0.105116,-0.0156,0.0456,-0.2236,-8.27
0.8500,0.063656,0.039645,0.104893,-0.0164,0.0446,-0.2232,-8.25
0.8510,0.063639,0.039689,0.104670,-0.0172,0.0436,-0.2228,-8.22
0.8520,0.063622,0.039732,0.104447,-0.0179,0.0426,-0.2225,-8.20
0.8530,0.063603,0.039774,0.104225,-0.0187,0.0416,-0.2221,-8.18
0.8540,0.063584,0.039815,0.104003,-0.0194,0.0407,-0.2217,-8.15
0.8550,0.063564,0.039855,0.103782,-0.0202,0.0397,-0.2214,-8.13
0.8560,0.063544,0.039894,0.103561,-0.0210,0.0387,-0.2210,-8.10
0.8570,0.063522,0.039933,0.103340,-0.0217,0.0378,-0.2207,-8.07
0.8580,0.063500,0.039970,0.103119,-0.0225,0.0368,-0.2204,-8.05
0.8590,0.063477,0.040006,0.102899,-0.0232,0.0358,-0.2200,-8.02
0.8600,0.063453,0.040041,0.102679,-0.0240,0.0349,-0.2197,-7.99
0.8610,0.063429,0.040076,0.102460,-0.0247,0.0339,-0.2194,-7.97
0.8620,0.063404,0.040109,0.102241,-0.0255,0.0330,-0.2191,-7.94
0.8630,0.063378,0.040141,0.102022,-0.0262,0.0321,-0.2188,-7.91
0.8640,0.063351,0.040173,0.101803,-0.0270,0.0311,-0.2185,-7.88
0.8650,0.063323,0.040203,0.101585,-0.0277,0.0302,-0.2182,-7.85
0.8660,0.063295,0.040233,0.101367,-0.0285,0.0293,-0.2178,-7.83
0.8670,0.063266,0.040262,0.101149,-0.0292,0.0284,-0.2176,-7.80
0.8680,0.063236,0.040290,0.100932,-0.0300,0.0274,-0.2173,-7.77
0.8690,0.063206,0.040317,0.100715,-0.0307,0.0265,-0.2170,-7.74
0.8700,0.063175,0.040343,0.100498,-0.0315,0.0256,-0.2167,-7.70
0.8710,0.063143,0.040368,0.100282,-0.0322,0.0247,-0.2164,-7.67
0.8720,0.063110,0.040392,0.100066,-0.0330,0.0238,-0.2161,-7.64
0.8730,0.063077,0.040415,0.099850,-0.0337,0.0229,-0.2158,-7.61
0.8740,0.063043,0.040437,0.099634,-0.0344,0.0220,-0.2155,-7.58
0.8750,0.063008,0.040459,0.099419,-0.0352,0.0211,-0.2153,-7.55
0.8760,0.062972,0.040479,0.099204,-0.0359,0.0202,-0.2150,-7.51
0.8770,0.062936,0.040499,0.098989,-0.0366,0.0193,-0.2147,-7.48
0.8780,0.062899,0.040518,0.098774,-0.0374,0.0184,-0.2144,-7.45
0.8790,0.062861,0.040536,0.098560,-0.0381,0.0175,-0.2142,-7.41
0.8800,0.062822,0.040553,0.098346,-0.0388,0.0166,-0.2139,-7.38
0.8810,0.062783,0.040569,0.098132,-0.0396,0.0157,-0.2136,-7.34
0.8820,0.062743,0.040584,0.097919,-0.0403,0.0149,-0.2134,-7.31
0.8830,0.062702,0.040598,0.097706,-0.0410,0.0140,-0.2131,-7.28
0.8840,0.062661,0.040612,0.097493,-0.0418,0.0131,-0.2128,-7.24
0.8850,0.062618,0.040624,0.097280,-0.0425,0.0122,-0.2126,-7.21
0.8860,0.062575,0.040636,0.097068,-0.0432,0.0113,-0.2123,-7.17
0.8870,0.062532,0.040647,0.096855,-0.0440,0.0104,-0.2121,-7.14
0.8880,0.062487,0.040657,0.096644,-0.0447,0.0096,-0.2118,-7.10
0.8890,0.062442,0.040666,0.096432,-0.0454,0.0087,-0.2115,-7.06
0.8900,0.062396,0.040674,0.096221,-0.0462,0.0078,-0.2113,-7.03
0.8910,0.062350,0.040681,0.096009,-0.0469,0.0069,-0.2110,-6.99
0.8920,0.062302,0.040687,0.095799,-0.0476,0.0060,-0.2107,-6.96
0.8930,0.062254,0.040693,0.095588,-0.0483,0.0052,-0.2105,-6.92
0.8940,0.062205,0.040697,0.095378,-0.0491,0.0043,-0.2102,-6.89
0.8950,0.062156,0.040701,0.095168,-0.0498,0.0034,-0.2099,-6.85
0.8960,0.062106,0.040704,0.094958,-0.0505,0.0025,-0.2096,-6.82
0.8970,0.062055,0.040706,0.094749,-0.0513,0.0016,-0.2094,-6.78
0.8980,0.062003,0.040707,0.094539,-0.0520,0.0007,-0.2091,-6.75
0.8990,0.061951,0.040707,0.094331,-0.0527,-0.0002,-0.2088,-6.71
0.9000,0.061897,0.040707,0.094122,-0.0534,-0.0010,-0.2085,-6.68
0.9010,0.061843,0.040705,0.093914,-0.0542,-0.0019,-0.2083,-6.64
0.9020,0.061789,0.040702,0.093705,-0.0549,-0.0028,-0.2080,-6.61
0.9030,0.061733,0.040699,0.093498,-0.0556,-0.0037,-0.2077,-6.57
0.9040,0.061677,0.040695,0.093290,-0.0564,-0.0046,-0.2074,-6.54
0.9050,0.061621,0.040690,0.093083,-0.0571,-0.0055,-0.2071,-6.50
0.9060,0.061563,0.040684,0.092876,-0.0578,-0.0064,-0.2068,-6.47
0.9070,0.061505,0.040677,0.092669,-0.0586,-0.0073,-0.2065,-6.44
0.9080,0.061446,0.040669,0.092463,-0.0593,-0.0082,-0.2062,-6.40
0.9090,0.061386,0.040660,0.092257,-0.0600,-0.0091,-0.2059,-6.37
0.9100,0.061325,0.040650,0.092051,-0.0608,-0.0100,-0.2056,-6.34
0.9110,0.061264,0.040640,0.091846,-0.0615,-0.0109,-0.2053,-6.31
0.9120,0.061202,0.040628,0.091641,-0.0622,-0.0119,-0.2050,-6.27
0.9130,0.061140,0.040616,0.091436,-0.0630,-0.0128,-0.2047,-6.24
0.9140,0.061076,0.040602,0.091231,-0.0637,-0.0137,-0.2044,-6.21
0.9150,0.061012,0.040588,0.091027,-0.0644,-0.0146,-0.2041,-6.18
0.9160,0.060947,0.040573,0.090823,-0.0652,-0.0155,-0.2038,-6.15
0.9170,0.060881,0.040557,0.090620,-0.0659,-0.0165,-0.2035,-6.12
0.9180,0.060815,0.040540,0.090416,-0.0667,-0.0174,-0.2031,-6.09
0.9190,0.060748,0.040522,0.090213,-0.0674,-0.0183,-0.2028,-6.06
0.9200,0.060680,0.040503,0.090011,-0.0681,-0.0193,-0.2025,-6.03
0.9210,0.060612,0.040483,0.089808,-0.0689,-0.0202,-0.2022,-6.01
0.9220,0.060542,0.040462,0.089607,-0.0696,-0.0211,-0.2018,-5.98
0.9230,0.060472,0.040441,0.089405,-0.0703,-0.0221,-0.2015,-5.95
0.9240,0.060401,0.040418,0.089204,-0.0711,-0.0230,-0.2012,-5.92
0.9250,0.060330,0.040394,0.089003,-0.0718,-0.0240,-0.2008,-5.90
0.9260,0.060257,0.040370,0.088802,-0.0726,-0.0249,-0.2005,-5.87
0.9270,0.060184,0.040344,0.088602,-0.0733,-0.0259,-0.2001,-5.84
0.9280,0.060111,0.040318,0.088402,-0.0741,-0.0268,-0.1998,-5.82
0.9290,0.060036,0.040291,0.088202,-0.0748,-0.0278,-0.1994,-5.79
0.9300,0.059961,0.040262,0.088003,-0.0755,-0.0287,-0.1991,-5.77
0.9310,0.059885,0.040233,0.087804,-0.0763,-0.0297,-0.1987,-5.75
0.9320,0.059808,0.040203,0.087606,-0.0770,-0.0306,-0.1984,-5.72
0.9330,0.059731,0.040172,0.087408,-0.0778,-0.0316,-0.1980,-5.70
0.9340,0.059652,0.040139,0.087210,-0.0785,-0.0326,-0.1977,-5.68
0.9350,0.059573,0.040106,0.087012,-0.0793,-0.0335,-0.1973,-5.65
0.9360,0.059494,0.040072,0.086815,-0.0800,-0.0345,-0.1970,-5.63
0.9370,0.059413,0.040037,0.086619,-0.0808,-0.0355,-0.1966,-5.61
0.9380,0.059332,0.040001,0.086422,-0.0815,-0.0364,-0.1962,-5.59
0.9390,0.059250,0.039964,0.086226,-0.0823,-0.0374,-0.1959,-5.57
0.9400,0.059167,0.039926,0.086031,-0.0830,-0.0384,-0.1955,-5.55
0.9410,0.059084,0.039887,0.085835,-0.0838,-0.0393,-0.1951,-5.53
0.9420,0.058999,0.039847,0.085640,-0.0845,-0.0403,-0.1948,-5.51
0.9430,0.058914,0.039806,0.085446,-0.0853,-0.0413,-0.1944,-5.49
0.9440,0.058829,0.039764,0.085252,-0.0860,-0.0423,-0.1940,-5.47
0.9450,0.058742,0.039721,0.085058,-0.0867,-0.0432,-0.1937,-5.45
0.9460,0.058655,0.039678,0.084865,-0.0875,-0.0442,-0.1933,-5.43
0.9470,0.058567,0.039633,0.084671,-0.0882,-0.0452,-0.1929,-5.41
0.9480,0.058478,0.039587,0.084479,-0.0890,-0.0462,-0.1925,-5.40
0.9490,0.058389,0.039540,0.084287,-0.0897,-0.0471,-0.1922,-5.38
0.9500,0.058299,0.039492,0.084095,-0.0905,-0.0481,-0.1918,-5.36
0.9510,0.058208,0.039444,0.083903,-0.0912,-0.0491,-0.1914,-5.34
0.9520,0.058116,0.039394,0.083712,-0.0920,-0.0501,-0.1910,-5.32
0.9530,0.058024,0.039343,0.083521,-0.0927,-0.0510,-0.1907,-5.31
0.9540,0.057930,0.039292,0.083331,-0.0935,-0.0520,-0.1903,-5.29
0.9550,0.057837,0.039239,0.083141,-0.0942,-0.0530,-0.1899,-5.27
0.9560,0.057742,0.039186,0.082951,-0.0950,-0.0540,-0.1895,-5.26
0.9570,0.057646,0.039131,0.082762,-0.0957,-0.0549,-0.1892,-5.24
0.9580,0.057550,0.039075,0.082573,-0.0965,-0.0559,-0.1888,-5.22
0.9590,0.057453,0.039019,0.082384,-0.0972,-0.0569,-0.1884,-5.21
0.9600,0.057356,0.038961,0.082196,-0.0979,-0.0579,-0.1880,-5.19
0.9610,0.057257,0.038903,0.082008,-0.0987,-0.0588,-0.1877,-5.17
0.9620,0.057158,0.038844,0.081821,-0.0994,-0.0598,-0.1873,-5.16
0.9630,0.057058,0.038783,0.081634,-0.1002,-0.0608,-0.1869,-5.14
0.9640,0.056958,0.038722,0.081447,-0.1009,-0.0617,-0.1866,-5.12
0.9650,0.056856,0.038659,0.081261,-0.1016,-0.0627,-0.1862,-5.11
0.9660,0.056754,0.038596,0.081075,-0.1024,-0.0637,-0.1858,-5.09
0.9670,0.056651,0.038532,0.080889,-0.1031,-0.0646,-0.1854,-5.07
0.9680,0.056548,0.038467,0.080704,-0.1039,-0.0656,-0.1851,-5.06
0.9690,0.056443,0.038400,0.080519,-0.1046,-0.0666,-0.1847,-5.04
0.9700,0.056338,0.038333,0.080335,-0.1053,-0.0675,-0.1843,-5.03
0.9710,0.056232,0.038265,0.080150,-0.1061,-0.0685,-0.1840,-5.01
0.9720,0.056126,0.038196,0.079967,-0.1068,-0.0694,-0.1836,-4.99
0.9730,0.056019,0.038126,0.079783,-0.1075,-0.0704,-0.1832,-4.98
0.9740,0.055911,0.038055,0.079600,-0.1083,-0.0714,-0.1829,-4.96
0.9750,0.055802,0.037983,0.079418,-0.1090,-0.0723,-0.1825,-4.94
0.9760,0.055692,0.037910,0.079235,-0.1097,-0.0733,-0.1821,-4.92
0.9770,0.055582,0.037836,0.079054,-0.1105,-0.0742,-0.1818,-4.91
0.9780,0.055471,0.037762,0.078872,-0.1112,-0.0752,-0.1814,-4.89
0.9790,0.055360,0.037686,0.078691,-0.1119,-0.0761,-0.1810,-4.87
0.9800,0.055247,0.037609,0.078510,-0.1127,-0.0771,-0.1807,-4.86
0.9810,0.055134,0.037532,0.078330,-0.1134,-0.0780,-0.1803,-4.84
0.9820,0.055020,0.037453,0.078150,-0.1141,-0.0789,-0.1799,-4.82
0.9830,0.054906,0.037373,0.077970,-0.1148,-0.0799,-0.1796,-4.80
0.9840,0.054790,0.037293,0.077790,-0.1156,-0.0808,-0.1792,-4.79
0.9850,0.054674,0.037212,0.077611,-0.1163,-0.0818,-0.1788,-4.77
0.9860,0.054558,0.037129,0.077433,-0.1170,-0.0827,-0.1785,-4.75
0.9870,0.054440,0.037046,0.077255,-0.1177,-0.0836,-0.1781,-4.73
0.9880,0.054322,0.036962,0.077077,-0.1185,-0.0846,-0.1778,-4.71
0.9890,0.054203,0.036877,0.076899,-0.1192,-0.0855,-0.1774,-4.69
0.9900,0.054084,0.036790,0.076722,-0.1199,-0.0864,-0.1770,-4.68
0.9910,0.053963,0.036703,0.076545,-0.1206,-0.0874,-0.1767,-4.66
0.9920,0.053842,0.036615,0.076369,-0.1213,-0.0883,-0.1763,-4.64
0.9930,0.053720,0.036527,0.076193,-0.1220,-0.0892,-0.1759,-4.62
0.9940,0.053598,0.036437,0.076017,-0.1228,-0.0901,-0.1756,-4.60
0.9950,0.053475,0.036346,0.075842,-0.1235,-0.0911,-0.1752,-4.58
0.9960,0.053351,0.036254,0.075667,-0.1242,-0.0920,-0.1749,-4.57
0.9970,0.053226,0.036162,0.075492,-0.1249,-0.0929,-0.1745,-4.55
0.9980,0.053101,0.036068,0.075318,-0.1256,-0.0938,-0.1741,-4.53
0.9990,0.052975,0.035974,0.075144,-0.1263,-0.0948,-0.1738,-4.51
1.0000,0.052848,0.035879,0.074970,-0.1270,-0.0957,-0.1734,-4.49
1.0100,0.051542,0.034875,0.073255,-0.1340,-0.1049,-0.1697,-4.31
1.0200,0.050166,0.033779,0.071578,-0.1410,-0.1140,-0.1659,-4.14
1.0300,0.048721,0.032593,0.069939,-0.1478,-0.1231,-0.1619,-4.00
1.0400,0.047208,0.031316,0.068340,-0.1546,-0.1321,-0.1579,-3.89
1.0500,0.045628,0.029948,0.066782,-0.1612,-0.1411,-0.1538,-3.83
1.0600,0.043983,0.028491,0.065265,-0.1677,-0.1500,-0.1496,-3.80
1.0700,0.042273,0.026946,0.063789,-0.1740,-0.1586,-0.1456,-3.81
1.0800,0.040501,0.025317,0.062353,-0.1802,-0.1670,-0.1417,-3.86
1.0900,0.038669,0.023605,0.060955,-0.1861,-0.1750,-0.1380,-3.92
1.1000,0.036779,0.021816,0.059592,-0.1917,-0.1825,-0.1347,-3.99
1.1100,0.034834,0.019954,0.058261,-0.1971,-0.1895,-0.1316,-4.07
1.1200,0.032837,0.018025,0.056958,-0.2021,-0.1959,-0.1289,-4.16
1.1300,0.030791,0.016035,0.055680,-0.2068,-0.2018,-0.1267,-4.27
1.1400,0.028701,0.013990,0.054424,-0.2111,-0.2070,-0.1248,-4.38
1.1500,0.026569,0.011896,0.053184,-0.2151,-0.2116,-0.1233,-4.52
1.1600,0.024399,0.009759,0.051957,-0.2187,-0.2156,-0.1222,-4.68
1.1700,0.022195,0.007584,0.050739,-0.2219,-0.2190,-0.1215,-4.87
1.1800,0.019961,0.005379,0.049525,-0.2248,-0.2218,-0.1212,-5.08
1.1900,0.017701,0.003150,0.048312,-0.2272,-0.2238,-0.1214,-5.31
1.2000,0.015418,0.000904,0.047094,-0.2292,-0.2252,-0.1222,-5.55
1.2100,0.013117,-0.001352,0.045866,-0.2308,-0.2258,-0.1234,-5.79
1.2200,0.010802,-0.003610,0.044623,-0.2320,-0.2256,-0.1252,-6.03
1.2300,0.008478,-0.005862,0.043359,-0.2327,-0.2246,-0.1276,-6.26
1.2400,0.006150,-0.008099,0.042068,-0.2329,-0.2228,-0.1306,-6.47
1.2500,0.003821,-0.010313,0.040743,-0.2326,-0.2201,-0.1342,-6.67
1.2600,0.001498,-0.012497,0.039380,-0.2319,-0.2166,-0.1384,-6.85
1.2700,-0.000815,-0.014641,0.037973,-0.2307,-0.2123,-0.1430,-7.03
1.2800,-0.003114,-0.016739,0.036518,-0.2291,-0.2074,-0.1480,-7.19
1.2900,-0.005395,-0.018785,0.035010,-0.2271,-0.2018,-0.1534,-7.34
1.3000,-0.007653,-0.020772,0.033447,-0.2246,-0.1957,-0.1591,-7.47
1.3100,-0.009886,-0.022695,0.031826,-0.2218,-0.1891,-0.1651,-7.59
1.3200,-0.012088,-0.024549,0.030144,-0.2187,-0.1819,-0.1712,-7.69
1.3300,-0.014257,-0.026330,0.028400,-0.2152,-0.1744,-0.1775,-7.76
1.3400,-0.016389,-0.028032,0.026592,-0.2113,-0.1663,-0.1839,-7.79
1.3500,-0.018481,-0.029652,0.024720,-0.2071,-0.1579,-0.1905,-7.79
1.3600,-0.020530,-0.031186,0.022782,-0.2026,-0.1491,-0.1971,-7.75
1.3700,-0.022532,-0.032630,0.020778,-0.1979,-0.1400,-0.2037,-7.67
1.3800,-0.024485,-0.033982,0.018707,-0.1928,-0.1306,-0.2103,-7.56
1.3900,-0.026386,-0.035239,0.016572,-0.1875,-0.1211,-0.2167,-7.42
1.4000,-0.028234,-0.036401,0.014374,-0.1821,-0.1115,-0.2229,-7.25
1.4100,-0.030026,-0.037466,0.012115,-0.1764,-0.1019,-0.2288,-7.04
1.4200,-0.031760,-0.038435,0.009799,-0.1706,-0.0924,-0.2342,-6.81
1.4300,-0.033437,-0.039310,0.007431,-0.1648,-0.0830,-0.2392,-6.55
1.4400,-0.035054,-0.040092,0.005016,-0.1588,-0.0738,-0.2437,-6.26
1.4500,-0.036611,-0.040783,0.002559,-0.1528,-0.0649,-0.2475,-5.94
1.4600,-0.038107,-0.041387,0.000067,-0.1467,-0.0562,-0.2508,-5.59
1.4700,-0.039543,-0.041905,-0.002455,-0.1406,-0.0478,-0.2534,-5.21
1.4800,-0.040917,-0.042342,-0.004999,-0.1344,-0.0398,-0.2554,-4.81
1.4900,-0.042230,-0.042700,-0.007561,-0.1283,-0.0321,-0.2568,-4.40
1.5000,-0.043482,-0.042982,-0.010132,-0.1222,-0.0247,-0.2575,-3.98
1.5100,-0.044673,-0.043193,-0.012708,-0.1161,-0.0177,-0.2575,-3.54
1.5200,-0.045802,-0.043336,-0.015281,-0.1100,-0.0111,-0.2569,-3.09
1.5300,-0.046871,-0.043415,-0.017844,-0.1040,-0.0049,-0.2556,-2.64
1.5400,-0.047880,-0.043434,-0.020390,-0.0980,0.0009,-0.2536,-2.18
1.5500,-0.048830,-0.043398,-0.022912,-0.0921,0.0062,-0.2508,-1.70
1.5600,-0.049721,-0.043310,-0.025403,-0.0862,0.0111,-0.2473,-1.22
1.5700,-0.050553,-0.043176,-0.027855,-0.0804,0.0156,-0.2431,-0.74
1.5800,-0.051328,-0.043000,-0.030262,-0.0747,0.0196,-0.2381,-0.27
1.5900,-0.052047,-0.042786,-0.032615,-0.0691,0.0232,-0.2325,0.20
1.6000,-0.052709,-0.042538,-0.034910,-0.0635,0.0264,-0.2264,0.64
1.6100,-0.053316,-0.042259,-0.037140,-0.0580,0.0293,-0.2197,1.07
1.6200,-0.053869,-0.041952,-0.039301,-0.0526,0.0320,-0.2125,1.47
1.6300,-0.054366,-0.041620,-0.041389,-0.0471,0.0345,-0.2050,1.84
1.6400,-0.054810,-0.041264,-0.043400,-0.0417,0.0368,-0.1973,2.20
1.6500,-0.055198,-0.040885,-0.045333,-0.0362,0.0391,-0.1893,2.55
1.6600,-0.055532,-0.040484,-0.047184,-0.0307,0.0413,-0.1811,2.88
1.6700,-0.055811,-0.040060,-0.048953,-0.0252,0.0435,-0.1727,3.19
1.6800,-0.056035,-0.039615,-0.050638,-0.0197,0.0457,-0.1642,3.50
1.6900,-0.056204,-0.039148,-0.052237,-0.0141,0.0479,-0.1556,3.79
1.7000,-0.056317,-0.038658,-0.053750,-0.0085,0.0501,-0.1470,4.06
1.7100,-0.056373,-0.038146,-0.055176,-0.0029,0.0525,-0.1384,4.30
1.7200,-0.056373,-0.037610,-0.056516,0.0028,0.0549,-0.1298,4.51
1.7300,-0.056315,-0.037049,-0.057772,0.0086,0.0575,-0.1214,4.69
1.7400,-0.056199,-0.036460,-0.058944,0.0145,0.0603,-0.1132,4.84
1.7500,-0.056024,-0.035842,-0.060036,0.0204,0.0635,-0.1054,4.97
1.7600,-0.055789,-0.035190,-0.061051,0.0265,0.0669,-0.0979,5.09
1.7700,-0.055492,-0.034503,-0.061994,0.0327,0.0707,-0.0908,5.19
1.7800,-0.055133,-0.033775,-0.062868,0.0390,0.0749,-0.0842,5.29
1.7900,-0.054711,-0.033003,-0.063677,0.0454,0.0795,-0.0780,5.39
1.8000,-0.054224,-0.032183,-0.064426,0.0519,0.0844,-0.0721,5.49
1.8100,-0.053670,-0.031312,-0.065119,0.0585,0.0897,-0.0667,5.59
1.8200,-0.053051,-0.030388,-0.065760,0.0652,0.0952,-0.0617,5.69
1.8300,-0.052364,-0.029406,-0.066351,0.0720,0.1010,-0.0570,5.78
1.8400,-0.051609,-0.028366,-0.066898,0.0788,0.1070,-0.0527,5.88
1.8500,-0.050786,-0.027264,-0.067403,0.0856,0.1132,-0.0487,5.97
1.8600,-0.049894,-0.026099,-0.067869,0.0925,0.1196,-0.0450,6.06
1.8700,-0.048934,-0.024869,-0.068301,0.0993,0.1262,-0.0417,6.15
1.8800,-0.047906,-0.023573,-0.068701,0.1062,0.1329,-0.0387,6.26
1.8900,-0.046809,-0.022209,-0.069072,0.1130,0.1397,-0.0360,6.38
1.9000,-0.045645,-0.020776,-0.069417,0.1197,0.1465,-0.0335,6.51
1.9100,-0.044413,-0.019275,-0.069737,0.1264,0.1534,-0.0311,6.68
1.9200,-0.043115,-0.017706,-0.070034,0.1330,0.1602,-0.0289,6.86
1.9300,-0.041752,-0.016069,-0.070309,0.1394,0.1668,-0.0267,7.07
1.9400,-0.040325,-0.014367,-0.070562,0.1457,0.1732,-0.0245,7.30
1.9500,-0.038837,-0.012602,-0.070792,0.1518,0.1794,-0.0221,7.54
1.9600,-0.037289,-0.010778,-0.070997,0.1576,0.1851,-0.0195,7.81
1.9700,-0.035684,-0.008898,-0.071175,0.1632,0.1904,-0.0168,8.08
1.9800,-0.034025,-0.006968,-0.071324,0.1685,0.1952,-0.0137,8.36
1.9900,-0.032314,-0.004993,-0.071440,0.1734,0.1995,-0.0103,8.66
2.0000,-0.030556,-0.002979,-0.071520,0.1781,0.2031,-0.0065,8.96
2.0100,-0.028753,-0.000931,-0.071559,0.1823,0.2062,-0.0023,9.28
2.0200,-0.026909,0.001144,-0.071555,0.1863,0.2086,0.0024,9.61
2.0300,-0.025028,0.003239,-0.071502,0.1898,0.2103,0.0075,9.95
2.0400,-0.023114,0.005348,-0.071395,0.1929,0.2113,0.0131,10.30
2.0500,-0.021171,0.007463,-0.071230,0.1956,0.2116,0.0192,10.66
2.0600,-0.019202,0.009577,-0.071000,0.1979,0.2111,0.0259,11.02
2.0700,-0.017214,0.011681,-0.070701,0.1997,0.2098,0.0331,11.37
2.0800,-0.015209,0.013768,-0.070326,0.2011,0.2077,0.0409,11.71
2.0900,-0.013192,0.015830,-0.069870,0.2021,0.2048,0.0494,12.03
2.1000,-0.011168,0.017858,-0.069327,0.2026,0.2010,0.0583,12.34
2.1100,-0.009142,0.019844,-0.068691,0.2026,0.1965,0.0679,12.62
2.1200,-0.007117,0.021780,-0.067958,0.2022,0.1912,0.0779,12.87
2.1300,-0.005099,0.023660,-0.067121,0.2014,0.1852,0.0883,13.10
2.1400,-0.003092,0.025477,-0.066179,0.2001,0.1786,0.0992,13.30
2.1500,-0.001099,0.027223,-0.065126,0.1985,0.1714,0.1103,13.47
2.1600,0.000876,0.028894,-0.063961,0.1965,0.1636,0.1217,13.60
2.1700,0.002828,0.030486,-0.062681,0.1941,0.1554,0.1332,13.71
2.1800,0.004756,0.031993,-0.061285,0.1915,0.1468,0.1448,13.77
2.1900,0.006656,0.033412,-0.059773,0.1885,0.1379,0.1565,13.79
2.2000,0.008524,0.034740,-0.058144,0.1853,0.1287,0.1681,13.76
2.2100,0.010359,0.035975,-0.056400,0.1818,0.1193,0.1795,13.69
2.2200,0.012158,0.037115,-0.054542,0.1781,0.1098,0.1908,13.57
2.2300,0.013919,0.038159,-0.052573,0.1741,0.1001,0.2017,13.40
2.2400,0.015639,0.039107,-0.050496,0.1701,0.0906,0.2123,13.18
2.2500,0.017319,0.039960,-0.048316,0.1659,0.0811,0.2224,12.92
2.2600,0.018956,0.040719,-0.046037,0.1616,0.0718,0.2319,12.62
2.2700,0.020550,0.041386,-0.043667,0.1572,0.0628,0.2407,12.27
2.2800,0.022100,0.041966,-0.041211,0.1529,0.0542,0.2488,11.89
2.2900,0.023606,0.042462,-0.038679,0.1485,0.0460,0.2561,11.47
2.3000,0.025068,0.042879,-0.036079,0.1441,0.0383,0.2624,11.02
2.3100,0.026487,0.043221,-0.033420,0.1398,0.0312,0.2678,10.54
2.3200,0.027864,0.043495,-0.030711,0.1356,0.0246,0.2722,10.03
2.3300,0.029198,0.043707,-0.027964,0.1314,0.0186,0.2756,9.50
2.3400,0.030491,0.043863,-0.025187,0.1273,0.0133,0.2779,8.95
2.3500,0.031744,0.043969,-0.022392,0.1233,0.0086,0.2792,8.38
2.3600,0.032957,0.044032,-0.019589,0.1195,0.0045,0.2795,7.81
2.3700,0.034132,0.044057,-0.016789,0.1157,0.0011,0.2787,7.23
2.3800,0.035271,0.044053,-0.014001,0.1121,-0.0016,0.2769,6.65
2.3900,0.036373,0.044024,-0.011237,0.1085,-0.0038,0.2740,6.08
2.4000,0.037441,0.043977,-0.008506,0.1051,-0.0053,0.2702,5.52
2.4100,0.038475,0.043918,-0.005817,0.1018,-0.0063,0.2655,4.96
2.4200,0.039476,0.043852,-0.003180,0.0985,-0.0068,0.2599,4.43
2.4300,0.040445,0.043784,-0.000603,0.0954,-0.0068,0.2534,3.91
2.4400,0.041383,0.043719,0.001906,0.0923,-0.0064,0.2463,3.42
2.4500,0.042290,0.043660,0.004340,0.0892,-0.0057,0.2385,2.96
2.4600,0.043166,0.043610,0.006693,0.0861,-0.0047,0.2301,2.53
2.4700,0.044011,0.043571,0.008960,0.0830,-0.0035,0.2213,2.13
2.4800,0.044825,0.043545,0.011138,0.0799,-0.0023,0.2123,1.77
2.4900,0.045608,0.043530,0.013224,0.0766,-0.0011,0.2030,1.45
2.5000,0.046357,0.043526,0.015216,0.0733,-0.0001,0.1936,1.17
2.5100,0.047072,0.043532,0.017115,0.0698,0.0007,0.1843,0.93
2.5200,0.047752,0.043544,0.018921,0.0661,0.0012,0.1752,0.73
2.5300,0.048393,0.043559,0.020637,0.0623,0.0013,0.1663,0.57
2.5400,0.048995,0.043572,0.022266,0.0582,0.0008,0.1579,0.44
2.5500,0.049555,0.043578,0.023812,0.0538,-0.0001,0.1499,0.35
2.5600,0.050069,0.043570,0.025281,0.0492,-0.0018,0.1424,0.29
2.5700,0.050536,0.043543,0.026677,0.0442,-0.0041,0.1357,0.25
2.5800,0.050951,0.043487,0.028009,0.0390,-0.0072,0.1296,0.25
2.5900,0.051313,0.043397,0.029284,0.0334,-0.0111,0.1244,0.26
2.6000,0.051616,0.043262,0.030511,0.0274,-0.0159,0.1200,0.29
2.6100,0.051859,0.043075,0.031697,0.0212,-0.0215,0.1166,0.34
2.6200,0.052037,0.042826,0.032853,0.0145,-0.0280,0.1141,0.39
2.6300,0.052147,0.042507,0.033987,0.0076,-0.0354,0.1125,0.44
2.6400,0.052185,0.042109,0.035109,0.0003,-0.0437,0.1119,0.48
2.6500,0.052149,0.041623,0.036229,-0.0074,-0.0528,0.1121,0.51
2.6600,0.052035,0.041042,0.037354,-0.0153,-0.0627,0.1132,0.52
2.6700,0.051841,0.040358,0.038493,-0.0234,-0.0732,0.1151,0.50
2.6800,0.051563,0.039566,0.039653,-0.0318,-0.0844,0.1176,0.45
2.6900,0.051201,0.038659,0.040840,-0.0404,-0.0960,0.1208,0.36
2.7000,0.050753,0.037633,0.042060,-0.0491,-0.1080,0.1243,0.22
2.7100,0.050217,0.036487,0.043314,-0.0579,-0.1202,0.1282,0.04
2.7200,0.049593,0.035217,0.044607,-0.0667,-0.1325,0.1322,-0.19
2.7300,0.048881,0.033826,0.045938,-0.0754,-0.1447,0.1361,-0.48
2.7400,0.048083,0.032313,0.047305,-0.0840,-0.1567,0.1399,-0.82
2.7500,0.047199,0.030684,0.048707,-0.0925,-0.1683,0.1433,-1.23
2.7600,0.046232,0.028942,0.050138,-0.1007,-0.1793,0.1461,-1.69
2.7700,0.045184,0.027095,0.051592,-0.1086,-0.1895,0.1482,-2.21
2.7800,0.044060,0.025151,0.053059,-0.1161,-0.1988,0.1493,-2.80
2.7900,0.042863,0.023122,0.054529,-0.1231,-0.2070,0.1493,-3.44
2.8000,0.041598,0.021018,0.055989,-0.1296,-0.2139,0.1479,-4.14
2.8100,0.040271,0.018855,0.057426,-0.1355,-0.2194,0.1451,-4.88
2.8200,0.038888,0.016647,0.058823,-0.1408,-0.2233,0.1406,-5.67
2.8300,0.037456,0.014411,0.060163,-0.1454,-0.2255,0.1343,-6.48
2.8400,0.035982,0.012164,0.061428,-0.1492,-0.2259,0.1261,-7.33
2.8500,0.034473,0.009925,0.062598,-0.1523,-0.2244,0.1160,-8.19
2.8600,0.032939,0.007713,0.063653,-0.1545,-0.2210,0.1039,-9.04
2.8700,0.031386,0.005548,0.064572,-0.1559,-0.2156,0.0898,-9.89
2.8800,0.029823,0.003449,0.065337,-0.1565,-0.2083,0.0736,-10.71
2.8900,0.028259,0.001436,0.065926,-0.1563,-0.1992,0.0556,-11.50
2.9000,0.026700,-0.000475,0.066322,-0.1553,-0.1882,0.0358,-12.23
2.9100,0.025155,-0.002265,0.066507,-0.1536,-0.1756,0.0144,-12.89
2.9200,0.023632,-0.003919,0.066466,-0.1512,-0.1616,-0.0085,-13.46
2.9300,0.022135,-0.005424,0.066186,-0.1482,-0.1463,-0.0325,-13.94
2.9400,0.020671,-0.006769,0.065657,-0.1446,-0.1300,-0.0573,-14.29
2.9500,0.019244,-0.007946,0.064873,-0.1407,-0.1130,-0.0826,-14.52
2.9600,0.017859,-0.008951,0.063831,-0.1365,-0.0956,-0.1080,-14.60
2.9700,0.016516,-0.009781,0.062532,-0.1322,-0.0783,-0.1331,-14.53
2.9800,0.015216,-0.010440,0.060982,-0.1278,-0.0615,-0.1573,-14.28
2.9900,0.013959,-0.010936,0.059192,-0.1237,-0.0455,-0.1802,-13.87
3.0000,0.012742,-0.011278,0.057179,-0.1199,-0.0308,-0.2012,-13.28
3.0100,0.011561,-0.011484,0.054963,-0.1166,-0.0179,-0.2199,-12.52
3.0200,0.010410,-0.011575,0.052572,-0.1140,-0.0073,-0.2357,-11.59
3.0300,0.009280,-0.011576,0.050036,-0.1122,0.0006,-0.2481,-10.51
3.0400,0.008162,-0.011516,0.047393,-0.1116,0.0054,-0.2567,-9.28
3.0500,0.007044,-0.011431,0.044683,-0.1121,0.0066,-0.2609,-7.92
3.0600,0.005915,-0.011356,0.041951,-0.1140,0.0039,-0.2605,-6.47
3.0700,0.004759,-0.011333,0.039247,-0.1173,-0.0030,-0.2552,-4.94
3.0800,0.003562,-0.011405,0.036618,-0.1222,-0.0141,-0.2449,-3.37
3.0900,0.002307,-0.011613,0.034118,-0.1287,-0.0297,-0.2294,-1.81
3.1000,0.000980,-0.012003,0.031795,-0.1368,-0.0496,-0.2089,-0.29
3.1100,-0.000436,-0.012616,0.029699,-0.1464,-0.0737,-0.1837,1.14
3.1200,-0.001955,-0.013490,0.027874,-0.1574,-0.1015,-0.1542,2.41
3.1300,-0.003591,-0.014659,0.026359,-0.1696,-0.1326,-0.1212,3.46
3.1400,-0.005353,-0.016151,0.025183,-0.1827,-0.1661,-0.0855,4.23
3.1500,-0.007250,-0.017983,0.024368,-0.1963,-0.2010,-0.0483,4.64
3.1600,-0.009283,-0.020160,0.023918,-0.2099,-0.2361,-0.0111,4.61
3.1700,-0.011450,-0.022675,0.023824,-0.2230,-0.2699,0.0244,4.07
3.1800,-0.013742,-0.025503,0.024057,-0.2348,-0.3005,0.0562,2.93
3.1900,-0.016141,-0.028598,0.024567,-0.2444,-0.3258,0.0820,1.13
3.2000,-0.018621,-0.031896,0.025279,-0.2509,-0.3435,0.0994,-1.42
3.2100,-0.021146,-0.035303,0.026093,-0.2532,-0.3512,0.1055,-4.76
3.2200,-0.023667,-0.038705,0.026882,-0.2502,-0.3459,0.0977,-8.94
3.2300,-0.026125,-0.041957,0.027489,-0.2405,-0.3250,0.0731,-13.99
3.2400,-0.028448,-0.044887,0.027730,-0.2230,-0.2855,0.0287,-19.91
3.2500,-0.030548,-0.047296,0.027396,-0.1962,-0.2246,-0.0381,-26.67
3.2600,-0.032329,-0.048960,0.026251,-0.1589,-0.1394,-0.1298,-34.21
3.2700,-0.033677,-0.049628,0.024041,-0.1099,-0.0275,-0.2484,-42.38
3.2800,-0.034469,-0.049031,0.020494,-0.0479,0.1132,-0.3955,-50.97
3.2900,-0.034572,-0.046884,0.015332,0.0277,0.2843,-0.5715,-59.64
3.3000,-0.033847,-0.042897,0.008282,0.1175,0.4860,-0.7757,-67.89
3.3100,-0.032153,-0.036788,-0.000906,0.2209,0.7169,-1.0051,-75.03
3.3200,-0.029362,-0.028310,-0.012433,0.3363,0.9725,-1.2535,-80.15
3.3300,-0.025370,-0.017288,-0.026410,0.4599,1.2438,-1.5105,-82.20
3.3400,-0.020126,-0.003670,-0.042805,0.5853,1.5159,-1.7599,-80.10
3.3500,-0.013659,0.012400,-0.061389,0.7029,1.7668,-1.9799,-73.03
3.3600,-0.006109,0.030523,-0.081679,0.8003,1.9689,-2.1449,-60.89
3.3700,0.002254,0.050003,-0.102929,0.8642,2.0935,-2.2309,-44.66
3.3800,0.011039,0.069889,-0.124191,0.8846,2.1198,-2.2230,-26.31
3.3900,0.019787,0.089103,-0.144454,0.8580,2.0430,-2.1218,-7.53
3.4000,0.028041,0.106630,-0.162795,0.7878,1.8764,-1.9402,12.88
3.4100,0.035396,0.121666,-0.178461,0.6797,1.6403,-1.6899,41.99
3.4200,0.041470,0.133589,-0.190754,0.5312,1.3410,-1.3608,94.20
3.4300,0.045767,0.141713,-0.198739,0.3201,0.9472,-0.9027,190.98
3.4400,0.047424,0.144840,-0.200812,-0.0059,0.3700,-0.2120,361.26
3.4500,0.044816,0.140581,-0.194086,-0.5513,-0.5699,0.8996,649.85
3.4600,0.034739,0.124031,-0.173077,-1.5455,-2.2536,2.8260,1156.11
3.4700,0.010402,0.084682,-0.126212,-3.4066,-5.2658,6.2661,1500.00
3.4800,-0.035438,0.013813,-0.041248,-5.7721,-8.6630,10.3968,1500.00
3.4900,-0.105520,-0.089864,0.079150,-8.0401,-12.3396,13.1398,1500.00
3.5000,-0.190998,-0.210392,0.193483,-8.7111,-13.9235,11.3697,1500.00
3.5100,-0.274459,-0.295002,0.253165,-7.9040,-11.1157,7.8215,1500.00
3.5200,-0.348158,-0.307450,0.244274,-6.8243,-7.2194,4.7043,1500.00
3.5300,-0.409407,-0.241894,0.164831,-5.3798,-2.9778,2.4665,1500.00
3.5400,-0.453710,-0.111550,0.024741,-3.4709,1.0343,1.9154,1500.00
3.5500,-0.478183,0.052830,-0.149740,-1.5184,3.9768,3.3524,1500.00
3.5600,-0.485432,0.217623,-0.328061,-0.0882,5.5319,5.7459,1500.00
3.5700,-0.482518,0.359857,-0.488937,0.5009,6.1168,7.6831,1500.00
3.5800,-0.478546,0.470378,-0.624839,0.1541,6.3515,8.2949,1500.00
3.5900,-0.481861,0.551136,-0.741241,-0.8534,6.6651,7.5010,1500.00
3.6000,-0.495809,0.610341,-0.851736,-1.8467,7.2834,5.8499,1500.00
3.6100,-0.516792,0.658663,-0.970936,-2.2058,8.3845,4.1237,1500.00
3.6200,-0.536942,0.705752,-1.108112,-1.6714,9.5599,3.5453,0.00
3.6300,-0.549146,0.746000,-1.255113,-0.7801,10.5632,4.2864,0.00
3.6400,-0.551852,0.786512,-1.403178,0.2458,12.3252,5.3688,0.00
3.6500,-0.543559,0.830773,-1.502115,1.2775,13.1333,7.0206,0.00
3.6600,-0.530001,0.799602,-1.379024,1.2884,10.9730,8.9392,0.00
3.6700,-0.519981,0.656804,-1.196830,0.6627,7.6872,8.8727,0.00
3.6800,-0.517059,0.431063,-1.029581,0.1323,4.2013,5.4409,1500.00
3.6900,-0.512238,0.230406,-0.894099,0.8261,6.0941,5.9122,1500.00
3.7000,-0.500410,0.081399,-0.757844,1.4521,7.9962,8.1086,1500.00
3.7100,-0.486091,-0.069551,-0.619706,1.3260,5.1878,4.9937,1500.00
3.7200,-0.474190,-0.244943,-0.497581,1.0787,1.3084,0.5334,768.19
3.7300,-0.466207,-0.423500,-0.412285,0.5366,-3.2863,-7.0062,-1500.00
3.7400,-0.461578,-0.572540,-0.389166,0.5004,-7.9656,-14.3406,-1500.00
3.7500,-0.454037,-0.647549,-0.411598,1.0827,-12.1236,-19.5736,-1500.00
3.7600,-0.438569,-0.621438,-0.452872,2.0060,-15.1489,-22.6672,-1500.00
3.7700,-0.414221,-0.510349,-0.493916,2.7764,-16.6344,-24.4589,-1500.00
3.7800,-0.384959,-0.355750,-0.523577,2.9459,-16.5518,-25.6116,-1500.00
3.7900,-0.358011,-0.193250,-0.525819,2.3317,-15.0745,-26.3902,-1500.00
3.8000,-0.340645,-0.046091,-0.470187,1.1041,-12.6084,-27.2164,-1500.00
3.8100,-0.336083,0.072828,-0.313796,-0.0253,-10.3051,-29.1313,-1500.00
3.8200,-0.331805,0.171197,-0.007062,1.8052,-12.2171,-32.9873,-1500.00
3.8300,-0.274781,0.281889,0.431465,10.0629,-19.6416,-33.1613,-1500.00
3.8400,-0.130787,0.370131,0.847539,18.0129,-23.4761,-31.7824,-1500.00
3.8500,0.070912,0.412591,1.152112,21.1688,-24.6917,-32.6964,0.00
3.8600,0.267012,0.455810,1.231608,16.9338,-24.1525,-30.6905,0.00
3.8700,0.396682,0.551979,1.105385,9.2276,-24.1530,-23.1520,0.00
3.8800,0.455661,0.710400,0.982643,3.1198,-23.2719,-10.1776,-1500.00
3.8900,0.467455,0.884422,0.928868,-0.2546,-20.6579,-0.9880,-1500.00
3.9000,0.456365,1.030915,0.929735,-1.6933,-16.2318,2.6583,-1500.00
3.9100,0.438033,1.125318,0.955269,-1.7991,-11.6579,5.1151,0.00
3.9200,0.422238,1.163368,0.991153,-1.2988,-6.3983,6.4624,0.00
3.9300,0.413563,1.144549,1.009770,-0.3992,-0.4038,7.2656,0.00
3.9400,0.415496,1.081022,0.995872,0.7923,5.4351,7.9679,0.00
3.9500,0.430668,0.994144,0.962324,2.2860,8.0969,10.2915,1500.00
3.9600,0.462353,0.921317,0.950525,4.0258,8.2738,13.4418,1500.00
3.9700,0.508736,0.881824,0.957000,4.5857,5.2180,16.0519,1500.00
3.9800,0.548219,0.889999,0.930588,3.1843,-1.2747,18.5854,1500.00
3.9900,0.566965,0.948486,0.831687,0.3112,-7.9946,20.7897,1500.00
4.0000,0.546415,1.041168,0.659719,-4.6229,-12.9148,21.1893,1500.00
4.0100,0.474189,1.115483,0.461459,-9.6356,-11.7941,16.8983,0.00
4.0200,0.350637,1.136198,0.297403,-15.0816,-9.4048,10.7231,0.00
4.0300,0.167621,1.116204,0.206078,-21.5337,-6.0036,2.3683,0.00
4.0400,-0.084045,1.113751,0.226426,-28.6340,-4.3296,-7.0229,0.00
4.0500,-0.403140,1.218719,0.381793,-34.6096,-11.4109,-12.1297,0.00
4.0600,-0.764232,1.366307,0.679065,-36.7188,-25.2155,-9.6775,0.00
4.0700,-1.113561,1.112272,1.071587,-31.9624,-36.6943,-6.2247,0.00
4.0800,-1.396221,0.744891,1.246960,-25.2485,-35.2673,-3.6369,0.00
4.0900,-1.631323,0.448790,1.061566,-22.6941,-27.4094,0.9887,0.00
4.1000,-1.868897,0.243708,0.851891,-25.6788,-18.8443,3.6240,1500.00
4.1100,-2.152958,0.109491,0.699694,-30.4051,-12.6775,4.8511,1500.00
4.1200,-2.444679,0.014304,0.612496,-26.0188,-8.6742,4.0007,1500.00
4.1300,-2.644139,-0.058128,0.590108,-13.7449,-5.8981,0.8153,1500.00
4.1400,-2.720520,-0.100143,0.613576,-2.4546,-2.5055,-2.7757,1500.00
4.1500,-2.708907,-0.099093,0.648548,3.6813,1.7093,-3.8501,1500.00
4.1600,-2.660937,-0.068957,0.671769,5.3712,5.1984,-2.2282,1500.00
4.1700,-2.607239,-0.033452,0.673363,5.2127,7.2792,0.3092,1500.00
4.1800,-2.558732,-0.005228,0.647462,4.4454,8.0009,2.4407,1500.00
4.1900,-2.519582,0.013561,0.593100,3.3657,7.5442,3.6625,1500.00
4.2000,-2.492607,0.028206,0.515204,2.0199,6.0593,3.8547,1500.00
4.2100,-2.480376,0.052159,0.423766,0.4289,3.6483,2.8588,1500.00
4.2200,-2.484949,0.111986,0.335546,-1.3005,0.4733,-0.0055,1500.00
4.2300,-2.505201,0.257362,0.282098,-2.4886,-2.6341,-6.9647,1500.00
4.2400,-2.523621,0.555729,0.308826,-0.4132,-2.5703,-21.7934,1500.00
4.2500,-2.511998,0.916330,0.365063,1.5111,-3.7638,-31.0896,-1229.86
4.2600,-2.500219,1.089243,0.366123,1.2871,-13.3328,-27.9228,0.00
4.2700,-2.479147,1.082077,0.338817,2.5205,-19.3860,-26.5460,0.00
4.2800,-2.454973,0.928140,0.306903,2.5486,-21.9609,-24.6943,-1500.00
4.2900,-2.423312,0.692192,0.299996,3.8848,-24.6848,-24.8328,-1500.00
4.3000,-2.379919,0.409570,0.294325,4.4234,-26.7024,-26.6285,-1500.00
4.3100,-2.341431,0.096397,0.280994,3.1323,-26.3745,-26.3767,-1500.00
4.3200,-2.317890,-0.231492,0.286709,1.7014,-23.5119,-23.8729,-1500.00
4.3300,-2.305302,-0.553767,0.317802,0.9584,-18.7361,-21.1853,-1500.00
4.3400,-2.296346,-0.841919,0.343059,0.9579,-12.5139,-20.3803,-1500.00
4.3500,-2.283769,-1.039520,0.313619,1.6243,-5.1307,-22.9919,-1500.00
4.3600,-2.265917,-1.034669,0.211919,1.9061,1.0269,-25.2605,-1500.00
4.3700,-2.246988,-0.787174,0.064414,1.5911,4.2234,-25.9664,-1500.00
4.3800,-2.240797,-0.388281,-0.048215,-0.5619,0.4971,-14.1492,1500.00
4.3900,-2.257292,0.012969,-0.063229,-2.4889,-1.0681,1.8514,1500.00
4.4000,-2.285589,0.280485,-0.052063,-2.8914,3.2072,8.2229,1500.00
4.4100,-2.312599,0.352036,-0.009036,-2.5884,10.1636,5.3269,1500.00
4.4200,-2.343462,0.224603,0.098571,-4.0841,18.7412,-0.7108,1500.00
4.4300,-2.406632,-0.058100,0.283661,-8.6307,25.9231,0.2397,1500.00
4.4400,-2.507396,-0.326492,0.479125,-10.7253,25.9597,10.0504,1500.00
4.4500,-2.610619,-0.440122,0.630520,-9.6701,23.8707,18.3965,1500.00
4.4600,-2.698994,-0.366523,0.726686,-8.1299,21.9503,23.3708,1500.00
4.4700,-2.775947,-0.147500,0.765574,-7.4581,21.1004,25.8808,1500.00
4.4800,-2.851355,0.158714,0.764208,-7.7074,21.3416,25.7195,1500.00
4.4900,-2.927360,0.482855,0.760375,-7.0389,19.4200,23.4554,1500.00
4.5000,-2.978769,0.626120,0.702528,-2.9714,9.0000,23.3087,1500.00
4.5100,-2.989547,0.447738,0.545655,0.2255,-1.0154,18.9775,1500.00
4.5200,-2.984005,0.131435,0.453227,0.4690,-5.9262,6.7960,1500.00
4.5300,-2.985039,-0.215452,0.525372,-0.6936,-8.6102,-6.0261,1500.00
4.5400,-2.995486,-0.560084,0.729812,-1.1215,-9.2639,-11.6192,1500.00
4.5500,-3.000933,-0.858234,0.973138,0.3392,-9.0332,-9.4574,598.82
4.5600,-2.979802,-1.047057,1.177557,4.2845,-10.8582,-3.2669,0.00
4.5700,-2.902755,-1.061706,1.297143,11.5506,-14.2384,2.0987,0.00
4.5800,-2.735102,-0.929954,1.323632,22.0915,-16.6851,5.1663,0.00
4.5900,-2.464076,-0.746685,1.280654,30.6240,-16.5616,4.6434,0.00
4.6000,-2.167600,-0.591262,1.177010,26.1532,-15.0826,-2.5618,0.00
4.6100,-1.969330,-0.525229,1.004605,13.9627,-15.6077,-12.6401,-1500.00
4.6200,-1.875672,-0.575707,0.748787,5.8322,-17.6496,-19.3515,-1500.00
4.6300,-1.837641,-0.719948,0.439260,2.5524,-18.7297,-23.4911,-1500.00
4.6400,-1.813554,-0.909942,0.097891,2.7399,-17.0095,-27.6877,-1500.00
4.6500,-1.774751,-1.119837,-0.277934,5.0101,-12.3405,-32.4372,0.00
4.6600,-1.710643,-1.374694,-0.674895,8.0037,-8.2631,-35.8602,0.00
4.6700,-1.609933,-1.405988,-1.010982,11.9240,-8.1330,-37.6347,0.00
4.6800,-1.491142,-0.902257,-0.863571,10.5377,-20.6388,-34.5999,-1500.00
4.6900,-1.415170,-0.394512,-0.408522,4.7720,-28.3014,-35.2746,-1500.00
4.7000,-1.394922,0.023374,0.041018,-0.5833,-33.3767,-36.3641,-1500.00
4.7100,-1.427394,0.316591,0.493863,-5.5317,-38.3636,-35.8683,-1500.00
4.7200,-1.489546,0.385495,0.938783,-5.6948,-39.6774,-35.6839,-1500.00
4.7300,-1.519725,0.281688,1.334824,0.5351,-37.4883,-36.3493,0.00
4.7400,-1.444707,0.173937,1.392061,16.7497,-36.3193,-37.0502,0.00
4.7500,-1.098495,0.171260,1.075029,56.2440,-33.4960,-31.9599,0.00
4.7600,-0.363789,0.246430,0.835454,72.6887,-24.6106,-19.8716,-1500.00
4.7700,0.119067,0.321752,0.620513,26.7181,-27.2831,-19.7991,-1500.00
4.7800,0.246153,0.315769,0.390703,2.1011,-25.3919,-16.6532,-1500.00
4.7900,0.200981,0.292710,0.292460,-9.7287,-9.1109,1.1678,1500.00
4.8000,0.050352,0.335138,0.336712,-17.9430,2.0453,14.1011,1500.00
4.8100,-0.109708,0.370949,0.233183,-13.6384,3.0469,3.6400,1500.00
4.8200,-0.217954,0.457669,0.021692,-8.0320,-1.2655,-2.6907,1500.00
4.8300,-0.265628,0.536803,-0.170488,-1.4674,-13.0441,-1.8934,-1500.00
4.8400,-0.231528,0.478517,-0.230485,9.3073,-30.2302,5.8306,-1500.00
4.8500,-0.050959,0.217610,-0.079663,25.8128,-39.4117,13.9787,-1500.00
4.8600,0.192103,-0.081667,0.304627,17.6575,-19.6405,13.8426,-1500.00
4.8700,0.275071,-0.235113,0.774257,0.7077,8.4177,8.8054,1500.00
4.8800,0.240477,-0.301557,0.981087,-5.3754,25.3902,6.7044,1500.00
4.8900,0.209867,-0.353539,0.837134,0.2946,19.0754,-2.3322,1500.00
4.9000,0.251531,-0.339201,0.663509,7.4410,5.1850,-9.2713,-1500.00
4.9100,0.354356,-0.287142,0.519166,12.6442,-2.4599,-9.6728,-1500.00
4.9200,0.491822,-0.234878,0.399892,13.8594,-5.5059,-7.8309,-1500.00
4.9300,0.612825,-0.219203,0.308131,9.8585,-7.7760,-8.4528,-1500.00
4.9400,0.686173,-0.268324,0.279400,5.2248,-8.7961,-6.5382,-1500.00
4.9500,0.724828,-0.367976,0.348993,2.9620,-8.3169,-0.8160,-1500.00
4.9600,0.750769,-0.465185,0.476843,2.4166,-8.3330,3.8063,-1500.00
4.9700,0.775602,-0.497605,0.566925,2.6461,-7.6379,6.4495,-1500.00
4.9800,0.805457,-0.441506,0.571875,3.3556,-5.2057,7.1241,-1500.00
4.9900,0.843014,-0.311579,0.528791,4.1104,-2.9380,4.7354,-1500.00
5.0000,0.887275,-0.117292,0.506124,4.7070,-1.4535,-0.7195,-1500.00
5.0100,0.937295,0.165175,0.572093,5.3111,-0.1662,-11.2559,-1500.00
5.0200,0.994956,0.639814,0.837272,6.1865,1.2932,-42.8368,-1500.00
5.0300,1.033669,1.503774,1.150482,0.1557,-21.4922,-87.5164,0.00
5.0400,1.003664,0.791207,0.449867,-5.3857,-33.2514,-69.8791,-1500.00
5.0500,0.937078,0.288191,-0.102490,-7.3990,-40.3911,-51.2192,-1500.00
5.0600,0.864945,-0.075368,-0.377778,-6.3620,-36.6140,-36.7232,-1500.00
5.0700,0.823130,-0.395798,-0.455378,-1.9311,-20.8225,-16.6341,-1500.00
5.0800,0.825011,-0.613406,-0.473574,1.9967,-8.5997,-0.1216,-1500.00
5.0900,0.858867,-0.638262,-0.459027,4.3865,0.0682,9.9297,-1500.00
5.1000,0.904848,-0.465654,-0.383781,4.4145,4.9510,11.1366,-1500.00
5.1100,0.943369,-0.244055,-0.291874,3.3843,3.3214,5.0229,-1500.00
5.1200,0.976542,-0.104918,-0.258276,3.4916,-1.3528,-0.7492,-1500.00
5.1300,1.017702,-0.094143,-0.306151,4.8966,-4.0771,-3.3921,-1500.00
5.1400,1.079345,-0.245590,-0.464437,7.6705,0.1565,-3.9295,-1500.00
5.1500,1.180162,-0.625908,-0.815835,11.9737,23.1281,-0.7195,-1500.00
5.1600,1.265994,-1.187942,-1.046211,3.9198,59.3552,6.0236,0.00
5.1700,1.288994,-1.234976,-0.751184,2.2668,39.5790,16.2368,0.00
5.1800,1.315069,-0.968888,-0.501409,2.9197,23.0336,14.4596,1500.00
5.1900,1.346315,-0.802407,-0.344187,3.2121,11.6259,9.1319,-388.21
5.2000,1.374512,-0.717756,-0.241184,2.3974,3.7131,3.5054,-1500.00
5.2100,1.393433,-0.682413,-0.159007,1.3753,-2.5550,-1.0577,-1500.00
5.2200,1.400811,-0.667577,-0.078150,0.0773,-7.1550,-4.1883,-1500.00
5.2300,1.393294,-0.641434,0.015409,-1.6129,-10.2281,-6.1114,-1500.00
5.2400,1.366680,-0.568655,0.122383,-3.6990,-11.3609,-7.1560,-1500.00
5.2500,1.320282,-0.413797,0.223845,-5.2740,-8.7341,-7.6412,-1500.00
5.2600,1.278699,-0.237389,0.345311,-3.1593,-4.6121,-9.0954,-1500.00
5.2700,1.249723,-0.138547,0.546074,-3.0329,-3.1868,-11.3646,-1500.00
5.2800,1.211905,-0.087560,0.796173,-4.6944,-1.3495,-12.2014,-1500.00
5.2900,1.152327,-0.046868,1.048598,-7.2651,1.5591,-11.8445,0.00
5.3000,1.065345,-0.000600,1.198059,-10.1758,4.4302,-10.0679,0.00
5.3100,0.941083,0.044454,1.078666,-15.3910,6.5815,-7.3297,0.00
5.3200,0.696753,0.054738,0.775366,-41.0215,5.9944,-2.4509,1500.00
5.3300,-0.137433,-0.001125,0.458687,-100.0000,-0.1706,-0.6644,1500.00
5.3400,-1.124396,-0.130734,0.179289,-87.1184,2.2510,5.4257,1500.00
5.3500,-1.530789,-0.368516,-0.076671,-10.4102,2.0723,0.4095,1500.00
5.3600,-1.556528,-0.570506,-0.172845,-0.4792,3.6687,-10.6577,1500.00
5.3700,-1.591775,-0.619478,0.005084,-6.9624,7.1296,-22.9494,1500.00
5.3800,-1.684311,-0.592011,0.372102,-10.4561,3.9364,-25.0950,1500.00
5.3900,-1.787331,-0.568712,0.784476,-9.7920,-3.8468,-21.7353,1500.00
5.4000,-1.875878,-0.537405,1.197294,-7.7390,-11.6290,-20.0989,0.00
5.4100,-1.942052,-0.436175,1.382590,-5.7410,-18.8155,-22.2813,0.00
5.4200,-1.996493,-0.224132,0.974316,-5.3158,-18.1307,-20.3814,-1500.00
5.4300,-2.049127,0.048815,0.545288,-5.3076,-14.5934,-16.3434,-1500.00
5.4400,-2.103567,0.318553,0.162744,-5.5169,-10.7141,-12.6095,1500.00
5.4500,-2.156504,0.512969,-0.183353,-4.9442,-10.3166,-12.1609,1500.00
5.4600,-2.200521,0.585072,-0.461812,-3.9856,-15.5586,-14.8031,-1500.00
5.4700,-2.237932,0.519580,-0.576876,-3.4673,-20.6853,-15.9943,-1500.00
5.4800,-2.267467,0.374570,-0.544595,-2.3210,-17.7495,-9.9328,-1500.00
5.4900,-2.280795,0.248028,-0.506211,-0.0846,-10.2593,0.1854,1500.00
5.5000,-2.265611,0.159707,-0.547646,3.0029,-5.3468,9.5151,1500.00
5.5100,-2.221940,0.072825,-0.672719,5.5346,-5.2489,15.4881,1500.00
5.5200,-2.157605,-0.057831,-0.872993,7.1058,-8.5217,20.2515,1500.00
5.5300,-2.084224,-0.244617,-1.135830,7.2185,-12.0916,24.3119,0.00
5.5400,-2.018788,-0.403676,-1.258044,5.7333,-9.1278,24.6920,0.00
5.5500,-1.973326,-0.366712,-0.936679,3.2451,3.6956,23.1581,1500.00
5.5600,-1.959630,-0.135329,-0.513383,-0.7072,15.7133,27.2043,1500.00
5.5700,-1.995295,0.098329,-0.121782,-6.7649,21.9191,31.7368,1500.00
5.5800,-2.113083,0.228092,0.244768,-17.3213,24.7372,34.5415,1500.00
5.5900,-2.352252,0.185020,0.599496,-30.6548,27.5783,35.7664,1500.00
5.6000,-2.695878,-0.009621,0.790254,-33.8892,32.6056,34.7023,1500.00
5.6100,-2.948627,-0.200730,0.686411,-15.2183,36.9972,36.7846,1500.00
5.6200,-2.995481,-0.177312,0.364787,4.0113,41.8380,43.6059,1500.00
5.6300,-2.910733,0.184876,-0.023898,10.6613,46.7426,48.0706,1500.00
5.6400,-2.811777,0.658632,-0.301864,8.3963,45.1508,41.7931,1500.00
5.6500,-2.747028,1.046123,-0.295221,4.8723,35.9198,30.9340,1500.00
5.6600,-2.711535,1.251188,-0.077830,2.5767,29.5201,24.0654,0.00
5.6700,-2.689044,1.137760,0.199971,2.2418,29.0775,21.4084,0.00
5.6800,-2.660372,0.834200,0.412783,3.7192,31.3146,20.2516,1500.00
5.6900,-2.613491,0.499336,0.462044,5.5278,30.3489,18.0953,1500.00
5.7000,-2.551919,0.196002,0.384674,6.6437,27.2272,16.1960,1500.00
5.7100,-2.481737,-0.067590,0.246335,7.3586,25.0231,16.0384,1500.00
