t,phi,alpha,theta,phi_dot,alpha_dot,theta_dot,beta,delta_cmd,delta_actual,phase
0.0010,0.000000,0.087266,0.087266,0.0000,0.0000,0.0000,0.087266,0.000000,0.000000,1
0.0020,0.000003,0.087266,0.087266,0.0033,0.0000,0.0000,0.087266,0.000133,-0.000007,1
0.0030,0.000011,0.087272,0.087265,0.0074,0.0055,-0.0014,0.087270,0.000532,-0.000020,1
0.0040,0.000020,0.087284,0.087263,0.0097,0.0116,-0.0018,0.087278,0.001197,-0.000031,1
0.0050,0.000028,0.087297,0.087266,0.0081,0.0132,0.0030,0.087288,0.002127,-0.000020,1
0.0060,0.000029,0.087303,0.087283,0.0006,0.0057,0.0167,0.087297,0.003324,0.000039,1
0.0070,0.000015,0.087287,0.087326,-0.0144,-0.0152,0.0430,0.087298,0.004787,0.000177,1
0.0080,-0.000024,0.087234,0.087411,-0.0389,-0.0535,0.0855,0.087282,0.006515,0.000439,1
0.0090,-0.000099,0.087121,0.087559,-0.0744,-0.1131,0.1479,0.087240,0.008510,0.000870,1
0.0100,-0.000221,0.086923,0.087793,-0.1226,-0.1980,0.2339,0.087160,0.010770,0.001529,1
0.0110,-0.000406,0.086611,0.088140,-0.1853,-0.3119,0.3469,0.087028,0.013297,0.002479,1
0.0120,-0.000671,0.086152,0.088631,-0.2641,-0.4587,0.4908,0.086828,0.016089,0.003790,1
0.0130,-0.001031,0.085510,0.089300,-0.3608,-0.6423,0.6690,0.086544,0.019147,0.005542,1
0.0140,-0.001508,0.084643,0.090185,-0.4772,-0.8668,0.8852,0.086155,0.022472,0.007821,1
0.0150,-0.002124,0.083507,0.091328,-0.6152,-1.1360,1.1432,0.085640,0.026062,0.010722,1
0.0160,-0.002900,0.082053,0.092775,-0.7766,-1.4541,1.4467,0.084977,0.029918,0.014347,1
0.0170,-0.003864,0.080228,0.094574,-0.9636,-1.8254,1.7994,0.084140,0.034040,0.018806,1
0.0180,-0.005042,0.077973,0.096779,-1.1783,-2.2542,2.2050,0.083102,0.038428,0.024218,1
0.0190,-0.006465,0.075229,0.099447,-1.4228,-2.7449,2.6674,0.081834,0.043082,0.030711,1
0.0200,-0.008164,0.071926,0.102637,-1.6995,-3.3021,3.1903,0.080302,0.048002,0.038418,1
0.0210,-0.010175,0.067996,0.106414,-2.0108,-3.9304,3.7773,0.078474,0.053187,0.047485,1
0.0220,-0.012534,0.063361,0.110846,-2.3592,-4.6346,4.4320,0.076312,0.058639,0.058062,1
0.0230,-0.015282,0.057942,0.116004,-2.7471,-5.4191,5.1575,0.073777,0.064357,0.070306,1
0.0240,-0.018459,0.051654,0.121960,-3.1769,-6.2882,5.9563,0.070829,0.070340,0.084382,1
0.0250,-0.022109,0.044409,0.128790,-3.6506,-7.2456,6.8303,0.067422,0.076590,0.100456,1
0.0260,-0.026279,0.036115,0.136570,-4.1698,-8.2939,7.7798,0.063512,0.083105,0.118694,1
0.0270,-0.031014,0.026680,0.145374,-4.7350,-9.4344,8.8038,0.059051,0.089887,0.139258,1
0.0280,-0.036360,0.016014,0.155272,-5.3458,-10.6659,9.8983,0.053994,0.096934,0.162299,1
0.0290,-0.042360,0.004030,0.166329,-6.0000,-11.9842,11.0565,0.048293,0.104247,0.187948,1
0.0300,-0.049053,-0.009351,0.178597,-6.6933,-13.3814,12.2677,0.041907,0.111826,0.216309,1
0.0310,-0.056472,-0.024196,0.192113,-7.4189,-14.8443,13.5164,0.034798,0.119671,0.247446,1
0.0320,-0.064639,-0.040550,0.206896,-8.1674,-16.3550,14.7826,0.026935,0.127782,0.281378,1
0.0330,-0.073566,-0.058440,0.222937,-8.9270,-17.8898,16.0417,0.018299,0.136159,0.318064,1
0.0340,-0.083251,-0.077861,0.240203,-9.6844,-19.4210,17.2659,0.008884,0.144802,0.357409,1
0.0350,-0.093677,-0.098780,0.258630,-10.4257,-20.9185,18.4263,-0.001305,0.153711,0.399258,1
0.0360,-0.104814,-0.121133,0.278125,-11.1379,-22.3528,19.4960,-0.012244,0.162886,0.443409,1
0.0370,-0.116625,-0.144831,0.298578,-11.8104,-23.6981,20.4527,-0.023901,0.172327,0.489626,1
0.0380,-0.129061,-0.169766,0.319860,-12.4359,-24.9355,21.2819,-0.036232,0.182034,0.537659,1
0.0390,-0.142072,-0.195821,0.341838,-13.0110,-26.0550,21.9777,-0.049187,0.192006,0.587257,1
0.0400,-0.155607,-0.222876,0.364380,-13.5355,-27.0549,22.5428,-0.062715,0.202245,0.638185,1
0.0410,-0.169619,-0.250818,0.387367,-14.0120,-27.9415,22.9867,-0.076767,0.212749,0.690234,1
0.0420,-0.184064,-0.279544,0.410691,-14.4446,-28.7261,23.3234,-0.091298,0.223520,0.743225,1
0.0430,-0.198902,-0.308966,0.434259,-14.8380,-29.4227,23.5684,-0.106269,0.234556,0.797009,1
0.0440,-0.214099,-0.339012,0.457996,-15.1969,-30.0461,23.7373,-0.121646,0.245858,0.851463,1
0.0450,-0.229624,-0.369623,0.481841,-15.5255,-30.6101,23.8442,-0.137405,0.257426,0.906491,1
0.0460,-0.245451,-0.400750,0.505742,-15.8272,-31.1270,23.9011,-0.153525,0.269261,0.962016,1
0.0470,-0.261556,-0.432356,0.529660,-16.1047,-31.6068,23.9180,-0.169988,0.281361,1.017977,1
0.0480,-0.277916,-0.464414,0.553563,-16.3601,-32.0579,23.9029,-0.186784,0.293727,1.074326,1
0.0490,-0.294511,-0.496901,0.577425,-16.5945,-32.4871,23.8623,-0.203903,0.306359,1.131027,1
0.0500,-0.311319,-0.529801,0.601227,-16.8086,-32.8993,23.8017,-0.221339,0.319257,1.188051,1
0.0510,-0.328322,-0.563099,0.624952,-17.0025,-33.2985,23.7254,-0.239085,0.332421,1.245376,1
0.0520,-0.345497,-0.596787,0.648589,-17.1756,-33.6876,23.6373,-0.257139,0.345850,1.302985,1
0.0530,-0.362825,-0.630855,0.672130,-17.3271,-34.0682,23.5409,-0.275496,0.359546,1.360866,1
0.0540,-0.380280,-0.665296,0.695570,-17.4555,-34.4413,23.4394,-0.294151,0.373508,1.419009,1
0.0550,-0.397839,-0.700104,0.718906,-17.5591,-34.8071,23.3363,-0.313101,0.387735,1.477409,1
0.0560,-0.415475,-0.735268,0.742141,-17.6356,-35.1647,23.2351,-0.332338,0.402229,1.536062,1
0.0570,-0.433157,-0.770781,0.765281,-17.6824,-35.5129,23.1396,-0.351855,0.416988,1.594966,1
0.0580,-0.450854,-0.806630,0.788335,-17.6967,-35.8492,23.0545,-0.371640,0.432014,1.654121,1
0.0590,-0.468529,-0.842801,0.811320,-17.6753,-36.1706,22.9850,-0.391677,0.447305,1.713532,1
0.0600,-0.486144,-0.879274,0.834258,-17.6149,-36.4732,22.9374,-0.411947,0.462862,1.773203,1
0.0610,-0.503656,-0.916027,0.857177,-17.5122,-36.7523,22.9193,-0.432426,0.478686,1.833146,1
0.0620,-0.521020,-0.953029,0.880117,-17.3641,-37.0023,22.9397,-0.453080,0.494775,1.893372,1
0.0630,-0.538188,-0.990246,0.903126,-17.1676,-37.2170,23.0094,-0.473872,0.511130,1.953902,1
0.0640,-0.555108,-1.027635,0.926267,-16.9205,-37.3892,23.1408,-0.494753,0.527751,2.014762,1
0.0650,-0.571730,-1.065146,0.949615,-16.6213,-37.5113,23.3484,-0.515666,0.544638,2.075986,1
0.0660,-0.587999,-1.102722,0.973264,-16.2698,-37.5753,23.6491,-0.536544,0.561791,2.137620,1
0.0670,-0.603867,-1.140295,0.997326,-15.8676,-37.5728,24.0615,-0.557307,0.579210,2.199723,1
0.0680,-0.619285,-1.177791,1.021932,-15.4182,-37.4961,24.6061,-0.577866,0.596894,2.262366,1
0.0690,-0.634213,-1.215129,1.047237,-14.9278,-37.3378,25.3054,-0.598120,0.614845,2.325640,1
0.0700,-0.648619,-1.252221,1.073420,-14.4054,-37.0921,26.1822,-0.617955,0.633062,2.389656,1
0.0710,-0.662482,-1.288976,1.100680,-13.8634,-36.7551,27.2602,-0.637252,0.651544,2.454543,1
0.0720,-0.675800,-1.325302,1.129242,-13.3176,-36.3257,28.5619,-0.655881,0.670293,2.520458,1
0.0730,-0.688587,-1.361108,1.159350,-12.7875,-35.8065,30.1079,-0.673710,0.689307,2.587578,1
0.0740,-0.700883,-1.396313,1.191265,-12.2959,-35.2047,31.9155,-0.690610,0.708588,2.656108,1
0.0750,-0.712752,-1.430846,1.225262,-11.8688,-34.5329,33.9971,-0.706453,0.728134,2.726277,1
0.0760,-0.724286,-1.464656,1.261621,-11.5345,-33.8101,36.3588,-0.721126,0.747946,2.798339,1
0.0770,-0.735609,-1.497718,1.300620,-11.3228,-33.0626,38.9990,-0.734535,0.767759,2.872570,1
0.0780,-0.746872,-1.530043,1.342528,-11.2630,-32.3243,41.9075,-0.746614,0.787305,2.949271,1
0.0790,-0.758255,-1.561680,1.387592,-11.3830,-31.6369,45.0638,-0.757333,0.806585,3.028759,1
0.0800,-0.769962,-1.592730,1.436029,-11.7065,-31.0502,48.4374,-0.766705,0.825600,3.111370,1
0.0810,-0.782213,-1.623351,1.488020,-12.2512,-30.6209,51.9903,-0.774795,0.844348,3.197460,1
0.0820,-0.795239,-1.653761,1.543700,-13.0266,-30.4101,55.6800,-0.781726,0.862831,3.287405,1
0.0830,-0.809272,-1.684241,1.603163,-14.0325,-30.4807,59.4639,-0.787676,0.881048,3.381604,1
0.0840,-0.824530,-1.715135,1.666469,-15.2578,-30.8938,63.3055,-0.792879,0.898998,3.480490,1
0.0850,-0.841211,-1.746841,1.733650,-16.6811,-31.7054,67.1807,-0.797616,0.916683,3.584538,1
0.0860,-0.859482,-1.779804,1.804734,-18.2713,-32.9638,71.0842,-0.802203,0.934102,3.694282,1
0.0870,-0.879471,-1.814513,1.879769,-19.9890,-34.7086,75.0350,-0.806982,0.951255,3.810334,1
0.0880,-0.901258,-1.851485,1.958849,-21.7872,-36.9722,79.0799,-0.812303,0.968142,3.933414,1
0.0890,-0.924870,-1.891268,2.042146,-23.6118,-39.7830,83.2969,-0.818519,0.984763,4.064382,1
0.0900,-0.950268,-1.934439,2.129942,-25.3983,-43.1711,87.7964,-0.825972,1.001118,4.204282,1
0.0910,-0.977336,-1.981614,2.222667,-27.0671,-47.1750,92.7251,-0.834992,1.017207,4.354403,1
0.0920,-1.005847,-2.033464,2.320939,-28.5117,-51.8493,98.2715,-0.845899,1.033030,4.516351,1
0.0930,-1.035427,-2.090737,2.425614,-29.5800,-57.2730,104.6749,-0.859005,1.048587,4.692148,1
0.0940,-1.065468,-2.154294,2.537854,-30.0406,-63.5577,112.2400,-0.874618,1.063879,4.884353,1
0.0950,-1.094992,-2.225147,2.659206,-29.5243,-70.8526,121.3519,-0.893051,1.078904,5.096175,1
0.0960,-1.122419,-2.304486,2.791689,-27.4267,-79.3388,132.4827,-0.914620,1.093664,5.331511,1
0.0970,-1.145185,-2.393673,2.937838,-22.7663,-89.1868,146.1487,-0.939625,1.108157,5.594635,1
0.0980,-1.159259,-2.494086,3.100549,-14.0733,-100.4129,162.7109,-0.968277,1.122385,5.888915,1
0.0990,-1.158953,-2.606592,-3.000862,0.3056,-112.5049,181.7748,-2.714120,1.136347,6.213687,1
0.1000,-1.138221,-2.730370,-2.799868,20.7321,-123.7778,200.9932,-2.749324,1.150042,6.560409,1
0.1010,-1.093785,-2.861686,-2.584462,44.4361,-131.3158,215.4051,-2.786080,1.163472,6.914556,1
0.1020,-1.026505,-2.995172,-2.363801,67.2798,-133.4852,220.6606,-2.822980,1.176636,7.264976,1
0.1030,-0.938848,-3.127945,-2.146154,87.6572,-132.7738,217.6464,-2.860184,1.189534,7.608362,1
0.1040,-0.832085,3.021632,-1.936377,106.7622,-133.6084,209.7768,1.669448,1.202166,7.946170,1
0.1050,-0.704918,2.881831,-1.738370,127.1670,-139.8005,198.0073,1.621776,1.214532,8.280588,1
0.1060,-0.554587,2.726231,-1.559552,150.3313,-155.5945,178.8213,1.557381,1.226632,8.607109,1
0.1070,-0.402609,2.540249,-1.419013,151.9779,-185.9631,140.5479,1.460451,1.238466,8.881218,1
0.1080,-0.307487,2.336250,-1.348903,95.1225,-203.9311,70.1470,1.331209,1.250034,9.056930,1
0.1090,-0.246718,2.195762,-1.313679,60.7684,-140.3877,35.2770,1.238641,1.261337,9.187575,1
0.1100,-0.200844,2.102743,-1.276053,45.8740,-92.9630,37.6376,1.181253,1.272373,9.301067,1
0.1110,-0.160893,2.035203,-1.230101,39.9508,-67.5285,45.9295,1.144665,1.283143,9.409748,1
0.1120,-0.122788,1.980627,-1.175995,38.1050,-54.5802,54.0780,1.119731,1.293648,9.519531,1
0.1130,-0.084718,1.932244,-1.114595,38.0704,-48.3900,61.3786,1.101288,1.303886,9.633246,1
0.1140,-0.045918,1.886620,-1.046505,38.8001,-45.6270,68.0789,1.086677,1.313859,9.752161,1
0.1150,-0.006060,1.842199,-0.972011,39.8580,-44.4225,74.4882,1.074687,1.323566,9.876796,1
0.1160,0.035038,1.798352,-0.891222,41.0983,-43.8465,80.7863,1.064832,1.333007,10.007362,1
0.1170,0.077521,1.754812,-0.804196,42.4823,-43.5395,87.0243,1.056901,1.342181,10.143995,1
0.1180,0.121504,1.711362,-0.711014,43.9835,-43.4499,93.1823,1.050714,1.351090,10.286890,1
0.1190,0.167054,1.667698,-0.611782,45.5495,-43.6636,99.2308,1.046022,1.359733,10.436376,1
0.1200,0.214148,1.623387,-0.506608,47.0944,-44.3107,105.1742,1.042479,1.368110,10.592979,1
0.1210,0.262647,1.577856,-0.395536,48.4995,-45.5311,111.0717,1.039658,1.376221,10.757504,1
0.1220,0.312256,1.530377,-0.278489,49.6089,-47.4786,117.0460,1.037050,1.384066,10.931148,1
0.1230,0.362467,1.480026,-0.155196,50.2110,-50.3505,123.2929,1.034056,1.391646,11.115694,1
0.1240,0.412461,1.425586,-0.025091,49.9935,-54.4402,130.1045,1.029947,1.398959,11.313843,1
0.1250,0.460909,1.365360,0.112832,48.4485,-60.2257,137.9225,1.023761,1.406006,11.529827,1
0.1260,0.505572,1.296825,0.260281,44.6620,-68.5347,147.4482,1.014131,1.412787,11.770578,1
0.1270,0.542383,1.215938,0.420145,36.8114,-80.8863,159.8634,0.998904,1.419303,12.048063,1
0.1280,0.563334,1.115698,0.597391,20.9513,-100.2393,177.2447,0.974342,1.425552,12.383486,1
0.1290,0.552811,0.983228,0.800343,-10.5229,-132.4691,202.9524,0.933350,1.431536,12.806261,1
0.1300,0.501044,0.797697,1.037588,-51.7674,-185.5294,237.2462,0.863122,1.437254,13.272352,1
0.1310,0.444032,0.568438,1.274420,-57.0118,-229.2694,236.8002,0.760979,1.442705,13.621903,1
0.1320,0.397744,0.373922,1.429455,-46.2877,-194.5520,154.9221,0.661795,1.447891,13.865872,1
0.1330,0.362633,0.216669,1.516171,-35.1115,-157.2526,86.6330,0.571079,1.452811,14.047976,1
0.1340,0.336637,0.081251,1.562856,-25.9959,-135.3738,46.6680,0.485325,1.457465,14.195297,1
0.1350,0.318307,-0.042066,1.586860,-18.3296,-123.2635,24.0171,0.402186,1.461853,14.321486,1
0.1360,0.307120,-0.158036,1.597079,-11.1873,-115.9245,10.2391,0.320632,1.465975,14.433135,1
0.1370,0.302984,-0.268575,1.598189,-4.1357,-110.5068,1.1262,0.240542,1.469831,14.533895,1
0.1380,0.305817,-0.374359,1.593165,2.8321,-105.7615,-5.0108,0.162238,1.473421,14.626455,1
0.1390,0.315384,-0.475750,1.584334,9.5675,-101.3751,-8.8222,0.086091,1.476745,14.713219,1
0.1400,0.331339,-0.573202,1.573646,15.9551,-97.4410,-10.6809,0.012302,1.479803,14.796431,1
0.1410,0.353313,-0.667352,1.562708,21.9734,-94.1421,-10.9333,-0.059154,1.482596,14.878134,1
0.1420,0.380995,-0.758982,1.552781,27.6829,-91.6245,-9.9238,-0.128502,1.485122,14.960154,1
0.1430,0.414195,-0.848973,1.544810,33.2000,-89.9864,-7.9682,-0.196123,1.487383,15.044122,1
0.1440,0.452877,-0.938284,1.539467,38.6818,-89.3084,-5.3407,-0.262534,1.489377,15.131537,1
0.1450,0.497207,-1.027978,1.537188,44.3300,-89.6912,-2.2776,-0.328387,1.491106,15.223841,1
0.1460,0.547623,-1.119276,1.538195,50.4162,-91.2963,1.0080,-0.394511,1.492568,15.322546,1
0.1470,0.604964,-1.213675,1.542500,57.3402,-94.3978,4.3062,-0.461991,1.493765,15.429404,1
0.1480,0.670718,-1.313147,1.549887,65.7545,-99.4710,7.3869,-0.532320,1.494696,15.546743,1
0.1490,0.747561,-1.420515,1.559857,76.8431,-107.3673,9.9712,-0.607686,1.495361,15.678150,1
0.1500,0.840555,-1.540209,1.571570,92.9938,-119.6935,11.7132,-0.691542,1.495760,15.830154,1
0.1510,0.959780,-1.679886,1.583898,119.2250,-139.6768,12.3280,-0.789763,1.495893,16.016841,2
0.1520,1.118294,-1.853516,1.596955,158.5138,-173.6300,13.0565,-0.912478,1.495893,16.267981,2
0.1530,1.254866,-2.073686,1.627924,136.5726,-220.1702,30.9641,-1.064156,1.495893,16.560322,2
0.1540,1.354626,-2.234207,1.759744,99.7598,-160.5119,131.7811,-1.144948,1.495893,16.855265,2
0.1550,1.441230,-2.332856,1.956039,86.6043,-98.6040,196.2461,-1.163157,1.495893,17.164398,2
0.1560,1.522512,-2.416877,2.181151,81.2812,-83.9399,225.0856,-1.162869,1.495893,17.500820,2
0.1570,1.598096,-2.505872,2.428577,75.5844,-88.9142,247.4076,-1.160113,1.495893,17.876841,2
0.1580,1.661359,-2.609037,2.701433,63.2626,-103.1058,272.8327,-1.160727,1.495893,18.303188,2
0.1590,1.699049,-2.730960,3.005857,37.6906,-121.8845,304.3943,-1.166373,1.495893,18.780361,2
0.1600,1.695943,-2.870361,-2.939556,-3.1065,-139.3816,337.7379,-2.889233,1.495893,19.276957,2
0.1610,1.651884,-3.011783,-2.584381,-44.0587,-141.4159,355.1427,-2.895219,1.495893,19.739393,2
0.1620,1.582377,-3.128532,-2.238695,-69.5065,-116.7521,345.6644,-2.885849,1.495893,20.147469,2
0.1630,1.501873,3.078119,-1.907153,-80.5043,-76.5377,331.5313,1.718499,1.495893,20.506702,2
0.1640,1.420151,3.047675,-1.578364,-81.7221,-30.4449,328.7851,1.786028,1.495893,20.826034,2
0.1650,1.343988,3.067247,-1.239460,-76.1634,19.5722,338.9036,1.892691,1.495893,21.113550,2
0.1660,1.278535,3.138996,-0.880195,-65.4527,71.7489,359.2650,2.042853,1.495893,21.377703,2
0.1670,1.228555,-3.022528,-0.494381,-49.9796,121.6617,385.8148,-2.333033,1.495893,21.629325,2
0.1680,1.200302,-2.861103,-0.081334,-28.2537,161.4242,413.0457,-2.102984,1.495893,21.883935,2
0.1690,1.204162,-2.681911,0.352468,3.8604,179.1912,433.8007,-1.854353,1.495893,22.163817,2
0.1700,1.253752,-2.522995,0.791265,49.5897,158.9126,438.7925,-1.619106,1.495893,22.494257,2
0.1710,1.351569,-2.435152,1.209549,97.8178,87.8410,418.2763,-1.441142,1.495893,22.887838,2
0.1720,1.477118,-2.447035,1.591247,125.5490,-11.8805,381.6922,-1.345685,1.495893,23.340205,2
0.1730,1.605183,-2.533311,1.957338,128.0647,-86.2703,366.0905,-1.308589,1.495893,23.851644,2
0.1740,1.714390,-2.663213,2.338874,109.2069,-129.9006,381.5373,-1.299008,1.495893,24.437035,2
0.1750,1.776163,-2.828793,2.758687,61.7730,-165.5779,419.8117,-1.304935,1.495893,25.110934,2
0.1760,1.754341,-3.031154,-3.052961,-21.8219,-202.3527,471.5334,-3.037101,1.495893,25.812454,2
0.1770,1.663167,3.040255,-2.563218,-91.1739,-211.7733,489.7327,1.512035,1.495893,26.411069,2
0.1780,1.548648,2.885245,-2.119612,-114.5189,-155.0126,443.6002,1.520284,1.495893,26.909033,2
0.1790,1.438854,2.807655,-1.699239,-109.7944,-77.5902,420.3730,1.578502,1.495893,27.335025,2
0.1800,1.351859,2.815970,-1.264931,-86.9955,8.3149,434.3073,1.702997,1.495893,27.709557,2
0.1810,1.300515,2.913580,-0.792790,-51.3439,97.6092,472.1399,1.902752,1.495893,28.054385,2
0.1820,1.294105,3.082995,-0.278546,-6.4095,169.4142,514.2421,2.166211,1.495893,28.399123,2
0.1830,1.339128,-3.008292,0.258090,45.0223,191.8975,536.6345,-2.117460,1.495893,28.779166,2
0.1840,1.433707,-2.863959,0.782466,94.5791,144.3327,524.3741,-1.869479,1.495893,29.222145,2
0.1850,1.559585,-2.817956,1.271449,125.8781,46.0040,488.9824,-1.702664,1.495893,29.737550,2
0.1860,1.689350,-2.868231,1.736578,129.7650,-50.2748,465.1297,-1.612374,1.495893,30.334947,2
0.1870,1.790517,-2.991319,2.210887,101.1678,-123.0847,474.3071,-1.572535,1.495893,31.044696,2
0.1880,1.808941,3.101189,2.729959,18.4239,-190.6645,519.0647,2.999944,1.495893,31.887281,2
0.1890,1.707168,2.837720,-2.974111,-101.7734,-263.4595,579.0993,1.252675,1.495893,32.663546,2
0.1900,1.556405,2.587145,-2.448421,-150.7627,-250.5820,525.6827,1.213809,1.495893,33.287882,2
0.1910,1.410767,2.420993,-1.990237,-145.6389,-166.1518,458.1752,1.217930,1.495893,33.818052,2
0.1920,1.310600,2.356934,-1.524126,-100.1669,-64.0632,466.0973,1.298463,1.495893,34.277181,2
0.1930,1.281401,2.419244,-1.002687,-29.1985,62.3100,521.4361,1.485990,1.495893,34.687124,2
0.1940,1.318539,2.581258,-0.430730,37.1383,162.0155,571.9580,1.759807,1.495893,35.090851,2
0.1950,1.402705,2.748333,0.140072,84.1657,167.0745,570.8015,2.036989,1.495893,35.530468,2
0.1960,1.514009,2.844025,0.675382,111.3035,95.6911,535.3037,2.252577,1.495893,36.029693,2
0.1970,1.630400,2.847837,1.178419,116.3913,3.8148,503.0263,2.392541,1.495893,36.609422,2
0.1980,1.721754,2.765690,1.676000,91.3540,-82.1324,497.5667,2.468502,1.495893,37.316436,2
0.1990,1.724184,2.591274,2.208598,2.4299,-174.3926,532.5765,2.486908,1.495893,38.233771,2
0.2000,1.583043,2.283985,2.818644,-141.1413,-307.2845,610.0230,2.429801,1.495893,39.065481,2
0.2010,1.387056,1.951302,-2.965515,-195.9868,-332.6722,498.9733,0.610352,1.495893,39.691044,2
0.2020,1.168353,1.678820,-2.612433,-218.7026,-272.5150,352.8498,0.508479,1.495893,40.247133,2
0.2030,0.960044,1.432383,-2.302781,-208.3090,-246.4723,309.4622,0.413702,1.495893,40.772616,2
0.2040,0.797931,1.234838,-1.974842,-162.1128,-197.4876,327.9495,0.359471,1.495893,41.255772,2
0.2050,0.685043,1.112027,-1.614497,-112.8885,-122.7709,360.3837,0.368430,1.495893,41.675128,2
0.2060,0.594488,1.013699,-1.293469,-90.5548,-98.4029,320.8898,0.384472,1.495893,42.056342,2
0.2070,0.505540,0.900800,-1.025155,-88.9478,-112.9533,268.1502,0.375539,1.495893,42.438750,2
0.2080,0.405105,0.762898,-0.780649,-100.4356,-137.8723,244.4285,0.341931,1.495893,42.863036,2
0.2090,0.281195,0.589048,-0.530214,-123.9097,-173.7886,250.4138,0.283795,1.495893,43.383470,2
0.2100,0.119013,0.358143,-0.240684,-162.1818,-230.8497,289.5333,0.194826,1.495893,44.088203,2
0.2110,-0.008579,0.031970,0.137876,-127.5915,-326.1465,378.5829,0.060853,1.495893,44.691696,2
0.2120,-0.064492,-0.229160,0.480239,-55.9130,-261.0882,342.2311,-0.035688,1.495893,44.987142,2
0.2130,-0.094474,-0.318036,0.686809,-29.9822,-88.8087,206.4270,-0.043987,1.495893,45.177456,2
0.2140,-0.116490,-0.344786,0.850373,-22.0160,-26.7348,163.4503,-0.018834,1.495893,45.335608,2
0.2150,-0.137256,-0.349671,1.003639,-20.7659,-4.9026,153.1745,0.019413,1.495893,45.486167,2
0.2160,-0.158897,-0.345464,1.158405,-21.6411,4.1845,154.6997,0.064682,1.495893,45.636612,2
0.2170,-0.181931,-0.334973,1.319342,-23.0340,10.4733,160.8933,0.116204,1.495893,45.788809,2
0.2180,-0.206278,-0.317584,1.488928,-24.3469,17.3748,169.5580,0.175101,1.495893,45.943019,2
0.2190,-0.231421,-0.291405,1.669317,-25.1434,26.1703,180.3723,0.243337,1.495893,46.099016,2
0.2200,-0.256187,-0.253669,1.863051,-24.7662,37.7302,193.7244,0.323618,1.495893,46.256000,2
0.2210,-0.278410,-0.200484,2.073218,-22.2221,53.1805,210.1625,0.419616,1.495893,46.411946,2
0.2220,-0.295029,-0.126565,2.303084,-16.6197,73.9178,229.8641,0.536067,1.495893,46.563206,2
0.2230,-0.303545,-0.025986,2.554923,-8.5162,100.5781,251.8378,0.677898,1.495893,46.705844,2
0.2240,-0.304277,0.104763,2.828310,-0.7317,130.7495,273.3879,0.847549,1.495893,46.838942,2
0.2250,-0.300236,0.263052,3.119697,4.0407,158.2887,291.3863,1.042137,1.495893,46.965887,2
0.2260,-0.294362,0.440887,-2.858709,5.8745,177.8343,304.7783,-0.459003,1.495893,47.091864,2
0.2270,-0.287886,0.629521,-2.544097,6.4755,188.6340,314.6112,-0.236011,1.495893,47.221690,2
0.2280,-0.280564,0.821695,-2.222097,7.3219,192.1734,321.9989,-0.008430,1.495893,47.359736,2
0.2290,-0.271249,1.010913,-1.894833,9.3156,189.2178,327.2631,0.218437,1.495893,47.510568,2
0.2300,-0.258238,1.190337,-1.564578,13.0104,179.4228,330.2547,0.438996,1.495893,47.679393,2
0.2310,-0.239565,1.352320,-1.233769,18.6730,161.9835,330.8081,0.647023,1.495893,47.872149,2
0.2320,-0.213472,1.488688,-0.904646,26.0932,136.3672,329.1218,0.835961,1.495893,48.095283,2
0.2330,-0.179165,1.591713,-0.578487,34.3068,103.0246,326.1570,0.999840,1.495893,48.355461,2
0.2340,-0.137684,1.655513,-0.254509,41.4816,63.8001,323.9763,1.134598,1.495893,48.659787,2
0.2350,-0.092714,1.676945,0.071249,44.9697,21.4319,325.7548,1.239028,1.495893,49.017092,2
0.2360,-0.051777,1.655002,0.406611,40.9368,-21.9422,335.3578,1.314532,1.495893,49.439834,2
0.2370,-0.029016,1.588961,0.763313,22.7609,-66.0390,356.6968,1.363785,1.495893,49.942437,2
0.2380,-0.048386,1.477897,1.154852,-19.3694,-111.0625,391.5305,1.389793,1.495893,50.517415,2
0.2390,-0.126917,1.330399,1.582332,-78.5308,-147.4944,427.4720,1.399108,1.495893,51.081569,2
0.2400,-0.243710,1.190592,2.006678,-116.7936,-139.8071,424.3417,1.413161,1.495893,51.561217,2
0.2410,-0.372158,1.107273,2.403007,-128.4483,-83.3198,396.3279,1.460655,1.495893,51.959305,2
0.2420,-0.498285,1.097453,2.791276,-126.1267,-9.8195,388.2678,1.559405,1.495893,52.290530,2
0.2430,-0.617471,1.167947,-3.090190,-119.1860,70.4938,401.7191,0.006637,1.495893,52.566317,2
0.2440,-0.732283,1.319915,-2.662436,-114.8119,151.9678,427.7545,0.233819,1.495893,52.794492,2
0.2450,-0.853509,1.549274,-2.204902,-121.2259,229.3586,457.5337,0.525408,1.495893,52.974763,2
0.2460,-1.006992,1.852957,-1.720948,-153.4832,303.6831,483.9544,0.878256,1.495893,53.081388,2
0.2470,-1.122790,2.243559,-1.223720,-115.7982,390.6020,497.2269,1.297938,1.495893,53.163138,2
0.2480,-1.165381,2.591289,-0.794241,-42.5908,347.7219,429.4634,1.667963,1.495893,53.295319,2
0.2490,-1.189202,2.851325,-0.402023,-23.8207,260.0120,392.1578,1.964049,1.495893,53.449735,2
0.2500,-1.210730,3.087580,-0.011353,-21.5283,236.1820,390.5536,2.242417,1.495893,53.619434,2
0.2510,-1.236223,-2.971568,0.382384,-25.4924,223.9561,393.6215,-2.056854,1.495893,53.806665,2
0.2520,-1.269085,-2.764136,0.777047,-32.8626,207.3749,394.5848,-1.798359,1.495893,54.019111,2
0.2530,-1.312527,-2.584747,1.168882,-43.4420,179.3582,391.7944,-1.561030,1.495893,54.268045,2
0.2540,-1.369771,-2.447882,1.554680,-57.2442,136.8518,385.7821,-1.356274,1.495893,54.567190,2
0.2550,-1.442389,-2.367923,1.933785,-72.6172,79.9561,379.1006,-1.194730,1.495893,54.932145,2
0.2560,-1.527226,-2.355666,2.310997,-84.8372,12.2566,377.2120,-1.082940,1.495893,55.381634,2
0.2570,-1.610845,-2.415885,2.700266,-83.6193,-60.2193,389.2680,-1.020571,1.495893,55.938370,2
0.2580,-1.655604,-2.545972,3.126915,-44.7589,-130.0872,426.6439,-0.998821,1.495893,56.592548,2
0.2590,-1.613566,-2.717518,-2.673637,42.0385,-171.5438,482.6169,-2.705550,1.495893,57.182698,2
0.2600,-1.516185,-2.830595,-2.196564,97.3806,-113.0708,477.0554,-2.657678,1.495893,57.642497,2
0.2610,-1.399007,-2.849522,-1.755693,117.1777,-18.9202,440.8654,-2.551205,1.495893,58.021983,2
0.2620,-1.276867,-2.799603,-1.326287,122.1398,49.9191,429.4030,-2.397790,1.495893,58.348839,2
0.2630,-1.156898,-2.692074,-0.891903,119.9699,107.5277,434.3829,-2.201118,1.495893,58.636007,2
0.2640,-1.042717,-2.529603,-0.442264,114.1809,162.4717,449.6389,-1.960329,1.495893,58.890611,2
0.2650,-0.935324,-2.313037,0.028906,107.3923,216.5691,471.1703,-1.674325,1.495893,59.118122,2
0.2660,-0.833267,-2.045684,0.523771,102.0575,267.3548,494.8614,-1.344923,1.495893,59.324300,2
0.2670,-0.733257,-1.735400,1.040233,100.0095,310.2820,516.4547,-0.978409,1.495893,59.516044,2
0.2680,-0.632003,-1.394344,1.573031,101.2548,341.0491,532.7873,-0.585060,1.495893,59.702710,2
0.2690,-0.530989,-1.038133,2.115909,101.0140,356.2022,542.8649,-0.177940,1.495893,59.901366,2
0.2700,-0.444585,-0.689419,2.663279,86.4037,348.7064,547.3595,0.224953,1.495893,60.145531,2
0.2710,-0.387546,-0.390626,-3.076947,57.0390,298.7890,542.9531,-1.123259,1.495893,60.462203,2
0.2720,-0.354837,-0.195449,-2.565099,32.7093,195.1778,511.8446,-0.841717,1.495893,60.841945,2
0.2730,-0.341956,-0.124792,-2.114700,12.8809,70.6688,450.3885,-0.667494,1.495893,61.277291,2
0.2740,-0.353763,-0.163304,-1.717866,-11.8076,-38.4894,396.8064,-0.587276,1.495893,61.797336,2
0.2750,-0.400686,-0.297262,-1.331779,-46.9232,-133.9433,386.0435,-0.579403,1.495893,62.491639,2
0.2760,-0.429277,-0.542862,-0.883076,-28.5910,-245.6163,448.6609,-0.635648,1.495893,63.352923,2
0.2770,-0.269930,-0.841651,-0.320581,159.3476,-298.7148,562.4538,-0.699541,1.495893,63.667386,2
0.2780,-0.057389,-0.787580,0.047954,212.5407,54.2493,368.5134,-0.559707,1.495893,63.844441,2
0.2790,0.167948,-0.631875,0.380713,225.3375,155.6020,332.5633,-0.355715,1.495893,63.980305,2
0.2800,0.387718,-0.442872,0.705580,219.7701,188.9461,324.7822,-0.129658,1.495893,64.116374,2
0.2810,0.598902,-0.250692,1.033829,211.1834,192.2013,328.2643,0.099632,1.495893,64.262331,2
0.2820,0.804987,-0.060578,1.369900,206.0852,190.1278,336.0850,0.329553,1.495893,64.411424,2
0.2830,1.008488,0.134926,1.714497,203.5013,195.5031,344.5949,0.565718,1.495893,64.557404,2
0.2840,1.210073,0.342707,2.068258,201.5851,207.7745,353.7522,0.813312,1.495893,64.697784,2
0.2850,1.410471,0.566568,2.432499,200.3973,223.8549,364.2295,1.075458,1.495893,64.829999,2
0.2860,1.611522,0.810262,2.808407,201.0516,243.6951,375.9019,1.355210,1.495893,64.949245,2
0.2870,1.816762,1.078942,-3.086852,205.2394,268.6876,387.9249,-0.057184,1.495893,65.047363,2
0.2880,2.032456,1.379366,-2.688310,215.6944,300.4329,398.5426,0.270000,1.495893,65.109967,2
0.2890,2.267914,1.720610,-2.284461,235.4579,341.2471,403.8465,0.628318,1.495893,65.111140,2
0.2900,2.527210,2.113427,-1.890471,259.2962,392.8044,393.9773,1.021455,1.495893,65.012598,2
0.2910,2.783916,2.556884,-1.545556,256.7056,443.4312,344.8906,1.438037,1.495893,64.791024,2
0.2920,2.991579,3.005151,-1.318864,207.6636,448.2604,226.6882,1.825874,1.495893,64.472778,2
0.2930,3.133087,-2.888055,-1.247129,141.5075,389.9737,71.7582,-2.440529,1.495893,64.105417,2
0.2940,3.212945,-2.566323,-1.292759,79.8581,321.6908,-45.6132,-2.218987,1.495893,63.719770,2
0.2950,3.236050,-2.292934,-1.405017,23.1047,273.3445,-112.2389,-2.050774,1.495893,63.338674,2
0.2960,3.208897,-2.055595,-1.548774,-27.1523,237.3050,-143.7346,-1.917371,1.495893,62.985629,2
0.2970,3.144191,-1.849798,-1.696022,-64.7062,205.7769,-147.2289,-1.807859,1.495893,62.669720,2
0.2980,3.053433,-1.666687,-1.828821,-90.7580,183.1007,-132.7859,-1.710905,1.495893,62.383728,2
0.2990,2.941369,-1.492972,-1.941097,-112.0640,173.7092,-112.2719,-1.615188,1.495893,62.117077,2
0.3000,2.806190,-1.315941,-2.030716,-135.1786,177.0271,-89.6208,-1.510879,1.495893,61.861370,2
0.3010,2.639464,-1.122686,-2.093169,-166.7264,193.2516,-62.4551,-1.387364,1.495893,61.613754,2
0.3020,2.432990,-0.896187,-2.114285,-206.4738,226.4993,-21.1156,-1.228395,1.495893,61.408838,2
0.3030,2.264002,-0.622763,-2.045778,-168.9887,273.4235,68.5148,-1.010858,1.495893,61.436956,2
0.3040,2.164092,-0.409859,-1.804756,-99.9097,212.9081,241.0204,-0.790286,1.495893,61.675833,2
0.3050,2.099770,-0.322818,-1.478839,-64.3217,87.0484,325.8240,-0.638097,1.495893,62.050017,2
0.3060,2.069444,-0.333904,-1.115740,-30.3259,-11.1042,362.9068,-0.547132,1.495893,62.562814,2
0.3070,2.103163,-0.439611,-0.708650,33.7185,-105.7169,406.8817,-0.512985,1.495893,63.248667,2
0.3080,2.226826,-0.658368,-0.241555,123.6636,-218.7096,466.9341,-0.544692,1.495893,63.924817,2
0.3090,2.316892,-0.926484,0.166480,90.0659,-267.8938,407.9819,-0.628403,1.495893,64.301046,2
0.3100,2.382357,-1.061316,0.407877,65.4644,-134.5369,241.4370,-0.660627,1.495893,64.575070,2
0.3110,2.434248,-1.137493,0.605725,51.8913,-75.9963,197.8059,-0.662070,1.495893,64.802500,2
0.3120,2.480221,-1.177742,0.792905,45.9728,-40.2196,187.0417,-0.640293,1.495893,65.008739,2
0.3130,2.526039,-1.193445,0.983441,45.8178,-15.7666,190.3582,-0.599749,1.495893,65.208136,2
0.3140,2.576726,-1.191794,1.184489,50.6870,1.5633,200.8899,-0.543716,1.495893,65.409990,2
0.3150,2.637214,-1.178452,1.399685,60.4883,13.2677,215.0846,-0.475324,1.495893,65.620877,2
0.3160,2.712183,-1.159351,1.629673,74.9692,19.0555,229.9251,-0.398708,1.495893,65.845193,2
0.3170,2.804594,-1.141702,1.871638,92.4110,17.6259,241.9359,-0.319882,1.495893,66.084558,2
0.3180,2.913867,-1.132726,2.119979,109.2725,8.9682,248.3317,-0.245625,1.495893,66.337540,2
0.3190,3.036403,-1.135921,2.369766,122.5363,-3.1965,249.7854,-0.179824,1.495893,66.601197,2
0.3200,3.168068,-1.149676,2.619668,131.6648,-13.7552,249.9018,-0.121673,1.495893,66.873143,2
0.3210,3.305653,-1.170296,2.870995,137.5847,-20.6193,251.3260,-0.068126,1.495893,67.152415,2
0.3220,3.446893,-1.194850,3.125713,141.2401,-24.5540,254.7168,-0.016514,1.495893,67.439546,2
0.3230,3.589962,-1.221945,-2.897438,143.0699,-27.0963,260.0311,-1.678898,1.495893,67.736604,2
0.3240,3.732881,-1.251603,-2.630037,142.9188,-29.6583,267.3948,-1.627539,1.495893,68.047478,2
0.3250,3.872814,-1.285117,-2.352678,139.9323,-33.5142,277.3508,-1.576270,1.495893,68.378473,2
0.3260,4.005007,-1.325221,-2.061786,132.1939,-40.1020,290.8831,-1.526102,1.495893,68.739122,2
0.3270,4.121105,-1.376629,-1.752546,116.0981,-51.4035,309.2323,-1.479152,1.495893,69.141061,2
0.3280,4.209037,-1.446238,-1.420215,87.9315,-69.5999,332.3269,-1.439140,1.495893,69.583476,2
0.3290,4.265863,-1.537553,-1.069116,56.8259,-91.3049,351.1023,-1.409798,1.495893,70.017183,2
0.3300,4.307290,-1.630961,-0.728816,41.4269,-93.4009,340.3063,-1.384922,1.495893,70.393118,2
0.3310,4.346130,-1.698183,-0.420104,38.8403,-67.2240,308.7072,-1.349616,1.495893,70.715735,2
0.3320,4.388878,-1.731782,-0.131085,42.7477,-33.6018,289.0087,-1.295228,1.495893,71.000956,2
0.3330,4.440056,-1.728734,0.157184,51.1784,3.0497,288.2648,-1.214393,1.495893,71.259232,2
0.3340,4.504631,-1.682308,0.461885,64.5754,46.4293,304.7014,-1.097528,1.495893,71.493849,2
0.3350,4.588732,-1.581167,0.797644,84.1007,101.1441,335.7609,-0.932400,1.495893,71.700888,2
0.3360,4.696305,-1.411526,1.174324,107.5730,169.6410,376.6801,-0.706294,1.495893,71.872229,2
0.3370,4.819686,-1.165937,1.591253,123.3810,245.5871,416.9257,-0.413976,1.495893,72.007653,2
0.3380,4.938722,-0.857626,2.034988,119.0363,308.3102,443.7320,-0.068731,1.495893,72.122251,2
0.3390,5.036552,-0.517071,2.490141,97.8298,340.5532,455.1502,0.303078,1.495893,72.233982,2
0.3400,5.107553,-0.168990,2.949954,71.0013,348.0793,459.8093,0.681631,1.495893,72.354280,2
0.3410,5.153382,0.175157,-2.868786,45.8281,344.1453,464.4435,-0.655009,1.495893,72.490249,2
0.3420,5.178633,0.509863,-2.398112,25.2516,334.7049,470.6731,-0.283221,1.495893,72.649419,2
0.3430,5.189791,0.828534,-1.920271,11.1582,318.6701,477.8403,0.078860,1.495893,72.843680,2
0.3440,5.196644,1.119194,-1.435349,6.8523,290.6602,484.9194,0.422501,1.495893,73.093399,2
0.3450,5.213952,1.360276,-0.944549,17.3082,241.0812,490.7969,0.731687,1.495893,73.430298,2
0.3460,5.255483,1.517634,-0.450292,41.5312,157.3587,494.2509,0.980927,1.495893,73.891395,2
0.3470,5.315414,1.556542,0.049713,59.9308,38.9125,499.9969,1.145589,1.495893,74.511295,2
0.3480,5.342491,1.471898,0.584970,27.0769,-84.6290,535.2429,1.230009,1.495893,75.302079,2
0.3490,5.235403,1.305199,1.209054,-107.0876,-166.6598,624.0525,1.278978,1.495893,76.007325,2
0.3500,5.027175,1.229360,1.838461,-208.2285,-75.8196,629.3168,1.395478,1.495893,76.403081,2
0.3510,4.716513,1.376631,2.381489,-310.6619,147.1929,542.8780,1.650683,1.495893,76.423229,3
0.3520,4.509181,1.792250,2.817256,-207.3316,415.3932,435.5364,2.071797,1.495760,76.069087,3
0.3530,4.479367,2.204709,2.875572,-29.8141,411.5483,57.7998,2.387672,1.495361,75.847609,3
0.3540,4.499227,2.427552,2.876937,19.8603,222.1117,1.0755,2.550111,1.494696,75.708224,3
0.3550,4.540567,2.581110,2.891110,41.3394,153.3669,14.2433,2.665655,1.493765,75.620017,3
0.3560,4.594810,2.700475,2.922269,54.2429,119.4350,31.3424,2.760964,1.492568,75.565861,3
0.3570,4.659205,2.801961,2.969599,64.3950,101.5834,47.4669,2.847681,1.491106,75.538585,3
0.3580,4.732774,2.892142,3.032504,73.5692,90.2370,62.9711,2.930422,1.489377,75.537086,3
0.3590,4.815043,2.972195,3.111058,82.2690,80.0754,78.5765,3.010067,1.487383,75.563268,3
0.3600,4.905808,3.040665,-3.077476,90.7646,68.4752,94.6548,1.372081,1.485122,75.620101,3
0.3610,5.005309,3.095069,-2.966240,99.5009,54.4026,111.2339,1.441985,1.482596,75.710476,3
0.3620,5.114523,3.132753,-2.838180,109.2148,37.6834,128.0575,1.504317,1.479803,75.836516,3
0.3630,5.235434,-3.131909,-2.693617,120.9107,18.5222,144.5608,-3.012375,1.476745,75.999130,3
0.3640,5.371243,-3.134784,-2.533878,135.8092,-2.8748,159.7386,-2.970900,1.473421,76.197728,3
0.3650,5.526645,3.121694,-2.361988,155.4013,-26.7074,171.8899,1.626144,1.469831,76.429875,3
0.3660,5.708172,3.067569,-2.183965,181.5278,-54.1219,178.0235,1.635332,1.465975,76.689459,3
0.3670,5.921925,2.979893,-2.012057,213.7528,-87.6686,171.9119,1.618452,1.461853,76.955564,3
0.3680,6.147840,2.851692,-1.874153,225.9150,-128.1792,137.9150,1.562825,1.457465,77.149350,3
0.3690,6.326749,2.707903,-1.824156,178.9091,-143.7294,50.0282,1.471887,1.452811,77.191674,3
0.3700,6.467236,2.629069,-1.860665,140.4865,-78.7798,-36.4700,1.404596,1.447891,77.141632,3
0.3710,6.586857,2.612216,-1.927562,119.6212,-16.8492,-66.8683,1.374095,1.442705,77.040450,3
0.3720,6.694012,2.637871,-2.003088,107.1548,25.6510,-75.4835,1.372155,1.437254,76.906292,3
0.3730,6.791693,2.693812,-2.081305,97.6811,55.9552,-78.1523,1.391507,1.431536,76.746903,3
0.3740,6.880134,2.773291,-2.161214,88.4415,79.5076,-79.8376,1.427517,1.425552,76.565018,3
0.3750,6.957965,2.872898,-2.243493,77.8309,99.6358,-82.2169,1.477518,1.419303,76.360397,3
0.3760,7.022546,2.991473,-2.329539,64.5812,118.5982,-85.9987,1.540288,1.412787,76.130374,3
0.3770,7.069700,3.129844,-2.421191,47.1533,138.3840,-91.6217,1.615925,1.406006,75.869475,3
0.3780,7.092641,-2.991899,-2.520647,22.9408,161.4488,-99.4365,-2.863375,1.398959,75.568338,3
0.3790,7.080418,-2.800193,-2.630079,-12.2224,191.7027,-109.4220,-2.753799,1.391646,75.216763,3
0.3800,7.035474,-2.566154,-2.747614,-44.9443,234.0235,-117.5337,-2.615643,1.384066,74.872785,3
0.3810,7.029372,-2.307540,-2.832979,-6.1022,258.5457,-85.3927,-2.450841,1.376221,74.723958,3
0.3820,7.052370,-2.138405,-2.812670,22.9979,169.0153,20.2282,-2.322295,1.368110,74.685411,3
0.3830,7.093786,-2.026455,-2.739267,41.4168,111.8677,73.3343,-2.220858,1.359733,74.717728,3
0.3840,7.149315,-1.953260,-2.633756,55.5287,73.1819,105.4873,-2.138850,1.351090,74.806783,3
0.3850,7.218431,-1.912155,-2.503596,69.1154,41.1450,130.1730,-2.073457,1.342181,74.950677,3
0.3860,7.304168,-1.902643,-2.350190,85.7371,9.5712,153.4351,-2.024701,1.333007,75.158197,3
0.3870,7.412693,-1.930108,-2.170134,108.5258,-27.4103,180.0817,-1.995570,1.323566,75.445786,3
0.3880,7.530260,-2.004386,-1.956824,117.5666,-74.2372,213.3226,-1.991415,1.313859,75.762082,3
0.3890,7.617545,-2.094875,-1.731017,87.2853,-90.4616,225.7948,-1.995641,1.303886,75.983815,3
0.3900,7.684070,-2.125081,-1.539490,66.5243,-30.1896,191.5018,-1.965374,1.293648,76.143197,3
0.3910,7.736823,-2.112576,-1.367603,52.7535,12.5221,171.8679,-1.909402,1.283143,76.260748,3
0.3920,7.779120,-2.069674,-1.207150,42.2969,42.9158,160.4400,-1.834440,1.272373,76.345304,3
0.3930,7.812510,-2.002470,-1.055390,33.3903,67.2101,151.7494,-1.744176,1.261337,76.399938,3
0.3940,7.837837,-1.914186,-0.912471,25.3268,88.2838,142.9095,-1.640991,1.250034,76.424349,3
0.3950,7.856262,-1.806739,-0.780614,18.4246,107.4412,131.8485,-1.526887,1.238466,76.416482,3
0.3960,7.870793,-1.682121,-0.663863,14.5319,124.6101,116.7445,-1.404414,1.226632,76.375369,3
0.3970,7.887792,-1.544490,-0.567345,16.9986,137.6221,96.5121,-1.277996,1.214532,76.306255,3
0.3980,7.915478,-1.402552,-0.494521,27.6859,141.9285,72.8210,-1.154907,1.202166,76.223519,3
0.3990,7.959286,-1.268349,-0.443054,43.8077,134.1963,51.4671,-1.043269,1.189534,76.144429,3
0.4000,8.020536,-1.151381,-0.405175,61.2505,116.9661,37.8834,-0.947870,1.176636,76.081656,3
0.4010,8.098659,-1.056164,-0.372732,78.1228,95.2186,32.4506,-0.869774,1.163472,76.042356,3
0.4020,8.193011,-0.984359,-0.340227,94.3519,71.8107,32.5140,-0.808687,1.150042,76.029648,3
0.4030,8.303321,-0.936687,-0.305263,110.3097,47.6795,34.9725,-0.764480,1.136347,76.042559,3
0.4040,8.428368,-0.913121,-0.268785,125.0474,23.5753,36.4859,-0.737393,1.122385,76.072505,3
0.4050,8.562123,-0.910518,-0.236237,133.7554,2.6169,32.5610,-0.726623,1.108157,76.097375,3
0.4060,8.692801,-0.917079,-0.217927,130.6775,-6.5378,18.3302,-0.726401,1.093664,76.088836,3
0.4070,8.811736,-0.912931,-0.222319,118.9353,4.1785,-4.3599,-0.724582,1.078904,76.034595,3
0.4080,8.916494,-0.884805,-0.248433,104.7576,28.1529,-26.0798,-0.711249,1.063879,75.936703,3
0.4090,9.006751,-0.829624,-0.291144,90.2574,55.1931,-42.6814,-0.682766,1.048587,75.799686,3
0.4100,9.081869,-0.747918,-0.346456,75.1180,81.7007,-55.2916,-0.638429,1.033030,75.626983,3
0.4110,9.140717,-0.640429,-0.411670,58.8478,107.4726,-65.1981,-0.578040,1.017207,75.423419,3
0.4120,9.184447,-0.508319,-0.483123,43.7297,132.0877,-71.4393,-0.501447,1.001118,75.205904,3
0.4130,9.223316,-0.358469,-0.550788,38.8693,149.8255,-67.6484,-0.410920,0.984763,75.018435,3
0.4140,9.270643,-0.213556,-0.593345,47.3271,144.8886,-42.5392,-0.317135,0.968142,74.896707,3
0.4150,9.329803,-0.095738,-0.597255,59.1594,117.7946,-3.9026,-0.232515,0.951255,74.838612,3
0.4160,9.400094,-0.007185,-0.566797,70.2917,88.5318,30.4513,-0.159806,0.934102,74.834868,3
0.4170,9.480713,0.055282,-0.508074,80.6184,62.4499,58.7067,-0.098361,0.916683,74.880471,3
0.4180,9.570895,0.093575,-0.424178,90.1825,38.2855,83.8798,-0.047630,0.898998,74.974469,3
0.4190,9.668013,0.108455,-0.315299,97.1183,14.8801,108.8640,-0.007114,0.881048,75.115068,3
0.4200,9.763766,0.102809,-0.180346,95.7523,-5.6412,134.9395,0.025585,0.862831,75.286404,3
0.4210,9.846818,0.089140,-0.022680,83.0518,-13.6647,157.6493,0.058643,0.844348,75.455493,3
0.4220,9.913134,0.088164,0.145433,66.3161,-0.9750,168.0916,0.103783,0.825600,75.600723,3
0.4230,9.963924,0.110806,0.313306,50.7900,22.6407,167.8504,0.166034,0.806585,75.716432,3
0.4240,10.000726,0.158272,0.476480,36.8020,47.4642,163.1568,0.245056,0.787305,75.801205,3
0.4250,10.024205,0.229776,0.632757,23.4797,71.5029,156.2656,0.339680,0.767759,75.852647,3
0.4260,10.034512,0.325246,0.779670,10.3065,95.4678,146.9042,0.449180,0.747946,75.866008,3
0.4270,10.033190,0.445516,0.913300,-1.3220,120.2634,133.6229,0.573093,0.728134,75.835937,3
0.4280,10.028920,0.590151,1.027865,-4.2699,144.6212,114.5539,0.709528,0.708588,75.768355,3
0.4290,10.039863,0.748879,1.119010,10.9429,158.6993,91.1244,0.849823,0.689307,75.697508,3
0.4300,10.074415,0.894880,1.194165,34.5525,145.9636,75.1279,0.976503,0.670293,75.654125,3
0.4310,10.129783,1.011487,1.267388,55.3672,116.5759,73.2005,1.081278,0.651544,75.645035,3
0.4320,10.202565,1.098785,1.345596,72.7829,87.2878,78.2000,1.166097,0.633062,75.668928,3
0.4330,10.291134,1.159828,1.430533,88.5682,61.0539,84.9431,1.233657,0.614845,75.723190,3
0.4340,10.395152,1.196678,1.521644,104.0178,36.8717,91.1255,1.285305,0.596894,75.803684,3
0.4350,10.513593,1.210807,1.616268,118.4420,14.1552,94.6403,1.321388,0.579210,75.899856,3
0.4360,10.640358,1.206245,1.707878,126.7641,-4.5388,91.6236,1.343054,0.561791,75.987260,3
0.4370,10.763822,1.195754,1.784790,123.4639,-10.4697,76.9238,1.356400,0.544638,76.036791,3
0.4380,10.876362,1.198817,1.837384,112.5409,3.0856,52.6103,1.372971,0.527751,76.038262,3
0.4390,10.976328,1.226173,1.866212,99.9656,27.3811,28.8520,1.400729,0.511130,75.994924,3
0.4400,11.063856,1.279097,1.875797,87.5281,52.9471,9.6164,1.441834,0.494775,75.911063,3
0.4410,11.138733,1.356450,1.869289,74.8768,77.3688,-6.4778,1.496315,0.478686,75.788386,3
0.4420,11.199935,1.457732,1.847894,61.2022,101.2892,-21.3693,1.564140,0.462862,75.626319,3
0.4430,11.246813,1.583638,1.811733,46.8773,125.9033,-36.1399,1.645846,0.447305,75.427050,3
0.4440,11.285540,1.733716,1.762542,38.7270,150.0688,-49.1703,1.741577,0.432014,75.216754,3
0.4450,11.333739,1.894297,1.712828,48.1990,160.5726,-49.6868,1.844806,0.416988,75.054633,3
0.4460,11.397981,2.031658,1.688068,64.2424,137.3629,-24.7223,1.937952,0.402229,74.958309,3
0.4470,11.476098,2.134563,1.694648,78.1168,102.9184,6.6190,2.014586,0.387735,74.918377,3
0.4480,11.565947,2.207566,1.727719,89.8494,73.0187,33.0972,2.076699,0.373508,74.927297,3
0.4490,11.665971,2.254755,1.783829,100.0242,47.2017,56.1199,2.126321,0.359546,74.981515,3
0.4500,11.773462,2.278696,1.861987,107.4911,23.9506,78.1569,2.165048,0.345850,75.077449,3
0.4510,11.881270,2.283223,1.962448,107.8073,4.5380,100.4537,2.195739,0.332421,75.201464,3
0.4520,11.978595,2.279443,2.082683,97.3255,-3.7649,120.2271,2.225781,0.319257,75.324994,3
0.4530,12.060044,2.286334,2.213105,81.4482,6.9063,130.4130,2.266363,0.306359,75.426263,3
0.4540,12.125982,2.315758,2.343797,65.9382,29.4275,130.6773,2.323405,0.293727,75.499122,3
0.4550,12.177696,2.369320,2.470218,51.7144,53.5529,126.3985,2.396837,0.281361,75.543048,3
0.4560,12.215753,2.445754,2.590579,38.0573,76.4173,120.3367,2.485252,0.269261,75.557559,3
0.4570,12.240300,2.544233,2.703569,24.5463,98.4595,112.9682,2.587689,0.257426,75.541382,3
0.4580,12.253201,2.664545,2.807703,12.9012,120.2916,104.1165,2.703588,0.245858,75.496261,3
0.4590,12.263586,2.804171,2.902209,10.3855,139.6093,94.4940,2.830909,0.234556,75.439751,3
0.4600,12.286802,2.949487,2.991014,23.2160,145.3005,88.7983,2.960812,0.223520,75.405851,3
0.4610,12.328681,3.076395,3.084022,41.8783,126.8961,93.0018,3.078475,0.212749,75.409638,3
0.4620,12.387876,-3.108320,-3.096906,59.1958,98.4588,102.2455,-3.105207,0.202245,75.449197,3
0.4630,12.462545,-3.036884,-2.985911,74.6685,71.4228,110.9736,-3.022983,0.192006,75.519268,3
0.4640,12.551306,-2.989409,-2.868365,88.7610,47.4650,117.5218,-2.956397,0.182034,75.612963,3
0.4650,12.651769,-2.962465,-2.747726,100.4632,26.9370,120.6154,-2.903900,0.172327,75.718047,3
0.4660,12.758080,-2.949912,-2.630089,106.3106,12.5509,117.6177,-2.862688,0.162886,75.813262,3
0.4670,12.861999,-2.939692,-2.524654,103.9188,10.2189,105.4177,-2.826500,0.153711,75.876689,3
0.4680,12.958166,-2.917436,-2.438971,96.1670,22.2528,85.6688,-2.786945,0.144802,75.899039,3
0.4690,13.044880,-2.875278,-2.374463,86.7144,42.1525,64.4987,-2.738692,0.136159,75.880347,3
0.4700,13.121904,-2.811629,-2.329507,77.0234,63.6429,44.9539,-2.680141,0.127782,75.822462,3
0.4710,13.189337,-2.726969,-2.302731,67.4338,84.6558,26.7813,-2.611268,0.119671,75.726557,3
0.4720,13.247998,-2.621998,-2.293665,58.6606,104.9655,9.0759,-2.532453,0.111826,75.594876,3
0.4730,13.301747,-2.498365,-2.301713,53.7492,123.6229,-8.0375,-2.444733,0.104247,75.438724,3
0.4740,13.359911,-2.363081,-2.322581,58.1639,135.2651,-20.8610,-2.352036,0.096934,75.288532,3
0.4750,13.430535,-2.233832,-2.343523,70.6237,129.2239,-20.9401,-2.263747,0.089887,75.174555,3
0.4760,13.514617,-2.127241,-2.350910,84.0825,106.5704,-7.3821,-2.188241,0.083105,75.105197,3
0.4770,13.610423,-2.047058,-2.340085,95.8058,80.1807,10.8385,-2.126974,0.076590,75.078694,3
0.4780,13.715563,-1.991282,-2.310811,105.1401,55.7938,29.2975,-2.078426,0.070340,75.091188,3
0.4790,13.825989,-1.956354,-2.263390,110.4257,34.9602,47.4510,-2.040091,0.064357,75.135455,3
0.4800,13.934533,-1.935878,-2.198647,108.5442,20.5159,64.7734,-2.007543,0.058639,75.196069,3
0.4810,14.033400,-1.917953,-2.120107,98.8666,17.9668,78.5668,-1.973086,0.053187,75.252464,3
0.4820,14.118900,-1.888664,-2.034424,85.5009,29.3256,85.7071,-1.928417,0.048002,75.291420,3
0.4830,14.190793,-1.840434,-1.947238,71.8925,48.2587,87.2057,-1.869562,0.043082,75.309192,3
0.4840,14.249748,-1.772062,-1.861093,58.9546,68.3882,86.1572,-1.796343,0.038428,75.306563,3
0.4850,14.296590,-1.684800,-1.776461,46.8420,87.2662,84.6373,-1.709799,0.034040,75.286534,3
0.4860,14.333122,-1.580782,-1.692472,36.5328,104.0133,83.9882,-1.611243,0.029918,75.255560,3
0.4870,14.364014,-1.463970,-1.606634,30.8920,116.8027,85.8330,-1.502879,0.026062,75.226769,3
0.4880,14.397072,-1.342766,-1.514221,33.0572,121.1942,92.4081,-1.389527,0.022472,75.218367,3
0.4890,14.438911,-1.229880,-1.409737,41.8392,112.8803,104.4794,-1.278931,0.019147,75.242641,3
0.4900,14.492217,-1.135264,-1.290847,53.3062,94.6153,118.8856,-1.177696,0.016089,75.301513,3
0.4910,14.557160,-1.062235,-1.158945,64.9426,73.0361,131.8966,-1.088610,0.013297,75.390643,3
0.4920,14.632338,-1.009733,-1.017313,75.1785,52.5142,141.6271,-1.011800,0.010770,75.500630,3
0.4930,14.714176,-0.973388,-0.870981,81.8376,36.3613,146.3275,-0.945459,0.008510,75.614981,3
0.4940,14.797043,-0.944401,-0.727644,82.8677,29.0061,143.3338,-0.885286,0.006515,75.712828,3
0.4950,14.876153,-0.910755,-0.596151,79.1093,33.6656,131.4928,-0.824954,0.004787,75.779492,3
0.4960,14.949477,-0.863361,-0.482092,73.3239,47.4069,114.0574,-0.759378,0.003324,75.810262,3
0.4970,15.016977,-0.799021,-0.386983,67.5004,64.3410,95.1046,-0.686647,0.002127,75.805721,3
0.4980,15.079751,-0.718190,-0.310692,62.7744,80.8228,76.2828,-0.607054,0.001197,75.768474,3
0.4990,15.140002,-0.623049,-0.252799,60.2504,95.1264,57.8858,-0.522072,0.000532,75.703219,3
0.5000,15.201339,-0.517361,-0.212366,61.3373,105.6708,40.4278,-0.434181,0.000133,75.618666,3
0.5010,15.268340,-0.407239,-0.186796,67.0006,110.1071,25.5695,-0.347118,0.000000,75.528269,4
0.5020,15.344769,-0.300993,-0.170947,76.4297,106.2331,15.8522,-0.265526,0.000000,75.446397,4
0.5030,15.432211,-0.206506,-0.158332,87.4419,94.4753,12.6184,-0.193368,0.000000,75.383069,4
0.5040,15.530289,-0.128454,-0.143608,98.0772,78.0424,14.7259,-0.132587,0.000000,75.342589,4
0.5050,15.636986,-0.067957,-0.123592,106.6974,60.4879,20.0159,-0.083130,0.000000,75.324099,4
0.5060,15.748061,-0.022858,-0.096983,111.0749,45.0922,26.6051,-0.043074,0.000000,75.320734,4
0.5070,15.856932,0.013183,-0.064306,108.8714,36.0347,32.6710,-0.007950,0.000000,75.319505,4
0.5080,15.957432,0.050771,-0.027948,100.4994,37.5785,36.3496,0.029302,0.000000,75.307412,4
0.5090,16.046589,0.100125,0.009313,89.1574,49.3412,37.2512,0.075358,0.000000,75.278466,4
0.5100,16.124094,0.166121,0.046363,77.5052,65.9812,37.0424,0.133460,0.000000,75.233598,4
0.5110,16.191056,0.248765,0.084139,66.9614,82.6296,37.7725,0.203867,0.000000,75.178351,4
0.5120,16.249775,0.345164,0.125291,58.7188,96.3851,41.1515,0.285198,0.000000,75.121979,4
0.5130,16.303888,0.450176,0.173931,54.1133,104.9998,48.6415,0.374836,0.000000,75.076441,4
0.5140,16.357718,0.556680,0.234897,53.8301,106.4929,60.9644,0.468921,0.000000,75.053260,4
0.5150,16.414867,0.657059,0.312096,57.1491,100.3698,77.1939,0.562978,0.000000,75.059965,4
0.5160,16.477416,0.745447,0.407188,62.5487,88.3827,95.0861,0.653194,0.000000,75.099388,4
0.5170,16.545973,0.818681,0.519845,68.5569,73.2362,112.6513,0.737181,0.000000,75.170703,4
0.5180,16.619646,0.876103,0.648583,73.6729,57.4286,128.7314,0.814052,0.000000,75.269050,4
0.5190,16.695484,0.919875,0.790702,75.8383,43.7824,142.1117,0.884646,0.000000,75.382748,4
0.5200,16.768597,0.956471,0.940996,73.1126,36.6057,150.2834,0.952250,0.000000,75.492586,4
0.5210,16.834717,0.996760,1.091122,66.1203,40.2975,150.1138,1.022495,0.000000,75.580217,4
0.5220,16.892406,1.050824,1.232817,57.6893,54.0682,141.6817,1.100458,0.000000,75.636399,4
0.5230,16.942624,1.123077,1.361253,50.2176,72.2559,128.4262,1.188034,0.000000,75.659614,4
0.5240,16.988160,1.213019,1.474409,45.5361,89.9399,113.1494,1.284307,0.000000,75.653338,4
0.5250,17.033681,1.316728,1.571843,45.5208,103.7051,97.4307,1.386305,0.000000,75.626096,4
0.5260,17.084818,1.427019,1.654891,51.1378,110.2845,83.0484,1.489166,0.000000,75.590658,4
0.5270,17.145855,1.534626,1.727061,61.0369,107.6048,72.1748,1.587108,0.000000,75.559237,4
0.5280,17.218584,1.631745,1.792758,72.7283,97.1236,65.7092,1.675658,0.000000,75.539320,4
0.5290,17.303066,1.714246,1.855342,84.4825,82.5145,62.6019,1.752726,0.000000,75.533666,4
0.5300,17.398401,1.781004,1.916447,95.3345,66.7795,61.1268,1.817943,0.000000,75.541360,4
0.5310,17.502520,1.832965,1.976101,104.1191,51.9856,59.6782,1.872002,0.000000,75.557403,4
0.5320,17.611279,1.873522,2.032702,108.7592,40.5860,56.6259,1.916935,0.000000,75.571352,4
0.5330,17.718560,1.909833,2.082962,107.2805,36.3421,50.2888,1.957050,0.000000,75.569117,4
0.5340,17.818855,1.952174,2.123067,100.2954,42.3722,40.1375,1.998781,0.000000,75.539971,4
0.5350,17.909302,2.009294,2.151041,90.4471,57.1477,28.0076,2.047952,0.000000,75.480693,4
0.5360,17.989347,2.085090,2.167560,80.0453,75.8130,16.5487,2.107582,0.000000,75.394480,4
0.5370,18.060393,2.179151,2.175408,71.0460,94.0663,7.8734,2.178130,0.000000,75.290814,4
0.5380,18.126235,2.287205,2.179795,65.8417,108.0498,4.4087,2.257911,0.000000,75.186502,4
0.5390,18.192228,2.400567,2.188846,65.9929,113.3539,9.0687,2.342825,0.000000,75.100981,4
0.5400,18.262484,2.508431,2.211189,70.2557,107.8548,22.3562,2.427365,0.000000,75.046757,4
0.5410,18.338687,2.603246,2.251779,76.2035,94.8049,40.5946,2.507392,0.000000,75.027649,4
0.5420,18.420852,2.682217,2.311642,82.1651,78.9576,59.8553,2.581151,0.000000,75.042921,4
0.5430,18.507854,2.745391,2.390088,87.0013,63.1609,78.4287,2.648490,0.000000,75.089557,4
0.5440,18.597202,2.794580,2.485913,89.3486,49.1768,95.8019,2.710398,0.000000,75.161479,4
0.5450,18.684690,2.833871,2.597127,87.4882,39.2822,111.1893,2.769305,0.000000,75.247382,4
0.5460,18.765345,2.870649,2.719808,80.6543,36.7701,122.6551,2.829511,0.000000,75.331664,4
0.5470,18.835688,2.914413,2.847854,70.3432,43.7550,128.0201,2.896260,0.000000,75.400685,4
0.5480,18.894613,2.972703,2.975164,58.9250,58.2776,127.2841,2.973374,0.000000,75.447008,4
0.5490,18.942767,3.048876,3.097660,48.1546,76.1579,122.4710,3.062181,0.000000,75.468606,4
0.5500,18.982561,-3.140310,-3.069927,39.7933,93.9812,115.5753,-3.121114,0.000000,75.468225,4
0.5510,19.019155,-3.031691,-2.961689,36.5948,108.5973,108.2163,-3.012600,0.000000,75.455136,4
0.5520,19.059994,-2.916145,-2.859233,40.8385,115.5213,102.4348,-2.900624,0.000000,75.444423,4
0.5530,19.110941,-2.805163,-2.758964,50.9471,110.9557,100.2446,-2.792564,0.000000,75.448679,4
0.5540,19.174151,-2.708060,-2.657605,63.2096,97.0792,101.3346,-2.694300,0.000000,75.472511,4
0.5550,19.249449,-2.628394,-2.554106,75.2986,79.6499,103.4767,-2.608133,0.000000,75.514603,4
0.5560,19.335511,-2.565757,-2.449377,86.0618,62.6285,104.7109,-2.534017,0.000000,75.569773,4
0.5570,19.429763,-2.517398,-2.345849,94.2521,48.3592,103.5165,-2.470612,0.000000,75.628775,4
0.5580,19.527961,-2.478068,-2.247517,98.1975,39.3356,98.3254,-2.415190,0.000000,75.678397,4
0.5590,19.625034,-2.439706,-2.159532,97.0736,38.3692,87.9812,-2.363295,0.000000,75.705303,4
0.5600,19.717076,-2.393444,-2.086364,92.0412,46.2696,73.1702,-2.309695,0.000000,75.701209,4
0.5610,19.802158,-2.333054,-2.030069,85.0827,60.3965,56.3025,-2.250422,0.000000,75.663551,4
0.5620,19.879947,-2.255957,-1.990630,77.7886,77.1033,39.4532,-2.183595,0.000000,75.593694,4
0.5630,19.951619,-2.162317,-1.966846,71.6719,93.6438,23.8022,-2.109007,0.000000,75.497203,4
0.5640,20.020531,-2.055003,-1.956023,68.9120,107.3139,10.8431,-2.028008,0.000000,75.386862,4
0.5650,20.092012,-1.941057,-1.952419,71.4812,113.9422,3.6251,-1.944156,0.000000,75.282808,4
0.5660,20.170439,-1.831541,-1.946957,78.4273,109.5135,5.4841,-1.863019,0.000000,75.202880,4
0.5670,20.257174,-1.735967,-1.931311,86.7342,95.5822,15.6744,-1.789242,0.000000,75.154986,4
0.5680,20.351353,-1.658057,-1.901295,94.1794,77.9303,30.0490,-1.724395,0.000000,75.139567,4
0.5690,20.450632,-1.597127,-1.855784,99.2791,60.9630,45.5477,-1.667670,0.000000,75.152683,4
0.5700,20.551092,-1.549634,-1.795175,100.4602,47.5317,60.6446,-1.616600,0.000000,75.186092,4
0.5710,20.647645,-1.509152,-1.721284,96.5531,40.5224,73.9226,-1.567006,0.000000,75.227465,4
0.5720,20.735878,-1.466911,-1.637670,88.2331,42.2775,83.6403,-1.513482,0.000000,75.264430,4
0.5730,20.813538,-1.414866,-1.548659,77.6601,52.0729,89.0292,-1.451355,0.000000,75.289283,4
0.5740,20.880230,-1.348578,-1.457519,66.6913,66.3026,91.1488,-1.378289,0.000000,75.299597,4
0.5750,20.936755,-1.267115,-1.365741,56.5255,81.4651,91.7773,-1.294013,0.000000,75.296960,4
0.5760,20.985236,-1.171970,-1.273233,48.4803,95.1381,92.5019,-1.199587,0.000000,75.286762,4
0.5770,21.029694,-1.066992,-1.178453,44.4586,104.9669,94.7708,-1.097390,0.000000,75.278628,4
0.5780,21.075610,-0.958983,-1.078579,45.9161,107.9984,99.8655,-0.991600,0.000000,75.284281,4
0.5790,21.127706,-0.856662,-0.970604,52.0960,102.3147,107.9672,-0.887737,0.000000,75.312072,4
0.5800,21.188364,-0.767037,-0.853188,60.6577,89.6223,117.4074,-0.790533,0.000000,75.363881,4
0.5810,21.257811,-0.692993,-0.727335,69.4468,74.0449,125.8422,-0.702359,0.000000,75.435801,4
0.5820,21.334529,-0.633551,-0.595974,76.7179,59.4450,131.3483,-0.623302,0.000000,75.518834,4
0.5830,21.415410,-0.584390,-0.463780,80.8818,49.1643,132.1783,-0.551497,0.000000,75.599634,4
0.5840,21.496627,-0.538284,-0.336874,81.2169,46.1096,126.8911,-0.483354,0.000000,75.664223,4
0.5850,21.575234,-0.487191,-0.221192,78.6072,51.0928,115.6669,-0.414645,0.000000,75.703141,4
0.5860,21.649963,-0.425437,-0.120520,74.7284,61.7463,100.6556,-0.342278,0.000000,75.712769,4
0.5870,21.721003,-0.350862,-0.036317,71.0406,74.5615,84.1873,-0.265077,0.000000,75.693627,4
0.5880,21.789730,-0.264022,0.031382,68.7267,86.8220,67.6844,-0.183457,0.000000,75.649271,4
0.5890,21.858629,-0.167497,0.083550,68.8986,96.5032,52.1565,-0.099030,0.000000,75.586555,4
0.5900,21.930973,-0.065833,0.122499,72.3439,101.6433,38.9411,-0.014469,0.000000,75.515730,4
0.5910,22.009806,0.034750,0.152256,78.8337,100.5615,29.7515,0.066797,0.000000,75.448299,4
0.5920,22.096812,0.127874,0.177949,87.0058,93.1040,25.6876,0.141531,0.000000,75.393346,4
0.5930,22.191934,0.209127,0.204249,95.1222,81.2351,26.2942,0.207797,0.000000,75.355384,4
0.5940,22.293437,0.277119,0.234280,101.5021,67.9772,30.0245,0.265436,0.000000,75.334051,4
0.5950,22.397858,0.333633,0.269460,104.4214,56.5024,35.1735,0.316131,0.000000,75.324161,4
0.5960,22.500447,0.383705,0.309642,102.5891,50.0632,40.1757,0.363506,0.000000,75.316850,4
0.5970,22.596794,0.434828,0.353454,96.3465,51.1152,43.8063,0.412635,0.000000,75.303420,4
0.5980,22.684380,0.494114,0.399310,87.5862,59.2795,45.8537,0.468258,0.000000,75.279351,4
0.5990,22.762679,0.565489,0.446616,78.2994,71.3710,47.3079,0.533069,0.000000,75.245159,4
0.6000,22.832648,0.649303,0.496238,69.9685,83.8118,49.6291,0.607558,0.000000,75.205502,4
0.6010,22.896462,0.743140,0.550419,63.8148,93.8357,54.1896,0.690580,0.000000,75.168201,4
0.6020,22.957254,0.842455,0.612433,60.7920,99.3135,62.0214,0.779722,0.000000,75.142684,4
0.6030,23.018354,0.941337,0.685798,61.0997,98.8809,73.3705,0.871644,0.000000,75.137371,4
0.6040,23.082331,1.033972,0.773119,63.9767,92.6368,87.3244,0.962830,0.000000,75.157363,4
0.6050,23.150475,1.116198,0.875337,68.1439,82.2334,102.2209,1.050509,0.000000,75.203747,4
0.6060,23.222676,1.186247,0.991770,72.2015,70.0607,116.4342,1.133208,0.000000,75.273485,4
0.6070,23.297313,1.244998,1.120259,74.6365,58.7667,128.4905,1.210978,0.000000,75.358664,4
0.6080,23.371383,1.296417,1.256857,74.0702,51.4378,136.5976,1.285628,0.000000,75.446333,4
0.6090,23.441658,1.347497,1.395607,70.2748,51.0990,138.7492,1.360618,0.000000,75.522128,4
0.6100,23.506297,1.405966,1.529870,64.6394,58.4850,134.2624,1.439758,0.000000,75.575966,4
0.6110,23.565414,1.476845,1.654587,59.1167,70.8917,124.7176,1.525320,0.000000,75.604070,4
0.6120,23.620855,1.561206,1.767052,55.4411,84.3684,112.4654,1.617345,0.000000,75.607935,4
0.6130,23.675935,1.656729,1.866441,55.0803,95.5272,99.3921,1.713923,0.000000,75.593448,4
0.6140,23.734764,1.758345,1.953570,58.8291,101.6181,87.1340,1.811588,0.000000,75.569715,4
0.6150,23.800900,1.859298,2.030789,66.1357,100.9562,77.2288,1.906068,0.000000,75.546178,4
0.6160,23.876324,1.953269,2.101223,75.4241,93.9785,70.4470,1.993620,0.000000,75.529530,4
0.6170,23.961433,2.036224,2.167530,85.1092,82.9669,66.3233,2.072035,0.000000,75.522617,4
0.6180,24.055346,2.106767,2.231160,93.9130,70.5588,63.6472,2.140693,0.000000,75.524534,4
0.6190,24.155841,2.165886,2.292196,100.4951,59.1368,61.0535,2.200334,0.000000,75.530514,4
0.6200,24.259153,2.217101,2.349392,103.3114,51.2350,57.2136,2.253181,0.000000,75.532059,4
0.6210,24.360621,2.266644,2.400479,101.4677,49.5625,51.1071,2.303144,0.000000,75.519352,4
0.6220,24.456358,2.322086,2.443214,95.7372,55.4588,42.7551,2.355121,0.000000,75.485595,4
0.6230,24.544362,2.389370,2.476741,88.0045,67.2940,33.5447,2.413198,0.000000,75.429467,4
0.6240,24.624564,2.470919,2.502162,80.2020,81.5490,25.4354,2.479440,0.000000,75.355270,4
0.6250,24.698732,2.565518,2.522565,74.1683,94.5895,20.4121,2.553804,0.000000,75.272851,4
0.6260,24.770222,2.668492,2.543120,71.4896,102.9577,20.5603,2.634300,0.000000,75.196226,4
0.6270,24.842731,2.772448,2.570451,72.5092,103.9367,27.3324,2.717358,0.000000,75.138729,4
0.6280,24.918758,2.869918,2.610424,76.0267,97.4483,39.9676,2.799147,0.000000,75.108325,4
0.6290,24.999173,2.956141,2.666242,80.4154,86.2011,55.8056,2.877077,0.000000,75.107408,4
0.6300,25.083498,3.029492,2.738676,84.3248,73.3308,72.4141,2.950178,0.000000,75.134546,4
0.6310,25.170017,3.090743,2.827065,86.5192,61.2343,88.3650,3.018831,0.000000,75.185046,4
0.6320,25.255751,-3.140336,2.929671,85.7336,52.0928,102.5802,-1.484880,0.000000,75.250367,4
0.6330,25.336975,-3.091994,3.043335,81.2236,48.3311,113.6369,-1.418723,0.000000,75.318670,4
0.6340,25.410573,-3.040261,-3.119815,73.5985,51.7225,120.0092,-3.061958,0.000000,75.378319,4
0.6350,25.475098,-2.978583,-2.998488,64.5253,61.6662,121.3013,-2.984012,0.000000,75.421631,4
0.6360,25.530867,-2.903210,-2.879803,55.7686,75.3586,118.6605,-2.896827,0.000000,75.445849,4
0.6370,25.579954,-2.813629,-2.766004,49.0871,89.5648,113.7776,-2.800641,0.000000,75.452966,4
0.6380,25.626456,-2.712466,-2.657724,46.5017,101.1442,108.2593,-2.697536,0.000000,75.449996,4
0.6390,25.675868,-2.605742,-2.553970,49.4118,106.7016,103.7326,-2.591622,0.000000,75.447621,4
0.6400,25.732860,-2.501861,-2.452464,56.9920,103.8583,101.4834,-2.488389,0.000000,75.455280,4
0.6410,25.799707,-2.408100,-2.351044,66.8469,93.7425,101.3998,-2.392540,0.000000,75.477267,4
0.6420,25.876617,-2.327996,-2.248953,76.9108,80.0950,102.0760,-2.306439,0.000000,75.512814,4
0.6430,25.962384,-2.261618,-2.147028,85.7670,66.3801,101.9182,-2.230366,0.000000,75.557139,4
0.6440,26.054497,-2.206423,-2.047508,92.1129,55.2054,99.5204,-2.163083,0.000000,75.601833,4
0.6450,26.149264,-2.157475,-1.953866,94.7671,48.9645,93.6476,-2.101946,0.000000,75.636000,4
0.6460,26.242742,-2.107937,-1.870161,93.4774,49.5571,83.7167,-2.043089,0.000000,75.649535,4
0.6470,26.332021,-2.050977,-1.799666,89.2795,56.9800,70.5117,-1.982438,0.000000,75.636336,4
0.6480,26.415752,-1.981980,-1.743868,83.7309,69.0152,55.8192,-1.917040,0.000000,75.594921,4
0.6490,26.494079,-1.899245,-1.702548,78.3264,82.7508,41.3450,-1.845600,0.000000,75.528008,4
0.6500,26.568728,-1.803785,-1.674000,74.6498,95.4723,28.5753,-1.768389,0.000000,75.443249,4
0.6510,26.643061,-1.699588,-1.654563,74.3328,104.2053,19.4664,-1.687309,0.000000,75.354012,4
0.6520,26.720947,-1.593872,-1.638084,77.8858,105.7253,16.5105,-1.605930,0.000000,75.276019,4
0.6530,26.804817,-1.495028,-1.617233,83.8702,98.8574,20.8852,-1.528357,0.000000,75.220601,4
0.6540,26.894996,-1.408789,-1.586412,90.1787,86.2610,30.8579,-1.457232,0.000000,75.192094,4
0.6550,26.990118,-1.336776,-1.542906,95.1222,72.0424,43.5426,-1.392993,0.000000,75.189363,4
0.6560,27.087406,-1.277289,-1.486150,97.2879,59.5201,56.7897,-1.334251,0.000000,75.207020,4
0.6570,27.182965,-1.225919,-1.417123,95.5587,51.4026,69.0548,-1.278065,0.000000,75.236051,4
0.6580,27.272828,-1.176066,-1.338239,89.8637,49.8813,78.9046,-1.220295,0.000000,75.266090,4
0.6590,27.354304,-1.120695,-1.252829,81.4759,55.3910,85.4223,-1.156732,0.000000,75.289110,4
0.6600,27.426400,-1.054790,-1.163905,72.0959,65.9140,88.9273,-1.084549,0.000000,75.301372,4
0.6610,27.489540,-0.976369,-1.073221,63.1398,78.4193,90.6782,-1.002783,0.000000,75.303224,4
0.6620,27.545466,-0.886111,-0.981110,55.9265,90.2466,92.0991,-0.912020,0.000000,75.298667,4
0.6630,27.597405,-0.787055,-0.886612,51.9392,99.0408,94.4844,-0.814207,0.000000,75.295085,4
0.6640,27.649680,-0.684598,-0.787736,52.2741,102.4421,98.8607,-0.712726,0.000000,75.301570,4
0.6650,27.706279,-0.585619,-0.682272,56.5998,98.9659,105.4500,-0.611979,0.000000,75.325235,4
0.6660,27.769560,-0.496076,-0.569064,63.2802,89.5319,113.1913,-0.515982,0.000000,75.368398,4
0.6670,27.840011,-0.418942,-0.448767,70.4519,77.1253,120.2780,-0.427076,0.000000,75.428258,4
0.6680,27.916500,-0.353824,-0.323789,76.4882,65.1095,124.9548,-0.345633,0.000000,75.497418,4
0.6690,27.996556,-0.297297,-0.198103,80.0563,56.5189,125.6623,-0.270244,0.000000,75.564931,4
0.6700,28.077144,-0.243528,-0.076822,80.5882,53.7603,121.2560,-0.198063,0.000000,75.619227,4
0.6710,28.155844,-0.185990,0.035014,78.6994,57.5271,111.8104,-0.125716,0.000000,75.651926,4
0.6720,28.231548,-0.119819,0.133884,75.7043,66.1562,98.8470,-0.050627,0.000000,75.659353,4
0.6730,28.304462,-0.042945,0.218184,72.9140,76.8545,84.2797,0.028272,0.000000,75.641849,4
0.6740,28.375920,0.044171,0.287797,71.4583,87.0950,69.5953,0.110614,0.000000,75.603043,4
0.6750,28.448204,0.139011,0.343830,72.2834,94.8175,56.0208,0.194871,0.000000,75.549706,4
0.6760,28.524062,0.237267,0.388749,75.8588,98.2344,44.9091,0.278580,0.000000,75.491065,4
0.6770,28.605817,0.333501,0.426342,81.7551,96.2121,37.5850,0.358821,0.000000,75.436556,4
0.6780,28.694552,0.422618,0.460950,88.7348,89.0986,34.6026,0.433072,0.000000,75.393060,4
0.6790,28.789836,0.501450,0.496286,95.2841,78.8182,35.3328,0.500042,0.000000,75.363432,4
0.6800,28.889728,0.569511,0.534719,99.8914,68.0513,38.4313,0.560022,0.000000,75.346258,4
0.6810,28.990907,0.629134,0.577168,101.1790,59.6199,42.4500,0.614961,0.000000,75.336265,4
0.6820,29.089390,0.685247,0.623288,98.4835,56.1149,46.1243,0.668349,0.000000,75.326111,4
0.6830,29.181871,0.744099,0.671986,92.4810,58.8565,48.7052,0.724432,0.000000,75.309674,4
0.6840,29.266642,0.810893,0.722343,84.7710,66.8010,50.3689,0.786743,0.000000,75.284565,4
0.6850,29.343611,0.888076,0.774417,76.9685,77.1917,52.0890,0.857078,0.000000,75.252522,4
0.6860,29.414008,0.975195,0.829493,70.3971,87.1278,55.0939,0.935458,0.000000,75.218749,4
0.6870,29.480120,1.069427,0.889953,66.1126,94.2399,60.4763,1.020480,0.000000,75.190805,4
0.6880,29.544804,1.166227,0.958808,64.6833,96.8063,68.8697,1.109658,0.000000,75.176712,4
0.6890,29.610685,1.260368,1.038857,65.8813,94.1492,80.0602,1.199956,0.000000,75.182633,4
0.6900,29.679473,1.347373,1.131782,68.7883,87.0151,92.9345,1.288575,0.000000,75.211361,4
0.6910,29.751659,1.424613,1.237750,72.1860,77.2549,105.9757,1.373650,0.000000,75.261869,4
0.6920,29.826434,1.491792,1.355438,74.7750,67.1987,117.6943,1.454605,0.000000,75.329020,4
0.6930,29.901765,1.551196,1.481993,75.3301,59.4254,126.5605,1.532323,0.000000,75.403442,4
0.6940,29.975002,1.607700,1.612919,73.2375,56.5262,130.9307,1.609124,0.000000,75.473249,4
0.6950,30.044083,1.667632,1.742657,69.0807,59.9519,129.7420,1.688093,0.000000,75.528072,4
0.6960,30.108412,1.736296,1.866144,64.3288,68.6810,123.4910,1.771709,0.000000,75.562186,4
0.6970,30.168992,1.816083,1.980045,60.5808,79.7986,113.9034,1.860800,0.000000,75.574876,4
0.6980,30.228228,1.906217,2.082869,59.2359,90.1391,102.8260,1.954395,0.000000,75.569724,4
0.6990,30.289463,2.003225,2.174725,61.2346,97.0099,91.8595,2.049997,0.000000,75.553611,4
0.7000,30.356025,2.101750,2.257137,66.5619,98.5262,82.4172,2.144128,0.000000,75.534669,4
0.7010,30.430196,2.196086,2.332531,74.1714,94.3386,75.4015,2.233298,0.000000,75.519562,4
0.7020,30.512819,2.281947,2.403286,82.6225,85.8660,70.7627,2.315040,0.000000,75.511804,4
0.7030,30.603403,2.357346,2.470926,90.5840,75.4047,67.6483,2.388323,0.000000,75.511402,4
0.7040,30.700189,2.422639,2.535817,96.7864,65.2993,64.8976,2.453506,0.000000,75.514878,4
0.7050,30.800135,2.480512,2.597166,99.9456,57.8795,61.3546,2.512327,0.000000,75.515594,4
0.7060,30.899388,2.535919,2.653289,99.2539,55.4129,56.1290,2.567929,0.000000,75.505509,4
0.7070,30.994485,2.595084,2.702369,95.0964,59.1677,49.0854,2.624343,0.000000,75.478416,4
0.7080,31.083377,2.663333,2.743525,88.8918,68.2454,41.1592,2.685203,0.000000,75.432405,4
0.7090,31.165714,2.743297,2.777479,82.3377,79.9533,33.9541,2.752620,0.000000,75.370515,4
0.7100,31.242782,2.834425,2.806716,77.0676,91.1092,29.2352,2.826868,0.000000,75.300604,4
0.7110,31.317211,2.933115,2.835495,74.4286,98.6661,28.7746,2.906491,0.000000,75.234144,4
0.7120,31.392050,3.033413,2.869333,74.8396,100.2720,33.8303,2.988664,0.000000,75.182700,4
0.7130,31.469549,3.128964,2.913441,77.4991,95.5242,44.0953,3.070185,0.000000,75.154067,4
0.7140,31.550603,-3.067902,2.971126,81.0533,86.2946,57.6695,-1.420894,0.000000,75.151206,4
0.7150,31.634818,-2.992612,3.043555,84.2154,75.2697,72.4094,-1.346384,0.000000,75.173117,4
0.7160,31.720630,-2.927756,3.130322,85.8123,64.8408,86.7459,-1.275553,0.000000,75.215386,4
0.7170,31.805421,-2.870573,-3.053410,84.7908,57.1734,99.4319,-2.920438,0.000000,75.270195,4
0.7180,31.886079,-2.816219,-2.944248,80.6575,54.3472,109.1419,-2.851136,0.000000,75.327334,4
0.7190,31.960071,-2.758609,-2.829499,73.9926,57.6034,114.7281,-2.777943,0.000000,75.377118,4
0.7200,32.026271,-2.692351,-2.713456,66.1997,66.2518,116.0240,-2.698107,0.000000,75.413228,4
0.7210,32.085144,-2.614431,-2.599426,58.8733,77.9118,114.0130,-2.610339,0.000000,75.433671,4
0.7220,32.138795,-2.524713,-2.489266,53.6504,89.7077,110.1450,-2.515045,0.000000,75.440791,4
0.7230,32.190952,-2.425947,-2.383379,52.1570,98.7523,105.8712,-2.414338,0.000000,75.441046,4
0.7240,32.246159,-2.323643,-2.280821,55.2075,102.2892,102.5434,-2.311964,0.000000,75.443136,4
0.7250,32.308099,-2.224733,-2.179821,61.9401,98.8958,100.9852,-2.212484,0.000000,75.454190,4
0.7260,32.378564,-2.134888,-2.078922,70.4652,89.8377,100.8890,-2.119625,0.000000,75.477133,4
0.7270,32.457605,-2.056763,-1.977853,79.0402,78.1282,101.0660,-2.035242,0.000000,75.510585,4
0.7280,32.543900,-1.990057,-1.877695,86.2952,66.7196,100.1630,-1.959412,0.000000,75.549480,4
0.7290,32.634933,-1.932008,-1.780751,91.0330,58.0701,96.9553,-1.890756,0.000000,75.585721,4
0.7300,32.727388,-1.877755,-1.690257,92.4552,54.2790,90.5114,-1.826619,0.000000,75.609870,4
0.7310,32.818094,-1.821255,-1.609608,90.7058,56.5280,80.6708,-1.763533,0.000000,75.614053,4
0.7320,32.904935,-1.757086,-1.541257,86.8412,64.1952,68.3771,-1.698224,0.000000,75.594122,4
0.7330,32.987172,-1.681989,-1.486090,82.2366,75.1210,55.1950,-1.628562,0.000000,75.550065,4
0.7340,33.065452,-1.595291,-1.443449,78.2807,86.7169,42.6707,-1.553879,0.000000,75.486043,4
0.7350,33.141828,-1.498912,-1.411092,76.3759,96.3936,32.3877,-1.474961,0.000000,75.410836,4
0.7360,33.219353,-1.397476,-1.384863,77.5244,101.4494,26.2611,-1.394036,0.000000,75.336953,4
0.7370,33.300822,-1.297651,-1.358922,81.4689,99.8384,25.9745,-1.314362,0.000000,75.276555,4
0.7380,33.387563,-1.205758,-1.327427,86.7418,91.9111,31.5298,-1.238941,0.000000,75.237164,4
0.7390,33.479225,-1.125332,-1.286392,91.6619,80.4479,41.0683,-1.169258,0.000000,75.220787,4
0.7400,33.574027,-1.056621,-1.234058,94.8016,68.7346,52.3619,-1.105013,0.000000,75.224885,4
0.7410,33.669022,-0.997081,-1.170420,94.9948,59.5622,63.6585,-1.044355,0.000000,75.243221,4
0.7420,33.760700,-0.941889,-1.096892,91.6781,55.2106,73.5414,-0.984163,0.000000,75.267245,4
0.7430,33.846070,-0.884984,-1.015962,85.3702,56.9174,80.9351,-0.920705,0.000000,75.288836,4
0.7440,33.923480,-0.820985,-0.930372,77.4102,64.0014,85.5868,-0.850818,0.000000,75.302869,4
0.7450,33.992718,-0.746790,-0.842145,69.2374,74.1882,88.2168,-0.772796,0.000000,75.308014,4
0.7460,34.054869,-0.661901,-0.752112,62.1509,84.8737,90.0172,-0.686504,0.000000,75.306484,4
0.7470,34.112308,-0.568167,-0.659906,57.4398,93.7156,92.1869,-0.593186,0.000000,75.303634,4
0.7480,34.168490,-0.469578,-0.564168,56.1814,98.5684,95.7184,-0.495375,0.000000,75.306857,4
0.7490,34.227039,-0.371711,-0.463078,58.5494,97.8471,101.0693,-0.396629,0.000000,75.323025,4
0.7500,34.290576,-0.280120,-0.355318,63.5372,91.5727,107.7373,-0.300628,0.000000,75.355710,4
0.7510,34.360151,-0.198406,-0.240920,69.5748,81.6963,114.3731,-0.210001,0.000000,75.404038,4
0.7520,34.435284,-0.127315,-0.121501,75.1329,71.0761,119.3912,-0.125729,0.000000,75.462844,4
0.7530,34.514212,-0.064767,-0.000147,78.9274,62.5329,121.3247,-0.047143,0.000000,75.523447,4
0.7540,34.594432,-0.006331,0.118892,80.2200,58.4223,119.0095,0.027821,0.000000,75.575653,4
0.7550,34.673641,0.053593,0.231022,79.2095,59.9087,112.1011,0.101983,0.000000,75.610907,4
0.7560,34.750521,0.119847,0.332530,76.8795,66.2366,101.4822,0.177851,0.000000,75.624451,4
0.7570,34.824952,0.195085,0.421313,74.4314,75.2207,88.7610,0.256784,0.000000,75.615477,4
0.7580,34.897913,0.279552,0.496805,72.9614,84.4475,75.4761,0.338803,0.000000,75.586564,4
0.7590,34.971284,0.371404,0.559744,73.3705,91.8334,62.9277,0.422769,0.000000,75.543290,4
0.7600,35.047435,0.467070,0.612137,76.1506,95.6484,52.3849,0.506634,0.000000,75.493522,4
0.7610,35.128495,0.561864,0.657163,81.0604,94.7776,45.0220,0.587855,0.000000,75.445608,4
0.7620,35.215619,0.651197,0.698580,87.1237,89.3198,41.4171,0.664119,0.000000,75.406022,4
0.7630,35.308634,0.731964,0.739762,93.0156,80.7602,41.1848,0.734091,0.000000,75.377859,4
0.7640,35.406007,0.803364,0.782999,97.3732,71.4001,43.2436,0.797810,0.000000,75.360431,4
0.7650,35.504981,0.867105,0.829312,98.9738,63.7476,46.3247,0.856797,0.000000,75.349638,4
0.7660,35.602138,0.927183,0.878597,97.1563,60.0912,49.3009,0.913932,0.000000,75.339400,4
0.7670,35.694448,0.988883,0.930060,92.3108,61.7172,51.4821,0.972841,0.000000,75.324280,4
0.7680,35.780147,1.056912,0.982968,85.6991,68.0474,52.9315,1.036746,0.000000,75.301778,4
0.7690,35.858925,1.133808,1.037362,78.7779,76.9147,54.4193,1.107505,0.000000,75.273050,4
0.7700,35.931747,1.219524,1.094350,72.8213,85.7326,57.0126,1.185386,0.000000,75.242494,4
0.7710,36.000579,1.311757,1.156028,68.8319,92.2471,61.7000,1.269286,0.000000,75.216753,4
0.7720,36.067925,1.406556,1.225085,67.3464,94.8103,69.0760,1.357064,0.000000,75.203012,4
0.7730,36.136123,1.499288,1.304076,68.1981,92.7443,79.0070,1.446049,0.000000,75.206926,4
0.7740,36.206718,1.585923,1.394624,70.5947,86.6475,90.5604,1.533750,0.000000,75.231150,4
0.7750,36.280158,1.664059,1.496986,73.4404,78.1524,102.3709,1.618493,0.000000,75.274793,4
0.7760,36.355727,1.733430,1.609999,75.5693,69.3895,113.0209,1.699767,0.000000,75.333208,4
0.7770,36.431669,1.796091,1.731075,75.9414,62.6814,121.0819,1.778359,0.000000,75.398154,4
0.7780,36.505743,1.856289,1.856219,74.0741,60.2183,125.1481,1.856270,0.000000,75.459401,4
0.7790,36.576197,1.919414,1.980591,70.4540,63.1425,124.3747,1.936099,0.000000,75.507952,4
0.7800,36.642512,1.990015,2.099744,66.3150,70.6148,119.1533,2.019941,0.000000,75.538635,4
0.7810,36.705580,2.070227,2.210638,63.0682,80.2185,110.8932,2.108520,0.000000,75.550683,4
0.7820,36.767546,2.159404,2.311864,61.9654,89.1792,101.2244,2.200984,0.000000,75.547237,4
0.7830,36.831362,2.254479,2.403492,63.8165,95.0721,91.6265,2.295119,0.000000,75.534342,4
0.7840,36.899958,2.350729,2.486848,68.5959,96.2458,83.3547,2.387853,0.000000,75.519066,4
0.7850,36.975360,2.443156,2.563998,75.4015,92.4221,77.1497,2.476113,0.000000,75.507152,4
0.7860,37.058303,2.528004,2.636932,82.9435,84.8431,72.9320,2.557711,0.000000,75.501523,4
0.7870,37.148261,2.603582,2.706881,89.9578,75.5743,69.9465,2.631755,0.000000,75.501871,4
0.7880,37.243503,2.670404,2.774051,95.2420,66.8173,67.1656,2.698672,0.000000,75.504727,4
0.7890,37.341208,2.731143,2.837646,97.7048,60.7339,63.5891,2.760189,0.000000,75.504031,4
0.7900,37.438012,2.790370,2.896178,96.8040,59.2213,58.5257,2.819227,0.000000,75.492926,4
0.7910,37.531017,2.853473,2.948176,93.0057,63.0931,51.9914,2.879301,0.000000,75.466461,4
0.7920,37.618592,2.924827,2.993064,87.5746,71.3392,44.8808,2.943437,0.000000,75.423523,4
0.7930,37.700604,3.006402,3.031701,82.0121,81.5550,38.6285,3.013302,0.000000,75.367405,4
0.7940,37.778353,3.097352,3.066533,77.7489,90.9260,34.8230,3.088947,0.000000,75.305566,4
0.7950,37.854205,-3.088998,3.101529,75.8517,96.8074,34.9857,-1.400673,0.000000,75.248216,4
0.7960,37.930723,-2.991604,3.141574,76.5184,97.3670,40.0337,-1.318919,0.000000,75.205200,4
0.7970,38.009701,-2.899042,-3.092066,78.9775,92.5364,49.5326,-2.951685,0.000000,75.182991,4
0.7980,38.091732,-2.814981,-3.030213,82.0309,84.0400,61.8378,-2.873681,0.000000,75.183846,4
0.7990,38.176235,-2.740715,-2.955093,84.5031,74.2519,75.1062,-2.799182,0.000000,75.206313,4
0.8000,38.261561,-2.675309,-2.867220,85.3259,65.3986,87.8594,-2.727649,0.000000,75.245640,4
0.8010,38.345228,-2.615789,-2.768373,83.6678,59.5188,98.8351,-2.657403,0.000000,75.294156,4
0.8020,38.424573,-2.557463,-2.661530,79.3443,58.3273,106.8313,-2.585845,0.000000,75.342766,4
0.8030,38.497654,-2.495001,-2.550459,73.0816,62.4640,111.0612,-2.510126,0.000000,75.383586,4
0.8040,38.563847,-2.424131,-2.438768,66.1926,70.8716,111.6807,-2.428123,0.000000,75.412009,4
0.8050,38.623984,-2.342854,-2.329069,60.1371,81.2755,109.6914,-2.339095,0.000000,75.427342,4
0.8060,38.680377,-2.251785,-2.222667,56.3929,91.0653,106.3949,-2.243844,0.000000,75.432750,4
0.8070,38.736577,-2.154114,-2.119588,56.2000,97.6649,103.0710,-2.144698,0.000000,75.434566,4
0.8080,38.796414,-2.055145,-2.018803,59.8373,98.9630,100.7788,-2.045234,0.000000,75.440063,4
0.8090,38.862693,-1.960720,-1.918880,66.2785,94.4225,99.9184,-1.949309,0.000000,75.454382,4
0.8100,38.936589,-1.875090,-1.818932,73.8963,85.6347,99.9494,-1.859774,0.000000,75.478893,4
0.8110,39.017791,-1.799847,-1.719178,81.2016,75.2573,99.7615,-1.777846,0.000000,75.511224,4
0.8120,39.104745,-1.734020,-1.621019,86.9546,65.8497,98.1731,-1.703201,0.000000,75.545791,4
0.8130,39.194914,-1.674445,-1.526877,90.1684,59.6028,94.1611,-1.634199,0.000000,75.574755,4
0.8140,39.285348,-1.616308,-1.439776,90.4350,58.1682,87.1247,-1.568163,0.000000,75.590031,4
0.8150,39.373563,-1.554324,-1.362517,88.2143,62.0134,77.2854,-1.502013,0.000000,75.585739,4
0.8160,39.458149,-1.484336,-1.296821,84.5863,70.0149,65.7237,-1.433196,0.000000,75.559584,4
0.8170,39.538958,-1.404327,-1.242966,80.8085,80.0312,53.8831,-1.360319,0.000000,75.513116,4
0.8180,39.617098,-1.314661,-1.199768,78.1405,89.6825,43.2262,-1.283326,0.000000,75.451859,4
0.8190,39.694781,-1.218098,-1.164463,77.6828,96.5744,35.3334,-1.203471,0.000000,75.385140,4
0.8200,39.774625,-1.119571,-1.132655,79.8438,98.5382,31.8368,-1.123139,0.000000,75.324063,4
0.8210,39.858540,-1.024916,-1.099077,83.9154,94.6668,33.6062,-1.045142,0.000000,75.277762,4
0.8220,39.947042,-0.938706,-1.059168,88.5018,86.2232,39.9347,-0.971559,0.000000,75.250907,4
0.8230,40.039232,-0.862835,-1.010152,92.1899,75.8843,49.0366,-0.903012,0.000000,75.243592,4
0.8240,40.133010,-0.796433,-0.951065,93.7781,66.4129,59.1002,-0.838605,0.000000,75.252074,4
0.8250,40.225449,-0.736276,-0.882426,92.4390,60.1646,68.6442,-0.776135,0.000000,75.269757,4
0.8260,40.313560,-0.677461,-0.805927,88.1111,58.8182,76.4961,-0.712497,0.000000,75.289087,4
0.8270,40.395193,-0.614755,-0.723892,81.6329,62.7015,82.0263,-0.644520,0.000000,75.304051,4
0.8280,40.469483,-0.544259,-0.638432,74.2903,70.4846,85.4448,-0.569943,0.000000,75.311759,4
0.8290,40.536846,-0.464324,-0.550789,67.3631,79.9176,87.6227,-0.487905,0.000000,75.312694,4
0.8300,40.598901,-0.375598,-0.461128,62.0545,88.7040,89.6391,-0.398924,0.000000,75.310402,4
0.8310,40.658336,-0.280807,-0.368629,59.4353,94.7675,92.4759,-0.304758,0.000000,75.310747,4
0.8320,40.718368,-0.184360,-0.271837,60.0316,96.4228,96.7680,-0.208218,0.000000,75.320179,4
0.8330,40.781772,-0.091310,-0.169355,63.4046,93.0279,102.4570,-0.112595,0.000000,75.343266,4
0.8340,40.850129,-0.005711,-0.060669,68.3564,85.5769,108.6588,-0.020700,0.000000,75.380998,4
0.8350,40.923618,0.070610,0.053384,73.4894,76.3015,114.0234,0.065912,0.000000,75.430406,4
0.8360,41.001158,0.138398,0.170580,77.5402,67.7715,117.1666,0.147175,0.000000,75.484993,4
0.8370,41.080771,0.200734,0.287504,79.6123,62.3206,116.8940,0.224399,0.000000,75.536020,4
0.8380,41.160284,0.262264,0.400060,79.5138,61.5151,112.5284,0.299845,0.000000,75.574933,4
0.8390,41.238135,0.327729,0.504439,77.8503,65.4509,104.3544,0.375923,0.000000,75.595821,4
0.8400,41.313789,0.400419,0.598017,75.6547,72.6758,93.5582,0.454309,0.000000,75.596397,4
0.8410,41.387776,0.481464,0.679637,73.9863,81.0312,81.6072,0.535511,0.000000,75.577795,4
0.8420,41.461529,0.569911,0.749483,73.7538,88.4347,69.8376,0.618885,0.000000,75.544137,4
0.8430,41.537082,0.663049,0.808961,75.5524,93.1265,59.4762,0.702843,0.000000,75.501921,4
0.8440,41.616480,0.756913,0.860610,79.3984,93.8548,51.6498,0.785194,0.000000,75.458661,4
0.8450,41.701100,0.847238,0.907676,84.6198,90.3205,47.0719,0.863721,0.000000,75.420854,4
0.8460,41.791198,0.930709,0.953340,90.0981,83.4712,45.6740,0.936881,0.000000,75.392326,4
0.8470,41.885792,1.005889,0.999991,94.5942,75.1876,46.6665,1.004280,0.000000,75.373562,4
0.8480,41.982744,1.073578,1.048917,96.9518,67.7053,48.9463,1.066852,0.000000,75.361842,4
0.8490,42.079133,1.136726,1.100344,96.3889,63.1692,51.4522,1.126803,0.000000,75.352216,4
0.8500,42.172055,1.199760,1.153752,92.9224,63.0604,53.4365,1.187213,0.000000,75.339519,4
0.8510,42.259490,1.267172,1.208467,87.4348,67.4385,54.7458,1.251161,0.000000,75.320600,4
0.8520,42.340701,1.341953,1.264329,81.2103,74.8072,55.8934,1.320783,0.000000,75.295470,4
0.8530,42.416191,1.424839,1.322085,75.4901,82.9080,57.7852,1.396815,0.000000,75.267276,4
0.8540,42.487485,1.514369,1.383421,71.2943,89.5475,61.3613,1.478656,0.000000,75.241558,4
0.8550,42.556746,1.607358,1.450693,69.2608,93.0031,67.2929,1.564631,0.000000,75.224875,4
0.8560,42.626172,1.699701,1.526353,69.4265,92.3546,75.6760,1.652424,0.000000,75.222938,4
0.8570,42.697385,1.787497,1.612211,71.2131,87.8082,85.8713,1.739692,0.000000,75.239027,4
0.8580,42.771060,1.868111,1.708914,73.6749,80.6269,96.7117,1.824694,0.000000,75.273226,4
0.8590,42.846817,1.940776,1.815779,75.7564,72.6789,106.8696,1.906686,0.000000,75.322200,4
0.8600,42.923302,2.006816,1.930793,76.4852,66.0552,115.0161,1.986083,0.000000,75.379317,4
0.8610,42.998592,2.069568,2.050660,75.2900,62.7654,119.8677,2.064411,0.000000,75.435762,4
0.8620,43.070963,2.133647,2.171185,72.3707,64.0915,120.5227,2.143885,0.000000,75.483023,4
0.8630,43.139631,2.203408,2.288208,68.6688,69.7693,117.0177,2.226535,0.000000,75.515412,4
0.8640,43.205064,2.281401,2.398589,65.4331,77.9941,110.3744,2.313361,0.000000,75.531121,4
0.8650,43.268916,2.367727,2.500624,63.8513,86.3219,102.0272,2.403971,0.000000,75.532047,4
0.8660,43.333700,2.460181,2.594004,64.7844,92.4459,93.3713,2.496678,0.000000,75.523006,4
0.8670,43.402133,2.554841,2.679624,68.4327,94.6489,85.6112,2.588873,0.000000,75.510230,4
0.8680,43.476320,2.647170,2.759176,74.1873,92.3164,79.5435,2.677717,0.000000,75.499288,4
0.8690,43.557257,2.733401,2.834465,80.9365,86.2183,75.2785,2.760964,0.000000,75.493463,4
0.8700,43.644737,2.811504,2.906744,87.4806,78.0907,72.2677,2.837479,0.000000,75.493116,4
0.8710,43.737417,2.881490,2.976383,92.6801,69.9729,69.6262,2.907370,0.000000,75.495674,4
0.8720,43.832936,2.945387,3.042837,95.5187,63.8835,66.4409,2.971964,0.000000,75.496110,4
0.8730,43.928343,3.006996,3.104882,95.4072,61.5962,62.0313,3.033693,0.000000,75.488340,4
0.8740,44.020918,3.071055,-3.122014,92.5744,64.0428,56.2757,1.382036,0.000000,75.467491,4
0.8750,44.108933,-3.141456,-3.072189,88.0155,70.6565,49.8124,-3.122565,0.000000,75.431807,4
0.8760,44.191984,-3.061915,-3.028331,83.0513,79.5196,43.8456,-3.052756,0.000000,75.383436,4
0.8770,44.270973,-2.973740,-2.988528,78.9890,88.1511,39.7929,-2.977773,0.000000,75.328333,4
0.8780,44.347830,-2.879588,-2.949478,76.8567,94.1276,39.0406,-2.898649,0.000000,75.275226,4
0.8790,44.424834,-2.783927,-2.906925,77.0041,95.6367,42.5449,-2.817472,0.000000,75.233186,4
0.8800,44.503753,-2.691656,-2.856694,78.9189,92.2500,50.2219,-2.736667,0.000000,75.208861,4
0.8810,44.585332,-2.606471,-2.795834,81.5786,85.1707,60.8526,-2.658115,0.000000,75.205177,4
0.8820,44.669217,-2.529997,-2.723044,83.8855,76.4666,72.7838,-2.582646,0.000000,75.221462,4
0.8830,44.754052,-2.461739,-2.638500,84.8348,68.2587,84.5394,-2.509947,0.000000,75.253851,4
0.8840,44.837696,-2.399259,-2.543632,83.6440,62.4866,94.8661,-2.438633,0.000000,75.295751,4
0.8850,44.917763,-2.338515,-2.440988,80.0667,60.7536,102.6423,-2.366463,0.000000,75.339116,4
0.8860,44.992400,-2.274764,-2.333872,74.6372,63.7617,107.1155,-2.290885,0.000000,75.376666,4
0.8870,45.060874,-2.204002,-2.225560,68.4739,70.7720,108.3119,-2.209881,0.000000,75.403828,4
0.8880,45.123771,-2.124137,-2.118532,62.8971,79.8722,107.0280,-2.122608,0.000000,75.419524,4
0.8890,45.183008,-2.035425,-2.014125,59.2368,88.7156,104.4075,-2.029616,0.000000,75.426160,4
0.8900,45.241613,-1.940454,-1.912517,58.6057,94.9726,101.6071,-1.932835,0.000000,75.429005,4
0.8910,45.302975,-1.843718,-1.812936,61.3620,96.7375,99.5813,-1.835323,0.000000,75.434385,4
0.8920,45.369753,-1.750361,-1.714199,66.7779,93.3612,98.7401,-1.740498,0.000000,75.447115,4
0.8930,45.443235,-1.664394,-1.615503,73.4813,85.9764,98.7033,-1.651060,0.000000,75.468830,4
0.8940,45.523323,-1.587584,-1.516978,80.0885,76.8279,98.5365,-1.568328,0.000000,75.497737,4
0.8950,45.608741,-1.519333,-1.419820,85.4175,68.2753,97.1751,-1.492193,0.000000,75.529043,4
0.8960,45.697289,-1.456977,-1.326158,88.5486,62.3839,93.6817,-1.421299,0.000000,75.555844,4
0.8970,45.786366,-1.396311,-1.238690,89.0768,60.6963,87.4905,-1.353323,0.000000,75.570864,4
0.8980,45.873711,-1.332621,-1.159981,87.3452,63.7170,78.7327,-1.285537,0.000000,75.568600,4
0.8990,45.957988,-1.262078,-1.091702,84.2770,70.5664,68.3027,-1.215612,0.000000,75.546708,4
0.9000,46.038995,-1.182713,-1.034228,81.0070,79.3829,57.4972,-1.142217,0.000000,75.506399,4
0.9010,46.117667,-1.094732,-0.986557,78.6716,87.9922,47.6930,-1.065230,0.000000,75.452499,4
0.9020,46.195896,-1.000519,-0.946243,78.2290,94.2203,40.3347,-0.985717,0.000000,75.393135,4
0.9030,46.275941,-0.904344,-0.909432,80.0452,96.1796,36.8315,-0.905732,0.000000,75.338000,4
0.9040,46.359510,-0.811283,-0.871507,83.5695,93.0651,37.9444,-0.827708,0.000000,75.295313,4
0.9050,46.447133,-0.725442,-0.828352,87.6229,85.8447,43.1696,-0.753508,0.000000,75.269585,4
0.9060,46.538067,-0.648679,-0.777318,90.9339,76.7640,51.0433,-0.683763,0.000000,75.261232,4
0.9070,46.630467,-0.580379,-0.717371,92.4001,68.2996,59.9490,-0.617740,0.000000,75.267119,4
0.9080,46.721739,-0.517757,-0.648861,91.2723,62.6182,68.5039,-0.553513,0.000000,75.281507,4
0.9090,46.809209,-0.456501,-0.573218,87.4697,61.2479,75.6311,-0.488333,0.000000,75.297746,4
0.9100,46.890901,-0.391962,-0.492440,81.6922,64.5263,80.7616,-0.419365,0.000000,75.310450,4
0.9110,46.965981,-0.320593,-0.408366,75.0798,71.3520,84.0525,-0.344531,0.000000,75.316952,4
0.9120,47.034804,-0.240825,-0.322097,68.8231,79.7464,86.2465,-0.262990,0.000000,75.317653,4
0.9130,47.098844,-0.153205,-0.233775,64.0396,87.5967,88.2974,-0.175179,0.000000,75.315745,4
0.9140,47.160515,-0.060195,-0.142674,61.6713,92.9853,91.0772,-0.082689,0.000000,75.316448,4
0.9150,47.222662,0.034256,-0.047520,62.1469,94.4261,95.1296,0.011953,0.000000,75.325431,4
0.9160,47.287738,0.125682,0.052889,65.0757,91.4036,100.3836,0.105830,0.000000,75.346697,4
0.9170,47.357155,0.210505,0.158979,69.4176,84.8015,106.0624,0.196453,0.000000,75.381102,4
0.9180,47.431086,0.287097,0.269976,73.9306,76.5736,110.9700,0.282428,0.000000,75.425957,4
0.9190,47.508568,0.356125,0.383859,77.4816,69.0127,113.8557,0.363689,0.000000,75.475407,4
0.9200,47.587850,0.420346,0.497530,79.2825,64.2087,113.6462,0.441396,0.000000,75.521627,4
0.9210,47.667022,0.483895,0.607298,79.1724,63.5385,109.7465,0.517550,0.000000,75.556946,4
0.9220,47.744705,0.550989,0.709711,77.6828,67.0861,102.3949,0.594277,0.000000,75.575978,4
0.9230,47.820442,0.624586,0.802340,75.7371,73.5896,92.6169,0.673064,0.000000,75.576600,4
0.9240,47.894748,0.705708,0.884085,74.3058,81.1167,81.7391,0.754356,0.000000,75.559885,4
0.9250,47.968965,0.793453,0.955114,74.2171,87.7404,71.0292,0.837542,0.000000,75.529700,4
0.9260,48.044949,0.885286,1.016762,75.9836,91.8301,61.6529,0.921143,0.000000,75.492031,4
0.9270,48.124526,0.977569,1.071376,79.5773,92.2829,54.6236,1.003153,0.000000,75.453637,4
0.9280,48.208891,1.066474,1.121887,84.3645,88.9096,50.5253,1.081587,0.000000,75.420240,4
0.9290,48.298214,1.149095,1.171111,89.3229,82.6305,49.2424,1.155099,0.000000,75.395106,4
0.9300,48.391538,1.224251,1.221134,93.3250,75.1743,50.0473,1.223401,0.000000,75.378481,4
0.9310,48.486881,1.292797,1.273055,95.3424,68.5705,51.9500,1.287413,0.000000,75.367772,4
0.9320,48.581601,1.357489,1.327036,94.7206,64.7204,54.0134,1.349183,0.000000,75.358514,4
0.9330,48.673119,1.422320,1.382611,91.5172,64.8634,55.6086,1.411490,0.000000,75.346191,4
0.9340,48.759646,1.491258,1.439225,86.5273,68.9687,56.6488,1.477067,0.000000,75.328133,4
0.9350,48.840548,1.566908,1.496817,80.9025,75.6777,57.6245,1.547792,0.000000,75.304522,4
0.9360,48.916325,1.649851,1.556149,75.7763,82.9654,59.3613,1.624296,0.000000,75.278379,4
0.9370,48.988402,1.738675,1.618831,72.0767,88.8402,62.7048,1.705990,0.000000,75.254863,4
0.9380,49.058755,1.830412,1.687051,70.3538,91.7477,68.2381,1.791313,0.000000,75.239960,4
0.9390,49.129354,1.921310,1.763046,70.5983,90.9064,76.0082,1.878147,0.000000,75.238787,4
0.9400,49.201608,2.007878,1.848441,72.2540,86.5757,85.4031,1.964395,0.000000,75.254172,4
0.9410,49.276052,2.087830,1.943779,74.4440,79.9602,95.3406,2.048544,0.000000,75.285960,4
0.9420,49.352258,2.160626,2.048361,76.2058,72.8027,104.5819,2.130008,0.000000,75.330841,4
0.9430,49.428947,2.227639,2.160256,76.6892,67.0207,111.8901,2.209262,0.000000,75.382603,4
0.9440,49.504393,2.292008,2.276387,75.4463,64.3749,116.1238,2.287748,0.000000,75.433291,4
0.9450,49.577107,2.357884,2.392951,72.7138,65.8797,116.5544,2.367448,0.000000,75.475409,4
0.9460,49.646460,2.429065,2.506250,69.3531,71.1794,113.2873,2.450115,0.000000,75.504036,4
0.9470,49.712947,2.507701,2.613513,66.4875,78.6298,107.2492,2.536559,0.000000,75.517718,4
0.9480,49.778128,2.593757,2.713252,65.1804,86.0446,99.7232,2.626346,0.000000,75.518334,4
0.9490,49.844305,2.685131,2.805241,66.1769,91.3585,91.9742,2.717888,0.000000,75.510337,4
0.9500,49.913919,2.778220,2.890333,69.6139,93.0713,85.0765,2.808796,0.000000,75.499327,4
0.9510,49.988838,2.868944,2.970048,74.9189,90.7060,79.6987,2.896518,0.000000,75.490202,4
0.9520,50.069913,2.953975,3.045953,81.0755,85.0115,75.8884,2.979060,0.000000,75.485737,4
0.9530,50.156884,3.031582,3.119096,86.9713,77.5891,73.1255,3.055450,0.000000,75.486015,4
0.9540,50.248435,3.101928,-3.093466,91.5506,70.3277,70.6060,1.412275,0.000000,75.488455,4
0.9550,50.342355,-3.116160,-3.025928,93.9204,65.0815,67.5209,-3.091551,0.000000,75.488370,4
0.9560,50.435987,-3.052751,-2.962605,93.6312,63.3925,63.3067,-3.028166,0.000000,75.480342,4
0.9570,50.526950,-2.986783,-2.904665,90.9630,65.9507,57.9254,-2.964388,0.000000,75.460223,4
0.9580,50.613785,-2.914650,-2.852651,86.8358,72.1158,52.0017,-2.897741,0.000000,75.426737,4
0.9590,50.696226,-2.834514,-2.806001,82.4407,80.1175,46.6406,-2.826737,0.000000,75.382133,4
0.9600,50.775166,-2.746776,-2.762866,78.9402,87.7191,43.1277,-2.751164,0.000000,75.332030,4
0.9610,50.852371,-2.653983,-2.720176,77.2045,92.7742,42.6853,-2.672036,0.000000,75.284352,4
0.9620,50.929848,-2.560207,-2.674079,77.4774,93.7593,46.0945,-2.591263,0.000000,75.247145,4
0.9630,51.009114,-2.469787,-2.620865,79.2655,90.4089,53.2127,-2.510990,0.000000,75.226239,4
0.9640,51.090755,-2.385933,-2.557918,81.6409,83.8482,62.9479,-2.432838,0.000000,75.224114,4
0.9650,51.174354,-2.309986,-2.484095,83.5994,75.9508,73.8265,-2.357470,0.000000,75.239927,4
0.9660,51.258585,-2.241323,-2.399620,84.2315,68.6726,84.4817,-2.284495,0.000000,75.269869,4
0.9670,51.341464,-2.177543,-2.305898,82.8784,63.7957,93.7291,-2.212549,0.000000,75.307744,4
0.9680,51.420871,-2.114863,-2.205343,79.4075,62.6981,100.5625,-2.139540,0.000000,75.346299,4
0.9690,51.495241,-2.049035,-2.100960,74.3697,65.8458,104.3911,-2.063197,0.000000,75.379214,4
0.9700,51.564044,-1.976623,-1.995632,68.8028,72.4279,105.3346,-1.981808,0.000000,75.402713,4
0.9710,51.627959,-1.895977,-1.891487,63.9150,80.6588,104.1514,-1.894752,0.000000,75.416197,4
0.9720,51.688853,-1.807587,-1.789614,60.8938,88.3986,101.8790,-1.802685,0.000000,75.422171,4
0.9730,51.749506,-1.714021,-1.690073,60.6534,93.5722,99.5450,-1.707490,0.000000,75.425509,4
0.9740,51.812899,-1.619419,-1.592134,63.3924,94.6079,97.9443,-1.611978,0.000000,75.431725,4
0.9750,51.881302,-1.528299,-1.494798,68.4031,91.1296,97.3439,-1.519162,0.000000,75.444801,4
0.9760,51.955766,-1.444052,-1.397475,74.4639,84.2606,97.3334,-1.431349,0.000000,75.465842,4
0.9770,52.036097,-1.368051,-1.300433,80.3315,76.0197,97.0556,-1.349610,0.000000,75.492871,4
0.9780,52.121033,-1.299540,-1.204893,84.9357,68.5336,95.5553,-1.273727,0.000000,75.521239,4
0.9790,52.208522,-1.235908,-1.112892,87.4892,63.6574,92.0182,-1.202358,0.000000,75.544572,4
0.9800,52.296241,-1.173245,-1.026896,87.7196,62.6866,86.0137,-1.133331,0.000000,75.556427,4
0.9810,52.382256,-1.107361,-0.949158,86.0150,65.9044,77.7557,-1.064215,0.000000,75.552153,4
0.9820,52.465499,-1.034995,-0.881066,83.2421,72.3814,68.1085,-0.993014,0.000000,75.530046,4
0.9830,52.545937,-0.954628,-0.822805,80.4385,80.3764,58.2756,-0.918676,0.000000,75.491695,4
0.9840,52.624555,-0.866742,-0.773271,78.6181,87.8894,49.5480,-0.841250,0.000000,75.441969,4
0.9850,52.703117,-0.773774,-0.730029,78.5622,92.9666,43.2534,-0.761844,0.000000,75.388472,4
0.9860,52.783583,-0.679715,-0.689467,80.4657,94.0552,40.5729,-0.682375,0.000000,75.339774,4
0.9870,52.867332,-0.589019,-0.647469,83.7495,90.6907,42.0057,-0.604960,0.000000,75.302830,4
0.9880,52.954679,-0.505100,-0.600493,87.3466,83.9122,46.9789,-0.531116,0.000000,75.281252,4
0.9890,53.044803,-0.429338,-0.546310,90.1241,75.7528,54.1808,-0.461240,0.000000,75.275018,4
0.9900,53.135918,-0.360910,-0.484116,91.1146,68.4175,62.1850,-0.394512,0.000000,75.280963,4
0.9910,53.225637,-0.297083,-0.414343,89.7188,63.8147,69.7584,-0.329063,0.000000,75.293753,4
0.9920,53.311603,-0.233876,-0.338347,85.9667,63.1914,75.9774,-0.262368,0.000000,75.307519,4
0.9930,53.392156,-0.167194,-0.257899,80.5526,66.6639,80.4259,-0.191932,0.000000,75.317736,4
0.9940,53.466683,-0.094058,-0.174546,74.5266,73.1158,83.3302,-0.116009,0.000000,75.322406,4
0.9950,53.535667,-0.013313,-0.089131,68.9844,80.7229,85.3913,-0.033991,0.000000,75.322309,4
0.9960,53.600607,0.074269,-0.001646,64.9400,87.5598,87.4631,0.053565,0.000000,75.320692,4
0.9970,53.663786,0.166201,0.088669,63.1791,91.9095,90.2926,0.145056,0.000000,75.322420,4
0.9980,53.727743,0.258777,0.182973,63.9573,92.5537,94.2817,0.238103,0.000000,75.332430,4
0.9990,53.794558,0.348045,0.282251,66.8147,89.2477,99.2551,0.330101,0.000000,75.353911,4
1.0000,53.865337,0.431027,0.386715,70.7791,82.9655,104.4414,0.418942,0.000000,75.387131,4
1.0010,53.940074,0.506572,0.495480,74.7365,75.5315,108.7424,0.503547,0.000000,75.429171,4
1.0020,54.017773,0.575588,0.606536,77.6988,69.0064,111.0360,0.584028,0.000000,75.474376,4
1.0030,54.096807,0.640799,0.716951,79.0346,65.2057,110.3982,0.661568,0.000000,75.515569,4
1.0040,54.175506,0.706012,0.823357,78.6989,65.2105,106.3929,0.738015,0.000000,75.546004,4
1.0050,54.252741,0.774923,0.922702,77.2349,68.9105,99.3374,0.815226,0.000000,75.561147,4
1.0060,54.328240,0.849984,1.012907,75.4988,75.0626,90.2019,0.894417,0.000000,75.559457,4
1.0070,54.402611,0.931872,1.093105,74.3711,81.8910,80.2016,0.975845,0.000000,75.542327,4
1.0080,54.477189,1.019509,1.163612,74.5779,87.6411,70.5153,1.058810,0.000000,75.513681,4
1.0090,54.553699,1.110364,1.225821,76.5106,90.8602,62.2220,1.141852,0.000000,75.479206,4
1.0100,54.633742,1.201019,1.282001,80.0426,90.6628,56.1965,1.223105,0.000000,75.444988,4
1.0110,54.718263,1.288068,1.334831,84.5213,87.0617,52.8519,1.300821,0.000000,75.415895,4
1.0120,54.807248,1.369100,1.386772,88.9847,81.0511,51.9665,1.373920,0.000000,75.394432,4
1.0130,54.899654,1.443356,1.439564,92.4064,74.2801,52.8219,1.442322,0.000000,75.380343,4
1.0140,54.993549,1.511928,1.494047,93.8944,68.6015,54.5162,1.507051,0.000000,75.370914,4
1.0150,55.086504,1.577559,1.550249,92.9554,65.6638,56.2377,1.570111,0.000000,75.362001,4
1.0160,55.176257,1.643935,1.607712,89.7529,66.4081,57.4981,1.634056,0.000000,75.349714,4
1.0170,55.261322,1.714506,1.665996,85.0647,70.6014,58.3171,1.701276,0.000000,75.332013,4
1.0180,55.341267,1.791384,1.725173,79.9448,76.9016,59.2058,1.773326,0.000000,75.309486,4
1.0190,55.416683,1.874821,1.786084,75.4164,83.4542,60.9339,1.850620,0.000000,75.285256,4
1.0200,55.488976,1.963285,1.850318,72.2929,88.4744,64.2514,1.932476,0.000000,75.264259,4
1.0210,55.559980,2.053900,1.919935,71.0042,90.6202,69.6286,2.017364,0.000000,75.251961,4
1.0220,55.631436,2.143211,1.996948,71.4560,89.3137,77.0190,2.103321,0.000000,75.252808,4
1.0230,55.704516,2.228152,2.082736,73.0799,84.9417,85.7886,2.188493,0.000000,75.269009,4
1.0240,55.779564,2.306863,2.177648,75.0480,78.7109,94.9077,2.271622,0.000000,75.299966,4
1.0250,55.856049,2.379133,2.280876,76.4852,72.2701,103.2190,2.352336,0.000000,75.342186,4
1.0260,55.932717,2.446508,2.390470,76.6676,67.3733,109.5822,2.431225,0.000000,75.389674,4
1.0270,56.008004,2.512039,2.503490,75.2873,65.5287,113.0046,2.509707,0.000000,75.435176,4
1.0280,56.080658,2.579500,2.616452,72.6538,67.4555,112.9453,2.589578,0.000000,75.472171,4
1.0290,56.150248,2.652146,2.726094,69.5901,72.6365,109.6223,2.672314,0.000000,75.496604,4
1.0300,56.217365,2.731659,2.830040,67.1172,79.4990,103.9259,2.758490,0.000000,75.507567,4
1.0310,56.283540,2.817740,2.927083,66.1745,86.0636,97.0231,2.847561,0.000000,75.507116,4
1.0320,56.350914,2.908265,3.017157,67.3748,90.5036,90.0526,2.937962,0.000000,75.499502,4
1.0330,56.421674,2.999850,3.101128,70.7597,91.5628,83.9511,3.027471,0.000000,75.489792,4
1.0340,56.497426,3.088825,-3.102792,75.7520,88.9535,79.2462,1.400203,0.000000,75.482221,4
1.0350,56.578830,-3.110869,-3.026872,81.4040,83.4691,75.9001,-3.087961,0.000000,75.478993,4
1.0360,56.665517,-3.034226,-2.953457,86.6868,76.6227,73.3958,-3.012198,0.000000,75.479823,4
1.0370,56.756153,-2.964043,-2.882444,90.6362,70.1655,70.9947,-2.941789,0.000000,75.482029,4
1.0380,56.848640,-2.898247,-2.814442,92.4871,65.7802,67.9865,-2.875391,0.000000,75.481182,4
1.0390,56.940572,-2.833461,-2.750503,91.9315,64.7725,63.9254,-2.810836,0.000000,75.472461,4
1.0400,57.029887,-2.765863,-2.691625,89.3152,67.5851,58.8664,-2.745616,0.000000,75.452424,4
1.0410,57.115399,-2.692375,-2.638175,85.5116,73.4750,53.4428,-2.677594,0.000000,75.420333,4
1.0420,57.197002,-2.611595,-2.589486,81.6033,80.7680,48.6857,-2.605566,0.000000,75.378649,4
1.0430,57.275620,-2.524149,-2.543724,78.6175,87.4353,45.7631,-2.529488,0.000000,75.332787,4
1.0440,57.352892,-2.432549,-2.497986,77.2723,91.5902,45.7404,-2.450396,0.000000,75.290010,4
1.0450,57.430594,-2.340552,-2.448766,77.7023,91.9907,49.2257,-2.370065,0.000000,75.257444,4
1.0460,57.510005,-2.251999,-2.392779,79.4111,88.5510,55.9946,-2.290394,0.000000,75.240102,4
1.0470,57.591549,-2.169636,-2.327757,81.5434,82.3692,65.0318,-2.212760,0.000000,75.239944,4
1.0480,57.674731,-2.094482,-2.252762,83.1826,75.1661,75.0086,-2.137649,0.000000,75.255880,4
1.0490,57.758247,-2.025763,-2.168106,83.5156,68.7382,84.6696,-2.064584,0.000000,75.284106,4
1.0500,57.840249,-1.961086,-2.075203,82.0021,64.6993,92.9179,-1.992209,0.000000,75.318778,4
1.0510,57.918860,-1.896902,-1.976349,78.6109,64.2069,98.8690,-1.918570,0.000000,75.353348,4
1.0520,57.992769,-1.829408,-1.874283,73.9094,67.5166,102.0780,-1.841647,0.000000,75.382345,4
1.0530,58.061638,-1.755672,-1.771551,68.8687,73.7544,102.7437,-1.760003,0.000000,75.402704,4
1.0540,58.126233,-1.674446,-1.669966,64.5947,81.2405,101.5940,-1.673225,0.000000,75.414261,4
1.0550,58.188373,-1.586436,-1.570399,62.1401,88.0210,99.5747,-1.582062,0.000000,75.419599,4
1.0560,58.250619,-1.494185,-1.472810,62.2466,92.2589,97.5958,-1.488356,0.000000,75.423239,4
1.0570,58.315604,-1.401519,-1.376504,64.9850,92.6740,96.3130,-1.394697,0.000000,75.430011,4
1.0580,58.385269,-1.312421,-1.280633,69.6646,89.1087,95.8795,-1.303751,0.000000,75.443206,4
1.0590,58.460452,-1.229759,-1.184776,75.1832,82.6752,95.8663,-1.217491,0.000000,75.463483,4
1.0600,58.540871,-1.154564,-1.089305,80.4191,75.2106,95.4822,-1.136766,0.000000,75.488722,4
1.0610,58.625282,-1.085945,-0.995447,84.4114,68.6364,93.8690,-1.061264,0.000000,75.514444,4
1.0620,58.711775,-1.021355,-0.905135,86.4929,64.6070,90.3230,-0.989659,0.000000,75.534775,4
1.0630,58.798270,-0.957171,-0.820620,86.4946,64.1995,84.5247,-0.919930,0.000000,75.543995,4
1.0640,58.883099,-0.889655,-0.743884,84.8291,67.5275,76.7454,-0.849899,0.000000,75.538165,4
1.0650,58.965408,-0.816018,-0.676076,82.3089,73.6431,67.8148,-0.777852,0.000000,75.516095,4
1.0660,59.045291,-0.735099,-0.617228,79.8833,80.9180,58.8539,-0.702953,0.000000,75.479638,4
1.0670,59.123744,-0.647579,-0.566165,78.4528,87.5146,51.0669,-0.625375,0.000000,75.433598,4
1.0680,59.202398,-0.555882,-0.520508,78.6542,91.6874,45.6591,-0.546235,0.000000,75.385040,4
1.0690,59.282965,-0.463709,-0.476893,80.5671,92.1609,43.6162,-0.467305,0.000000,75.341578,4
1.0700,59.366579,-0.374991,-0.431637,83.6133,88.7043,45.2532,-0.390440,0.000000,75.309176,4
1.0710,59.453402,-0.292609,-0.381657,86.8236,82.3669,49.9743,-0.316895,0.000000,75.290771,4
1.0720,59.542584,-0.217596,-0.325049,89.1817,74.9969,56.5964,-0.246901,0.000000,75.286045,4
1.0730,59.632421,-0.149009,-0.261187,89.8369,68.5706,63.8465,-0.179603,0.000000,75.291897,4
1.0740,59.720726,-0.084218,-0.190545,88.3051,64.7729,70.6230,-0.113217,0.000000,75.303401,4
1.0750,59.805407,-0.019570,-0.114393,84.6812,64.6303,76.1309,-0.045431,0.000000,75.315342,4
1.0760,59.885039,0.048572,-0.034310,79.6321,68.1236,80.0611,0.025968,0.000000,75.323846,4
1.0770,59.959165,0.122758,0.048381,74.1254,74.1675,82.6702,0.102473,0.000000,75.327373,4
1.0780,60.028334,0.203861,0.133010,69.1695,81.0842,84.6096,0.184538,0.000000,75.326904,4
1.0790,60.094015,0.290995,0.219675,65.6812,87.1150,86.6461,0.271544,0.000000,75.325607,4
1.0800,60.158337,0.381734,0.309118,64.3213,90.7220,89.4258,0.361930,0.000000,75.327967,4
1.0810,60.223575,0.472645,0.402388,65.2383,90.8938,93.2525,0.453484,0.000000,75.338324,4
1.0820,60.291532,0.560206,0.500307,67.9569,87.5467,97.9017,0.543870,0.000000,75.359307,4
1.0830,60.363111,0.641877,0.602961,71.5795,81.6600,102.6376,0.631264,0.000000,75.390854,4
1.0840,60.438213,0.716800,0.709431,75.1019,74.9172,106.4558,0.714791,0.000000,75.430032,4
1.0850,60.515866,0.785979,0.817787,77.6523,69.1775,108.3448,0.794654,0.000000,75.471506,4
1.0860,60.594573,0.852012,0.925294,78.7077,66.0358,107.4994,0.871998,0.000000,75.508724,4
1.0870,60.672853,0.918381,1.028881,78.2797,66.3747,103.5832,0.948517,0.000000,75.535663,4
1.0880,60.749743,0.988373,1.125813,76.8902,70.0002,96.9325,1.025857,0.000000,75.548370,4
1.0890,60.825070,1.064105,1.214251,75.3267,75.7409,88.4447,1.105054,0.000000,75.545637,4
1.0900,60.899463,1.146064,1.293477,74.3928,81.9689,79.2365,1.186267,0.000000,75.528961,4
1.0910,60.974197,1.233130,1.363868,74.7344,87.0768,70.4054,1.268786,0.000000,75.502144,4
1.0920,61.050864,1.322874,1.426795,76.6671,89.7563,62.9461,1.351216,0.000000,75.470493,4
1.0930,61.130889,1.412127,1.484397,80.0248,89.2670,57.6241,1.431837,0.000000,75.439520,4
1.0940,61.215068,1.497826,1.539122,84.1785,85.7160,54.7503,1.509088,0.000000,75.413497,4
1.0950,61.303303,1.577887,1.593160,88.2357,80.0832,54.0670,1.582052,0.000000,75.394480,4
1.0960,61.394564,1.651768,1.648024,91.2607,73.9074,54.8958,1.650747,0.000000,75.382015,4
1.0970,61.487030,1.720616,1.704407,92.4662,68.8781,56.4155,1.716195,0.000000,75.373471,4
1.0980,61.578483,1.787035,1.762283,91.4527,66.4496,57.9086,1.780284,0.000000,75.365053,4
1.0990,61.666895,1.854393,1.821223,88.4120,67.3871,58.9712,1.845347,0.000000,75.353315,4
1.1000,61.750962,1.925767,1.880858,84.0666,71.3979,59.6628,1.913519,0.000000,75.336552,4
1.1010,61.830340,2.002981,1.941309,79.3781,77.2307,60.4724,1.986161,0.000000,75.315458,4
1.1020,61.905620,2.086166,2.003400,75.2801,83.1949,62.1073,2.063593,0.000000,75.293026,4
1.1030,61.978124,2.173832,2.068634,72.5046,87.6692,65.2433,2.145142,0.000000,75.273853,4
1.1040,62.049542,2.263287,2.138917,71.4175,89.4538,70.2860,2.229368,0.000000,75.262945,4
1.1050,62.121445,2.351362,2.216083,71.9033,88.0696,77.1640,2.314467,0.000000,75.264302,4
1.1060,62.194868,2.435288,2.301367,73.4231,83.9200,85.2772,2.398764,0.000000,75.279831,4
1.1070,62.270078,2.513440,2.395048,75.2101,78.1446,93.6695,2.481151,0.000000,75.308828,4
1.1080,62.346545,2.585724,2.496328,76.4662,72.2758,101.2652,2.561343,0.000000,75.347935,4
1.1090,62.423098,2.653649,2.603361,76.5535,67.9165,107.0139,2.639934,0.000000,75.391584,4
1.1100,62.498324,2.720056,2.713415,75.2262,66.3962,110.0331,2.718245,0.000000,75.433177,4
1.1110,62.571112,2.788363,2.823316,72.7874,68.2950,109.8775,2.797896,0.000000,75.466864,4
1.1120,62.641099,2.861475,2.930115,69.9877,73.0967,106.7751,2.880195,0.000000,75.489035,4
1.1130,62.708852,2.940864,3.031675,67.7525,79.3701,101.5357,2.965630,0.000000,75.498930,4
1.1140,62.775782,3.026210,3.126917,66.9301,85.3255,95.2178,3.053676,0.000000,75.498477,4
1.1150,62.843847,3.115545,-3.067387,68.0648,89.3117,88.8586,1.429291,0.000000,75.491569,4
1.1160,62.915033,-3.077410,-2.984064,71.1859,90.2075,83.3014,-3.051952,0.000000,75.482806,4
1.1170,62.990804,-2.989618,-2.905036,75.7712,87.7692,79.0084,-2.966550,0.000000,75.476017,4
1.1180,63.071761,-2.906876,-2.829083,80.9570,82.7211,75.9339,-2.885660,0.000000,75.473178,4
1.1190,63.157553,-2.830413,-2.755459,85.7926,76.4452,73.6065,-2.809971,0.000000,75.473979,4
1.1200,63.246943,-2.759844,-2.684088,89.3899,70.5547,71.3564,-2.739183,0.000000,75.475934,4
1.1210,63.338006,-2.693242,-2.615532,91.0632,66.5914,68.5454,-2.672048,0.000000,75.474998,4
1.1220,63.428559,-2.627514,-2.550740,90.5526,65.7195,64.7834,-2.606576,0.000000,75.466821,4
1.1230,63.516737,-2.559202,-2.490605,88.1783,68.3059,60.1318,-2.540494,0.000000,75.448315,4
1.1240,63.601464,-2.485531,-2.435440,84.7270,73.6668,55.1652,-2.471870,0.000000,75.418830,4
1.1250,63.682642,-2.405235,-2.384628,81.1778,80.2928,50.8161,-2.399615,0.000000,75.380612,4
1.1260,63.761100,-2.318883,-2.336495,78.4582,86.3504,48.1420,-2.323686,0.000000,75.338560,4
1.1270,63.838312,-2.228744,-2.288407,77.2118,90.1385,48.0986,-2.245016,0.000000,75.299235,4
1.1280,63.915878,-2.138204,-2.237193,77.5657,90.5429,51.2280,-2.165201,0.000000,75.269107,4
1.1290,63.994966,-2.050743,-2.179859,79.0886,87.4679,57.3489,-2.085956,0.000000,75.252815,4
1.1300,64.075979,-1.968887,-2.114296,81.0131,81.8685,65.5805,-2.008544,0.000000,75.252249,4
1.1310,64.158478,-1.893613,-2.039588,82.4990,75.2930,74.7278,-1.933425,0.000000,75.266478,4
1.1320,64.241279,-1.824239,-1.955985,82.8001,69.3978,83.6227,-1.860170,0.000000,75.292050,4
1.1330,64.322706,-1.758592,-1.864766,81.4275,65.6725,91.2378,-1.787549,0.000000,75.323651,4
1.1340,64.401057,-1.693449,-1.768021,78.3509,65.1691,96.7617,-1.713787,0.000000,75.355334,4
1.1350,64.475131,-1.625353,-1.668243,74.0738,68.1189,99.7936,-1.637050,0.000000,75.382099,4
1.1360,64.544602,-1.551625,-1.567749,69.4710,73.7476,100.5057,-1.556022,0.000000,75.401104,4
1.1370,64.610151,-1.471093,-1.468214,65.5498,80.5456,99.5453,-1.470308,0.000000,75.412137,4
1.1380,64.673415,-1.384367,-1.370454,63.2635,86.7361,97.7664,-1.380573,0.000000,75.417480,4
1.1390,64.736693,-1.293722,-1.274466,63.2778,90.6526,95.9947,-1.288470,0.000000,75.421163,4
1.1400,64.802366,-1.202587,-1.179648,65.6738,91.1412,94.8228,-1.196331,0.000000,75.427531,4
1.1410,64.872233,-1.114562,-1.085256,69.8671,88.0322,94.3984,-1.106570,0.000000,75.439618,4
1.1420,64.947115,-1.032300,-0.990906,74.8818,82.2710,94.3551,-1.021011,0.000000,75.458127,4
1.1430,65.026807,-0.956824,-0.896921,79.6916,75.4865,93.9904,-0.940486,0.000000,75.481224,4
1.1440,65.110212,-0.887400,-0.804400,83.4054,69.4340,92.5252,-0.864763,0.000000,75.504901,4
1.1450,65.195615,-0.821765,-0.715087,85.4027,65.6431,89.3148,-0.792671,0.000000,75.523845,4
1.1460,65.281126,-0.756654,-0.631033,85.5108,65.1175,84.0563,-0.722394,0.000000,75.532818,4
1.1470,65.365204,-0.688656,-0.554062,84.0785,67.9997,76.9702,-0.651949,0.000000,75.528126,4
1.1480,65.447033,-0.615178,-0.485275,81.8286,73.4760,68.7858,-0.579750,0.000000,75.508558,4
1.1490,65.526658,-0.535083,-0.424749,79.6250,80.0869,60.5232,-0.504992,0.000000,75.475694,4
1.1500,65.604947,-0.448919,-0.371449,78.2892,86.1511,53.2957,-0.427791,0.000000,75.433815,4
1.1510,65.683350,-0.358830,-0.323239,78.4030,90.0726,48.2041,-0.349124,0.000000,75.389250,4
1.1520,65.763412,-0.268122,-0.277096,80.0621,90.6895,46.1366,-0.270570,0.000000,75.348888,4
1.1530,65.846197,-0.180351,-0.229687,82.7843,87.7514,47.4001,-0.193807,0.000000,75.318266,4
1.1540,65.931913,-0.098204,-0.178161,85.7165,82.1280,51.5144,-0.120010,0.000000,75.300274,4
1.1550,66.019847,-0.022744,-0.120693,87.9336,75.4401,57.4528,-0.049457,0.000000,75.294852,4
1.1560,66.108493,0.046758,-0.056614,88.6462,69.4824,64.0620,0.018565,0.000000,75.299358,4
1.1570,66.195881,0.112590,0.013725,87.3876,65.8153,70.3199,0.085627,0.000000,75.309418,4
1.1580,66.280079,0.178028,0.089223,84.1990,65.4217,75.4791,0.153808,0.000000,75.320279,4
1.1590,66.359722,0.246409,0.168465,79.6426,68.3655,79.2239,0.225151,0.000000,75.328283,4
1.1600,66.434308,0.320166,0.250226,74.5859,73.7436,81.7452,0.301092,0.000000,75.331829,4
1.1610,66.504270,0.400242,0.333847,69.9618,80.0618,83.6070,0.382134,0.000000,75.331631,4
1.1620,66.570894,0.485953,0.419361,66.6244,85.6995,85.5013,0.467792,0.000000,75.330438,4
1.1630,66.636090,0.575185,0.507400,65.1955,89.2198,88.0274,0.556698,0.000000,75.332269,4
1.1640,66.701937,0.664853,0.598899,65.8475,89.6581,91.4884,0.646866,0.000000,75.341128,4
1.1650,66.770134,0.751729,0.694633,68.1973,86.8673,95.7242,0.736157,0.000000,75.359588,4
1.1660,66.841594,0.833386,0.794750,71.4600,81.6531,100.1081,0.822849,0.000000,75.387843,4
1.1670,66.916318,0.908881,0.898500,74.7231,75.4955,103.7429,0.906049,0.000000,75.423466,4
1.1680,66.993491,0.978960,1.004202,77.1736,70.0849,105.6995,0.985844,0.000000,75.461784,4
1.1690,67.071787,1.045860,1.109420,78.2962,66.9099,105.2179,1.063194,0.000000,75.496874,4
1.1700,67.149830,1.112702,1.211353,78.0430,66.8556,101.9371,1.139607,0.000000,75.523097,4
1.1710,67.226668,1.182555,1.307429,76.8378,69.8678,96.0837,1.216612,0.000000,75.536534,4
1.1720,67.302049,1.257522,1.395833,75.3810,74.9820,88.4158,1.295243,0.000000,75.535738,4
1.1730,67.376468,1.338248,1.475763,74.4192,80.7413,79.9454,1.375752,0.000000,75.521794,4
1.1740,67.451040,1.423877,1.547448,74.5722,85.6438,71.7030,1.457578,0.000000,75.497986,4
1.1750,67.527213,1.512295,1.612057,76.1730,88.4327,64.6304,1.539503,0.000000,75.469088,4
1.1760,67.606339,1.600631,1.671496,79.1260,88.3522,59.4623,1.619958,0.000000,75.440212,4
1.1770,67.689242,1.686015,1.728004,82.9029,85.4023,56.5333,1.697467,0.000000,75.415480,4
1.1780,67.775948,1.766385,1.783641,86.7058,80.3911,55.6649,1.771091,0.000000,75.397065,4
1.1790,67.865620,1.841044,1.839885,89.6717,74.6833,56.2731,1.840728,0.000000,75.384845,4
1.1800,67.956674,1.910846,1.897468,91.0540,69.8277,57.6115,1.907198,0.000000,75.376647,4
1.1810,68.047104,1.978019,1.956442,90.4304,67.1976,59.0013,1.972134,0.000000,75.369079,4
1.1820,68.134996,2.045590,2.016445,87.8913,67.5931,60.0272,2.037641,0.000000,75.358859,4
1.1830,68.219022,2.116470,2.077106,84.0266,70.8971,60.6803,2.105734,0.000000,75.344118,4
1.1840,68.298716,2.192552,2.138447,79.6941,76.0922,61.3550,2.177796,0.000000,75.325120,4
1.1850,68.374485,2.274222,2.201119,75.7683,81.6729,62.6800,2.254285,0.000000,75.304290,4
1.1860,68.447449,2.360343,2.266410,72.9648,86.1171,65.2927,2.334725,0.000000,75.285669,4
1.1870,68.519135,2.448588,2.336033,71.6857,88.2364,69.6201,2.417891,0.000000,75.273887,4
1.1880,68.591038,2.536061,2.411724,71.9027,87.4616,75.6828,2.502151,0.000000,75.272880,4
1.1890,68.664217,2.620095,2.494752,73.1796,84.0220,83.0153,2.585911,0.000000,75.284802,4
1.1900,68.739052,2.698974,2.585552,74.8351,78.8651,90.7841,2.668041,0.000000,75.309448,4
1.1910,68.815182,2.772350,2.683574,76.1297,73.3617,98.0012,2.748138,0.000000,75.344147,4
1.1920,68.891625,2.841357,2.787280,76.4427,68.9933,103.6833,2.826609,0.000000,75.384103,4
1.1930,68.967099,2.908411,2.894290,75.4739,67.0387,106.9849,2.904560,0.000000,75.423361,4
1.1940,69.040500,2.976596,3.001733,73.4009,68.1697,107.4172,2.983452,0.000000,75.456325,4
1.1950,69.111336,3.048726,3.106827,70.8366,72.1116,105.0680,3.064572,0.000000,75.479206,4
1.1960,69.179944,3.126453,-3.075751,68.6075,77.7073,100.5817,1.434943,0.000000,75.490741,4
1.1970,69.247461,-3.073349,-2.980831,67.5171,83.3629,94.8953,-3.048117,0.000000,75.492199,4
1.1980,69.315598,-2.985808,-2.891833,68.1373,87.5184,88.9757,-2.960179,0.000000,75.486821,4
1.1990,69.386209,-2.896766,-2.808168,70.6111,89.0204,83.6441,-2.872603,0.000000,75.478777,4
1.2000,69.460784,-2.809296,-2.728742,74.5745,87.4497,79.4082,-2.787326,0.000000,75.471835,4
1.2010,69.540077,-2.726007,-2.652396,79.2933,83.2708,76.3297,-2.705932,0.000000,75.468252,4
1.2020,69.623973,-2.648357,-2.578329,83.8957,77.6363,74.0549,-2.629259,0.000000,75.468243,4
1.2030,69.711511,-2.576341,-2.506321,87.5387,72.0077,71.9985,-2.557244,0.000000,75.469962,4
1.2040,69.801050,-2.508497,-2.436758,89.5390,67.8395,69.5580,-2.488932,0.000000,75.469975,4
1.2050,69.890608,-2.442196,-2.370445,89.5574,66.2998,66.3127,-2.422627,0.000000,75.464273,4
1.2060,69.978368,-2.374285,-2.308236,87.7597,67.9131,62.2123,-2.356271,0.000000,75.449654,4
1.2070,70.063141,-2.302005,-2.250574,84.7732,72.2839,57.6692,-2.287978,0.000000,75.424918,4
1.2080,70.144605,-2.223815,-2.197121,81.4641,78.1949,53.4654,-2.216535,0.000000,75.391441,4
1.2090,70.223309,-2.139804,-2.146586,78.7042,84.0176,50.5498,-2.141654,0.000000,75.353116,4
1.2100,70.300471,-2.051667,-2.096774,77.1618,88.1445,49.8297,-2.063969,0.000000,75.315629,4
1.2110,70.377560,-1.962283,-2.044878,77.0893,89.3934,51.9157,-1.984809,0.000000,75.285049,4
1.2120,70.455788,-1.874888,-1.988063,78.2283,87.4074,56.8357,-1.905754,0.000000,75.266199,4
1.2130,70.535735,-1.792102,-1.924127,79.9465,82.8028,63.9588,-1.828109,0.000000,75.261576,4
1.2140,70.617212,-1.715249,-1.851896,81.4772,76.8750,72.2527,-1.752516,0.000000,75.271051,4
1.2150,70.699311,-1.644127,-1.771299,82.0990,71.1458,80.6188,-1.678810,0.000000,75.292066,4
1.2160,70.780596,-1.577102,-1.683260,81.2853,67.0513,88.0599,-1.606054,0.000000,75.320139,4
1.2170,70.859477,-1.511433,-1.589518,78.8803,65.6937,93.7598,-1.532729,0.000000,75.349864,4
1.2180,70.934686,-1.443939,-1.492299,75.2089,67.5161,97.2332,-1.457128,0.000000,75.376293,4
1.2190,71.005675,-1.371890,-1.393821,70.9895,72.0667,98.4889,-1.377871,0.000000,75.396180,4
1.2200,71.072800,-1.293775,-1.295819,67.1247,78.1280,98.0097,-1.294333,0.000000,75.408610,4
1.2210,71.137312,-1.209670,-1.199284,64.5125,84.1131,96.5400,-1.206838,0.000000,75.415023,4
1.2220,71.201166,-1.121230,-1.104430,63.8533,88.4444,94.8568,-1.116648,0.000000,75.418699,4
1.2230,71.266562,-1.031330,-1.010854,65.3962,89.9034,93.5782,-1.025745,0.000000,75.423631,4
1.2240,71.335355,-0.943291,-0.917883,68.7929,88.0412,92.9723,-0.936361,0.000000,75.433068,4
1.2250,71.408602,-0.859882,-0.825037,73.2469,83.4114,92.8460,-0.850379,0.000000,75.448374,4
1.2260,71.486418,-0.782548,-0.732397,77.8161,77.3365,92.6385,-0.768871,0.000000,75.468606,4
1.2270,71.568048,-0.711133,-0.640751,81.6299,71.4173,91.6436,-0.691938,0.000000,75.490681,4
1.2280,71.652072,-0.643985,-0.551528,84.0245,67.1483,89.2179,-0.618769,0.000000,75.510020,4
1.2290,71.736769,-0.578349,-0.466553,84.6964,65.6340,84.9681,-0.547860,0.000000,75.521671,4
1.2300,71.820579,-0.511062,-0.387615,83.8104,67.2828,78.9308,-0.477394,0.000000,75.521669,4
1.2310,71.902511,-0.439423,-0.315977,81.9319,71.6301,71.6287,-0.405756,0.000000,75.508093,4
1.2320,71.982338,-0.361908,-0.252038,79.8269,77.5019,63.9295,-0.331943,0.000000,75.481541,4
1.2330,72.060613,-0.278500,-0.195183,78.2748,83.3905,56.8451,-0.255777,0.000000,75.445154,4
1.2340,72.138509,-0.190700,-0.143770,77.8965,87.7810,51.4025,-0.177900,0.000000,75.404190,4
1.2350,72.217453,-0.101229,-0.095263,78.9439,89.4495,48.4957,-0.099602,0.000000,75.364922,4
1.2360,72.298610,-0.013347,-0.046649,81.1570,87.8593,48.6017,-0.022430,0.000000,75.332987,4
1.2370,72.382468,0.070129,0.004893,83.8579,83.4549,51.5285,0.052337,0.000000,75.311966,4
1.2380,72.468674,0.147657,0.061399,86.2066,77.5078,56.4922,0.124132,0.000000,75.302786,4
1.2390,72.556095,0.219311,0.123873,87.4204,71.6355,62.4579,0.193282,0.000000,75.303847,4
1.2400,72.643041,0.286697,0.192320,86.9466,67.3715,68.4320,0.260958,0.000000,75.311631,4
1.2410,72.727679,0.352550,0.265958,84.6379,65.8410,73.6233,0.328934,0.000000,75.321780,4
1.2420,72.808515,0.419999,0.343554,80.8361,67.4385,77.5843,0.399150,0.000000,75.330439,4
1.2430,72.884767,0.491667,0.423883,76.2512,71.6609,80.3178,0.473181,0.000000,75.335358,4
1.2440,72.956504,0.568983,0.506117,71.7369,77.3088,82.2267,0.551838,0.000000,75.336374,4
1.2450,73.024626,0.651891,0.590041,68.1229,82.9022,83.9183,0.635023,0.000000,75.335339,4
1.2460,73.090706,0.738921,0.676037,66.0799,87.0257,85.9910,0.721771,0.000000,75.335588,4
1.2470,73.156645,0.827521,0.764885,65.9392,88.5953,88.8438,0.810438,0.000000,75.340933,4
1.2480,73.224191,0.914685,0.857394,67.5454,87.1623,92.5060,0.899060,0.000000,75.354373,4
1.2490,73.294496,0.997813,0.953963,70.3048,83.1293,96.5664,0.985854,0.000000,75.377023,4
1.2500,73.367902,1.075448,1.054247,73.4063,77.6406,100.2843,1.069666,0.000000,75.407628,4
1.2510,73.443951,1.147642,1.157046,76.0494,72.2045,102.8018,1.150207,0.000000,75.442682,4
1.2520,73.521582,1.215923,1.260381,77.6307,68.2950,103.3407,1.228048,0.000000,75.477099,4
1.2530,73.599498,1.282894,1.361769,77.9155,66.9885,101.3968,1.304405,0.000000,75.505426,4
1.2540,73.676614,1.351494,1.458696,77.1163,68.6188,96.9387,1.380731,0.000000,75.523253,4
1.2550,73.752401,1.424117,1.549146,75.7873,72.6421,90.4646,1.458215,0.000000,75.528205,4
1.2560,73.827018,1.501975,1.631956,74.6171,77.8761,82.8274,1.537424,0.000000,75.520274,4
1.2570,73.901265,1.584877,1.706928,74.2462,82.9189,74.9899,1.618163,0.000000,75.501665,4
1.2580,73.976380,1.671342,1.774783,75.1154,86.4801,67.8756,1.699553,0.000000,75.476297,4
1.2590,74.053700,1.758954,1.837027,77.3205,87.6276,62.2656,1.780247,0.000000,75.448899,4
1.2600,74.134245,1.844973,1.895649,80.5450,86.0350,58.6444,1.858794,0.000000,75.423817,4
1.2610,74.218391,1.927084,1.952677,84.1456,82.1278,57.0513,1.934064,0.000000,75.403935,4
1.2620,74.305727,2.004034,2.009746,87.3356,76.9686,57.0923,2.005592,0.000000,75.390110,4
1.2630,74.395087,2.075959,2.067845,89.3605,71.9440,58.1219,2.073746,0.000000,75.381146,4
1.2640,74.484762,2.144368,2.127290,89.6749,68.4267,59.4654,2.139710,0.000000,75.374323,4
1.2650,74.572892,2.211784,2.187884,88.1304,67.4315,60.6105,2.205266,0.000000,75.366422,4
1.2660,74.657953,2.281038,2.249237,85.0606,69.2646,61.3653,2.272365,0.000000,75.354976,4
1.2670,74.739110,2.354401,2.311154,81.1575,73.3668,61.9244,2.342606,0.000000,75.339223,4
1.2680,74.816349,2.432934,2.373933,77.2387,78.5303,62.7815,2.416843,0.000000,75.320435,4
1.2690,74.890403,2.516266,2.438478,74.0537,83.3240,64.5409,2.495051,0.000000,75.301676,4
1.2700,74.962537,2.602747,2.506199,72.1340,86.4679,67.7133,2.576416,0.000000,75.287072,4
1.2710,75.034196,2.689886,2.578735,71.6596,87.1233,72.5232,2.659572,0.000000,75.280719,4
1.2720,75.106605,2.775026,2.657521,72.4086,85.1223,78.7708,2.742979,0.000000,75.285543,4
1.2730,75.180453,2.856067,2.743386,73.8483,81.0230,85.8456,2.825336,0.000000,75.302510,4
1.2740,75.255759,2.932010,2.836297,75.3055,75.9256,92.8887,2.905907,0.000000,75.330313,4
1.2750,75.331893,3.003205,2.935294,76.1338,71.1770,98.9735,2.984684,0.000000,75.365477,4
1.2760,75.407778,3.071306,3.038559,75.8857,68.0841,103.2384,3.062375,0.000000,75.402942,4
1.2770,75.482264,3.138911,-3.139556,74.4859,67.5885,105.0445,1.426602,0.000000,75.437230,4
1.2780,75.554559,-3.074349,-3.035343,72.2952,69.9079,104.1870,-3.063711,0.000000,75.463848,4
1.2790,75.624545,-2.999942,-2.934317,69.9852,74.3889,101.0008,-2.982044,0.000000,75.480331,4
1.2800,75.692868,-2.920177,-2.838069,68.3229,79.7465,96.2255,-2.897784,0.000000,75.486588,4
1.2810,75.760837,-2.835659,-2.747295,67.9692,84.4984,90.7533,-2.811560,0.000000,75.484668,4
1.2820,75.830128,-2.748293,-2.661849,69.2918,87.3482,85.4286,-2.724717,0.000000,75.478053,4
1.2830,75.902350,-2.660769,-2.580940,72.2215,87.5071,80.8938,-2.638997,0.000000,75.470553,4
1.2840,75.978613,-2.575816,-2.503487,76.2632,84.9395,77.4411,-2.556089,0.000000,75.465134,4
1.2850,76.059282,-2.495438,-2.428527,80.6692,80.3683,74.9514,-2.477189,0.000000,75.463117,4
1.2860,76.143915,-2.420425,-2.355532,84.6324,75.0076,72.9906,-2.402727,0.000000,75.463885,4
1.2870,76.231337,-2.350197,-2.284536,87.4224,70.2291,70.9971,-2.332289,0.000000,75.465067,4
1.2880,76.319864,-2.282912,-2.216069,88.5271,67.2904,68.4715,-2.264682,0.000000,75.463174,4
1.2890,76.407687,-2.215874,-2.150923,87.8225,67.0469,65.1553,-2.198160,0.000000,75.454709,4
1.2900,76.493334,-2.146247,-2.089762,85.6468,69.6382,61.1746,-2.130842,0.000000,75.437390,4
1.2910,76.576016,-2.071889,-2.032723,82.6828,74.3702,57.0556,-2.061207,0.000000,75.411032,4
1.2920,76.655760,-1.991961,-1.979153,79.7433,79.9409,53.5900,-1.988468,0.000000,75.377834,4
1.2930,76.733330,-1.907140,-1.927529,77.5706,84.8351,51.6461,-1.912701,0.000000,75.342090,4
1.2940,76.809975,-1.819452,-1.875586,76.6445,87.7021,51.9667,-1.834761,0.000000,75.309279,4
1.2950,76.886995,-1.731743,-1.820687,77.0198,87.7242,54.9224,-1.756001,0.000000,75.284671,4
1.2960,76.965313,-1.646849,-1.760402,78.3185,84.9115,60.3098,-1.677818,0.000000,75.271979,4
1.2970,77.045213,-1.566784,-1.693028,79.8998,80.0854,67.3973,-1.601214,0.000000,75.272638,4
1.2980,77.126274,-1.492267,-1.617852,81.0610,74.5395,75.1984,-1.526517,0.000000,75.285695,4
1.2990,77.207463,-1.422621,-1.535149,81.1895,69.6692,82.7229,-1.453310,0.000000,75.308085,4
1.3000,77.287374,-1.355930,-1.446069,79.9108,66.7126,89.0968,-1.380514,0.000000,75.335263,4
1.3010,77.364612,-1.289459,-1.352420,77.2373,66.4916,93.6621,-1.306630,0.000000,75.362274,4
1.3020,77.438218,-1.220350,-1.256299,73.6066,69.1251,96.1296,-1.230154,0.000000,75.385025,4
1.3030,77.507971,-1.146433,-1.159631,69.7526,73.9277,96.6734,-1.150033,0.000000,75.401236,4
1.3040,77.574486,-1.066807,-1.063794,66.5154,79.6325,95.8391,-1.065985,0.000000,75.410815,4
1.3050,77.639158,-0.982049,-0.969458,64.6717,84.7593,94.3361,-0.978615,0.000000,75.415713,4
1.3060,77.703896,-0.894102,-0.876612,64.7381,87.9463,92.8428,-0.889332,0.000000,75.419256,4
1.3070,77.770659,-0.805809,-0.784777,66.7633,88.2896,91.8315,-0.800073,0.000000,75.424991,4
1.3080,77.840941,-0.720127,-0.693361,70.2820,85.6782,91.4115,-0.712827,0.000000,75.435411,4
1.3090,77.915449,-0.639254,-0.602067,74.5074,80.8690,91.2871,-0.629112,0.000000,75.451123,4
1.3100,77.994032,-0.564069,-0.511169,78.5837,75.1807,90.8888,-0.549642,0.000000,75.470628,4
1.3110,78.075789,-0.493988,-0.421584,81.7567,70.0743,89.5746,-0.474242,0.000000,75.490608,4
1.3120,78.159294,-0.427144,-0.334759,83.5044,66.8370,86.8120,-0.401948,0.000000,75.506651,4
1.3130,78.242968,-0.360823,-0.252396,83.6748,66.3116,82.3498,-0.331252,0.000000,75.514373,4
1.3140,78.325507,-0.292174,-0.176025,82.5383,68.6363,76.3564,-0.260497,0.000000,75.510618,4
1.3150,78.406189,-0.218987,-0.106593,80.6825,73.1716,69.4180,-0.188334,0.000000,75.494277,4
1.3160,78.485017,-0.140247,-0.044193,78.8279,78.7220,62.3854,-0.114051,0.000000,75.466602,4
1.3170,78.562679,-0.056351,0.012027,77.6616,83.8755,56.2065,-0.037703,0.000000,75.431105,4
1.3180,78.640348,0.030963,0.063844,77.6693,87.2924,51.8048,0.039930,0.000000,75.392994,4
1.3190,78.719301,0.118991,0.113761,78.9534,88.0067,49.9046,0.117565,0.000000,75.357982,4
1.3200,78.800462,0.204787,0.164545,81.1612,85.7745,50.7715,0.193812,0.000000,75.330811,4
1.3210,78.884083,0.286036,0.218623,83.6201,81.2293,54.0655,0.267650,0.000000,75.314153,4
1.3220,78.969646,0.361696,0.277625,85.5632,75.6437,58.9906,0.338767,0.000000,75.308249,4
1.3230,79.055960,0.432208,0.342233,86.3144,70.4997,64.5969,0.407669,0.000000,75.311129,4
1.3240,79.141409,0.499346,0.412251,85.4487,67.1300,70.0091,0.475593,0.000000,75.319280,4
1.3250,79.224348,0.565770,0.486827,82.9393,66.4198,74.5692,0.544240,0.000000,75.328713,4
1.3260,79.303538,0.634306,0.564795,79.1895,68.5339,77.9641,0.615349,0.000000,75.336163,4
1.3270,79.378432,0.707149,0.645089,74.8946,72.8431,80.2914,0.690224,0.000000,75.339977,4
1.3280,79.449279,0.785312,0.727065,70.8473,78.1640,81.9763,0.769427,0.000000,75.340434,4
1.3290,79.517071,0.868438,0.810649,67.7912,83.1276,83.5853,0.852677,0.000000,75.339593,4
1.3300,79.583355,0.954915,0.896284,66.2844,86.4783,85.6374,0.938924,0.000000,75.340695,4
1.3310,79.649889,1.042243,0.984714,66.5339,87.3309,88.4326,1.026553,0.000000,75.347167,4
1.3320,79.718189,1.127680,1.076623,68.3001,85.4417,91.9117,1.113755,0.000000,75.361455,4
1.3330,79.789173,1.209014,1.172245,70.9834,81.3417,95.6268,1.198986,0.000000,75.384157,4
1.3340,79.863002,1.285173,1.271106,73.8296,76.1720,98.8677,1.281337,0.000000,75.413686,4
1.3350,79.939130,1.356488,1.371950,76.1283,71.3300,100.8526,1.360705,0.000000,75.446484,4
1.3360,80.016512,1.424585,1.472846,77.3817,68.1167,100.9064,1.437747,0.000000,75.477727,4
1.3370,80.093961,1.491970,1.571474,77.4490,67.4057,98.6409,1.513653,0.000000,75.502492,4
1.3380,80.170548,1.561307,1.665575,76.5872,69.3572,94.1165,1.589743,0.000000,75.516994,4
1.3390,80.245884,1.634644,1.753414,75.3359,73.3573,87.8547,1.667036,0.000000,75.519391,4
1.3400,80.320216,1.712896,1.834064,74.3313,78.2692,80.6664,1.745942,0.000000,75.510032,4
1.3410,80.394360,1.795683,1.907491,74.1439,82.8016,73.4444,1.826176,0.000000,75.491262,4
1.3420,80.469497,1.881468,1.974506,75.1373,85.7983,67.0332,1.906842,0.000000,75.466903,4
1.3430,80.546839,1.967929,2.036608,77.3418,86.4734,62.1198,1.986660,0.000000,75.441351,4
1.3440,80.627253,2.052549,2.095676,80.4146,84.6321,59.0863,2.064311,0.000000,75.418476,4
1.3450,80.710989,2.133304,2.153557,83.7358,80.7669,57.8979,2.138828,0.000000,75.400698,4
1.3460,80.797566,2.209210,2.211684,86.5766,75.9174,58.1437,2.209885,0.000000,75.388533,4
1.3470,80.885827,2.280575,2.270884,88.2610,71.3754,59.2137,2.277932,0.000000,75.380654,4
1.3480,80.974158,2.348940,2.331371,88.3307,68.3739,60.4971,2.344149,0.000000,75.374437,4
1.3490,81.060863,2.416705,2.392918,86.7054,67.7694,61.5542,2.410217,0.000000,75.366943,4
1.3500,81.144597,2.486447,2.455167,83.7340,69.7432,62.2506,2.477916,0.000000,75.356035,4
1.3510,81.224666,2.560158,2.517969,80.0691,73.7052,62.8000,2.548652,0.000000,75.341187,4
1.3520,81.301128,2.638684,2.581648,76.4624,78.5156,63.6721,2.623129,0.000000,75.323739,4
1.3530,81.374720,2.721562,2.647077,73.5912,82.8631,65.4190,2.701248,0.000000,75.306628,4
1.3540,81.446640,2.807178,2.715582,71.9203,85.5974,68.4908,2.782197,0.000000,75.293692,4
1.3550,81.518224,2.893193,2.788662,71.5837,85.9948,73.0628,2.864684,0.000000,75.288655,4
1.3560,81.590574,2.977171,2.867602,72.3506,83.9573,78.9212,2.947288,0.000000,75.294097,4
1.3570,81.664290,3.057235,2.953109,73.7158,80.0447,85.4852,3.028837,0.000000,75.310759,4
1.3580,81.739346,3.132551,3.045087,75.0560,75.2966,91.9549,3.108697,0.000000,75.337279,4
1.3590,81.815131,-3.079656,-3.140600,75.7849,70.9610,97.4744,-3.096277,0.000000,75.370325,4
1.3600,81.890643,-3.011416,-3.039315,75.5122,68.2235,101.2608,-3.019025,0.000000,75.405185,4
1.3610,81.964836,-2.943496,-2.936535,74.1925,67.9042,102.7556,-2.941598,0.000000,75.436847,4
1.3620,82.037005,-2.873330,-2.834706,72.1694,70.1518,101.8063,-2.862796,0.000000,75.461257,4
1.3630,82.107065,-2.798977,-2.735944,70.0597,74.3380,98.7417,-2.781786,0.000000,75.476224,4
1.3640,82.175627,-2.719680,-2.641680,68.5618,79.2822,94.2456,-2.698407,0.000000,75.481728,4
1.3650,82.243899,-2.636032,-2.552528,68.2728,83.6340,89.1364,-2.613258,0.000000,75.479694,4
1.3660,82.313419,-2.549800,-2.468330,69.5199,86.2192,84.1859,-2.527581,0.000000,75.473337,4
1.3670,82.385656,-2.463459,-2.388345,72.2365,86.3310,79.9758,-2.442973,0.000000,75.466157,4
1.3680,82.461629,-2.379507,-2.311574,75.9725,83.9447,76.7666,-2.360980,0.000000,75.460883,4
1.3690,82.541673,-2.299785,-2.237125,80.0445,79.7196,74.4473,-2.282696,0.000000,75.458740,4
1.3700,82.625381,-2.225022,-2.164506,83.7085,74.7660,72.6228,-2.208518,0.000000,75.459176,4
1.3710,82.711674,-2.154685,-2.093733,86.2924,70.3455,70.7815,-2.138062,0.000000,75.460032,4
1.3720,82.799003,-2.087086,-2.025278,87.3292,67.6125,68.4680,-2.070229,0.000000,75.458131,4
1.3730,82.885707,-2.019755,-1.959848,86.7045,67.3464,65.4462,-2.003417,0.000000,75.450276,4
1.3740,82.970427,-1.950095,-1.898043,84.7192,69.6781,61.8246,-1.935899,0.000000,75.434354,4
1.3750,83.052416,-1.876124,-1.839994,81.9888,73.9898,58.0722,-1.866270,0.000000,75.410142,4
1.3760,83.131669,-1.797034,-1.785115,79.2532,79.1086,54.9027,-1.793783,0.000000,75.379581,4
1.3770,83.208862,-1.713395,-1.732037,77.1931,83.6568,53.1036,-1.718479,0.000000,75.346527,4
1.3780,83.285119,-1.627015,-1.678711,76.2570,86.3966,53.3514,-1.641114,0.000000,75.315953,4
1.3790,83.361636,-1.540470,-1.622741,76.5174,86.5613,55.9950,-1.562908,0.000000,75.292712,4
1.3800,83.439292,-1.456373,-1.561884,77.6554,84.1154,60.8804,-1.485149,0.000000,75.280324,4
1.3810,83.518391,-1.376632,-1.494532,79.0990,79.7593,67.3744,-1.408786,0.000000,75.280261,4
1.3820,83.598595,-1.301999,-1.419962,80.2041,74.6515,74.5887,-1.334171,0.000000,75.291796,4
1.3830,83.678994,-1.231943,-1.338371,80.3998,70.0747,81.6063,-1.260969,0.000000,75.312225,4
1.3840,83.758319,-1.164776,-1.250774,79.3247,67.1841,87.6084,-1.188230,0.000000,75.337438,4
1.3850,83.835280,-1.098024,-1.158809,76.9611,66.7657,91.9727,-1.114602,0.000000,75.362871,4
1.3860,83.908957,-1.029053,-1.064406,73.6770,68.9811,94.4076,-1.038694,0.000000,75.384652,4
1.3870,83.979081,-0.955794,-0.969366,70.1240,73.2636,95.0390,-0.959496,0.000000,75.400503,4
1.3880,84.046149,-0.877302,-0.875022,67.0678,78.4929,94.3407,-0.876680,0.000000,75.410140,4
1.3890,84.111376,-0.793977,-0.782061,65.2274,83.3210,92.9554,-0.790727,0.000000,75.415171,4
1.3900,84.176477,-0.707487,-0.690540,65.1005,86.4836,91.5130,-0.702865,0.000000,75.418536,4
1.3910,84.243258,-0.620372,-0.600060,66.7806,87.1064,90.4709,-0.614832,0.000000,75.423504,4
1.3920,84.313156,-0.535359,-0.510079,69.8983,85.0036,89.9705,-0.528464,0.000000,75.432521,4
1.3930,84.386921,-0.454576,-0.420279,73.7655,80.7724,89.7866,-0.445223,0.000000,75.446387,4
1.3940,84.464520,-0.379002,-0.330839,77.5983,75.5636,89.4264,-0.365866,0.000000,75.463984,4
1.3950,84.545204,-0.308277,-0.242517,80.6845,70.7123,88.3055,-0.290343,0.000000,75.482472,4
1.3960,84.627714,-0.240831,-0.156582,82.5093,67.4337,85.9175,-0.217854,0.000000,75.497898,4
1.3970,84.710594,-0.174248,-0.074573,82.8803,66.5693,81.9913,-0.147064,0.000000,75.506176,4
1.3980,84.792583,-0.105886,0.002067,81.9894,68.3465,76.6225,-0.076444,0.000000,75.504188,4
1.3990,84.872922,-0.033587,0.072378,80.3388,72.2820,70.2945,-0.004687,0.000000,75.490604,4
1.4000,84.951503,0.043774,0.136154,78.5806,77.3420,63.7611,0.068969,0.000000,75.466247,4
1.4010,85.028861,0.126035,0.194059,77.3587,82.2418,57.8906,0.144587,0.000000,75.434055,4
1.4020,85.106017,0.211781,0.247613,77.1556,85.7257,53.5419,0.221553,0.000000,75.398618,4
1.4030,85.184147,0.298641,0.299035,78.1302,86.8405,51.4121,0.298749,0.000000,75.365184,4
1.4040,85.264180,0.383902,0.350862,80.0330,85.2427,51.8167,0.374891,0.000000,75.338343,4
1.4050,85.346474,0.465289,0.405408,82.2940,81.3724,54.5381,0.448958,0.000000,75.320947,4
1.4060,85.430690,0.541604,0.464327,84.2165,76.3031,58.9118,0.520528,0.000000,75.313649,4
1.4070,85.515845,0.612986,0.528411,85.1550,71.3758,64.0800,0.589920,0.000000,75.315008,4
1.4080,85.600510,0.680844,0.597628,84.6641,67.8571,69.2151,0.658149,0.000000,75.322014,4
1.4090,85.683147,0.747500,0.671291,82.6370,66.6587,73.6634,0.726716,0.000000,75.330999,4
1.4100,85.762508,0.815577,0.748352,79.3616,68.0821,77.0649,0.797243,0.000000,75.338727,4
1.4110,85.837938,0.887273,0.827776,75.4293,71.7033,79.4292,0.871047,0.000000,75.343290,4
1.4120,85.909501,0.963793,0.908859,71.5635,76.5275,81.0891,0.948811,0.000000,75.344528,4
1.4130,85.977972,1.045095,0.991399,68.4713,81.3097,82.5481,1.030451,0.000000,75.343985,4
1.4140,86.044689,1.129935,1.075697,66.7164,84.8480,84.3049,1.115143,0.000000,75.344449,4
1.4150,86.111262,1.216157,1.162383,66.5728,86.2294,86.6936,1.201491,0.000000,75.349121,4
1.4160,86.179179,1.301225,1.252122,67.9171,85.0767,89.7468,1.287833,0.000000,75.360555,4
1.4170,86.249446,1.382922,1.345254,70.2672,81.7082,93.1401,1.372649,0.000000,75.379778,4
1.4180,86.322396,1.459962,1.441517,72.9499,77.0539,96.2723,1.454931,0.000000,75.405851,4
1.4190,86.397683,1.532309,1.539936,75.2872,72.3642,98.4307,1.534389,0.000000,75.435934,4
1.4200,86.474439,1.601171,1.638882,76.7565,68.8824,98.9582,1.611456,0.000000,75.465817,4
1.4210,86.551569,1.668691,1.736285,77.1295,67.5398,97.4160,1.687125,0.000000,75.490882,4
1.4220,86.628110,1.737351,1.830009,76.5415,68.6803,93.7384,1.762621,0.000000,75.507240,4
1.4230,86.703537,1.809268,1.918285,75.4266,71.9356,88.2903,1.839000,0.000000,75.512624,4
1.4240,86.777897,1.885627,2.000028,74.3604,76.3744,81.7569,1.916828,0.000000,75.506760,4
1.4250,86.851799,1.966435,2.074971,73.9018,80.8194,74.9568,1.996036,0.000000,75.491314,4
1.4260,86.926257,2.050566,2.143656,74.4577,84.1402,68.6980,2.075954,0.000000,75.469499,4
1.4270,87.002417,2.136042,2.207317,76.1602,85.4833,63.6731,2.155481,0.000000,75.445340,4
1.4280,87.081216,2.220520,2.267636,78.7986,84.4844,60.3311,2.233370,0.000000,75.422689,4
1.4290,87.163085,2.301919,2.326384,81.8699,81.4031,58.7577,2.308591,0.000000,75.404291,4
1.4300,87.247804,2.378976,2.385043,84.7185,77.0615,58.6679,2.380631,0.000000,75.391217,4
1.4310,87.334495,2.451580,2.444573,86.6910,72.6061,59.5361,2.449669,0.000000,75.382774,4
1.4320,87.421779,2.520799,2.505350,87.2839,69.2202,60.7793,2.516586,0.000000,75.376859,4
1.4330,87.508073,2.588638,2.567273,86.2946,67.8359,61.9222,2.582811,0.000000,75.370739,4
1.4340,87.591983,2.657495,2.630011,83.9097,68.8514,62.7331,2.649999,0.000000,75.362067,4
1.4350,87.672629,2.729472,2.693316,80.6458,71.9667,63.2967,2.719612,0.000000,75.349750,4
1.4360,87.749809,2.805773,2.757300,77.1801,76.2862,63.9723,2.792553,0.000000,75.334376,4
1.4370,87.823987,2.886418,2.822571,74.1784,80.6269,65.2567,2.869005,0.000000,75.318144,4
1.4380,87.896145,2.970283,2.890203,72.1580,83.8443,67.6161,2.948443,0.000000,75.304367,4
1.4390,87.967514,3.055401,2.961544,71.3686,85.0968,71.3238,3.029804,0.000000,75.296636,4
1.4400,88.039239,3.139480,3.037892,71.7252,84.0576,76.3286,3.111774,0.000000,75.297844,4
1.4410,88.112087,-3.062672,3.120134,72.8477,81.0140,82.2215,-1.376452,0.000000,75.309401,4
1.4420,88.186274,-2.985878,-3.074701,74.1872,76.7758,88.3294,-3.010102,0.000000,75.330825,4
1.4430,88.261447,-2.913414,-2.980812,75.1727,72.4479,93.8676,-2.931795,0.000000,75.359730,4
1.4440,88.336802,-2.844224,-2.882718,75.3548,69.1756,98.0732,-2.854723,0.000000,75.392191,4
1.4450,88.411350,-2.776332,-2.782365,74.5487,67.8806,100.3334,-2.777977,0.000000,75.423567,4
1.4460,88.484272,-2.707346,-2.682002,72.9211,68.9754,100.3440,-2.700434,0.000000,75.449623,4
1.4470,88.555216,-2.635158,-2.583759,70.9446,72.1779,98.2274,-2.621140,0.000000,75.467527,4
1.4480,88.624461,-2.558557,-2.489253,69.2445,76.5922,94.4922,-2.539656,0.000000,75.476374,4
1.4490,88.692887,-2.477536,-2.399385,68.4264,81.0129,89.8581,-2.456222,0.000000,75.477186,4
1.4500,88.761805,-2.393269,-2.314307,68.9179,84.2599,85.0712,-2.371734,0.000000,75.472482,4
1.4510,88.832637,-2.307801,-2.233542,70.8323,85.4634,80.7611,-2.287549,0.000000,75.465495,4
1.4520,88.906552,-2.223501,-2.156229,73.9142,84.2985,77.3134,-2.205154,0.000000,75.459191,4
1.4530,88.984173,-2.142417,-2.081449,77.6211,81.0868,74.7836,-2.125789,0.000000,75.455428,4
1.4540,89.065451,-2.065744,-2.008540,81.2788,76.6802,72.9184,-2.050143,0.000000,75.454507,4
1.4550,89.149673,-1.993554,-1.937271,84.2220,72.2025,71.2815,-1.978204,0.000000,75.455129,4
1.4560,89.235588,-1.924780,-1.867875,85.9145,68.7916,69.4133,-1.909260,0.000000,75.454752,4
1.4570,89.321670,-1.857440,-1.800911,86.0817,67.3598,66.9834,-1.842023,0.000000,75.450338,4
1.4580,89.406483,-1.789122,-1.737008,84.8137,68.3393,63.9258,-1.774909,0.000000,75.439344,4
1.4590,89.489030,-1.717645,-1.676525,82.5462,71.4991,60.5077,-1.706431,0.000000,75.420629,4
1.4600,89.568948,-1.641675,-1.619270,79.9183,75.9916,57.2814,-1.635564,0.000000,75.394954,4
1.4610,89.646548,-1.561078,-1.564349,77.5997,80.6160,54.9470,-1.561970,0.000000,75.364996,4
1.4620,89.722677,-1.476955,-1.510183,76.1290,84.1409,54.1910,-1.486017,0.000000,75.334885,4
1.4630,89.798442,-1.391362,-1.454701,75.7654,85.6091,55.5051,-1.408636,0.000000,75.309262,4
1.4640,89.874848,-1.306761,-1.395722,76.4056,84.6164,59.0004,-1.331023,0.000000,75.292130,4
1.4650,89.952485,-1.225324,-1.331418,77.6374,81.4510,64.3235,-1.254259,0.000000,75.285924,4
1.4660,90.031376,-1.148365,-1.260665,78.8910,76.9732,70.7684,-1.178992,0.000000,75.291090,4
1.4670,90.110966,-1.076052,-1.183186,79.5904,72.3262,77.4903,-1.105270,0.000000,75.306102,4
1.4680,90.190248,-1.007400,-1.099521,79.2815,68.6631,83.6720,-1.032524,0.000000,75.327808,4
1.4690,90.268008,-0.940484,-1.010900,77.7600,66.9239,88.6243,-0.959688,0.000000,75.352108,4
1.4700,90.343172,-0.872888,-0.919003,75.1644,67.6013,91.8955,-0.885465,0.000000,75.374945,4
1.4710,90.415129,-0.802336,-0.825615,71.9567,70.5524,93.3835,-0.808685,0.000000,75.393289,4
1.4720,90.483924,-0.727318,-0.732253,68.7950,75.0147,93.3548,-0.728664,0.000000,75.405781,4
1.4730,90.550303,-0.647470,-0.639913,66.3790,79.8403,92.3293,-0.645409,0.000000,75.412899,4
1.4740,90.615603,-0.563665,-0.548990,65.3003,83.7946,90.9104,-0.559663,0.000000,75.416692,4
1.4750,90.681479,-0.477816,-0.459348,65.8761,85.8362,89.6287,-0.472780,0.000000,75.420095,4
1.4760,90.749499,-0.392404,-0.370533,68.0200,85.3983,88.8000,-0.386440,0.000000,75.425919,4
1.4770,90.820763,-0.309790,-0.282095,71.2638,82.5993,88.4227,-0.302237,0.000000,75.435897,4
1.4780,90.895689,-0.231565,-0.193892,74.9258,78.2097,88.1852,-0.221291,0.000000,75.450112,4
1.4790,90.973986,-0.158172,-0.106283,78.2970,73.3783,87.5899,-0.144020,0.000000,75.466915,4
1.4800,91.054762,-0.088841,-0.020149,80.7763,69.3152,86.1145,-0.070107,0.000000,75.483245,4
1.4810,91.136750,-0.021790,0.063231,81.9879,67.0355,83.3613,0.001398,0.000000,75.495318,4
1.4820,91.218632,0.045352,0.142446,81.8819,67.1259,79.1962,0.071832,0.000000,75.499598,4
1.4830,91.299379,0.114928,0.216302,80.7471,69.5598,73.8384,0.142575,0.000000,75.493737,4
1.4840,91.378488,0.188636,0.284150,79.1091,73.6919,67.8331,0.214685,0.000000,75.477196,4
1.4850,91.456068,0.267115,0.346088,77.5798,78.4625,61.9252,0.288653,0.000000,75.451443,4
1.4860,91.532784,0.349803,0.403023,76.7156,82.6718,56.9245,0.364318,0.000000,75.419787,4
1.4870,91.609655,0.435052,0.456615,76.8719,85.2333,53.5846,0.440933,0.000000,75.386779,4
1.4880,91.687728,0.520505,0.509060,78.0722,85.4386,52.4393,0.517384,0.000000,75.357176,4
1.4890,91.767710,0.603725,0.562677,79.9819,83.2091,53.6129,0.592530,0.000000,75.334766,4
1.4900,91.849737,0.682891,0.619433,82.0272,79.1585,56.7546,0.665584,0.000000,75.321564,4
1.4910,91.933307,0.757269,0.680610,83.5705,74.3766,61.1775,0.736362,0.000000,75.317552,4
1.4920,92.017369,0.827364,0.746692,84.0619,70.0978,66.0868,0.805363,0.000000,75.320899,4
1.4930,92.100544,0.894767,0.817443,83.1748,67.4103,70.7569,0.873678,0.000000,75.328552,4
1.4940,92.181460,0.961761,0.892089,80.9157,67.0046,74.6556,0.942759,0.000000,75.337135,4
1.4950,92.259098,1.030715,0.969626,77.6381,68.9669,77.5473,1.014054,0.000000,75.343926,4
1.4960,92.333031,1.103444,1.049146,73.9333,72.7424,79.5322,1.088635,0.000000,75.347572,4
1.4970,92.403508,1.180759,1.130107,70.4766,77.3282,80.9725,1.166945,0.000000,75.348350,4
1.4980,92.471405,1.262312,1.212438,67.8977,81.5650,82.3431,1.248710,0.000000,75.348032,4
1.4990,92.538062,1.346694,1.296503,66.6566,84.3932,84.0755,1.333006,0.000000,75.349365,4
1.5000,92.604975,1.431766,1.382907,66.9130,85.0824,86.4152,1.418441,0.000000,75.355233,4
1.5010,92.673436,1.515200,1.472209,68.4609,83.4456,89.3118,1.503475,0.000000,75.367703,4
1.5020,92.744235,1.595118,1.564597,70.7989,79.9315,92.3984,1.586794,0.000000,75.387306,4
1.5030,92.817527,1.670593,1.659675,73.2927,75.4903,95.0888,1.667615,0.000000,75.412749,4
1.5040,92.892867,1.741869,1.756394,75.3392,71.2935,96.7307,1.745830,0.000000,75.441072,4
1.5050,92.969375,1.810291,1.853139,76.5086,68.4398,96.7566,1.821977,0.000000,75.468230,4
1.5060,93.046036,1.877954,1.947961,76.6606,67.6815,94.8330,1.897047,0.000000,75.490025,4
1.5070,93.122019,1.947134,2.038936,75.9829,69.1963,90.9860,1.972171,0.000000,75.503123,4
1.5080,93.196930,2.019648,2.124547,74.9109,72.5263,85.6212,2.048256,0.000000,75.505778,4
1.5090,93.270912,2.096389,2.203943,73.9823,76.7509,79.4054,2.125722,0.000000,75.498105,4
1.5100,93.344609,2.177158,2.277039,73.6967,80.7748,73.1034,2.204398,0.000000,75.481970,4
1.5110,93.419000,2.260739,2.344486,74.3914,83.5840,67.4531,2.283579,0.000000,75.460570,4
1.5120,93.495134,2.345197,2.407543,76.1342,84.4581,63.0629,2.362200,0.000000,75.437694,4
1.5130,93.573814,2.428357,2.467827,78.6800,83.1591,60.2888,2.439122,0.000000,75.416806,4
1.5140,93.655347,2.508385,2.526967,81.5331,80.0256,59.1421,2.513453,0.000000,75.400227,4
1.5150,93.739428,2.584272,2.586276,84.0805,75.8830,59.3086,2.584818,0.000000,75.388694,4
1.5160,93.825161,2.656089,2.646559,85.7333,71.8120,60.2809,2.653490,0.000000,75.381333,4
1.5170,93.911225,2.724980,2.708089,86.0634,68.8836,61.5244,2.720374,0.000000,75.376061,4
1.5180,93.996160,2.792885,2.770723,84.9349,67.8947,62.6245,2.786841,0.000000,75.370341,4
1.5190,94.078724,2.862021,2.834138,82.5646,69.1229,63.4041,2.854416,0.000000,75.362102,4
1.5200,94.158177,2.934248,2.898127,79.4529,72.2117,63.9750,2.924397,0.000000,75.350493,4
1.5210,94.234406,3.010560,2.962829,76.2287,76.2935,64.6873,2.997542,0.000000,75.336217,4
1.5220,94.307903,3.090852,3.028845,73.4974,80.2725,65.9998,3.073941,0.000000,75.321427,4
1.5230,94.379619,-3.109199,3.097190,71.7157,83.1139,68.3276,-1.416547,0.000000,75.309237,4
1.5240,94.450704,-3.025096,-3.114083,71.0853,84.0825,71.8954,-3.049365,0.000000,75.302932,4
1.5250,94.522205,-2.942148,-3.037439,71.5009,82.9294,76.6264,-2.968136,0.000000,75.305088,4
1.5260,94.594799,-2.862164,-2.955300,72.5943,79.9667,82.1217,-2.887565,0.000000,75.316868,4
1.5270,94.668652,-2.786178,-2.867533,73.8525,75.9721,87.7496,-2.808366,0.000000,75.337680,4
1.5280,94.743404,-2.714189,-2.774733,74.7524,71.9769,92.7841,-2.730701,0.000000,75.365185,4
1.5290,94.818298,-2.645151,-2.678189,74.8938,69.0294,96.5284,-2.654162,0.000000,75.395682,4
1.5300,94.892424,-2.577196,-2.579737,74.1262,67.9489,98.4386,-2.577889,0.000000,75.424882,4
1.5310,94.965041,-2.508119,-2.481460,72.6173,69.0722,98.2650,-2.500848,0.000000,75.448926,4
1.5320,95.035848,-2.436009,-2.385306,70.8064,72.1067,96.1455,-2.422181,0.000000,75.465273,4
1.5330,95.105114,-2.359789,-2.292740,69.2660,76.2171,92.5598,-2.341503,0.000000,75.473150,4
1.5340,95.173660,-2.279490,-2.204563,68.5462,80.2981,88.1733,-2.259055,0.000000,75.473547,4
1.5350,95.242692,-2.196215,-2.120891,69.0321,83.2749,83.6720,-2.175672,0.000000,75.468817,4
1.5360,95.313514,-2.111856,-2.041263,70.8221,84.3610,79.6315,-2.092603,0.000000,75.461949,4
1.5370,95.387197,-2.028593,-1.964868,73.6829,83.2672,76.4015,-2.011214,0.000000,75.455690,4
1.5380,95.464317,-1.948313,-1.890847,77.1195,80.2888,74.0311,-1.932641,0.000000,75.451775,4
1.5390,95.544829,-1.872123,-1.818571,80.5125,76.2039,72.2898,-1.857518,0.000000,75.450510,4
1.5400,95.628078,-1.800096,-1.747809,83.2483,72.0441,70.7793,-1.785836,0.000000,75.450731,4
1.5410,95.712910,-1.731259,-1.678752,84.8330,68.8572,69.0784,-1.716939,0.000000,75.450130,4
1.5420,95.797922,-1.663799,-1.611893,85.0119,67.4833,66.8821,-1.649643,0.000000,75.445928,4
1.5430,95.881783,-1.595498,-1.547794,83.8604,68.3244,64.1231,-1.582488,0.000000,75.435775,4
1.5440,95.963551,-1.524336,-1.486785,81.7679,71.1845,61.0340,-1.514095,0.000000,75.418572,4
1.5450,96.042865,-1.449051,-1.428702,79.3146,75.3064,58.1078,-1.443501,0.000000,75.394942,4
1.5460,96.119981,-1.369467,-1.372749,77.1152,79.6017,55.9771,-1.370362,0.000000,75.367261,4
1.5470,96.195652,-1.286540,-1.317503,75.6713,82.9417,55.2673,-1.294985,0.000000,75.339253,4
1.5480,96.270890,-1.202118,-1.261089,75.2383,84.4351,56.4337,-1.218201,0.000000,75.315167,4
1.5490,96.346637,-1.118451,-1.201508,75.7473,83.6777,59.5976,-1.141103,0.000000,75.298744,4
1.5500,96.423480,-1.037575,-1.137054,76.8427,80.8851,64.4671,-1.064705,0.000000,75.292358,4
1.5510,96.501491,-0.960777,-1.066643,78.0107,76.8051,70.4201,-0.989650,0.000000,75.296575,4
1.5520,96.580209,-0.888311,-0.989960,78.7185,72.4715,76.6873,-0.916034,0.000000,75.310133,4
1.5530,96.658744,-0.819362,-0.907453,78.5348,68.9526,82.5076,-0.843387,0.000000,75.330230,4
1.5540,96.735991,-0.752225,-0.820219,77.2466,67.1385,87.2306,-0.770769,0.000000,75.353124,4
1.5550,96.810938,-0.684695,-0.729795,74.9469,67.5276,90.4167,-0.696995,0.000000,75.375017,4
1.5560,96.882967,-0.614638,-0.637845,72.0293,70.0514,91.9391,-0.620967,0.000000,75.392963,4
1.5570,96.952049,-0.540562,-0.545822,69.0823,74.0680,92.0095,-0.541996,0.000000,75.405498,4
1.5580,97.018798,-0.461996,-0.454721,66.7488,78.5538,91.0860,-0.460012,0.000000,75.412849,4
1.5590,97.084386,-0.379608,-0.364983,65.5880,82.3730,89.7224,-0.375619,0.000000,75.416735,4
1.5600,97.150313,-0.295054,-0.276543,65.9266,84.5380,88.4229,-0.290005,0.000000,75.419783,4
1.5610,97.218051,-0.210573,-0.189013,67.7385,84.4639,87.5118,-0.204693,0.000000,75.424652,4
1.5620,97.288694,-0.128388,-0.101960,70.6427,82.1670,87.0343,-0.121181,0.000000,75.433132,4
1.5630,97.362730,-0.050101,-0.015193,74.0362,78.2696,86.7475,-0.040581,0.000000,75.445567,4
1.5640,97.439993,0.023700,0.071044,77.2629,73.7846,86.2175,0.036612,0.000000,75.460704,4
1.5650,97.519738,0.093546,0.156026,79.7453,69.8291,84.9627,0.110586,0.000000,75.475920,4
1.5660,97.600834,0.160941,0.238638,81.0955,67.3805,82.5928,0.182131,0.000000,75.487801,4
1.5670,97.682044,0.228014,0.317592,81.2103,67.0586,78.9371,0.252444,0.000000,75.492993,4
1.5680,97.762345,0.296974,0.391743,80.3013,68.9462,74.1369,0.322820,0.000000,75.489086,4
1.5690,97.841165,0.369536,0.460398,78.8194,72.5491,68.6423,0.394316,0.000000,75.475248,4
1.5700,97.918488,0.446496,0.523520,77.3231,76.9479,63.1136,0.467502,0.000000,75.452493,4
1.5710,97.994832,0.527551,0.581820,76.3442,81.0442,58.2942,0.542352,0.000000,75.423581,4
1.5720,98.071088,0.611361,0.636719,76.2564,83.8002,54.8953,0.618277,0.000000,75.392549,4
1.5730,98.148240,0.695848,0.690173,77.1513,84.4789,53.4537,0.694300,0.000000,75.363828,4
1.5740,98.227031,0.778731,0.744335,78.7915,82.8779,54.1638,0.769350,0.000000,75.341185,4
1.5750,98.307722,0.858159,0.801120,80.6906,79.4278,56.7902,0.842603,0.000000,75.326888,4
1.5760,98.389987,0.933204,0.861869,82.2654,75.0494,60.7561,0.913749,0.000000,75.321358,4
1.5770,98.472968,1.004062,0.927196,82.9812,70.8673,65.3380,0.983099,0.000000,75.323265,4
1.5780,98.555446,1.071982,0.997023,82.4779,67.9333,69.8403,1.051539,0.000000,75.329995,4
1.5790,98.636125,1.138956,1.070728,80.6783,66.9905,73.7188,1.120348,0.000000,75.338407,4
1.5800,98.713953,1.207209,1.147392,77.8282,68.2701,76.6805,1.190895,0.000000,75.345737,4
1.5810,98.788378,1.278602,1.226115,74.4252,71.4105,78.7379,1.264287,0.000000,75.350328,4
1.5820,98.859462,1.354164,1.306269,71.0843,75.5788,80.1694,1.341102,0.000000,75.352004,4
1.5830,98.927873,1.433871,1.387652,68.4104,79.7214,81.3971,1.421266,0.000000,75.352034,4
1.5840,98.994756,1.516672,1.470482,66.8832,82.8130,82.8429,1.504075,0.000000,75.352756,4
1.5850,99.061493,1.600733,1.555265,66.7371,84.0732,84.7944,1.588333,0.000000,75.356879,4
1.5860,99.129372,1.683894,1.642548,67.8790,83.1716,87.2935,1.672618,0.000000,75.366619,4
1.5870,99.199288,1.764233,1.732628,69.9156,80.3515,90.0895,1.755613,0.000000,75.382949,4
1.5880,99.271571,1.840589,1.825314,72.2839,76.3693,92.6960,1.836423,0.000000,75.405207,4
1.5890,99.345975,1.912843,1.919826,74.4035,72.2678,94.5208,1.914747,0.000000,75.431114,4
1.5900,99.421788,1.981934,2.014824,75.8134,69.1056,95.0063,1.990904,0.000000,75.457183,4
1.5910,99.498076,2.049623,2.108582,76.2873,67.7025,93.7655,2.065703,0.000000,75.479482,4
1.5920,99.573972,2.118025,2.199283,75.8964,68.4129,90.7070,2.140186,0.000000,75.494567,4
1.5930,99.648946,2.189026,2.285369,74.9740,71.0100,86.0911,2.215302,0.000000,75.500260,4
1.5940,99.722943,2.263794,2.365830,73.9974,74.7717,80.4641,2.291622,0.000000,75.496059,4
1.5950,99.796399,2.342510,2.440345,73.4552,78.7167,74.5163,2.369192,0.000000,75.483154,4
1.5960,99.870126,2.424368,2.509298,73.7271,81.8555,68.9535,2.447530,0.000000,75.464146,4
1.5970,99.945104,2.507772,2.573694,74.9783,83.3991,64.3953,2.525751,0.000000,75.442464,4
1.5980,100.022195,2.590724,2.634964,77.0912,82.9451,61.2679,2.602789,0.000000,75.421555,4
1.5990,100.101882,2.671338,2.694669,79.6867,80.6053,59.7013,2.677701,0.000000,75.404068,4
1.6000,100.184108,2.748337,2.754181,82.2262,76.9890,59.5061,2.749930,0.000000,75.391295,4
1.6010,100.268251,2.821379,2.814450,84.1430,73.0312,60.2617,2.819489,0.000000,75.383004,4
1.6020,100.353220,2.891144,2.875924,84.9689,69.7530,61.4635,2.886993,0.000000,75.377650,4
1.6030,100.437679,2.959176,2.938602,84.4586,68.0183,62.6655,2.953565,0.000000,75.372951,4
1.6040,100.520356,3.027490,3.002217,82.6771,68.2986,63.6009,3.020598,0.000000,75.366696,4
1.6050,100.600343,3.098017,3.066489,79.9870,70.5100,64.2570,3.089419,0.000000,75.357532,4
1.6060,100.677276,-3.111118,3.131375,76.9336,74.0322,64.8697,-1.408620,0.000000,75.345444,4
1.6070,100.751377,-3.033184,-3.085964,74.1007,77.9165,65.8314,-3.047578,0.000000,75.331842,4
1.6080,100.823363,-2.952010,-3.018391,71.9856,81.1552,67.5573,-2.970114,0.000000,75.319266,4
1.6090,100.894255,-2.869072,-2.948030,70.8923,82.9208,70.3476,-2.890606,0.000000,75.310771,4
1.6100,100.965111,-2.786295,-2.873748,70.8560,82.7616,74.2681,-2.810146,0.000000,75.309133,4
1.6110,101.036752,-2.705556,-2.794647,71.6410,80.7252,79.0876,-2.729854,0.000000,75.316103,4
1.6120,101.109574,-2.628200,-2.710321,72.8218,77.3456,84.3138,-2.650597,0.000000,75.331920,4
1.6130,101.183478,-2.554703,-2.621006,73.9040,73.4903,89.3041,-2.572785,0.000000,75.355168,4
1.6140,101.257926,-2.484552,-2.527607,74.4478,70.1470,93.3899,-2.496294,0.000000,75.382962,4
1.6150,101.332114,-2.416349,-2.431610,74.1885,68.2013,95.9888,-2.420511,0.000000,75.411493,4
1.6160,101.405245,-2.348146,-2.334877,73.1306,68.2042,96.7281,-2.344527,0.000000,75.436877,4
1.6170,101.476804,-2.277968,-2.239315,71.5594,70.1798,95.5579,-2.267427,0.000000,75.456062,4
1.6180,101.546756,-2.204377,-2.146539,69.9516,73.5945,92.7752,-2.188603,0.000000,75.467458,4
1.6190,101.615594,-2.126851,-2.057616,68.8379,77.5310,88.9245,-2.107969,0.000000,75.471146,4
1.6200,101.684260,-2.045897,-1.972975,68.6665,80.9585,84.6455,-2.026010,0.000000,75.468695,4
1.6210,101.753940,-1.962916,-1.892444,69.6799,82.9879,80.5380,-1.943696,0.000000,75.462654,4
1.6220,101.825771,-1.879836,-1.815405,71.8314,83.0885,77.0490,-1.862264,0.000000,75.455798,4
1.6230,101.900561,-1.798612,-1.741038,74.7897,81.2347,74.3801,-1.782910,0.000000,75.450341,4
1.6240,101.978597,-1.720715,-1.668598,78.0354,77.9115,72.4557,-1.706502,0.000000,75.447362,4
1.6250,102.059584,-1.646772,-1.597633,80.9871,73.9615,70.9830,-1.633370,0.000000,75.446567,4
1.6260,102.142697,-1.576426,-1.528083,83.1138,70.3661,69.5715,-1.563242,0.000000,75.446399,4
1.6270,102.226740,-1.508415,-1.460240,84.0425,68.0331,67.8648,-1.495277,0.000000,75.444474,4
1.6280,102.310402,-1.440851,-1.394601,83.6616,67.5873,65.6625,-1.428237,0.000000,75.438307,4
1.6290,102.392568,-1.371695,-1.331612,82.1666,69.1771,63.0116,-1.360764,0.000000,75.426133,4
1.6300,102.472569,-1.299317,-1.271407,80.0009,72.3982,60.2271,-1.291705,0.000000,75.407543,4
1.6310,102.550295,-1.222925,-1.213606,77.7255,76.4071,57.8217,-1.220384,0.000000,75.383758,4
1.6320,102.626174,-1.142775,-1.157241,75.8791,80.1631,56.3832,-1.146720,0.000000,75.357497,4
1.6330,102.701022,-1.060094,-1.100821,74.8484,82.6894,56.4355,-1.071202,0.000000,75.332461,4
1.6340,102.775783,-0.976782,-1.042545,74.7613,83.3184,58.2880,-0.994717,0.000000,75.312481,4
1.6350,102.851236,-0.894901,-0.980643,75.4530,81.8852,61.9099,-0.918285,0.000000,75.300612,4
1.6360,102.927771,-0.816124,-0.913736,76.5341,78.7779,66.9115,-0.842746,0.000000,75.298472,4
1.6370,103.005285,-0.741326,-0.841078,77.5145,74.7981,72.6586,-0.768531,0.000000,75.305978,4
1.6380,103.083210,-0.670395,-0.762640,77.9248,70.9292,78.4335,-0.695552,0.000000,75.321420,4
1.6390,103.160635,-0.602270,-0.679074,77.4255,68.1197,83.5586,-0.623217,0.000000,75.341827,4
1.6400,103.236545,-0.535177,-0.591574,75.9096,67.0873,87.4891,-0.550558,0.000000,75.363615,4
1.6410,103.310102,-0.467041,-0.501649,73.5573,68.1269,89.9102,-0.476479,0.000000,75.383437,4
1.6420,103.380901,-0.396034,-0.410821,70.7986,70.9951,90.8123,-0.400067,0.000000,75.398949,4
1.6430,103.449103,-0.321052,-0.320327,68.2021,74.9678,90.4766,-0.320854,0.000000,75.409272,4
1.6440,103.515449,-0.241989,-0.230940,66.3465,79.0472,89.3681,-0.238976,0.000000,75.415062,4
1.6450,103.581140,-0.159763,-0.142924,65.6907,82.2088,87.9973,-0.155170,0.000000,75.418218,4
1.6460,103.647583,-0.076107,-0.056113,66.4429,83.6370,86.7919,-0.070654,0.000000,75.421253,4
1.6470,103.716062,0.006860,0.029890,68.4790,82.9487,85.9836,0.013141,0.000000,75.426467,4
1.6480,103.787442,0.087205,0.115448,71.3799,80.3267,85.5387,0.094907,0.000000,75.435186,4
1.6490,103.862008,0.163683,0.200646,74.5663,76.4616,85.1791,0.173764,0.000000,75.447344,4
1.6500,103.939451,0.236029,0.285150,77.4432,72.3302,84.4858,0.249426,0.000000,75.461432,4
1.6510,104.018966,0.304987,0.368196,79.5145,68.9449,83.0299,0.322226,0.000000,75.474795,4
1.6520,104.099449,0.372136,0.448708,80.4834,67.1374,80.4970,0.393020,0.000000,75.484233,4
1.6530,104.179777,0.439510,0.525519,80.3280,67.3638,76.7992,0.462967,0.000000,75.486807,4
1.6540,104.259082,0.509085,0.597668,79.3046,69.5659,72.1398,0.533244,0.000000,75.480615,4
1.6550,104.336945,0.582271,0.664662,77.8631,73.1789,66.9885,0.604741,0.000000,75.465295,4
1.6560,104.413468,0.659574,0.726646,76.5232,77.2976,61.9813,0.677866,0.000000,75.442193,4
1.6570,104.489221,0.740481,0.784451,75.7526,80.9032,57.8060,0.752473,0.000000,75.414193,4
1.6580,104.565066,0.823568,0.839537,75.8452,83.0839,55.0898,0.827923,0.000000,75.385188,4
1.6590,104.641887,0.906826,0.893791,76.8211,83.2584,54.2605,0.903271,0.000000,75.359220,4
1.6600,104.720296,0.988191,0.949187,78.4089,81.3672,55.4055,0.977553,0.000000,75.339532,4
1.6610,104.800432,1.066096,1.007405,80.1357,77.9127,58.2294,1.050089,0.000000,75.327895,4
1.6620,104.881898,1.139880,1.069551,81.4661,73.7954,62.1606,1.120699,0.000000,75.324369,4
1.6630,104.963828,1.209916,1.136061,81.9302,70.0520,66.5267,1.189774,0.000000,75.327460,4
1.6640,105.045066,1.277510,1.206746,81.2378,67.6128,70.7032,1.258211,0.000000,75.334595,4
1.6650,105.124434,1.344578,1.280950,79.3685,67.0883,74.2222,1.327225,0.000000,75.342857,4
1.6660,105.201026,1.413158,1.357791,76.5914,68.5999,76.8592,1.398057,0.000000,75.349791,4
1.6670,105.274415,1.484875,1.436443,73.3892,71.7361,78.6692,1.471666,0.000000,75.354043,4
1.6680,105.344751,1.560544,1.516363,70.3358,75.6853,79.9358,1.548494,0.000000,75.355633,4
1.6690,105.412731,1.639996,1.597405,67.9807,79.4660,81.0557,1.628380,0.000000,75.355890,4
1.6700,105.479472,1.722135,1.679802,66.7406,82.1508,82.4080,1.710590,0.000000,75.357057,4
1.6710,105.546264,1.805192,1.764026,66.7916,83.0669,84.2334,1.793965,0.000000,75.361619,4
1.6720,105.614271,1.887161,1.850556,68.0073,81.9777,86.5393,1.877178,0.000000,75.371517,4
1.6730,105.684270,1.966325,1.939618,69.9993,79.1734,89.0683,1.959041,0.000000,75.387488,4
1.6740,105.756509,2.041708,2.030972,72.2392,75.3927,91.3603,2.038780,0.000000,75.408755,4
1.6750,105.830706,2.113307,2.123839,74.1967,71.6089,92.8713,2.116180,0.000000,75.433078,4
1.6760,105.906169,2.182083,2.216937,75.4628,68.7845,93.1019,2.191589,0.000000,75.457165,4
1.6770,105.982020,2.249716,2.308657,75.8511,67.6401,91.7218,2.265791,0.000000,75.477390,4
1.6780,106.057467,2.318168,2.397335,75.4472,68.4567,88.6773,2.339759,0.000000,75.490639,4
1.6790,106.132037,2.389154,2.481569,74.5700,70.9873,84.2328,2.414358,0.000000,75.494999,4
1.6800,106.205701,2.463702,2.560477,73.6640,74.5454,78.9050,2.490095,0.000000,75.490117,4
1.6810,106.278880,2.541927,2.633819,73.1785,78.2190,73.3376,2.566988,0.000000,75.477201,4
1.6820,106.352337,2.623032,2.702009,73.4575,81.0972,68.1842,2.644572,0.000000,75.458746,4
1.6830,106.426980,2.705506,2.766029,74.6431,82.4631,64.0125,2.722012,0.000000,75.437979,4
1.6840,106.503598,2.787483,2.827239,76.6181,81.9644,61.2026,2.798326,0.000000,75.418109,4
1.6850,106.582625,2.867221,2.887106,79.0270,79.7239,59.8581,2.872644,0.000000,75.401578,4
1.6860,106.663996,2.943553,2.946907,81.3710,76.3175,59.7905,2.944468,0.000000,75.389565,4
1.6870,106.747124,3.016182,3.007523,83.1280,72.6142,60.6033,3.013820,0.000000,75.381832,4
1.6880,106.830994,3.085754,3.069362,83.8695,69.5569,61.8257,3.081283,0.000000,75.376936,4
1.6890,106.914367,-3.129478,3.132420,83.3729,67.9379,63.0431,-1.421688,0.000000,75.372753,4
1.6900,106.996065,-3.061275,-3.086745,81.6981,68.1875,64.0061,-3.068221,0.000000,75.367220,4
1.6910,107.075240,-2.991029,-3.022032,79.1753,70.2302,64.6979,-2.999484,0.000000,75.359044,4
1.6920,107.151545,-2.917510,-2.956690,76.3048,73.5032,65.3289,-2.928195,0.000000,75.348158,4
1.6930,107.225171,-2.840356,-2.890422,73.6266,77.1385,66.2556,-2.854011,0.000000,75.335809,4
1.6940,107.296777,-2.760137,-2.822552,71.6053,80.2054,67.8594,-2.777159,0.000000,75.324298,4
1.6950,107.367308,-2.678194,-2.752120,70.5314,81.9306,70.4221,-2.698356,0.000000,75.316434,4
1.6960,107.437759,-2.596305,-2.678095,70.4509,81.8784,74.0160,-2.618612,0.000000,75.314810,4
1.6970,107.508919,-2.516230,-2.599643,71.1595,80.0676,78.4445,-2.538979,0.000000,75.321114,4
1.6980,107.581190,-2.439259,-2.516369,72.2716,76.9668,83.2686,-2.460289,0.000000,75.335656,4
1.6990,107.654521,-2.365894,-2.428462,73.3307,73.3634,87.9027,-2.382958,0.000000,75.357220,4
1.7000,107.728443,-2.295727,-2.336730,73.9225,70.1691,91.7286,-2.306910,0.000000,75.383215,4
1.7010,107.802229,-2.227518,-2.242527,73.7858,68.2138,94.2024,-2.231611,0.000000,75.410153,4
1.7020,107.875128,-2.159490,-2.147561,72.8992,68.0346,94.9666,-2.156237,0.000000,75.434411,4
1.7030,107.946628,-2.089799,-2.053612,71.4991,69.6996,93.9522,-2.079930,0.000000,75.453056,4
1.7040,108.016635,-2.017042,-1.962210,70.0076,72.7662,91.4068,-2.002088,0.000000,75.464452,4
1.7050,108.085546,-1.940630,-1.874401,68.9110,76.4215,87.8157,-1.922567,0.000000,75.468500,4
1.7060,108.154181,-1.860919,-1.790643,68.6349,79.7200,83.7666,-1.841753,0.000000,75.466506,4
1.7070,108.223612,-1.779111,-1.710829,69.4313,81.8186,79.8248,-1.760489,0.000000,75.460754,4
1.7080,108.294909,-1.696945,-1.634415,71.2967,82.1775,76.4272,-1.679891,0.000000,75.453844,4
1.7090,108.368872,-1.616254,-1.560634,73.9633,80.7041,73.7951,-1.601085,0.000000,75.447961,4
1.7100,108.445846,-1.538492,-1.488755,76.9740,77.7778,71.8964,-1.524927,0.000000,75.444314,4
1.7110,108.525641,-1.464376,-1.418286,79.7951,74.1335,70.4873,-1.451806,0.000000,75.442861,4
1.7120,108.607564,-1.393727,-1.349090,81.9228,70.6680,69.2157,-1.381553,0.000000,75.442360,4
1.7130,108.690547,-1.325506,-1.281370,82.9833,68.2417,67.7403,-1.313468,0.000000,75.440718,4
1.7140,108.773376,-1.258039,-1.215545,82.8283,67.4856,65.8442,-1.246450,0.000000,75.435619,4
1.7150,108.854963,-1.189436,-1.152041,81.5877,68.6209,63.5236,-1.179237,0.000000,75.425269,4
1.7160,108.934596,-1.118083,-1.091038,79.6328,71.3678,61.0197,-1.110707,0.000000,75.409019,4
1.7170,109.012064,-1.043078,-1.032283,77.4678,75.0168,58.7702,-1.040134,0.000000,75.387687,4
1.7180,109.087665,-0.964453,-0.974990,75.6015,78.6318,57.3050,-0.967327,0.000000,75.363514,4
1.7190,109.162093,-0.883168,-0.917878,74.4278,81.2880,57.1206,-0.892635,0.000000,75.339758,4
1.7200,109.236216,-0.800871,-0.859337,74.1229,82.2975,58.5467,-0.816816,0.000000,75.319981,4
1.7210,109.310814,-0.719471,-0.797713,74.5979,81.3976,61.6259,-0.740810,0.000000,75.307222,4
1.7220,109.386352,-0.640638,-0.731639,75.5379,78.8290,66.0724,-0.665456,0.000000,75.303318,4
1.7230,109.462858,-0.565381,-0.660287,76.5058,75.2502,71.3471,-0.591264,0.000000,75.308574,4
1.7240,109.539914,-0.493831,-0.583480,77.0558,71.5420,76.7970,-0.518281,0.000000,75.321753,4
1.7250,109.616750,-0.425218,-0.501689,76.8361,68.6030,81.7785,-0.446074,0.000000,75.340341,4
1.7260,109.692435,-0.358042,-0.415924,75.6854,67.1650,85.7496,-0.373828,0.000000,75.361090,4
1.7270,109.766133,-0.290415,-0.327549,73.6976,67.6145,88.3581,-0.300543,0.000000,75.380751,4
1.7280,109.837344,-0.220539,-0.238011,71.2115,69.8623,89.5196,-0.225304,0.000000,75.396832,4
1.7290,109.906069,-0.147172,-0.148564,68.7245,73.3512,89.4280,-0.147552,0.000000,75.408099,4
1.7300,109.972845,-0.069942,-0.060067,66.7763,77.2132,88.4778,-0.067249,0.000000,75.414751,4
1.7310,110.038676,0.010567,0.027094,65.8307,80.4914,87.1419,0.015075,0.000000,75.418242,4
1.7320,110.104831,0.092945,0.112964,66.1550,82.3602,85.8506,0.098405,0.000000,75.420793,4
1.7330,110.172560,0.175296,0.197865,67.7295,82.3331,84.8836,0.181451,0.000000,75.424671,4
1.7340,110.242806,0.255728,0.282175,70.2458,80.4147,84.2917,0.262940,0.000000,75.431455,4
1.7350,110.316011,0.332848,0.366079,73.2053,77.1051,83.8882,0.341911,0.000000,75.441540,4
1.7360,110.392064,0.406099,0.449416,76.0523,73.2389,83.3219,0.417913,0.000000,75.453976,4
1.7370,110.470352,0.475868,0.531621,78.2881,69.7589,82.1918,0.491074,0.000000,75.466635,4
1.7380,110.549918,0.543383,0.611794,79.5665,67.5072,80.1633,0.562041,0.000000,75.476673,4
1.7390,110.629693,0.610428,0.688878,79.7749,67.0402,77.0762,0.631823,0.000000,75.481219,4
1.7400,110.708756,0.678908,0.761903,79.0631,68.4772,73.0220,0.701543,0.000000,75.478116,4
1.7410,110.786550,0.750364,0.830256,77.7933,71.4544,68.3524,0.772152,0.000000,75.466494,4
1.7420,110.862985,0.825592,0.893863,76.4351,75.2292,63.6093,0.844212,0.000000,75.447035,4
1.7430,110.938436,0.904466,0.953278,75.4510,78.8758,59.4213,0.917779,0.000000,75.421934,4
1.7440,111.013621,0.985956,1.009667,75.1850,81.4932,56.3982,0.992423,0.000000,75.394531,4
1.7450,111.089380,1.068361,1.064668,75.7598,82.4097,55.0127,1.067354,0.000000,75.368619,4
1.7460,111.166409,1.149727,1.120123,77.0281,81.3744,55.4683,1.141653,0.000000,75.347581,4
1.7470,111.245026,1.228371,1.177728,78.6177,78.6550,57.6212,1.214559,0.000000,75.333648,4
1.7480,111.325072,1.303313,1.238737,80.0460,74.9566,61.0270,1.285701,0.000000,75.327522,4
1.7490,111.405915,1.374504,1.303802,80.8430,71.2088,65.0842,1.355221,0.000000,75.328373,4
1.7500,111.486576,1.442816,1.372965,80.6607,68.3328,69.1830,1.423766,0.000000,75.334155,4
1.7510,111.565943,1.509831,1.445763,79.3671,67.0366,72.8178,1.492358,0.000000,75.342194,4
1.7520,111.643040,1.577450,1.521420,77.0970,67.6389,75.6764,1.562169,0.000000,75.349922,4
1.7530,111.717260,1.647402,1.599100,74.2196,69.9711,77.6968,1.634229,0.000000,75.355551,4
1.7540,111.788501,1.720814,1.678142,71.2410,73.4284,79.0563,1.709176,0.000000,75.358490,4
1.7550,111.857194,1.797951,1.758217,68.6927,77.1497,80.0879,1.787115,0.000000,75.359423,4
1.7560,111.924223,1.878172,1.839372,67.0292,80.2305,81.1640,1.867590,0.000000,75.360087,4
1.7570,111.990749,1.960082,1.921945,66.5263,81.9173,82.5805,1.949681,0.000000,75.362757,4
1.7580,112.057948,2.041863,2.006396,67.1992,81.7861,84.4562,2.032190,0.000000,75.369559,4
1.7590,112.126743,2.121731,2.093066,68.7943,79.8733,86.6731,2.113913,0.000000,75.381774,4
1.7600,112.197613,2.198405,2.181955,70.8700,76.6787,88.8913,2.193919,0.000000,75.399394,4
1.7610,112.270534,2.271422,2.272592,72.9214,73.0212,90.6370,2.271741,0.000000,75.420996,4
1.7620,112.345034,2.341240,2.364013,74.4999,69.8210,91.4190,2.347451,0.000000,75.443966,4
1.7630,112.420352,2.409118,2.454860,75.3177,67.8799,90.8442,2.421593,0.000000,75.465013,4
1.7640,112.495673,2.476802,2.543592,75.3208,67.6829,88.7262,2.495017,0.000000,75.480918,4
1.7650,112.570370,2.546063,2.628757,74.6972,69.2580,85.1587,2.568616,0.000000,75.489257,4
1.7660,112.644178,2.618240,2.709273,73.8079,72.1704,80.5077,2.643067,0.000000,75.488912,4
1.7670,112.717257,2.693915,2.784603,73.0796,75.6650,75.3202,2.718648,0.000000,75.480246,4
1.7680,112.790154,2.772801,2.854823,72.8971,78.8743,70.2102,2.795171,0.000000,75.464989,4
1.7690,112.863661,2.853828,2.920594,73.5068,81.0131,65.7600,2.872037,0.000000,75.445866,4
1.7700,112.938601,2.935392,2.983035,74.9395,81.5485,62.4295,2.948385,0.000000,75.425985,4
1.7710,113.015587,3.015748,3.043509,76.9866,80.3395,60.4623,3.023319,0.000000,75.408119,4
1.7720,113.094839,3.093455,3.103351,79.2518,77.6906,59.8294,3.096154,0.000000,75.394102,4
1.7730,113.176091,-3.115442,-3.119564,81.2522,74.2719,60.2570,-3.116567,0.000000,75.384488,4
1.7740,113.258620,-3.044485,-3.058221,82.5287,70.9414,61.3299,-3.048231,0.000000,75.378563,4
1.7750,113.341372,-2.975932,-2.995592,82.7520,68.5385,62.6154,-2.981294,0.000000,75.374658,4
1.7760,113.423188,-2.908237,-2.931802,81.8163,67.6809,63.7766,-2.914664,0.000000,75.370726,4
1.7770,113.503068,-2.839634,-2.867132,79.8795,68.5899,64.6586,-2.847134,0.000000,75.365039,4
1.7780,113.580386,-2.768609,-2.801794,77.3182,71.0131,65.3269,-2.777660,0.000000,75.356767,4
1.7790,113.655008,-2.694295,-2.735752,74.6216,74.3033,66.0337,-2.705602,0.000000,75.346278,4
1.7800,113.727283,-2.616672,-2.668619,72.2759,77.6140,67.1269,-2.630840,0.000000,75.335095,4
1.7810,113.797947,-2.536549,-2.599677,70.6639,80.1165,68.9367,-2.553765,0.000000,75.325569,4
1.7820,113.867929,-2.455355,-2.528009,69.9819,81.1885,71.6644,-2.475169,0.000000,75.320300,4
1.7830,113.938121,-2.374788,-2.452712,70.1915,80.5637,75.2954,-2.396040,0.000000,75.321464,4
1.7840,114.009160,-2.296382,-2.373141,71.0388,78.4052,79.5695,-2.317316,0.000000,75.330234,4
1.7850,114.081294,-2.221124,-2.289114,72.1341,75.2602,84.0281,-2.239667,0.000000,75.346434,4
1.7860,114.154349,-2.149216,-2.201005,73.0553,71.9144,88.1112,-2.163340,0.000000,75.368492,4
1.7870,114.227802,-2.080017,-2.109748,73.4525,69.2075,91.2608,-2.088126,0.000000,75.393679,4
1.7880,114.300946,-2.012187,-2.016732,73.1449,67.8406,93.0212,-2.013427,0.000000,75.418637,4
1.7890,114.373130,-1.944011,-1.923598,72.1832,68.1880,93.1415,-1.938444,0.000000,75.440124,4
1.7900,114.443971,-1.873855,-1.831954,70.8409,70.1693,91.6516,-1.862427,0.000000,75.455722,4
1.7910,114.513502,-1.800605,-1.743107,69.5318,73.2630,88.8567,-1.784923,0.000000,75.464302,4
1.7920,114.582200,-1.723950,-1.657872,68.6974,76.6669,85.2451,-1.705929,0.000000,75.466150,4
1.7930,114.650895,-1.644444,-1.576518,68.6951,79.5183,81.3663,-1.625919,0.000000,75.462772,4
1.7940,114.720596,-1.563357,-1.498809,69.7015,81.0991,77.7216,-1.545753,0.000000,75.456434,4
1.7950,114.792248,-1.482362,-1.424151,71.6519,81.0081,74.6715,-1.466486,0.000000,75.449528,4
1.7960,114.866501,-1.403107,-1.351802,74.2522,79.2684,72.3643,-1.389115,0.000000,75.443928,4
1.7970,114.943557,-1.326804,-1.281099,77.0568,76.3179,70.7190,-1.314339,0.000000,75.440525,4
1.7980,115.023129,-1.253936,-1.211635,79.5717,72.8830,69.4799,-1.242400,0.000000,75.439041,4
1.7990,115.104480,-1.184154,-1.143336,81.3510,69.7984,68.3154,-1.173022,0.000000,75.438142,4
1.8000,115.186569,-1.116343,-1.076425,82.0893,67.8258,66.9272,-1.105456,0.000000,75.435815,4
1.8010,115.268273,-1.048880,-1.011289,81.7032,67.4768,65.1496,-1.038628,0.000000,75.429975,4
1.8020,115.348635,-0.980031,-0.948280,80.3626,68.8609,63.0220,-0.971371,0.000000,75.419141,4
1.8030,115.427076,-0.908405,-0.887488,78.4412,71.6332,60.8022,-0.902700,0.000000,75.402961,4
1.8040,115.503489,-0.833321,-0.828584,76.4122,75.0877,58.9109,-0.832029,0.000000,75.382436,4
1.8050,115.578221,-0.754969,-0.770756,74.7327,78.3518,57.8320,-0.759275,0.000000,75.359826,4
1.8060,115.651958,-0.674364,-0.712761,73.7368,80.6017,57.9968,-0.684836,0.000000,75.338221,4
1.8070,115.725507,-0.593093,-0.653096,73.5492,81.2637,59.6632,-0.609458,0.000000,75.320866,4
1.8080,115.799562,-0.512915,-0.590273,74.0547,80.1691,62.8182,-0.534013,0.000000,75.310420,4
1.8090,115.874506,-0.435302,-0.523107,74.9438,77.6023,67.1579,-0.459249,0.000000,75.308379,4
1.8100,115.950314,-0.361084,-0.450929,75.8086,74.2062,72.1657,-0.385588,0.000000,75.314813,4
1.8110,116.026559,-0.290269,-0.373680,76.2447,70.8029,77.2356,-0.313017,0.000000,75.328386,4
1.8120,116.102505,-0.222045,-0.291882,75.9461,68.2102,81.7809,-0.241092,0.000000,75.346639,4
1.8130,116.177296,-0.154961,-0.206546,74.7907,67.0704,85.3187,-0.169030,0.000000,75.366506,4
1.8140,116.250188,-0.087256,-0.118974,72.8918,67.6903,87.5532,-0.095906,0.000000,75.385013,4
1.8150,116.320767,-0.017305,-0.030516,70.5795,69.9359,88.4393,-0.020908,0.000000,75.399942,4
1.8160,116.389086,0.055967,0.057685,68.3193,73.2565,88.1818,0.056436,0.000000,75.410266,4
1.8170,116.455691,0.132820,0.144862,66.6042,76.8369,87.1590,0.136104,0.000000,75.416277,4
1.8180,116.521537,0.212636,0.230690,65.8464,79.8000,85.8102,0.217560,0.000000,75.419397,4
1.8190,116.587806,0.294060,0.315233,66.2692,81.4080,84.5266,0.299834,0.000000,75.421703,4
1.8200,116.655638,0.375323,0.398802,67.8322,81.2487,83.5547,0.381726,0.000000,75.425272,4
1.8210,116.725876,0.454697,0.481745,70.2382,79.3613,82.9291,0.462074,0.000000,75.431516,4
1.8220,116.798900,0.530936,0.564228,73.0232,76.2278,82.4712,0.540016,0.000000,75.440751,4
1.8230,116.874575,0.603568,0.646095,75.6753,72.6243,81.8567,0.615166,0.000000,75.452055,4
1.8240,116.952314,0.672990,0.726821,77.7386,69.4178,80.7201,0.687671,0.000000,75.463442,4
1.8250,117.031214,0.740367,0.805586,78.9007,67.3764,78.7609,0.758154,0.000000,75.472286,4
1.8260,117.110280,0.807365,0.881427,79.0656,66.9994,75.8408,0.827564,0.000000,75.475955,4
1.8270,117.188657,0.875744,0.953476,78.3769,68.3828,72.0516,0.896944,0.000000,75.472493,4
1.8280,117.265828,0.946922,1.021191,77.1714,71.1828,67.7210,0.967177,0.000000,75.461130,4
1.8290,117.341712,1.021626,1.084532,75.8837,74.7106,63.3505,1.038782,0.000000,75.442536,4
1.8300,117.416653,1.099728,1.144040,74.9411,78.1100,59.5197,1.111813,0.000000,75.418768,4
1.8310,117.491314,1.180270,1.200814,74.6608,80.5505,56.7880,1.185873,0.000000,75.392932,4
1.8320,117.566472,1.261674,1.256382,75.1577,81.4151,55.5843,1.260231,0.000000,75.368543,4
1.8330,117.642773,1.342135,1.312454,76.3011,80.4728,56.0891,1.334040,0.000000,75.348743,4
1.8340,117.720527,1.420084,1.370603,77.7545,77.9635,58.1683,1.406589,0.000000,75.335628,4
1.8350,117.799604,1.494594,1.431998,79.0764,74.5271,61.4147,1.477522,0.000000,75.329885,4
1.8360,117.879436,1.565589,1.497251,79.8324,71.0151,65.2741,1.546952,0.000000,75.330785,4
1.8370,117.959131,1.633849,1.566411,79.6955,68.2797,69.1795,1.615457,0.000000,75.336457,4
1.8380,118.037665,1.700814,1.639048,78.5333,66.9853,72.6561,1.683969,0.000000,75.344416,4
1.8390,118.114120,1.768242,1.714435,76.4551,67.4466,75.4036,1.753568,0.000000,75.352231,4
1.8400,118.187909,1.837763,1.791771,73.7890,69.5362,77.3497,1.825219,0.000000,75.358156,4
1.8410,118.258906,1.910472,1.870404,70.9971,72.7211,78.6441,1.899544,0.000000,75.361527,4
1.8420,118.327479,1.986680,1.949983,68.5734,76.2171,79.5873,1.976672,0.000000,75.362868,4
1.8430,118.394427,2.065858,2.030503,66.9479,79.1835,80.5250,2.056216,0.000000,75.363707,4
1.8440,118.460820,2.146759,2.112242,66.3925,80.9042,81.7426,2.137345,0.000000,75.366125,4
1.8450,118.527764,2.227712,2.195613,66.9446,80.9539,83.3711,2.218957,0.000000,75.372132,4
1.8460,118.596156,2.307034,2.280943,68.3922,79.3226,85.3286,2.299918,0.000000,75.383030,4
1.8470,118.666497,2.383465,2.368272,70.3403,76.4304,87.3259,2.379322,0.000000,75.398964,4
1.8480,118.738819,2.456476,2.457217,72.3218,73.0089,88.9398,2.456678,0.000000,75.418778,4
1.8490,118.812727,2.526386,2.546941,73.9086,69.9072,89.7171,2.531992,0.000000,75.440175,4
1.8500,118.887536,2.594280,2.636231,74.8085,67.8901,89.2817,2.605722,0.000000,75.460159,4
1.8510,118.962473,2.661741,2.723676,74.9372,67.4541,87.4343,2.678632,0.000000,75.475696,4
1.8520,119.036908,2.730440,2.807913,74.4349,68.6908,84.2248,2.751569,0.000000,75.484394,4
1.8530,119.110523,2.801712,2.887882,73.6149,71.2613,79.9569,2.825213,0.000000,75.485006,4
1.8540,119.183392,2.876230,2.963013,72.8690,74.5054,75.1173,2.899898,0.000000,75.477653,4
1.8550,119.255960,2.953869,3.033299,72.5680,77.6241,70.2726,2.975532,0.000000,75.463762,4
1.8560,119.328930,3.033749,3.099287,72.9706,79.8633,65.9756,3.051623,0.000000,75.445763,4
1.8570,119.403078,3.114440,-3.121206,74.1477,80.6745,62.6790,1.413810,0.000000,75.426556,4
1.8580,119.479028,-3.088877,-3.060544,75.9497,79.8514,60.6489,-3.081150,0.000000,75.408860,4
1.8590,119.557067,-3.011263,-3.000628,78.0399,77.5967,59.9037,-3.008363,0.000000,75.394608,4
1.8600,119.637048,-2.936774,-2.940390,79.9805,74.4735,60.2252,-2.937760,0.000000,75.384592,4
1.8610,119.718382,-2.865505,-2.879136,81.3343,71.2556,61.2419,-2.869222,0.000000,75.378394,4
1.8620,119.800145,-2.796753,-2.816583,81.7632,68.7400,62.5426,-2.802161,0.000000,75.374617,4
1.8630,119.881263,-2.729184,-2.752791,81.1173,67.5583,63.7827,-2.735622,0.000000,75.371376,4
1.8640,119.960748,-2.661165,-2.688013,79.4852,68.0103,64.7700,-2.668487,0.000000,75.366918,4
1.8650,120.037920,-2.591191,-2.622496,77.1718,69.9680,65.5111,-2.599729,0.000000,75.360202,4
1.8660,120.112532,-2.518273,-2.556295,74.6127,72.9131,66.1979,-2.528643,0.000000,75.351242,4
1.8670,120.184801,-2.442176,-2.489159,72.2686,76.0935,67.1354,-2.454990,0.000000,75.341160,4
1.8680,120.255330,-2.363454,-2.420518,70.5294,78.7206,68.6414,-2.379017,0.000000,75.331951,4
1.8690,120.324963,-2.283304,-2.349577,69.6322,80.1504,70.9431,-2.301379,0.000000,75.326007,4
1.8700,120.394569,-2.203274,-2.275490,69.6060,80.0321,74.0899,-2.222969,0.000000,75.325516,4
1.8710,120.464838,-2.124879,-2.197586,70.2695,78.3993,77.9085,-2.144708,0.000000,75.331880,4
1.8720,120.536128,-2.049224,-2.115567,71.2903,75.6622,82.0249,-2.067318,0.000000,75.345328,4
1.8730,120.608404,-1.976736,-2.029632,72.2755,72.4980,85.9422,-1.991162,0.000000,75.364781,4
1.8740,120.681273,-1.907061,-1.940504,72.8692,69.6869,89.1360,-1.916182,0.000000,75.387998,4
1.8750,120.754117,-1.839139,-1.849364,72.8441,67.9363,91.1486,-1.841928,0.000000,75.411981,4
1.8760,120.826289,-1.771449,-1.757692,72.1716,67.7050,91.6825,-1.767697,0.000000,75.433603,4
1.8770,120.897325,-1.702400,-1.667021,71.0366,69.0633,90.6812,-1.692752,0.000000,75.450296,4
1.8780,120.967109,-1.630755,-1.578683,69.7838,71.6600,88.3495,-1.616553,0.000000,75.460565,4
1.8790,121.035930,-1.555941,-1.493600,68.8207,74.8273,85.0942,-1.538939,0.000000,75.464214,4
1.8800,121.104445,-1.478185,-1.412194,68.5147,77.7690,81.4174,-1.460187,0.000000,75.462270,4
1.8810,121.173543,-1.398441,-1.334395,69.0988,79.7555,77.8115,-1.380974,0.000000,75.456645,4
1.8820,121.244145,-1.318160,-1.259738,70.6016,80.2926,74.6691,-1.302226,0.000000,75.449607,4
1.8830,121.316976,-1.238926,-1.187542,72.8306,79.2451,72.2085,-1.224912,0.000000,75.443169,4
1.8840,121.392397,-1.162063,-1.117118,75.4211,76.8736,70.4369,-1.149805,0.000000,75.438584,4
1.8850,121.470321,-1.088316,-1.047956,77.9246,73.7584,69.1743,-1.077309,0.000000,75.436066,4
1.8860,121.550223,-1.017678,-0.979836,79.9011,70.6489,68.1312,-1.007357,0.000000,75.434777,4
1.8870,121.631228,-0.949392,-0.912839,81.0054,68.2960,67.0073,-0.939423,0.000000,75.433078,4
1.8880,121.712297,-0.882114,-0.847260,81.0686,67.2861,65.5871,-0.872608,0.000000,75.429006,4
1.8890,121.792445,-0.814231,-0.783448,80.1488,67.8888,63.8181,-0.805835,0.000000,75.420889,4
1.8900,121.870964,-0.744269,-0.721604,78.5181,69.9645,61.8486,-0.738087,0.000000,75.407897,4
1.8910,121.947548,-0.671275,-0.661601,76.5849,72.9926,60.0036,-0.668636,0.000000,75.390386,4
1.8920,122.022338,-0.595054,-0.602891,74.7899,76.2161,58.7092,-0.597191,0.000000,75.369939,4
1.8930,122.095843,-0.516211,-0.544496,73.5045,78.8343,58.3912,-0.523925,0.000000,75.349107,4
1.8940,122.168785,-0.436006,-0.485123,72.9420,80.1941,59.3668,-0.449402,0.000000,75.330894,4
1.8950,122.241888,-0.356040,-0.423371,73.1029,79.9530,61.7437,-0.374403,0.000000,75.318081,4
1.8960,122.315670,-0.277852,-0.357994,73.7824,78.1748,65.3651,-0.299709,0.000000,75.312614,4
1.8970,122.390309,-0.202533,-0.288142,74.6394,75.3045,69.8390,-0.225881,0.000000,75.315212,4
1.8980,122.465598,-0.130480,-0.213492,75.2889,72.0374,74.6346,-0.153120,0.000000,75.325255,4
1.8990,122.540991,-0.061316,-0.134285,75.3924,69.1494,79.1905,-0.081217,0.000000,75.340926,4
1.9000,122.615733,0.006032,-0.051265,74.7421,67.3343,83.0022,-0.009594,0.000000,75.359581,4
1.9010,122.689060,0.073096,0.034453,73.3273,67.0498,85.7002,0.062557,0.000000,75.378318,4
1.9020,122.760413,0.141498,0.121592,71.3524,68.3878,87.1209,0.136069,0.000000,75.394628,4
1.9030,122.829603,0.212544,0.208949,69.1900,71.0325,87.3397,0.211563,0.000000,75.406924,4
1.9040,122.896894,0.286899,0.295599,67.2918,74.3415,86.6344,0.289271,0.000000,75.414807,4
1.9050,122.962983,0.364426,0.381009,66.0886,77.5143,85.3960,0.368948,0.000000,75.419054,4
1.9060,123.028873,0.444217,0.465047,65.8900,79.7796,84.0250,0.449898,0.000000,75.421315,4
1.9070,123.095670,0.524804,0.547895,66.7968,80.5752,82.8359,0.531101,0.000000,75.423596,4
1.9080,123.164332,0.604511,0.629883,68.6626,79.6982,81.9788,0.611431,0.000000,75.427629,4
1.9090,123.235468,0.681888,0.711293,71.1361,77.3695,81.4015,0.689907,0.000000,75.434340,4
1.9100,123.309227,0.756058,0.792174,73.7589,74.1669,80.8768,0.765908,0.000000,75.443562,4
1.9110,123.385296,0.826920,0.872258,76.0687,70.8616,80.0817,0.839285,0.000000,75.454024,4
1.9120,123.462985,0.895152,0.950952,77.6885,68.2353,78.6950,0.910370,0.000000,75.463604,4
1.9130,123.541388,0.962060,1.027441,78.4037,66.9140,76.4924,0.979891,0.000000,75.469811,4
1.9140,123.619602,1.029273,1.100860,78.2133,67.2211,73.4265,1.048797,0.000000,75.470397,4
1.9150,123.696929,1.098347,1.170520,77.3270,69.0841,69.6698,1.118030,0.000000,75.463942,4
1.9160,123.773031,1.170384,1.236102,76.1019,72.0479,65.5944,1.188307,0.000000,75.450242,4
1.9170,123.847980,1.245769,1.297787,74.9494,75.3968,61.7004,1.259955,0.000000,75.430436,4
1.9180,123.922218,1.324084,1.356296,74.2384,78.3277,58.5255,1.332869,0.000000,75.406855,4
1.9190,123.996421,1.404197,1.412829,74.2029,80.1261,56.5503,1.406551,0.000000,75.382604,4
1.9200,124.071292,1.484521,1.468902,74.8706,80.3379,56.0917,1.480261,0.000000,75.360905,4
1.9210,124.147341,1.563410,1.526091,76.0495,78.9030,57.2084,1.553232,0.000000,75.344392,4
1.9220,124.224729,1.639577,1.585746,77.3873,76.1840,59.6749,1.624896,0.000000,75.334586,4
1.9230,124.303198,1.712417,1.648779,78.4691,72.8568,63.0524,1.695061,0.000000,75.331669,4
1.9240,124.382115,1.782125,1.715571,78.9172,69.7266,66.8106,1.763974,0.000000,75.334569,4
1.9250,124.460595,1.849650,1.785995,78.4800,67.5414,70.4410,1.832289,0.000000,75.341291,4
1.9260,124.537697,1.916460,1.859527,77.1024,66.8264,73.5465,1.900933,0.000000,75.349452,4
1.9270,124.612649,1.984198,1.935426,74.9513,67.7507,75.9100,1.970896,0.000000,75.356906,4
1.9280,124.685024,2.054264,2.012947,72.3751,70.0760,77.5292,2.042996,0.000000,75.362273,4
1.9290,124.754843,2.127484,2.091533,69.8197,73.2258,78.5915,2.117679,0.000000,75.365230,4
1.9300,124.822579,2.203923,2.170929,67.7353,76.4418,79.3975,2.194925,0.000000,75.366531,4
1.9310,124.889066,2.282884,2.251192,66.4877,78.9607,80.2623,2.274241,0.000000,75.367774,4
1.9320,124.955340,2.363065,2.332616,66.2737,80.1787,81.4210,2.354761,0.000000,75.370926,4
1.9330,125.022404,2.442867,2.415570,67.0639,79.7976,82.9493,2.435423,0.000000,75.377735,4
1.9340,125.091014,2.520789,2.500301,68.6097,77.9160,84.7236,2.515201,0.000000,75.389172,4
1.9350,125.161532,2.595804,2.586752,70.5182,75.0088,86.4430,2.593335,0.000000,75.405084,4
1.9360,125.233887,2.667607,2.674468,72.3554,71.7960,87.7052,2.669478,0.000000,75.424132,4
1.9370,125.307633,2.736676,2.762584,73.7455,69.0604,88.1040,2.743742,0.000000,75.443996,4
1.9380,125.382088,2.804151,2.849924,74.4555,67.4656,87.3258,2.816635,0.000000,75.461841,4
1.9390,125.456540,2.871558,2.935175,74.4512,67.3956,85.2370,2.888908,0.000000,75.474933,4
1.9400,125.530439,2.940419,3.017128,73.8995,68.8491,81.9379,2.961340,0.000000,75.481243,4
1.9410,125.603550,3.011876,3.094895,73.1111,71.4427,77.7517,3.034518,0.000000,75.479867,4
1.9420,125.676003,3.086419,-3.115123,72.4527,74.5278,73.1517,1.395089,0.000000,75.471175,4
1.9430,125.748259,-3.119391,-3.046440,72.2560,77.3592,68.6688,-3.099496,0.000000,75.456717,4
1.9440,125.820995,-3.040115,-2.981621,72.7356,79.2600,64.8059,-3.024162,0.000000,75.438902,4
1.9450,125.894919,-2.960330,-2.919652,73.9246,79.7686,61.9570,-2.949236,0.000000,75.420471,4
1.9460,125.970574,-2.881559,-2.859311,75.6542,78.7556,60.3288,-2.875492,0.000000,75.403895,4
1.9470,126.048167,-2.805077,-2.799405,77.5939,76.4684,59.8956,-2.803530,0.000000,75.390845,4
1.9480,126.127500,-2.731595,-2.738974,79.3331,73.4697,60.4222,-2.733607,0.000000,75.381899,4
1.9490,126.207976,-2.661095,-2.677419,80.4753,70.4909,61.5474,-2.665547,0.000000,75.376527,4
1.9500,126.288704,-2.592829,-2.614525,80.7280,68.2591,62.8881,-2.598746,0.000000,75.373336,4
1.9510,126.368684,-2.525499,-2.550387,79.9800,67.3256,64.1348,-2.532286,0.000000,75.370541,4
1.9520,126.447023,-2.457576,-2.485259,78.3391,67.9208,65.1261,-2.465126,0.000000,75.366543,4
1.9530,126.523127,-2.387695,-2.419375,76.1044,69.8815,65.8852,-2.396335,0.000000,75.360442,4
1.9540,126.596813,-2.314997,-2.352778,73.6854,72.6998,66.6001,-2.325301,0.000000,75.352326,4
1.9550,126.668320,-2.239330,-2.285228,71.5071,75.6703,67.5552,-2.251847,0.000000,75.343294,4
1.9560,126.738242,-2.161265,-2.216195,69.9223,78.0688,69.0389,-2.176246,0.000000,75.335226,4
1.9570,126.807380,-2.081955,-2.144953,69.1383,79.3161,71.2501,-2.099136,0.000000,75.330335,4
1.9580,126.876549,-2.002851,-2.070740,69.1686,79.1108,74.2211,-2.021366,0.000000,75.330610,4
1.9590,126.946384,-1.925353,-1.992968,69.8355,77.5070,77.7811,-1.943794,0.000000,75.337288,4
1.9600,127.017210,-1.850463,-1.911399,70.8253,74.9013,81.5786,-1.867082,0.000000,75.350515,4
1.9610,127.088983,-1.778547,-1.826256,71.7729,71.9292,85.1529,-1.791558,0.000000,75.369227,4
1.9620,127.161333,-1.709247,-1.738244,72.3507,69.3141,88.0225,-1.717156,0.000000,75.391299,4
1.9630,127.233686,-1.641559,-1.648484,72.3521,67.7039,89.7716,-1.643448,0.000000,75.413929,4
1.9640,127.305439,-1.574063,-1.558358,71.7533,67.5118,90.1367,-1.569780,0.000000,75.434216,4
1.9650,127.376164,-1.505285,-1.469293,70.7248,68.7934,89.0762,-1.495469,0.000000,75.449784,4
1.9660,127.445746,-1.434078,-1.382517,69.5823,71.2214,86.7865,-1.420016,0.000000,75.459251,4
1.9670,127.514446,-1.359909,-1.298881,68.6997,74.1814,83.6467,-1.343265,0.000000,75.462434,4
1.9680,127.582861,-1.282979,-1.218768,68.4153,76.9409,80.1232,-1.265467,0.000000,75.460282,4
1.9690,127.651807,-1.204162,-1.142103,68.9465,78.8260,76.6745,-1.187237,0.000000,75.454574,4
1.9700,127.722133,-1.124794,-1.068444,70.3256,79.3753,73.6682,-1.109426,0.000000,75.447433,4
1.9710,127.794517,-1.046349,-0.997140,72.3838,78.4528,71.3130,-1.032928,0.000000,75.440771,4
1.9720,127.869308,-0.970071,-0.927524,74.7913,76.2838,69.6236,-0.958468,0.000000,75.435820,4
1.9730,127.946444,-0.896686,-0.859089,77.1363,73.3914,68.4415,-0.886432,0.000000,75.432859,4
1.9740,128.025454,-0.826228,-0.791592,79.0100,70.4630,67.5023,-0.816782,0.000000,75.431188,4
1.9750,128.105541,-0.758035,-0.725070,80.0863,68.1964,66.5258,-0.749044,0.000000,75.429344,4
1.9760,128.185738,-0.690889,-0.659769,80.1975,67.1466,65.3035,-0.682402,0.000000,75.425529,4
1.9770,128.265120,-0.623303,-0.595997,79.3819,67.5858,63.7712,-0.615856,0.000000,75.418158,4
1.9780,128.342996,-0.553883,-0.533949,77.8759,69.4154,62.0459,-0.548447,0.000000,75.406382,4
1.9790,128.419045,-0.481693,-0.473535,76.0486,72.1834,60.4098,-0.479468,0.000000,75.390415,4
1.9800,128.493353,-0.406476,-0.414284,74.3082,75.2071,59.2441,-0.408605,0.000000,75.371605,4
1.9810,128.566362,-0.328717,-0.355336,73.0088,77.7462,58.9393,-0.335977,0.000000,75.352219,4
1.9820,128.638729,-0.249525,-0.295529,72.3678,79.1781,59.7967,-0.262071,0.000000,75.335003,4
1.9830,128.711142,-0.170361,-0.233581,72.4127,79.1488,61.9366,-0.187603,0.000000,75.322576,4
1.9840,128.784122,-0.092677,-0.168325,72.9796,77.6675,65.2431,-0.113308,0.000000,75.316856,4
1.9850,128.857890,-0.017562,-0.098930,73.7683,75.0996,69.3804,-0.039753,0.000000,75.318667,4
1.9860,128.932315,0.054514,-0.025043,74.4248,72.0606,73.8717,0.032817,0.000000,75.327601,4
1.9870,129.006940,0.123793,0.053170,74.6250,69.2651,78.1970,0.104532,0.000000,75.342106,4
1.9880,129.081093,0.191181,0.135063,74.1533,67.3749,81.8768,0.175876,0.000000,75.359800,4
1.9890,129.154060,0.258048,0.219624,72.9668,66.8555,84.5460,0.247569,0.000000,75.377972,4
1.9900,129.225280,0.325912,0.305660,71.2199,67.8531,86.0211,0.320389,0.000000,75.394173,4
1.9910,129.294512,0.396061,0.392010,69.2326,70.1392,86.3368,0.394956,0.000000,75.406733,4
1.9920,129.361925,0.469237,0.477746,67.4132,73.1665,85.7238,0.471557,0.000000,75.415057,4
1.9930,129.428094,0.545456,0.562290,66.1682,76.2112,84.5341,0.550047,0.000000,75.419661,4
1.9940,129.493903,0.624008,0.645445,65.8096,78.5440,83.1466,0.629854,0.000000,75.421942,4
1.9950,129.560375,0.703611,0.727329,66.4721,79.5974,81.8779,0.710080,0.000000,75.423740,4
1.9960,129.628443,0.782725,0.808241,68.0677,79.1090,80.9067,0.789684,0.000000,75.426771,4
1.9970,129.698751,0.859926,0.888473,70.3083,77.1993,80.2296,0.867711,0.000000,75.432108,4
1.9980,129.771536,0.934261,0.968146,72.7850,74.3363,79.6729,0.943502,0.000000,75.439861,4
1.9990,129.846600,1.005460,1.047097,75.0635,71.2036,78.9549,1.016815,0.000000,75.449102,4
2.0000,129.923369,1.073987,1.124865,76.7689,68.5349,77.7736,1.087863,0.000000,75.458042,4
2.0100,130.678873,1.810850,1.761911,76.1761,76.4036,59.2686,1.797503,0.000000,75.338200,4
2.0200,131.407196,2.527747,2.500219,66.0336,79.0253,80.2959,2.520239,0.000000,75.372941,4
2.0300,132.122019,-3.035163,-2.955879,72.3837,72.5696,74.1533,-3.013540,0.000000,75.471901,4
2.0400,132.883398,-2.298017,-2.324866,78.3803,67.1767,64.8308,-2.305340,0.000000,75.368755,4
2.0500,133.594818,-1.555803,-1.592835,71.5167,70.4567,85.3483,-1.565903,0.000000,75.380492,4
2.0600,134.297814,-0.826821,-0.782178,72.6909,77.1103,69.7968,-0.814646,0.000000,75.436427,4
2.0700,135.062261,-0.113755,-0.145254,72.1963,77.3430,59.5620,-0.122346,0.000000,75.349045,4
2.0800,135.783351,0.604685,0.605063,68.5935,70.2059,85.2789,0.604788,0.000000,75.410025,4
2.0900,136.487894,1.343156,1.400363,77.0588,66.7193,74.4994,1.358758,0.000000,75.460643,4
2.1000,137.236494,2.081104,2.022053,76.4267,72.7877,62.7370,2.064999,0.000000,75.335402,4
2.1100,137.948431,2.798829,2.776876,66.1949,78.4292,80.6494,2.792841,0.000000,75.380877,4
2.1200,138.664792,-2.772785,-2.701985,71.6368,74.4301,69.4618,-2.753476,0.000000,75.458048,4
2.1300,139.422991,-2.046957,-2.076112,76.0964,67.7025,65.7770,-2.054908,0.000000,75.365972,4
2.1400,140.124963,-1.310158,-1.330379,71.3362,68.5006,85.9059,-1.315672,0.000000,75.398004,4
2.1500,140.826525,-0.582342,-0.544482,73.6328,75.0587,67.9708,-0.572016,0.000000,75.430479,4
2.1600,141.582319,0.127438,0.086194,71.2428,77.2375,60.5785,0.116189,0.000000,75.341806,4
2.1700,142.295160,0.837890,0.846315,67.4870,71.1096,83.9718,0.840188,0.000000,75.415688,4
2.1800,143.000811,1.568157,1.624433,76.5045,66.3747,72.4191,1.583505,0.000000,75.457351,4
2.1900,143.742782,2.302121,2.242300,75.8130,71.2730,64.1943,2.285806,0.000000,75.337198,4
2.2000,144.446031,3.017056,2.999462,66.2140,77.4345,80.1621,3.012257,0.000000,75.385862,4
2.2100,145.159938,-2.560128,-2.494939,71.2417,74.2699,67.8171,-2.542349,0.000000,75.451588,4
2.2200,145.911592,-1.840879,-1.870567,75.0310,67.5588,66.0675,-1.848976,0.000000,75.365905,4
2.2300,146.607579,-1.109781,-1.125974,70.8419,68.0981,84.8583,-1.114197,0.000000,75.401057,4
2.2400,147.305877,-0.387574,-0.351958,73.0671,74.4659,67.1643,-0.377861,0.000000,75.427925,4
2.2500,148.055063,0.316910,0.277681,70.6977,76.3043,60.9176,0.306211,0.000000,75.344808,4
2.2600,148.762623,1.023291,1.031669,67.4689,70.1789,83.1350,1.025576,0.000000,75.415959,4
2.2700,149.462928,1.749269,1.800997,75.8703,66.2408,71.8875,1.763377,0.000000,75.453083,4
2.2800,150.198658,2.476596,2.419386,74.7555,71.6389,63.4570,2.460993,0.000000,75.338513,4
2.2900,150.899602,-3.099020,-3.114607,65.6426,76.8204,79.0088,-3.103271,0.000000,75.386563,4
2.3000,151.607914,-2.397125,-2.331820,71.0281,72.5145,68.6453,-2.379314,0.000000,75.454080,4
2.3100,152.351012,-1.679782,-1.709063,75.1427,66.5942,65.7000,-1.687768,0.000000,75.367619,4
2.3200,153.043383,-0.954187,-0.977770,70.0418,68.9530,82.7278,-0.960619,0.000000,75.391622,4
2.3300,153.736790,-0.241679,-0.203290,71.2798,75.0200,67.2321,-0.231210,0.000000,75.429435,4
2.3400,154.481355,0.456240,0.428378,70.6749,74.4580,60.7282,0.448641,0.000000,75.356282,4
2.3500,155.185535,1.162605,1.162493,68.3559,67.9117,82.6208,1.162575,0.000000,75.410100,4
2.3600,155.875218,1.886645,1.930779,74.8335,66.8581,72.3489,1.898681,0.000000,75.447049,4
2.3700,156.605958,2.603536,2.554669,73.1761,73.4661,61.0013,2.590209,0.000000,75.341973,4
2.3800,157.310162,-2.982146,-2.996892,65.0862,75.5986,77.6871,-2.986168,0.000000,75.385648,4
2.3900,158.008978,-2.280510,-2.214460,71.2840,69.2883,71.6451,-2.262496,0.000000,75.460925,4
2.4000,158.740819,-1.561895,-1.590971,75.6959,66.1407,64.3411,-1.569825,0.000000,75.368600,4
2.4100,159.433822,-0.845210,-0.881863,68.5160,71.3791,79.0882,-0.855206,0.000000,75.373613,4
2.4200,160.122548,-0.145780,-0.098810,68.8687,75.2200,68.8180,-0.132970,0.000000,75.437374,4
2.4300,160.860976,0.549010,0.538518,71.8266,70.8505,61.0382,0.546149,0.000000,75.375728,4
2.4400,161.562154,1.259826,1.239751,69.8002,65.9188,81.1418,1.254351,0.000000,75.393163,4
2.4500,162.239849,1.978563,2.013048,72.3468,69.5621,72.8676,1.987968,0.000000,75.437143,4
2.4600,162.967613,2.679694,2.652526,71.2492,75.1668,58.3935,2.672285,0.000000,75.356866,4
2.4700,163.678139,-2.912365,-2.928639,66.0150,71.9634,76.7129,-2.916803,0.000000,75.384956,4
2.4800,164.362386,-2.204498,-2.148392,71.8331,66.0376,75.7545,-2.189196,0.000000,75.460123,4
2.4900,165.080758,-1.487957,-1.513139,75.0284,68.4272,61.5975,-1.494825,0.000000,75.369445,4
2.5000,165.782141,-0.787500,-0.831250,66.4864,74.1281,74.0419,-0.799432,0.000000,75.357976,4
2.5100,166.466489,-0.097890,-0.042805,67.3900,72.5222,72.9189,-0.082867,-0.006842,75.449495,1
2.5200,167.190586,0.604923,0.602412,74.1425,66.7467,61.5814,0.604238,-0.040352,75.388332,1
2.5300,167.891116,1.322141,1.253045,70.3660,67.8504,75.0434,1.303297,-0.101788,75.339908,1
2.5400,168.563667,2.030435,2.018476,67.9544,74.2568,71.8786,2.027173,-0.191148,75.384721,1
2.5500,169.286902,2.725283,2.667387,70.7265,73.7859,56.8339,2.709493,-0.308435,75.321331,1
2.5600,170.001403,-2.849193,-2.980834,69.6961,67.6641,72.4901,-2.885095,-0.453646,75.270583,1
2.5700,170.671878,-2.124377,-2.237390,70.4545,68.8062,74.8916,-2.155198,-0.626783,75.291539,1
2.5800,171.381131,-1.410653,-1.598884,71.8778,74.6195,55.7901,-1.461989,-0.826728,75.192806,1
2.5900,172.102900,-0.708043,-0.981822,67.9045,72.9565,67.2309,-0.782710,-1.016619,75.118900,1
2.6000,172.784144,0.005172,-0.234306,69.4253,67.7107,77.1423,-0.060140,-1.178586,75.165862,1
2.6100,173.483700,0.727046,0.430758,73.6009,70.8784,60.4632,0.646240,-1.312627,75.092752,1
2.6200,174.206344,1.431010,1.050494,68.6552,74.2916,65.9085,1.327233,-1.418743,75.011300,1
2.6300,174.900910,2.126374,1.812233,68.5813,67.2726,80.3238,2.040699,-1.496934,75.094617,1
2.6400,175.588819,2.844104,2.535063,73.2865,68.9477,66.6440,2.759820,-1.547199,75.087282,1
2.6500,176.311911,-2.740570,-3.118847,69.5651,74.1244,63.3552,-2.843736,-1.569540,75.011269,1
2.6600,177.012365,-2.048722,-2.380260,67.9505,68.0839,79.1731,-2.139141,-1.570796,75.075847,2
2.6700,177.693068,-1.334850,-1.636675,72.2000,68.2446,69.6729,-1.417166,-1.570796,75.097425,2
2.6800,178.411628,-0.636270,-1.007402,70.4604,73.2103,61.1496,-0.737488,-1.570796,75.016905,2
2.6900,179.115999,0.054492,-0.299854,67.8571,68.6596,77.1035,-0.042148,-1.570796,75.051543,2
2.7000,179.791393,0.761623,0.461695,70.5791,68.2226,72.8927,0.679825,-1.570796,75.101967,2
2.7100,180.504480,1.459972,1.104066,71.3850,71.9436,60.2673,1.362907,-1.570796,75.031831,2
2.7200,181.213376,2.152782,1.780469,68.2522,69.4711,74.3128,2.051242,-1.570796,75.031158,2
2.7300,181.888451,2.853651,2.551947,69.0825,68.4625,75.7846,2.771368,-1.570796,75.102427,2
2.7400,182.593995,-2.729412,-3.067549,72.0275,70.6721,60.6776,-2.821631,-1.570796,75.050552,2
2.7500,183.306201,-2.034674,-2.419795,68.6690,70.3348,70.5724,-2.139707,-1.570796,75.014629,2
2.7600,183.983263,-1.340394,-1.653322,67.8439,68.3252,77.6366,-1.425738,-1.570796,75.093096,2
2.7700,184.677091,-0.640275,-0.964829,71.9178,69.5563,62.3204,-0.728790,-1.570796,75.066302,2
2.7800,185.390846,0.052609,-0.338326,69.1063,70.8696,66.4784,-0.054010,-1.570796,75.004504,2
2.7900,186.072381,0.742456,0.410822,67.3321,67.8294,78.6073,0.652011,-1.570796,75.076232,2
2.8000,186.754185,1.442398,1.129451,71.1547,69.1662,65.4067,1.357049,-1.570796,75.081011,2
2.8100,187.469398,2.132583,1.749779,69.7536,71.1366,62.9805,2.028182,-1.570796,75.008544,2
2.8200,188.158008,2.822903,2.471067,67.6049,67.5075,78.1113,2.726948,-1.570796,75.056631,2
2.8300,188.830777,-2.761199,-3.067825,69.8202,69.3269,68.9790,-2.844824,-1.570796,75.090530,2
2.8400,189.543770,-2.073236,-2.440702,70.3540,70.7724,60.4880,-2.173454,-1.570796,75.021015,2
2.8500,190.238237,-1.381438,-1.756353,68.1025,67.4596,75.6332,-1.483688,-1.570796,75.032118,2
2.8600,190.904912,-0.687689,-0.998359,68.0599,69.4104,72.4559,-0.772417,-1.563955,75.089767,3
2.8700,191.609814,-0.002224,-0.351563,70.7692,69.7869,59.7830,-0.097498,-1.530444,75.038550,3
2.8800,192.309476,0.690193,0.296831,68.7181,67.9095,71.7829,0.582912,-1.469009,75.010215,3
2.8900,192.977240,1.377141,1.057814,67.0798,68.6126,76.2204,1.290052,-1.379648,75.086283,3
2.9000,193.669647,2.053064,1.757066,70.0156,68.5547,64.1341,1.972337,-1.262362,75.096892,3
2.9100,194.370831,2.731041,2.413222,69.1254,66.6512,70.4058,2.644364,-1.117150,75.085425,3
2.9200,195.037879,-2.878142,-3.107059,66.2548,67.0572,78.9194,-2.940574,-0.944014,75.181232,3
2.9300,195.715579,-2.210022,-2.371226,69.1899,67.3773,67.2630,-2.253987,-0.744069,75.235929,3
2.9400,196.414079,-1.545145,-1.716722,68.6267,66.6366,67.2942,-1.591939,-0.554177,75.228041,3
2.9500,197.080475,-0.877289,-0.979867,65.8771,66.0075,77.8955,-0.905265,-0.392210,75.307506,3
2.9600,197.746677,-0.207321,-0.242381,68.5863,66.9878,68.2121,-0.216883,-0.258169,75.363574,3
2.9700,198.441803,0.458954,0.396362,68.6255,67.6836,63.0957,0.441884,-0.152053,75.331792,3
2.9800,199.113117,1.127237,1.095439,65.5547,66.6065,75.0651,1.118565,-0.073862,75.374811,3
2.9900,199.773451,1.802420,1.830574,68.1511,66.6048,69.8155,1.810099,-0.023597,75.428489,3
3.0000,200.464626,2.476642,2.463043,69.2602,68.2247,60.5331,2.472933,-0.001257,75.377830,3
3.0100,201.142622,-3.134460,3.125528,65.5658,67.9338,71.2859,-1.427191,0.000000,75.378894,4
3.0200,201.800840,-2.458685,-2.426018,67.0608,66.6790,71.4410,-2.449776,0.000000,75.434146,4
3.0300,202.485346,-1.782088,-1.782399,69.7026,67.2062,60.7714,-1.782173,0.000000,75.391918,4
3.0400,203.166042,-1.110321,-1.142984,66.0417,68.0073,68.4657,-1.119229,0.000000,75.367422,4
3.0500,203.821899,-0.439978,-0.414640,65.6008,67.2311,72.5695,-0.433068,0.000000,75.427515,4
3.0600,204.499242,0.233158,0.248601,69.4779,66.3556,61.8977,0.237370,0.000000,75.408574,4
3.0700,205.182174,0.906291,0.869769,67.1503,67.2939,65.9090,0.896331,0.000000,75.362181,4
3.0800,205.838305,1.575118,1.586178,64.7453,67.9197,73.0866,1.578135,0.000000,75.413914,4
3.0900,206.509357,2.244820,2.273275,68.6646,66.5529,63.6952,2.252580,0.000000,75.422282,4
3.1000,207.195236,2.918594,2.887301,68.2623,66.4766,63.8261,2.910059,0.000000,75.365782,4
3.1100,207.853888,-2.694085,-2.698970,64.6995,67.7943,72.9741,-2.695417,0.000000,75.399027,4
3.1200,208.516922,-2.026869,-1.992349,67.4014,67.1782,65.6342,-2.017454,0.000000,75.429510,4
3.1300,209.202746,-1.357187,-1.376389,68.6198,66.0779,61.8143,-1.362424,0.000000,75.375346,4
3.1400,209.864971,-0.687297,-0.705986,65.1137,66.7678,71.9416,-0.692394,0.000000,75.385822,4
3.1500,210.518783,-0.021129,0.011133,66.2299,67.4278,67.8943,-0.012330,0.000000,75.429786,4
3.1600,211.201195,0.643816,0.639387,68.4591,66.4432,60.4389,0.642608,0.000000,75.387538,4
3.1700,211.870262,1.312175,1.284596,65.8372,65.9353,70.0421,1.304653,0.000000,75.375896,4
3.1800,212.519007,1.980071,2.003958,65.5885,67.1961,70.4439,1.986586,0.000000,75.424876,4
3.1900,213.195535,2.643582,2.653149,68.1370,67.1341,60.4223,2.646192,0.000000,75.400414,4
3.2000,213.872060,-2.973457,-3.003326,66.4397,65.7966,67.2901,-2.981603,0.000000,75.370700,4
3.2100,214.519968,-2.304943,-2.291796,65.1655,66.4259,72.2943,-2.301357,0.000000,75.417173,4
3.2200,215.186517,-1.641584,-1.621106,67.6367,67.1930,61.6774,-1.635999,0.000000,75.412501,4
3.2300,215.866200,-0.979811,-1.007145,66.7162,66.1316,63.8885,-0.987266,0.000000,75.369271,4
3.2400,216.516586,-0.314866,-0.314175,64.7438,65.6668,72.7197,-0.314677,0.000000,75.406024,4
3.2500,217.172021,0.348958,0.376078,67.0808,66.6168,64.2409,0.356354,0.000000,75.422330,4
3.2600,217.851239,1.008734,0.988525,67.0841,66.6933,61.0798,1.003223,0.000000,75.372942,4
3.2700,218.508767,1.670161,1.658160,64.6502,65.5771,71.6906,1.666888,0.000000,75.392478,4
3.2800,219.157006,2.335101,2.363765,66.4992,65.9615,67.5412,2.342919,0.000000,75.427786,4
3.2900,219.832569,2.995934,2.987351,67.5135,66.9646,59.7919,2.993593,0.000000,75.382919,4
3.3000,220.497916,-2.628244,-2.650364,64.7959,65.9308,69.1983,-2.634277,0.000000,75.379751,4
3.3100,221.142231,-1.964986,-1.939996,65.5633,65.3838,70.2313,-1.958171,0.000000,75.427264,4
3.3200,221.809412,-1.304249,-1.298601,67.6366,66.4449,60.0715,-1.302709,0.000000,75.397656,4
3.3300,222.479202,-0.647954,-0.676513,65.1823,66.2221,65.7065,-0.655742,0.000000,75.369940,4
3.3400,223.122996,0.010767,0.025560,64.4881,65.2136,71.6358,0.014801,0.000000,75.418688,4
3.3500,223.780274,0.671002,0.690228,67.4183,65.6589,62.0461,0.676245,0.000000,75.413480,4
3.3600,224.452401,1.327450,1.299267,66.0095,66.4258,62.4906,1.319764,0.000000,75.367210,4
3.3700,225.101101,1.983068,1.983268,63.8829,65.5826,71.5925,1.983123,0.000000,75.404021,4
3.3800,225.750616,2.643059,2.671282,66.8130,65.1246,65.1324,2.650756,0.000000,75.425568,4
3.3900,226.421973,-2.981911,-3.001293,66.8829,66.2807,60.4025,-2.987197,0.000000,75.374029,4
3.4000,227.077153,-2.328023,-2.342579,63.7714,65.9561,69.8483,-2.331993,0.000000,75.387756,4
3.4100,227.720174,-1.670888,-1.641073,65.6132,64.8458,68.0157,-1.662757,0.000000,75.430007,4
3.4200,228.385599,-1.013697,-1.017993,67.3009,65.6080,59.7035,-1.014868,0.000000,75.388583,4
3.4300,229.045837,-0.361485,-0.387839,64.2007,65.9867,66.8071,-0.368672,0.000000,75.373563,4
3.4400,229.685472,0.291650,0.313626,64.2815,64.9671,70.0751,0.297643,0.000000,75.424200,4
3.4500,230.342730,0.947422,0.959993,67.2583,64.9665,60.8734,0.950851,0.000000,75.406483,4
3.4600,231.007512,1.600510,1.570211,65.2157,65.9208,63.6009,1.592247,0.000000,75.366908,4
3.4700,231.649774,2.251562,2.258901,63.4544,65.4396,70.8456,2.253564,0.000000,75.410341,4
3.4800,232.299166,2.906437,2.932077,66.6786,64.6204,63.5014,2.913430,0.000000,75.421812,4
3.4900,232.965341,-2.722131,-2.746073,66.2438,65.6056,61.0335,-2.728661,0.000000,75.370973,4
3.5000,233.612745,-2.072512,-2.081768,63.1803,65.6929,69.7705,-2.075037,0.000000,75.393152,4
3.5100,234.253973,-1.420808,-1.390356,65.4274,64.4625,66.3779,-1.412503,0.000000,75.429287,4
3.5200,234.915968,-0.767836,-0.777221,66.7838,64.9787,59.6504,-0.770396,0.000000,75.384219,4
3.5300,235.568796,-0.119619,-0.143240,63.5697,65.5810,67.1426,-0.126061,0.000000,75.377003,4
3.5400,236.204957,0.528808,0.553262,64.0559,64.6394,68.8354,0.535478,0.000000,75.425678,4
3.5500,236.859961,1.180155,1.188684,66.8558,64.4947,60.2743,1.182481,0.000000,75.402413,4
3.5600,237.518673,1.829335,1.799539,64.6111,65.4448,63.9969,1.821209,0.000000,75.368270,4
3.5700,238.156199,2.476312,2.486685,63.1510,65.0779,70.0828,2.479141,0.000000,75.412905,4
3.5800,238.803237,3.126711,-3.133140,66.3256,64.2227,62.6119,1.419478,0.000000,75.419082,4
3.5900,239.464355,-2.506136,-2.530976,65.6549,65.1199,61.1657,-2.512910,0.000000,75.370696,4
3.6000,240.106368,-1.860791,-1.867532,62.7825,65.2447,69.3372,-1.862629,0.000000,75.395606,4
3.6100,240.744391,-1.213542,-1.184042,65.0976,64.0436,65.5047,-1.205496,0.000000,75.427943,4
3.6200,241.401974,-0.564974,-0.575707,66.2331,64.5740,59.4745,-0.567901,0.000000,75.383131,4
3.6300,242.049794,0.078888,0.056944,63.1356,65.1254,66.8516,0.072904,0.000000,75.378745,4
3.6400,242.682317,0.723318,0.747428,63.7627,64.1744,68.1677,0.729894,0.000000,75.425181,4
3.6500,243.333201,1.370566,1.377953,66.3576,64.1721,59.9615,1.372581,0.000000,75.401354,4
3.6600,243.987507,2.015307,1.986823,64.1566,65.0533,63.6666,2.007539,0.000000,75.369524,4
3.6700,244.621366,2.658437,2.668576,62.8671,64.5380,69.5403,2.661202,0.000000,75.412681,4
3.6800,245.263941,-2.978138,-2.955836,65.8452,63.8739,62.3141,-2.972056,0.000000,75.418227,4
3.6900,245.920593,-2.332557,-2.355914,65.1484,64.8124,60.7200,-2.338927,0.000000,75.371926,4
3.7000,246.559189,-1.691555,-1.698564,62.4989,64.6512,68.7349,-1.693467,0.000000,75.395276,4
3.7100,247.192484,-1.047862,-1.019990,64.6434,63.6000,65.3185,-1.040260,0.000000,75.426746,4
3.7200,247.845124,-0.403918,-0.412758,65.6803,64.3639,59.0799,-0.406329,0.000000,75.384763,4
3.7300,248.490078,0.235335,0.213726,62.8789,64.5880,66.0807,0.229442,0.000000,75.378710,4
3.7400,249.118526,0.876508,0.897866,63.3911,63.6290,68.0192,0.882333,0.000000,75.423017,4
3.7500,249.763838,1.519696,1.528772,65.7566,64.0131,59.8369,1.522171,0.000000,75.403091,4
3.7600,250.415293,2.159577,2.133118,63.8720,64.6505,62.7538,2.152361,0.000000,75.370814,4
3.7700,251.046210,2.799375,2.806041,62.6163,63.8635,69.1811,2.801193,0.000000,75.409673,4
3.7800,251.682606,-2.840672,-2.818263,65.1901,63.6679,62.4828,-2.834560,0.000000,75.418865,4
3.7900,252.335423,-2.200406,-2.219632,64.7366,64.5638,59.8631,-2.205650,0.000000,75.375158,4
3.8000,252.972137,-1.563263,-1.573286,62.3908,63.8856,67.9609,-1.565996,0.000000,75.392294,4
3.8100,253.599531,-0.922541,-0.897459,64.0042,63.2920,65.6224,-0.915700,0.000000,75.424874,4
3.8200,254.246877,-0.283870,-0.287242,65.0917,64.2557,58.6409,-0.284789,0.000000,75.389616,4
3.8300,254.890508,0.351173,0.328970,62.8895,63.8545,64.9151,0.345117,0.000000,75.377558,4
3.8400,255.514699,0.989769,1.005289,62.9127,63.1854,68.1120,0.994002,0.000000,75.418119,4
3.8500,256.153428,1.628226,1.641767,64.9690,64.0035,60.0117,1.631919,0.000000,75.407585,4
3.8600,256.802911,2.263376,2.240481,63.8447,64.0415,61.4969,2.257132,0.000000,75.373393,4
3.8700,257.431587,2.900726,2.900194,62.4281,63.2170,68.6996,2.900581,0.000000,75.403044,4
3.8800,258.060921,-2.743391,-2.720308,64.2433,63.7031,63.0635,-2.737095,0.000000,75.420180,4
3.8900,258.709953,-2.108678,-2.120267,64.4798,64.1105,58.9940,-2.111839,0.000000,75.381854,4
3.9000,259.345734,-1.474097,-1.489821,62.5266,63.0579,66.7886,-1.478386,0.000000,75.386525,4
3.9100,259.967222,-0.836835,-0.816466,63.0682,63.3169,66.1299,-0.831280,0.000000,75.421012,4
3.9200,260.608700,-0.204064,-0.198174,64.4955,63.9543,58.6177,-0.202458,0.000000,75.398580,4
3.9300,261.251313,0.428271,0.405151,63.2311,62.9644,63.3422,0.421965,0.000000,75.375992,4
3.9400,261.872216,1.063969,1.070266,62.2489,63.1175,67.9592,1.065686,0.000000,75.409379,4
3.9500,262.503876,1.696674,1.716807,64.0092,63.8711,60.8231,1.702165,0.000000,75.414695,4
3.9600,263.150600,2.328529,2.311261,64.1272,63.1534,60.1903,2.323820,0.000000,75.378308,4
3.9700,263.778277,2.963637,2.952801,62.2288,62.9567,67.5450,2.960682,0.000000,75.392482,4
3.9800,264.401172,-2.686056,-2.662598,63.0321,63.7648,64.1082,-2.679658,0.000000,75.421410,4
3.9900,265.044810,-2.055581,-2.056569,64.4462,63.2294,58.6607,-2.055851,0.000000,75.392431,4
4.0000,265.680092,-1.422586,-1.445199,62.7699,62.6110,64.8030,-1.428753,0.000000,75.378633,4
4.0100,266.297876,-0.790778,-0.777019,61.9024,63.5173,66.5723,-0.787026,0.000000,75.414821,4
4.0200,266.931837,-0.162784,-0.146125,64.0154,63.1112,59.5783,-0.158240,0.000000,75.410517,4
4.0300,267.572193,0.468329,0.445538,63.6640,62.4101,61.2600,0.462113,0.000000,75.375070,4
4.0400,268.192901,1.098921,1.094553,61.4730,63.3502,67.1075,1.097730,0.000000,75.398004,4
4.0500,268.817079,1.726532,1.751975,63.1175,63.1565,62.6008,1.733471,0.000000,75.422024,4
4.0600,269.458132,2.357037,2.347447,64.4180,62.4634,59.0564,2.354421,0.000000,75.385512,4
4.0700,270.087328,2.987875,2.967725,61.9670,63.1772,65.3182,2.982380,0.000000,75.381149,4
4.0800,270.705655,-2.667581,-2.646786,61.9714,63.2411,65.6242,-2.661910,0.000000,75.420546,4
4.0900,271.340228,-2.038640,-2.029100,64.3635,62.3497,59.1700,-2.036038,0.000000,75.404153,4
4.1000,271.975684,-1.409027,-1.434341,62.8310,62.8489,61.8953,-1.415931,0.000000,75.373091,4
4.1100,272.593570,-0.783680,-0.778717,61.0817,63.1225,66.7686,-0.782326,0.000000,75.406542,4
4.1200,273.217107,-0.157157,-0.134167,63.5033,62.1209,61.5357,-0.150887,0.000000,75.419711,4
4.1300,273.853649,0.470985,0.454369,63.6590,62.6584,58.9311,0.466453,0.000000,75.378724,4
4.1400,274.478090,1.094985,1.081571,61.1769,63.0234,65.5152,1.091327,0.000000,75.387627,4
4.1500,275.094145,1.720876,1.743526,62.3884,62.1516,64.8781,1.727053,0.000000,75.422683,4
4.1600,275.726549,2.348760,2.350339,64.0285,62.6171,58.4450,2.349191,0.000000,75.395836,4
4.1700,276.359568,2.973245,2.950672,62.0583,63.0000,62.4625,2.967088,0.000000,75.375803,4
4.1800,276.975062,-2.684663,-2.674816,61.4654,62.1974,66.8451,-2.681977,0.000000,75.412204,4
4.1900,277.597909,-2.057561,-2.039932,63.4946,62.3789,60.4243,-2.052753,0.000000,75.413555,4
4.2000,278.233648,-1.434357,-1.451647,62.8828,62.8627,59.1357,-1.439073,0.000000,75.377781,4
4.2100,278.853826,-0.811899,-0.820101,61.1887,61.9908,66.0823,-0.814136,0.000000,75.394159,4
4.2200,279.466558,-0.186652,-0.165740,62.3133,62.1220,63.5941,-0.180949,0.000000,75.420166,4
4.2300,280.097947,0.434783,0.434192,63.2433,62.7420,57.7875,0.434622,0.000000,75.392696,4
4.2400,280.726195,1.055979,1.035618,61.8787,61.8640,63.1797,1.050426,0.000000,75.379612,4
4.2500,281.336501,1.680515,1.689952,61.3564,62.1236,66.0815,1.683088,0.000000,75.411540,4
4.2600,281.959540,2.301894,2.318447,62.9532,62.7170,59.4491,2.306409,0.000000,75.410959,4
4.2700,282.593432,2.923369,2.905871,62.8882,61.9154,59.9032,2.918597,0.000000,75.379078,4
4.2800,283.209056,-2.735790,-2.744109,61.1161,62.0384,66.0460,-2.738059,0.000000,75.394388,4
4.2900,283.822579,-2.114749,-2.092260,61.9126,62.5879,62.6001,-2.108615,0.000000,75.420030,4
4.3000,284.453648,-1.495095,-1.496691,63.3040,61.8053,58.1267,-1.495530,0.000000,75.392786,4
4.3100,285.076425,-0.873271,-0.894932,61.5983,61.7400,63.3130,-0.879178,0.000000,75.379034,4
4.3200,285.684810,-0.254328,-0.241428,60.7296,62.4223,65.0944,-0.250810,0.000000,75.413429,4
4.3300,286.306457,0.363422,0.379780,62.9555,61.6150,59.2348,0.367883,0.000000,75.411431,4
4.3400,286.934448,0.984264,0.963033,62.5633,61.6539,59.8373,0.978473,0.000000,75.376074,4
4.3500,287.547179,1.602141,1.596538,60.3974,62.3887,65.3770,1.600613,0.000000,75.395810,4
4.3600,288.159787,2.220047,2.243626,62.0615,61.6073,62.4915,2.226478,0.000000,75.421698,4
4.3700,288.787177,2.840941,2.834782,63.2307,61.7141,58.0532,2.839261,0.000000,75.388810,4
4.3800,289.408701,-2.824420,-2.843986,60.9752,62.2864,63.0326,-2.829756,0.000000,75.380064,4
4.3900,290.016907,-2.207078,-2.191511,60.9549,61.5577,65.2030,-2.202832,0.000000,75.416732,4
4.4000,290.635667,-1.587792,-1.575418,62.9279,61.5284,58.9393,-1.584417,0.000000,75.407799,4
4.4100,291.262000,-0.971826,-0.991581,61.8184,62.0655,59.4564,-0.977214,0.000000,75.376540,4
4.4200,291.872566,-0.356976,-0.359570,60.4145,61.3358,65.4295,-0.357683,0.000000,75.399591,4
4.4300,292.480475,0.260724,0.280963,61.8773,61.3606,61.9202,0.266243,0.000000,75.418576,4
4.4400,293.105287,0.875215,0.869990,62.4209,61.9957,57.4357,0.873790,0.000000,75.388619,4
4.4500,293.724259,1.489381,1.471669,61.0000,61.2122,63.1233,1.484550,0.000000,75.382775,4
4.4600,294.328190,2.106931,2.118779,60.8488,61.4537,64.8030,2.110162,0.000000,75.413257,4
4.4700,294.945914,2.721341,2.734763,62.2999,61.9779,58.5261,2.725002,0.000000,75.407738,4
4.4800,295.571401,-2.947191,-2.965003,62.0226,61.1731,59.7926,-2.952049,0.000000,75.379429,4
4.4900,296.179099,-2.330494,-2.336225,60.3992,61.4065,65.1400,-2.332057,0.000000,75.396621,4
4.5000,296.786763,-1.717226,-1.695501,61.2790,61.7853,61.5146,-1.711301,0.000000,75.418963,4
4.5100,297.409974,-1.104448,-1.107559,62.5302,60.9900,57.7335,-1.105296,0.000000,75.391798,4
4.5200,298.024648,-0.490045,-0.510382,60.7888,61.1805,62.5554,-0.495591,0.000000,75.380118,4
4.5300,298.626960,0.121187,0.134269,60.1087,61.6214,64.1520,0.124755,0.000000,75.413376,4
4.5400,299.241237,0.732700,0.747582,62.2860,60.8154,58.7933,0.736759,0.000000,75.410451,4
4.5500,299.861665,1.346428,1.326307,61.7581,61.2007,59.1254,1.340940,0.000000,75.376898,4
4.5600,300.468775,1.956837,1.951645,59.8257,61.5885,64.4650,1.955421,0.000000,75.395972,4
4.5700,301.074201,2.569009,2.590562,61.4143,60.7987,62.0646,2.574887,0.000000,75.420240,4
4.5800,301.693629,-3.100470,-3.104878,62.3386,61.2968,57.4521,-3.101672,0.000000,75.390341,4
4.5900,302.309409,-2.490472,-2.508611,60.4360,61.4231,61.9662,-2.495419,0.000000,75.381085,4
4.6000,302.910738,-1.879082,-1.867184,60.3410,60.6967,64.5605,-1.875837,0.000000,75.413537,4
4.6100,303.520814,-1.267415,-1.253837,61.8776,61.1397,58.6121,-1.263712,0.000000,75.409059,4
4.6200,304.140640,-0.659459,-0.675264,61.2889,61.1597,58.4956,-0.663770,0.000000,75.380127,4
4.6300,304.745389,-0.050104,-0.057240,59.9971,60.4884,64.3128,-0.052050,0.000000,75.395078,4
4.6400,305.345510,0.560032,0.578523,60.7448,61.0712,61.7269,0.565075,0.000000,75.416997,4
4.6500,305.962617,1.166830,1.167742,61.8032,61.0477,57.1551,1.167078,0.000000,75.395040,4
4.6600,306.575952,1.776169,1.756433,60.7709,60.4403,61.5884,1.770787,0.000000,75.380244,4
4.6700,307.174495,2.385970,2.392810,59.8138,61.2087,64.1050,2.387835,0.000000,75.407931,4
4.6800,307.783448,2.993008,3.010953,61.4735,60.9413,59.0256,2.997902,0.000000,75.413487,4
4.6900,308.401203,-2.680386,-2.695379,61.7227,60.4509,58.4258,-2.684475,0.000000,75.381736,4
4.7000,309.005481,-2.072040,-2.082965,59.6325,61.1244,63.4567,-2.075020,0.000000,75.390118,4
4.7100,309.605244,-1.466229,-1.445637,60.3518,60.6804,62.1839,-1.460613,0.000000,75.419490,4
4.7200,310.217730,-0.858382,-0.855866,61.9198,60.3176,57.3495,-0.857696,0.000000,75.397785,4
4.7300,310.829105,-0.252443,-0.272870,60.2708,60.9150,60.2339,-0.258014,0.000000,75.377856,4
4.7400,311.426955,0.351723,0.358029,59.4752,60.4575,64.0330,0.353443,0.000000,75.407711,4
4.7500,312.029262,0.958717,0.975662,61.2894,60.2781,59.4853,0.963338,0.000000,75.413976,4
4.7600,312.643961,1.563735,1.551584,61.1644,60.9452,57.3382,1.560421,0.000000,75.382902,4
4.7700,313.249300,2.167905,2.156057,59.7329,60.3402,63.0165,2.164674,0.000000,75.389218,4
4.7800,313.844925,2.775463,2.790791,60.2292,60.4194,62.7195,2.779644,0.000000,75.415556,4
4.7900,314.455031,-2.903158,-2.895998,61.3314,60.9203,57.2116,-2.901205,0.000000,75.401443,4
4.8000,315.067798,-2.298852,-2.316621,60.6540,60.1489,59.8028,-2.303698,0.000000,75.380513,4
4.8100,315.663836,-1.692854,-1.693434,59.4192,60.4048,63.8242,-1.693013,0.000000,75.401280,4
4.8200,316.263445,-1.090452,-1.070657,60.4515,60.6398,59.7293,-1.085053,0.000000,75.416438,4
4.8300,316.875693,-0.487702,-0.494274,61.3416,59.9208,57.2016,-0.489495,0.000000,75.389040,4
4.8400,317.478396,0.116056,0.098696,59.6095,60.3065,61.7837,0.111322,0.000000,75.383061,4
4.8500,318.071919,0.716937,0.731081,59.3458,60.4711,62.6965,0.720794,0.000000,75.414045,4
4.8600,318.676692,1.319381,1.330904,61.3149,59.8431,57.8703,1.322524,0.000000,75.407363,4
4.8700,319.286471,1.922752,1.903927,60.5615,60.4303,58.4514,1.917618,0.000000,75.378185,4
4.8800,319.884356,2.523385,2.519974,59.0499,60.3908,63.3311,2.522455,0.000000,75.397685,4
4.8900,320.480134,3.126839,-3.137446,60.4645,59.8536,60.9657,1.418397,0.000000,75.417680,4
4.9000,321.089061,-2.553662,-2.556755,61.0700,60.5042,56.6838,-2.554505,0.000000,75.391557,4
4.9100,321.694941,-1.953899,-1.970141,59.6496,60.0878,60.8455,-1.958329,0.000000,75.383052,4
4.9200,322.286272,-1.351702,-1.343357,59.3614,59.7803,63.2445,-1.349426,0.000000,75.409878,4
4.9300,322.885705,-0.751731,-0.737094,60.5192,60.3236,57.9949,-0.747739,0.000000,75.410168,4
4.9400,323.494920,-0.153472,-0.165959,60.5516,59.7710,57.5832,-0.156877,0.000000,75.383761,4
4.9500,324.090675,0.447107,0.436163,59.1480,59.7366,62.5897,0.444122,0.000000,75.390598,4
4.9600,324.681769,1.045658,1.062745,59.4259,60.2600,61.2001,1.050318,0.000000,75.415744,4
4.9700,325.287122,1.643887,1.648933,60.9944,59.6621,56.9466,1.645264,0.000000,75.400245,4
4.9800,325.891463,2.244645,2.224710,59.9810,59.8709,59.5661,2.239208,0.000000,75.378768,4
4.9900,326.483484,2.842804,2.845905,58.7239,60.2616,62.9862,2.843650,0.000000,75.403890,4
5.0000,327.079677,-2.841298,-2.822796,60.4396,59.5410,59.3882,-2.836252,0.000000,75.415917,4
5.0100,327.685928,-2.241158,-2.251053,60.6584,59.9903,56.7924,-2.243856,-0.003491,75.385574,1
5.0200,328.284149,-1.642383,-1.661314,58.8742,60.3549,60.7218,-1.647546,-0.031416,75.379831,1
5.0300,328.873373,-1.039766,-1.048780,59.3772,59.9660,60.4949,-1.042224,-0.087266,75.389159,1
5.0400,329.472970,-0.434543,-0.477434,60.5483,60.7270,54.7122,-0.446240,-0.171042,75.349167,1
5.0500,330.077997,0.170606,0.069047,59.8291,60.8657,55.5653,0.142908,-0.282743,75.291607,1
5.0600,330.669723,0.780905,0.648128,59.0041,60.7542,59.4440,0.744693,-0.422370,75.264178,1
5.0700,331.261898,1.393492,1.228069,59.7873,61.7082,55.7825,1.348376,-0.589921,75.226363,1
5.0800,331.869267,2.008432,1.762577,60.9486,61.6969,52.3079,1.941381,-0.785398,75.142801,1
5.0900,332.474145,2.630059,2.300471,60.2904,61.8536,56.1709,2.540171,-0.980875,75.063767,1
5.1000,333.072736,-3.037535,2.886912,59.4877,61.8832,59.4970,-1.421777,-1.148427,75.036916,1
5.1100,333.674692,-2.419591,-2.813340,61.0374,61.3843,56.8259,-2.526977,-1.288053,74.999591,1
5.1200,334.287461,-1.803019,-2.257685,61.1965,62.0185,55.5427,-1.927019,-1.399754,74.937395,1
5.1300,334.898782,-1.189869,-1.675151,61.0802,60.1762,61.2688,-1.322219,-1.483530,74.914963,1
5.1400,335.498021,-0.587563,-1.038273,59.0278,61.0742,64.2499,-0.710484,-1.539380,74.950375,1
5.1500,336.098559,0.019059,-0.417093,61.2100,59.9355,59.5814,-0.099891,-1.567306,74.961075,1
5.1600,336.712076,0.625581,0.153155,61.1988,61.3298,56.4177,0.496737,-1.570796,74.921259,2
5.1700,337.322100,1.230935,0.748304,60.4698,59.9001,62.5163,1.099308,-1.570796,74.918736,2
5.1800,337.916815,1.835468,1.389703,59.2929,60.7879,64.1144,1.713896,-1.570796,74.955519,2
5.1900,338.521170,2.438909,2.001612,61.2289,60.3170,58.2431,2.319646,-1.570796,74.958130,2
5.2000,339.135151,3.047563,2.568750,61.3745,60.8984,57.2394,2.916978,-1.570796,74.916385,2
5.2100,339.741928,-2.631513,-3.107807,59.8229,60.2918,63.4078,-2.761411,-1.570796,74.925421,2
5.2200,340.335757,-2.027059,-2.466355,59.6138,60.3906,63.2172,-2.146867,-1.570796,74.961233,2
5.2300,340.941339,-1.423161,-1.870233,61.2257,60.5556,56.7767,-1.545090,-1.570796,74.946939,2
5.2400,341.554436,-0.817184,-1.305182,60.9973,60.5002,57.9276,-0.950274,-1.570796,74.908316,2
5.2500,342.155165,-0.214539,-0.690433,59.3756,60.0689,63.9827,-0.344328,-1.570796,74.926567,2
5.2600,342.747849,0.386359,-0.052846,59.5959,60.2441,61.9845,0.266576,-1.570796,74.960039,2
5.2700,343.354266,0.989477,0.531447,61.3793,60.2486,56.1882,0.864560,-1.570796,74.935957,2
5.2800,343.965496,1.593264,1.100995,60.5267,60.5127,59.0287,1.459009,-1.570796,74.905198,2
5.2900,344.563352,2.194367,1.726813,59.3039,59.7712,64.6686,2.066852,-1.570796,74.935653,2
5.3000,345.156415,2.795923,2.359729,59.8074,60.5154,60.7933,2.676961,-1.570796,74.961594,2
5.3100,345.766275,-2.884598,2.935088,61.5248,60.1231,55.8674,-1.297411,-1.570796,74.930386,2
5.3200,346.374568,-2.279399,-2.773398,60.1494,60.5568,60.0684,-2.414126,-1.570796,74.904605,2
5.3300,346.970045,-1.680813,-2.140972,59.0484,59.6595,64.5127,-1.806311,-1.570796,74.942647,2
5.3400,347.562505,-1.078395,-1.519845,60.0635,60.3491,59.2562,-1.198791,-1.570796,74.955120,2
5.3500,348.173078,-0.478990,-0.954357,61.1655,60.0599,55.5517,-0.608636,-1.570796,74.918369,2
5.3600,348.776670,0.124991,-0.374035,59.8321,60.0505,61.0967,-0.011107,-1.567306,74.901177,3
5.3700,349.368929,0.719803,0.262931,58.6893,59.7037,64.1709,0.595202,-1.539380,74.945304,3
5.3800,349.962102,1.321480,0.875519,60.4501,59.9324,58.3587,1.199854,-1.483530,74.950216,3
5.3900,350.573164,1.919453,1.437705,60.9796,60.1935,55.9507,1.788067,-1.399754,74.912760,3
5.4000,351.178442,2.509350,2.044121,59.7288,57.7708,65.3587,2.382469,-1.288053,74.941588,3
5.4100,351.758632,3.091821,2.726966,57.3910,58.7760,68.5429,2.992316,-1.148427,75.042755,3
5.4200,352.349144,-2.612300,-2.911390,60.4123,57.3333,60.2317,-2.693870,-0.980875,75.101074,3
5.4300,352.955209,-2.035513,-2.333782,60.3412,57.5229,58.4938,-2.116859,-0.785398,75.101984,3
5.4400,353.543318,-1.468480,-1.693459,57.0536,56.8151,68.3016,-1.529838,-0.589921,75.185077,3
5.4500,354.108874,-0.894661,-1.005705,57.4761,57.0993,66.7705,-0.924946,-0.422370,75.295996,3
5.4600,354.701592,-0.324061,-0.402490,60.2767,57.5342,55.2977,-0.345451,-0.282743,75.316861,3
5.4700,355.302701,0.249552,0.151288,59.1366,57.1217,58.2134,0.222753,-0.171042,75.302030,3
5.4800,355.873869,0.826157,0.787067,56.1348,57.8835,66.8969,0.815496,-0.087266,75.368428,3
5.4900,356.444709,1.404151,1.436073,58.3810,58.0480,60.6828,1.412857,-0.031416,75.431401,3
5.5000,357.044844,1.985832,1.984068,60.6992,58.1143,51.8888,1.985351,-0.003491,75.390195,3
5.5100,357.638392,2.570380,2.530469,57.8925,58.6128,58.9181,2.559495,0.000000,75.359855,4
5.5200,358.206038,-3.129123,-3.116570,56.4004,58.4902,65.0641,-3.125699,0.000000,75.416860,4
5.5300,358.785360,-2.543659,-2.507873,59.6144,58.1774,56.3182,-2.533899,0.000000,75.431201,4
5.5400,359.387197,-1.960014,-1.980997,59.8397,58.6891,52.1643,-1.965736,0.000000,75.371374,4
5.5500,359.971110,-1.378122,-1.406999,56.9207,58.0026,62.2112,-1.385998,0.000000,75.374245,4
5.5600,360.534107,-0.793636,-0.766619,56.9625,58.3085,63.1697,-0.786268,0.000000,75.429520,4
5.5700,361.121622,-0.213452,-0.188560,59.7869,58.3466,53.0923,-0.206663,0.000000,75.417012,4
5.5800,361.720079,0.369092,0.334746,59.2211,57.8105,54.5662,0.359725,0.000000,75.361650,4
5.5900,362.292606,0.950679,0.935007,56.0597,58.4598,63.8345,0.946405,0.000000,75.388446,4
5.6000,362.860040,1.531570,1.569754,57.8163,58.0720,60.5721,1.541984,0.000000,75.437692,4
5.6100,363.453805,2.114412,2.119548,60.3171,58.1030,51.8370,2.115813,0.000000,75.397031,4
5.6200,364.047508,2.695887,2.657197,57.9793,58.3801,57.3940,2.685335,0.000000,75.359665,4
5.6300,364.614606,-3.005801,-3.001098,56.1860,58.0644,64.8078,-3.004518,0.000000,75.409438,4
5.6400,365.187697,-2.422840,-2.386040,58.8492,58.1014,57.3006,-2.412803,0.000000,75.433304,4
5.6500,365.785984,-1.842756,-1.854929,59.7375,58.3201,51.6504,-1.846076,0.000000,75.379673,4
5.6600,366.370458,-1.262455,-1.295918,57.1349,57.6586,60.6060,-1.271582,0.000000,75.368629,4
5.6700,366.931509,-0.681546,-0.661596,56.2688,58.2528,63.4473,-0.676105,0.000000,75.422942,4
5.6800,367.512343,-0.103918,-0.072944,59.3045,57.8243,54.2676,-0.095470,0.000000,75.424591,4
5.6900,368.108141,0.476771,0.448013,59.2885,57.7301,53.1642,0.468928,0.000000,75.365855,4
5.7000,368.683098,1.054586,1.032089,56.0425,58.1886,62.4888,1.048451,0.000000,75.380621,4
5.7100,369.245942,1.633855,1.666616,57.1867,57.6771,61.7617,1.642790,0.000000,75.434076,4
5.7200,369.832951,2.213960,2.228368,59.7991,58.0475,52.2980,2.217890,0.000000,75.406579,4
5.7300,370.427257,2.792388,2.757098,58.2841,58.0057,55.5517,2.782763,0.000000,75.361406,4
5.7400,370.995025,-2.911083,-2.917572,56.0369,57.7454,64.1417,-2.912853,0.000000,75.398312,4
5.7500,371.561690,-2.331315,-2.294554,57.8799,58.0466,58.7524,-2.321290,0.000000,75.434751,4
5.7600,372.154870,-1.754102,-1.754548,59.6803,57.8144,51.5155,-1.754224,0.000000,75.391372,4
5.7700,372.740677,-1.175381,-1.212489,57.4324,57.5247,58.3511,-1.185501,0.000000,75.363086,4
5.7800,373.301718,-0.598637,-0.588565,55.6661,58.0429,63.6109,-0.595890,0.000000,75.413582,4
5.7900,373.874134,-0.022403,0.013038,58.6681,57.3331,56.0349,-0.012737,0.000000,75.431277,4
5.8000,374.466551,0.555434,0.536841,59.2463,57.7911,51.8103,0.550363,0.000000,75.374336,4
5.8100,375.045337,1.130005,1.100631,56.3634,57.6915,60.6191,1.121994,0.000000,75.372453,4
5.8200,375.604305,1.707970,1.730697,56.4467,57.4822,62.8289,1.714168,0.000000,75.425724,4
5.8300,376.183447,2.284470,2.309685,59.0636,57.9301,53.4960,2.291347,0.000000,75.418316,4
5.8400,376.777195,2.860825,2.832490,58.7535,57.5315,53.6506,2.853098,0.000000,75.366723,4
5.8500,377.347593,-2.844778,-2.864031,55.9928,57.6395,62.6520,-2.850029,0.000000,75.384616,4
5.8600,377.908801,-2.268636,-2.235336,56.8563,57.8162,60.5632,-2.259554,0.000000,75.433319,4
5.8700,378.494172,-1.693108,-1.680435,59.4713,57.3437,52.0904,-1.689652,0.000000,75.405231,4
5.8800,379.081705,-1.117016,-1.153091,57.7590,57.5660,55.6023,-1.126854,0.000000,75.361330,4
5.8900,379.645130,-0.543901,-0.546981,55.4288,57.5366,63.2687,-0.544741,0.000000,75.400834,4
5.9000,380.208300,0.031494,0.066971,57.7087,57.1404,58.1840,0.041170,0.000000,75.433832,4
5.9100,380.795919,0.605148,0.602191,59.0603,57.7160,51.1700,0.604342,0.000000,75.388830,4
5.9200,381.378456,1.178172,1.143765,57.0355,57.1143,58.1049,1.168788,0.000000,75.365651,4
5.9300,381.936343,1.753700,1.762038,55.6672,57.5465,63.2209,1.755974,0.000000,75.412139,4
5.9400,382.506634,2.326729,2.360741,58.1872,57.5222,55.6934,2.336005,0.000000,75.429348,4
5.9500,383.096939,2.901930,2.885226,59.1116,57.2331,52.0637,2.897374,0.000000,75.376854,4
5.9600,383.672371,-2.807040,-2.836712,56.1857,57.5915,60.1730,-2.815132,0.000000,75.372015,4
5.9700,384.230080,-2.233640,-2.210381,56.0137,57.3371,62.2761,-2.227297,0.000000,75.425688,4
5.9800,384.805024,-1.659533,-1.634643,58.7997,57.1823,53.5799,-1.652745,0.000000,75.418896,4
5.9900,385.393446,-1.087262,-1.114247,58.1529,57.4463,52.9986,-1.094621,0.000000,75.367554,4
6.0000,385.961107,-0.515911,-0.534569,55.6709,56.9605,61.8376,-0.520999,0.000000,75.384875,4
6.0100,386.516946,0.057198,0.086664,56.4208,57.2666,60.3075,0.065234,0.000000,75.430060,4
6.0200,387.096942,0.627078,0.642297,58.7596,57.2117,51.9639,0.631229,0.000000,75.407637,4
6.0300,387.681444,1.199611,1.165719,57.7505,56.8942,55.0159,1.190368,0.000000,75.363463,4
6.0400,388.242905,1.770784,1.762804,55.2114,57.4933,62.5110,1.768608,0.000000,75.395489,4
6.0500,388.803759,2.342288,2.377228,57.2124,56.9571,58.5839,2.351817,0.000000,75.433736,4
6.0600,389.387222,2.915317,2.915687,58.9715,57.2815,51.4200,2.915418,0.000000,75.392842,4
6.0700,389.968559,-2.797220,-2.830697,56.8341,57.2266,57.0132,-2.806350,0.000000,75.365379,4
6.0800,390.525833,-2.225183,-2.219775,55.4556,56.9700,62.9256,-2.223708,0.000000,75.409455,4
6.0900,391.089910,-1.654005,-1.620831,57.5863,57.2050,56.0693,-1.644958,0.000000,75.429419,4
6.1000,391.675503,-1.084707,-1.094914,58.5734,56.9531,51.4732,-1.087491,0.000000,75.382733,4
6.1100,392.248527,-0.514397,-0.545926,56.1924,56.7933,58.8880,-0.522996,0.000000,75.369734,4
6.1200,392.802062,0.054456,0.071116,55.2884,57.1726,61.8901,0.059000,0.000000,75.419131,4
6.1300,393.370546,0.623154,0.652016,58.1321,56.6184,54.2989,0.631025,0.000000,75.423910,4
6.1400,393.954414,1.193218,1.170660,58.1352,57.0747,52.1374,1.187066,0.000000,75.371477,4
6.1500,394.522953,1.760699,1.737454,55.5650,56.9148,60.4699,1.754360,0.000000,75.379025,4
6.1600,395.076361,2.331646,2.355934,56.0318,56.8171,61.0666,2.338270,0.000000,75.426192,4
6.1700,395.650291,2.900455,2.920695,58.2891,57.1878,52.6149,2.905975,0.000000,75.413311,4
6.1800,396.234290,-2.813441,-2.841640,57.7884,56.6887,53.8016,-2.821132,0.000000,75.367868,4
6.1900,396.795989,-2.243791,-2.258902,55.2271,56.9923,61.5874,-2.247912,0.000000,75.388217,4
6.2000,397.351472,-1.676037,-1.644016,56.2691,56.8743,59.2261,-1.667304,0.000000,75.431656,4
6.2100,397.928144,-1.107841,-1.098105,58.5223,56.5875,51.6823,-1.105185,0.000000,75.402816,4
6.2200,398.506694,-0.540566,-0.573396,56.8452,56.8497,55.0167,-0.549520,0.000000,75.364511,4
6.2300,399.063266,0.025297,0.021988,54.9475,56.5834,62.0423,0.024395,0.000000,75.400359,4
6.2400,399.619327,0.593212,0.625258,56.8054,56.5999,57.4188,0.601952,0.000000,75.430332,4
6.2500,400.198571,1.158741,1.158399,58.2096,56.8636,51.0884,1.158648,0.000000,75.392045,4
6.2600,400.773451,1.725703,1.692883,56.5350,56.3884,56.9806,1.716752,0.000000,75.366881,4
6.2700,401.326410,2.293181,2.298442,54.9442,56.9901,61.9587,2.294616,0.000000,75.408384,4
6.2800,401.888460,2.859319,2.892002,57.3251,56.5629,55.8329,2.868233,0.000000,75.429170,4
6.2900,402.468975,-2.855530,-2.867518,58.2569,56.6724,51.4833,-2.858799,0.000000,75.381496,4
6.3000,403.039415,-2.290010,-2.318748,55.7131,56.7744,58.4043,-2.297848,0.000000,75.371838,4
6.3100,403.590556,-1.723455,-1.707374,55.2698,56.4172,61.5713,-1.719069,0.000000,75.419023,4
6.3200,404.154592,-1.157659,-1.130635,57.5107,56.6402,53.8879,-1.150289,0.000000,75.421838,4
6.3300,404.734665,-0.593628,-0.612557,57.6556,56.4409,51.9609,-0.598790,0.000000,75.375253,4
6.3400,405.297840,-0.028682,-0.053108,55.3209,56.2925,59.6750,-0.035343,0.000000,75.377891,4
6.3500,405.847210,0.535457,0.558336,55.2481,56.6438,60.2809,0.541697,0.000000,75.424130,4
6.3600,406.415139,1.099137,1.120564,57.8622,56.2080,52.7956,1.104981,0.000000,75.415584,4
6.3700,406.992886,1.664534,1.637346,57.2938,56.5497,52.9364,1.657119,0.000000,75.368277,4
6.3800,407.553093,2.227595,2.211766,54.9243,56.5047,60.6814,2.223278,0.000000,75.386870,4
6.3900,408.103920,2.793710,2.821159,55.9650,56.3159,59.3973,2.801196,0.000000,75.428097,4
6.4000,408.675705,-2.925365,-2.912355,57.8519,56.7001,51.7071,-2.921817,0.000000,75.405878,4
6.4100,409.252434,-2.361236,-2.390571,56.9170,56.1706,54.4424,-2.369236,0.000000,75.367907,4
6.4200,409.806820,-1.796744,-1.805348,54.7042,56.4908,61.1790,-1.799091,0.000000,75.394635,4
6.4300,410.359514,-1.234377,-1.202341,56.0744,56.3047,57.7022,-1.225640,0.000000,75.430726,4
6.4400,410.932134,-0.671232,-0.667260,57.9212,56.1041,51.2115,-0.670149,0.000000,75.397242,4
6.4500,411.503556,-0.109335,-0.140887,56.0936,56.3337,55.3560,-0.117940,0.000000,75.366562,4
6.4600,412.054385,0.451957,0.452649,54.5973,56.0794,61.3453,0.452146,0.000000,75.404084,4
6.4700,412.607795,1.014855,1.045184,56.4859,56.1866,56.2733,1.023126,0.000000,75.427927,4
6.4800,413.182596,1.575797,1.572238,57.6562,56.3399,51.0034,1.574827,0.000000,75.389344,4
6.4900,413.751064,2.138396,2.107569,55.9343,55.9830,56.9688,2.129988,0.000000,75.369227,4
6.5000,414.299821,2.700991,2.708685,54.6010,56.5180,61.1141,2.703090,0.000000,75.410350,4
6.5100,414.858280,-3.020525,-2.990184,56.9347,56.0328,55.1031,-3.012250,0.000000,75.426730,4
6.5200,415.433215,-2.457218,-2.470061,57.5877,56.2500,51.3336,-2.460721,0.000000,75.380934,4
6.5300,415.997975,-1.896984,-1.923377,55.2296,56.1918,57.9900,-1.904182,0.000000,75.374247,4
6.5400,416.544560,-1.335174,-1.319751,54.8670,55.9253,60.6915,-1.330967,0.000000,75.418048,4
6.5500,417.103938,-0.774985,-0.749167,56.9051,56.1720,53.4778,-0.767944,0.000000,75.420690,4
6.5600,417.678081,-0.215634,-0.233513,57.1618,55.8456,51.7670,-0.220510,0.000000,75.376683,4
6.5700,418.236582,0.344494,0.320567,54.8848,55.9345,58.8451,0.337969,0.000000,75.377912,4
6.5800,418.782374,0.903488,0.924745,54.8285,56.0907,59.7490,0.909285,0.000000,75.422528,4
6.5900,419.344545,1.463252,1.484122,57.3015,55.7711,52.7417,1.468944,0.000000,75.415500,4
6.6000,419.917423,2.023484,1.999301,56.8050,56.1756,52.4238,2.016889,0.000000,75.370999,4
6.6100,420.474214,2.582396,2.565479,54.6946,55.9008,59.8222,2.577782,0.000000,75.385567,4
6.6200,421.020474,-3.139236,-3.114797,55.3287,55.9998,59.0267,-3.132571,0.000000,75.425156,4
6.6300,421.586237,-2.580490,-2.564682,57.2442,56.1062,51.8177,-2.576179,0.000000,75.409246,4
6.6400,422.157640,-2.020502,-2.047567,56.5938,55.6841,53.5479,-2.027884,0.000000,75.369774,4
6.6500,422.709299,-1.461810,-1.473268,54.2780,56.0741,60.0696,-1.464935,0.000000,75.391103,4
6.6600,423.256406,-0.904094,-0.874960,55.4513,55.6531,57.8687,-0.896148,0.000000,75.428743,4
6.6700,423.821668,-0.345683,-0.337562,57.2453,55.7672,51.1687,-0.343468,0.000000,75.401616,4
6.6800,424.389792,0.210796,0.182207,55.9008,55.7798,54.1381,0.202999,0.000000,75.368692,4
6.6900,424.937920,0.768229,0.762556,54.2894,55.5850,60.4447,0.766682,0.000000,75.397558,4
6.7000,425.485360,1.325901,1.354731,55.6123,55.8823,56.7114,1.333764,0.000000,75.427173,4
6.7100,426.053427,1.882553,1.885731,57.2602,55.6896,51.0390,1.883420,0.000000,75.396578,4
6.7200,426.619084,2.441173,2.410754,55.7694,55.7193,55.2865,2.432877,0.000000,75.368263,4
6.7300,427.166204,2.998158,2.999445,54.1509,55.9540,60.4845,2.998509,0.000000,75.403946,4
6.7400,427.716555,-2.726813,-2.697353,56.1220,55.5242,55.9248,-2.718779,0.000000,75.427324,4
6.7500,428.284971,-2.169329,-2.173264,57.0374,55.9303,50.8068,-2.170402,0.000000,75.389326,4
6.7600,428.848190,-1.613567,-1.641249,55.3070,55.4670,56.2103,-1.621116,0.000000,75.371929,4
6.7700,429.391388,-1.056423,-1.050378,54.1672,55.6448,60.2212,-1.054775,0.000000,75.408790,4
6.7800,429.942570,-0.501883,-0.472823,55.9892,55.5813,54.5846,-0.493957,0.000000,75.425461,4
6.7900,430.509982,0.053799,0.044432,56.9357,55.3552,50.9594,0.051244,0.000000,75.384740,4
6.8000,431.068544,0.608499,0.581114,54.7993,55.6237,56.7088,0.601030,0.000000,75.372654,4
6.8100,431.611034,1.163109,1.174898,54.2284,55.4277,59.9888,1.166324,0.000000,75.414203,4
6.8200,432.163385,1.719019,1.744334,56.3190,55.5210,53.8443,1.725923,0.000000,75.421271,4
6.8300,432.731952,2.273699,2.260203,56.6764,55.6558,51.2159,2.270019,0.000000,75.380589,4
6.8400,433.288802,2.829467,2.804899,54.8021,55.3621,57.7739,2.822766,0.000000,75.376718,4
6.8500,433.830765,-2.897845,-2.882072,54.2939,55.7619,59.4842,-2.893543,0.000000,75.417352,4
6.8600,434.386422,-2.343398,-2.319297,56.5016,55.3351,53.1388,-2.336825,0.000000,75.419420,4
6.8700,434.953221,-1.787669,-1.806465,56.4779,55.4880,51.5991,-1.792795,0.000000,75.376145,4
6.8800,435.506712,-1.234988,-1.255053,54.2582,55.4211,58.1184,-1.240460,0.000000,75.381289,4
6.8900,436.046910,-0.680582,-0.661108,54.4666,55.1904,58.9297,-0.675271,0.000000,75.420994,4
6.9000,436.602068,-0.128026,-0.108033,56.2985,55.4481,52.1300,-0.122573,0.000000,75.414378,4
6.9100,437.167572,0.424501,0.403534,56.1971,55.1004,52.0278,0.418783,0.000000,75.374690,4
6.9200,437.716962,0.977614,0.958973,54.0919,55.3519,58.4944,0.972530,0.000000,75.383266,4
6.9300,438.257838,1.529910,1.552663,54.4927,55.3329,58.3271,1.536115,0.000000,75.423318,4
6.9400,438.814830,2.083480,2.099347,56.6227,55.2049,51.8933,2.087807,0.000000,75.410396,4
6.9500,439.379826,2.636669,2.612796,55.9113,55.4843,52.5108,2.630158,0.000000,75.372013,4
6.9600,439.928569,-3.093705,-3.107128,54.0920,55.1811,59.1284,-3.097366,0.000000,75.389037,4
6.9700,440.469482,-2.539533,-2.515480,54.7234,55.3849,57.6915,-2.532973,0.000000,75.424058,4
6.9800,441.028469,-1.988014,-1.974629,56.4876,55.2540,51.3511,-1.984364,0.000000,75.407273,4
6.9900,441.590936,-1.435083,-1.460985,55.7249,55.0415,53.1220,-1.442147,0.000000,75.371150,4
7.0000,442.135893,-0.884399,-0.894046,53.6547,55.3058,59.0013,-0.887030,0.000000,75.392495,4
7.0100,442.676451,-0.333278,-0.306891,54.8161,54.8758,57.0122,-0.326082,0.000000,75.426061,4
7.0200,443.233938,0.217638,0.225857,56.3365,55.1992,50.8352,0.219880,0.000000,75.401922,4
7.0300,443.794820,0.767324,0.741282,55.3497,54.9568,53.5030,0.760222,0.000000,75.371324,4
7.0400,444.337271,1.318586,1.311000,53.7358,55.0573,59.2512,1.316517,0.000000,75.395084,4
7.0500,444.878842,1.868973,1.895905,54.8428,55.1975,56.3562,1.876318,0.000000,75.425590,4
7.0600,445.438376,2.420075,2.425228,56.5415,54.9754,50.9342,2.421480,0.000000,75.399189,4
7.0700,445.997893,2.971565,2.944048,55.1652,55.2152,54.0654,2.964060,0.000000,75.370322,4
7.0800,446.540309,-2.761347,-2.763571,53.6889,55.0561,59.4263,-2.761953,0.000000,75.400350,4
7.0900,447.082288,-2.209634,-2.182901,55.1042,54.9982,55.7952,-2.202343,0.000000,75.425155,4
7.1000,447.642057,-1.660364,-1.658121,56.2318,55.1178,50.5728,-1.659752,0.000000,75.395819,4
7.1100,448.198966,-1.110620,-1.137593,54.9562,54.7102,54.5860,-1.117976,0.000000,75.371836,4
7.1200,448.737750,-0.561652,-0.561558,53.4091,55.0808,59.0549,-0.561627,0.000000,75.402322,4
7.1300,449.279777,-0.013609,0.014117,55.0590,54.6743,55.1345,-0.006047,0.000000,75.425646,4
7.1400,449.837726,0.535492,0.533288,56.1519,54.9032,50.4450,0.534891,0.000000,75.391697,4
7.1500,450.392984,1.082826,1.056478,54.6014,54.8372,54.8294,1.075640,0.000000,75.372464,4
7.1600,450.930849,1.632018,1.634256,53.6010,54.7930,59.2024,1.632628,0.000000,75.404851,4
7.1700,451.473809,2.180609,2.207094,55.1115,55.0134,54.6151,2.187832,0.000000,75.423632,4
7.1800,452.033622,2.729357,2.725404,56.2292,54.7849,50.6966,2.728279,0.000000,75.390247,4
7.1900,452.587342,-3.004366,-3.030979,54.5248,54.9301,55.3470,-3.011624,0.000000,75.372772,4
7.2000,453.125322,-2.456347,-2.449758,53.5103,54.8990,59.0558,-2.454550,0.000000,75.408739,4
7.2100,453.668663,-1.907403,-1.881682,55.3072,54.6756,54.1841,-1.900388,0.000000,75.422857,4
7.2200,454.227295,-1.360207,-1.366789,55.8609,54.9046,50.4611,-1.362002,0.000000,75.387362,4
7.2300,454.778579,-0.813469,-0.838285,54.2966,54.4689,55.6509,-0.820237,0.000000,75.375194,4
7.2400,455.313355,-0.266370,-0.258814,53.3460,54.8069,58.6161,-0.264309,0.000000,75.409462,4
7.2500,455.856604,0.279028,0.304835,55.1637,54.5130,53.6357,0.286066,0.000000,75.422424,4
7.2600,456.413546,0.826102,0.816349,55.8387,54.6210,50.5479,0.823442,0.000000,75.384723,4
7.2700,456.963423,1.371404,1.347271,54.0220,54.6982,55.7724,1.364822,0.000000,75.375711,4
7.2800,457.498396,1.918472,1.927860,53.5636,54.5609,58.7118,1.921033,0.000000,75.411542,4
7.2900,458.042390,2.465217,2.489066,55.2340,54.8064,53.3007,2.471721,0.000000,75.419978,4
7.3000,458.600856,3.011727,3.001346,55.8303,54.5922,50.8290,3.008896,0.000000,75.384300,4
7.3100,459.149320,-2.724211,-2.747915,54.0132,54.6664,56.1720,-2.730676,0.000000,75.376689,4
7.3200,459.684282,-2.178400,-2.165882,53.4337,54.6955,58.3984,-2.174986,0.000000,75.414083,4
7.3300,460.228292,-1.632172,-1.609117,55.3357,54.4093,52.9909,-1.625884,0.000000,75.419314,4
7.3400,460.784706,-1.087130,-1.099535,55.4604,54.6549,50.6366,-1.090513,0.000000,75.382134,4
7.3500,461.330997,-0.543050,-0.564735,53.7888,54.2630,56.2687,-0.548964,0.000000,75.379043,4
7.3600,461.863176,0.001990,0.014427,53.3262,54.5394,57.9904,0.005382,0.000000,75.413876,4
7.3700,462.406855,0.545076,0.567879,55.1491,54.3464,52.5905,0.551295,0.000000,75.418616,4
7.3800,462.961893,1.090058,1.075607,55.4867,54.3747,50.8040,1.086117,0.000000,75.380637,4
7.3900,463.507241,1.633441,1.612222,53.5995,54.5327,56.3052,1.627654,0.000000,75.379257,4
7.4000,464.040238,2.178437,2.192242,53.5360,54.3471,58.0885,2.182202,0.000000,75.415431,4
7.4100,464.584442,2.723233,2.744087,55.2149,54.5958,52.4086,2.728920,0.000000,75.416389,4
7.4200,465.140687,-3.015617,-3.029842,55.4383,54.3824,51.0483,-3.019496,0.000000,75.380979,4
7.4300,465.684771,-2.470644,-2.491271,53.6172,54.4292,56.5618,-2.476270,0.000000,75.380307,4
7.4400,466.217517,-1.927096,-1.911141,53.3654,54.4615,57.7206,-1.922744,0.000000,75.417002,4
7.4500,466.761195,-1.383392,-1.363120,55.2362,54.1749,52.1940,-1.377863,0.000000,75.416032,4
7.4600,467.314976,-0.840619,-0.856227,55.0851,54.4033,50.8308,-0.844876,0.000000,75.379460,4
7.4700,467.857193,-0.298893,-0.317856,53.4202,54.0593,56.5131,-0.304065,0.000000,75.382136,4
7.4800,468.387461,0.243985,0.259087,53.2714,54.3020,57.3872,0.248104,0.000000,75.416111,4
7.4900,468.930669,0.784956,0.805093,55.0473,54.1584,51.9424,0.790448,0.000000,75.415562,4
7.5000,469.483409,1.327886,1.310996,55.1556,54.1642,51.0009,1.323280,0.000000,75.378659,4
7.5100,470.025252,1.869334,1.850589,53.3007,54.3423,56.4953,1.864222,0.001257,75.382064,1
7.5200,470.557428,2.410409,2.430576,53.6032,53.7075,58.0919,2.415909,0.023597,75.422529,1
7.5300,471.100894,2.947831,2.987671,54.9649,53.8049,53.5902,2.958697,0.073862,75.437586,1
7.5400,471.653420,-2.801795,-2.763614,54.9799,53.0989,54.0447,-2.791382,0.152053,75.437765,1
7.5500,472.192927,-2.270024,-2.193266,53.2846,53.0252,59.7116,-2.249090,0.258169,75.482273,1
7.5600,472.724987,-1.742943,-1.581668,53.4306,52.6846,61.0052,-1.698959,0.392210,75.567478,1
7.5700,473.268779,-1.217692,-0.993405,55.1610,52.2454,57.0335,-1.156523,0.554177,75.627044,1
7.5800,473.820654,-0.694808,-0.428666,54.8425,52.4292,57.1495,-0.622224,0.744069,75.669537,1
7.5900,474.362393,-0.171863,0.173520,53.6136,52.3296,62.7554,-0.077667,0.944014,75.754303,1
7.6000,474.898548,0.358038,0.807960,54.2277,53.3023,62.7504,0.480744,1.117150,75.857199,1
7.6100,475.453998,0.891183,1.405557,56.2673,53.6900,56.9597,1.031467,1.262362,75.915083,1
7.6200,476.016079,1.437430,1.954292,56.0595,54.9827,54.4608,1.578393,1.379648,75.914893,1
7.6300,476.572134,1.983686,2.522317,54.8513,54.8761,58.8972,2.130585,1.469009,75.940809,1
7.6400,477.116641,2.545149,3.112397,55.1423,56.1877,58.1386,2.699853,1.530444,75.967341,1
7.6500,477.682113,3.096191,-2.613841,56.8411,55.2079,53.4240,1.538910,1.563955,75.968811,1
7.6600,478.242725,-2.622071,-2.093633,55.8053,56.5278,52.2502,-2.477952,1.570796,75.923140,2
7.6700,478.800078,-2.072722,-1.539936,55.0813,54.5281,57.9997,-1.927417,1.570796,75.934667,2
7.6800,479.342302,-1.514588,-0.949003,54.4509,56.1833,58.9535,-1.360338,1.570796,75.966549,2
7.6900,479.902364,-0.965031,-0.380335,56.6861,54.6452,54.5956,-0.805569,1.570796,75.982061,2
7.7000,480.462779,-0.403992,0.141663,55.6969,56.6963,51.3169,-0.255177,1.570796,75.938869,2
7.7100,481.021141,0.147372,0.677955,55.4710,54.2234,56.2244,0.292076,1.570796,75.931259,2
7.7200,481.563512,0.701891,1.261068,53.8691,56.2990,59.0560,0.854394,1.570796,75.960162,2
7.7300,482.117469,1.253867,1.838897,56.5087,54.4129,55.9513,1.413421,1.570796,75.984133,2
7.7400,482.679268,1.811380,2.368811,55.7677,56.8775,51.1814,1.963407,1.570796,75.949860,2
7.7500,483.239430,2.368324,2.892419,56.0056,54.3866,54.5859,2.511259,1.570796,75.923233,2
7.7600,483.785839,2.919693,-2.816155,53.7113,56.2152,59.0559,1.355371,1.570796,75.948441,2
7.7700,484.333841,-2.808314,-2.228555,56.0875,54.4196,57.5814,-2.650198,1.570796,75.980758,2
7.7800,484.895814,-2.256476,-1.683606,55.8067,56.4644,52.0217,-2.100239,1.570796,75.966101,2
7.7900,485.455191,-1.696405,-1.166446,56.1653,54.6915,52.9981,-1.551871,1.570796,75.927317,2
7.8000,486.005568,-1.150213,-0.605723,53.8034,55.5533,58.2407,-1.001716,1.570796,75.945475,2
7.8100,486.546544,-0.594114,-0.016499,55.2059,54.6844,58.5340,-0.436582,1.570796,75.979611,2
7.8200,487.106062,-0.048104,0.541954,55.8535,55.6200,53.1500,0.112821,1.570796,75.984917,2
7.8300,487.663745,0.514082,1.055387,56.0696,55.4854,51.3186,0.661710,1.570796,75.936082,2
7.8400,488.219407,1.059312,1.596481,54.4611,54.8650,56.6434,1.205813,1.570796,75.937377,2
7.8500,488.757564,1.616555,2.181023,54.3246,55.4550,59.0617,1.770501,1.570796,75.966475,2
7.8600,489.313854,2.162129,2.754249,56.0590,54.8440,54.9868,2.323616,1.569540,75.989527,3
7.8700,489.871960,2.723683,-3.007660,55.9230,56.2986,50.8359,1.160589,1.547199,75.944957,3
7.8800,490.431650,-3.010952,-2.480468,55.2972,54.3426,55.1251,-2.866274,1.496934,75.929915,3
7.8900,490.971268,-2.456798,-1.902609,53.6340,55.8269,59.2415,-2.305655,1.418743,75.956076,3
7.9000,491.516956,-1.901612,-1.327531,55.2865,55.8553,54.2560,-1.745045,1.312627,75.969463,3
7.9100,492.075133,-1.333766,-0.841900,56.1872,57.1289,44.5897,-1.199620,1.178586,75.877138,3
7.9200,492.634830,-0.771124,-0.398265,55.1680,55.5788,46.3356,-0.669435,1.016619,75.762695,3
7.9300,493.166630,-0.211480,0.110576,51.8711,56.4753,54.0004,-0.123647,0.826728,75.718126,3
7.9400,493.691139,0.349652,0.648550,53.5986,55.5234,51.6693,0.431170,0.626783,75.692465,3
7.9500,494.238607,0.906786,1.112485,55.3199,56.1338,42.5149,0.962886,0.453646,75.589875,3
7.9600,494.791607,1.459756,1.545101,54.6374,54.3829,46.3987,1.483032,0.308435,75.476703,3
7.9700,495.316451,2.008370,2.065719,51.1603,55.3153,56.0591,2.024010,0.191148,75.457001,3
7.9800,495.835424,2.552345,2.634810,52.9166,53.8881,55.1595,2.574835,0.101788,75.480913,3
7.9900,496.377821,3.096778,3.131227,55.3901,54.3875,45.9084,3.106173,0.040352,75.424056,3
8.0000,496.931395,-2.650305,-2.686758,54.2650,53.6290,49.0059,-2.660247,0.006842,75.357944,3
8.0100,497.456250,-2.113050,-2.138932,51.5845,53.1428,59.3730,-2.120108,0.000000,75.379407,4
8.0200,497.971039,-1.581036,-1.540864,51.9481,53.8447,57.4116,-1.570080,0.000000,75.440907,4
8.0300,498.511835,-1.047852,-1.021157,55.5607,52.6366,47.9713,-1.040571,0.000000,75.419586,4
8.0400,499.061938,-0.514113,-0.553545,54.0987,53.8300,48.3041,-0.524867,0.000000,75.354385,4
8.0500,499.589901,0.014981,-0.009596,51.4627,52.7004,58.8446,0.008278,0.000000,75.380106,4
8.0600,500.100116,0.551048,0.583809,51.9702,53.4888,57.8247,0.559983,0.000000,75.434869,4
8.0700,500.639924,1.078740,1.111211,54.8978,53.2070,48.0822,1.087596,0.000000,75.424448,4
8.0800,501.189829,1.614976,1.577096,54.8341,52.9404,48.3789,1.604645,0.000000,75.356976,4
8.0900,501.719200,2.144312,2.115675,51.1462,53.7822,57.8821,2.136502,0.000000,75.374183,4
8.1000,502.232015,2.678985,2.711453,52.2707,52.6781,58.8589,2.687840,0.000000,75.436147,4
8.1100,502.767882,-3.071337,-3.040017,54.6705,53.8958,48.2974,-3.062796,0.000000,75.423266,4
8.1200,503.321291,-2.540089,-2.570267,54.8639,52.7566,48.1528,-2.548319,0.000000,75.363997,4
8.1300,503.849237,-2.005533,-2.040158,51.5323,53.4495,57.5005,-2.014976,0.000000,75.368722,4
8.1400,504.362484,-1.476493,-1.443645,51.5015,53.2081,58.6522,-1.467535,0.000000,75.435496,4
8.1500,504.894591,-0.942846,-0.909904,54.9052,52.7603,49.1390,-0.933862,0.000000,75.426955,4
8.1600,505.445089,-0.413888,-0.441449,54.2789,53.5706,46.9975,-0.421405,0.000000,75.364664,4
8.1700,505.975347,0.116549,0.081323,51.9394,52.3543,57.1581,0.106942,0.000000,75.368610,4
8.1800,506.484541,0.648139,0.672614,51.0598,53.7201,58.5360,0.654814,0.000000,75.427075,4
8.1900,507.016624,1.175932,1.215384,54.6174,52.4668,49.9593,1.186691,0.000000,75.433984,4
8.2000,507.564408,1.710072,1.682751,54.7204,53.4335,46.7799,1.702621,0.000000,75.365213,4
8.2100,508.099112,2.236741,2.201775,51.7797,52.9905,56.2514,2.227205,0.000000,75.367026,4
8.2200,508.608859,2.771868,2.790864,51.5258,52.9740,59.4261,2.777048,0.000000,75.423492,4
8.2300,509.138736,-2.983113,-2.941933,53.9749,53.4872,50.1756,-2.971882,0.000000,75.434924,4
8.2400,509.688262,-2.450486,-2.470948,55.1975,52.5454,47.0286,-2.456067,0.000000,75.372814,4
8.2500,510.221658,-1.920418,-1.960377,51.6961,53.5517,55.1566,-1.931316,0.000000,75.360878,4
8.2600,510.733607,-1.391641,-1.372263,51.2368,52.5423,59.6176,-1.386356,0.000000,75.424063,4
8.2700,511.257053,-0.859951,-0.820861,53.8271,53.1521,50.7546,-0.849290,0.000000,75.434227,4
8.2800,511.805883,-0.334057,-0.346529,54.6767,52.8557,46.3162,-0.337458,0.000000,75.379266,4
8.2900,512.338969,0.197236,0.153482,52.3025,52.5814,54.5684,0.185303,0.000000,75.357707,4
8.3000,512.850126,0.723522,0.736845,50.5349,53.3581,59.1463,0.727156,0.000000,75.416858,4
8.3100,513.372075,1.253543,1.295152,53.9485,52.2309,52.1263,1.264891,0.000000,75.438802,4
8.3200,513.917708,1.782464,1.772498,54.5348,53.6125,45.8602,1.779746,0.000000,75.380798,4
8.3300,514.456353,2.310107,2.269029,52.7004,52.2617,54.0248,2.298904,0.000000,75.359713,4
8.3400,514.966848,2.842182,2.846303,50.7092,53.4740,59.3140,2.843306,0.000000,75.408327,4
8.3500,515.489282,-2.914729,-2.869017,53.3924,52.6494,52.8291,-2.902262,0.000000,75.442761,4
8.3600,516.032809,-2.382163,-2.388446,55.0196,52.9232,46.2278,-2.383877,0.000000,75.385668,4
8.3700,516.572646,-1.856603,-1.897168,52.3609,53.0396,52.6332,-1.867666,0.000000,75.358011,4
8.3800,517.084431,-1.326480,-1.326105,50.9690,52.4081,59.5828,-1.326378,0.000000,75.405882,4
8.3900,517.600909,-0.799530,-0.756343,52.6234,53.2178,53.0402,-0.787752,0.000000,75.440227,4
8.4000,518.143653,-0.273178,-0.269859,54.9559,52.2066,46.4033,-0.272273,0.000000,75.395558,4
8.4100,518.681064,0.255488,0.210921,52.5937,53.0382,51.4016,0.243333,0.000000,75.353260,4
8.4200,519.195929,0.779372,0.776432,50.6304,52.4929,59.1765,0.778570,0.000000,75.401775,4
8.4300,519.708201,1.309892,1.348835,52.6854,52.6962,54.2847,1.320513,0.000000,75.438114,4
8.4400,520.249705,1.833736,1.844592,54.5019,52.9928,46.3278,1.836696,0.000000,75.401907,4
8.4500,520.790094,2.363937,2.320903,53.4281,52.2852,51.0454,2.352201,0.000000,75.355140,4
8.4600,521.306406,2.889899,2.879504,50.3908,53.3892,58.5352,2.887064,0.000000,75.393134,4
8.4700,521.819776,-2.864915,-2.824571,52.6516,52.1229,55.5648,-2.853912,0.000000,75.441043,4
8.4800,522.356689,-2.336711,-2.323339,54.3790,53.3144,46.4975,-2.333064,0.000000,75.404587,4
8.4900,522.900230,-1.811735,-1.848608,53.4324,52.2020,50.0977,-1.821792,0.000000,75.359929,4
8.5000,523.415622,-1.282938,-1.301698,50.6648,52.8606,58.1105,-1.288055,0.000000,75.385383,4
8.5100,523.926778,-0.759695,-0.719923,51.7273,52.5622,55.8270,-0.748848,0.000000,75.440124,4
8.5200,524.459287,-0.231999,-0.213224,54.5380,52.2967,47.2752,-0.226879,0.000000,75.411713,4
8.5300,525.001356,0.291470,0.256612,53.1579,52.8899,48.5548,0.281964,0.000000,75.359751,4
8.5400,525.520355,0.816958,0.793807,51.0669,52.0046,57.7806,0.810644,0.000000,75.381383,4
8.5500,526.027544,1.343169,1.375192,51.2431,53.1046,56.3690,1.351903,0.000000,75.432861,4
8.5600,526.559876,1.866742,1.894506,54.3995,52.0779,48.2290,1.874314,0.000000,75.421294,4
8.5700,527.101131,2.395523,2.361592,53.6889,52.9328,47.9182,2.386269,0.000000,75.360332,4
8.5800,527.625565,2.917899,2.892702,51.0192,52.4542,56.9478,2.911027,0.000000,75.377825,4
8.5900,528.131891,-2.835455,-2.809404,51.4382,52.5403,57.4499,-2.828350,0.000000,75.428847,4
8.6000,528.661221,-2.312957,-2.279910,53.7314,52.8152,48.5853,-2.303944,0.000000,75.426054,4
8.6100,529.203194,-1.785383,-1.812734,54.1826,52.0624,47.6235,-1.792842,0.000000,75.367221,4
8.6200,529.727304,-1.262194,-1.293813,50.8474,52.9352,55.5373,-1.270818,0.000000,75.369904,4
8.6300,530.234064,-0.737930,-0.714168,51.1117,51.9074,58.0246,-0.731449,0.000000,75.427503,4
8.6400,530.755906,-0.213170,-0.179514,53.3487,52.7526,49.2647,-0.203991,0.000000,75.427748,4
8.6500,531.298140,0.308267,0.290292,54.0146,52.0704,46.8143,0.303365,0.000000,75.375224,4
8.6600,531.822986,0.834014,0.795449,51.4366,52.4016,54.6104,0.823496,0.000000,75.362966,4
8.6700,532.330528,1.355146,1.372912,50.4820,52.5457,58.1095,1.359991,0.000000,75.420932,4
8.6800,532.849499,1.881324,1.917415,53.5071,52.0478,50.8821,1.891167,0.000000,75.432466,4
8.6900,533.390577,2.404012,2.392082,53.8692,52.9390,46.1665,2.400759,0.000000,75.379718,4
8.7000,533.921069,2.928688,2.890206,52.1097,51.8251,54.0001,2.918193,0.000000,75.362804,4
8.7100,534.428051,-2.829387,-2.821149,50.2742,53.0492,58.1342,-2.827140,0.000000,75.411451,4
8.7200,534.946343,-2.306998,-2.265641,53.1026,51.8496,52.0563,-2.295719,0.000000,75.438665,4
8.7300,535.483451,-1.780945,-1.788269,54.0519,52.7170,46.0193,-1.782942,0.000000,75.384606,4
8.7400,536.016741,-1.261140,-1.298088,51.9778,52.0507,52.4562,-1.271217,0.000000,75.362299,4
8.7500,536.523047,-0.735732,-0.736291,50.4125,52.2365,58.2407,-0.735885,0.000000,75.403908,4
8.7600,537.036157,-0.216207,-0.174548,52.1402,52.3654,52.6472,-0.204846,0.000000,75.439039,4
8.7700,537.570774,0.307302,0.309127,54.2801,51.8357,46.3547,0.307800,0.000000,75.394631,4
8.7800,538.103949,0.828156,0.788849,52.0487,52.5844,50.7484,0.817436,0.000000,75.357963,4
8.7900,538.614501,1.349690,1.343244,50.5373,51.7731,58.2545,1.347932,0.000000,75.398331,4
8.8000,539.122879,1.873525,1.910100,51.8175,52.6398,53.8309,1.883500,0.000000,75.435296,4
8.8100,539.657756,2.393607,2.406548,54.1459,51.9807,46.8041,2.397136,0.000000,75.405473,4
8.8200,540.192302,2.919241,2.879596,52.7774,52.3667,49.8936,2.908429,0.000000,75.357269,4
8.8300,540.707091,-2.844539,-2.856209,50.3033,52.3414,57.5752,-2.847722,0.000000,75.391815,4
8.8400,541.213488,-2.319000,-2.285405,51.8152,51.9697,55.2375,-2.309838,0.000000,75.434528,4
8.8500,541.744068,-1.799547,-1.779576,53.5708,52.5666,46.9037,-1.794101,0.000000,75.411928,4
8.8600,542.280263,-1.276794,-1.310860,53.2257,51.5896,49.0070,-1.286084,0.000000,75.362438,4
8.8700,542.794604,-0.756684,-0.777944,50.1545,52.5805,56.3797,-0.762482,0.000000,75.381261,4
8.8800,543.299727,-0.236690,-0.204895,51.2587,51.5479,56.1559,-0.228019,0.000000,75.433821,4
8.8900,543.823180,0.284736,0.308645,53.3524,52.3752,47.6165,0.291257,0.000000,75.416967,4
8.9000,544.360841,0.802791,0.776375,53.2281,51.7731,47.7614,0.795587,0.000000,75.368223,4
8.9100,544.877599,1.325184,1.294946,50.7549,52.0828,55.6579,1.316937,0.000000,75.372435,4
8.9200,545.382516,1.843635,1.869573,50.5965,52.2337,56.7494,1.850709,0.000000,75.427907,4
8.9300,545.903402,2.366309,2.395925,53.5290,51.7711,49.1855,2.374386,0.000000,75.424696,4
8.9400,546.440910,2.886247,2.865544,53.2496,52.5526,46.7785,2.880601,0.000000,75.372171,4
8.9500,546.963590,-2.875898,-2.908336,51.3324,51.5577,54.9583,-2.884745,0.000000,75.369911,4
8.9600,547.466780,-2.354176,-2.337507,50.2410,52.6105,57.0854,-2.349630,0.000000,75.419087,4
8.9700,547.985475,-1.835632,-1.798752,53.0617,51.5204,50.3431,-1.825574,0.000000,75.432929,4
8.9800,548.519291,-1.313498,-1.328796,53.4494,52.3033,46.2032,-1.317670,0.000000,75.377396,4
8.9900,549.045071,-0.797437,-0.831019,51.2612,51.6639,53.2833,-0.806596,0.000000,75.366801,4
9.0000,549.546890,-0.275695,-0.268944,50.2076,51.9178,57.4451,-0.273854,0.000000,75.410571,4
9.0100,550.059952,0.240126,0.279378,52.1600,51.9475,51.2187,0.250831,0.000000,75.435673,4
9.0200,550.591906,0.760633,0.754989,53.7921,51.5900,46.2568,0.759094,0.000000,75.387508,4
9.0300,551.119403,1.277772,1.240573,51.4448,52.2086,51.5247,1.267627,0.000000,75.361118,4
9.0400,551.625328,1.796976,1.796400,50.3248,51.5156,57.7809,1.796819,0.000000,75.403905,4
9.0500,552.133594,2.316965,2.353285,51.7733,52.3228,52.5743,2.326870,0.000000,75.434057,4
9.0600,552.666091,2.834698,2.841220,53.8017,51.6189,46.5741,2.836477,0.000000,75.399396,4
9.0700,553.195369,-2.926824,-2.965438,52.1046,52.1150,50.3700,-2.937355,0.000000,75.358950,4
9.0800,553.705331,-2.410490,-2.417068,50.0648,51.8579,57.2673,-2.412284,0.000000,75.396988,4
9.0900,554.209852,-1.888778,-1.855260,51.5980,51.7400,54.0273,-1.879637,0.000000,75.433489,4
9.1000,554.738047,-1.373363,-1.357498,53.2301,52.0433,46.5827,-1.369036,0.000000,75.408093,4
9.1100,555.268560,-0.853779,-0.888526,52.6232,51.3344,49.1969,-0.863256,0.000000,75.362262,4
9.1200,555.778832,-0.338172,-0.355123,49.8217,52.1528,56.0731,-0.342795,0.000000,75.385509,4
9.1300,556.281221,0.179350,0.210251,51.1185,51.2050,55.2881,0.187777,0.000000,75.432515,4
9.1400,556.802601,0.696400,0.717954,52.9335,52.1256,47.2367,0.702279,0.000000,75.414460,4
9.1500,557.335735,1.212173,1.185103,52.8898,51.3184,47.9824,1.204790,0.000000,75.368311,4
9.1600,557.848857,1.730930,1.703520,50.3391,51.9853,55.2476,1.723454,0.000000,75.374846,4
9.1700,558.351798,2.246512,2.272421,50.5343,51.6842,56.2071,2.253578,0.000000,75.427891,4
9.1800,558.869567,2.766392,2.793560,53.0606,51.7011,48.7612,2.773802,0.000000,75.422000,4
9.1900,559.403578,-3.000918,-3.020295,52.9050,51.9965,46.8916,-3.006202,0.000000,75.374054,4
9.2000,559.921716,-2.482104,-2.513822,50.9784,51.3675,54.4275,-2.490754,0.000000,75.370373,4
9.2100,560.423020,-1.965522,-1.948372,49.9468,52.1666,56.4754,-1.960845,0.000000,75.419275,4
9.2200,560.937269,-1.449076,-1.414888,52.6950,51.1265,50.1384,-1.439752,0.000000,75.430623,4
9.2300,561.467179,-0.932154,-0.944980,52.8988,52.0608,46.0232,-0.935652,0.000000,75.379759,4
9.2400,561.989143,-0.418471,-0.451591,51.1502,51.0916,52.7978,-0.427503,0.000000,75.367404,4
9.2500,562.488632,0.099041,0.104073,49.7664,51.8591,56.6792,0.100413,0.000000,75.408145,4
9.2600,562.998289,0.611716,0.649485,51.8921,51.3088,51.3893,0.622017,0.000000,75.435031,4
9.2700,563.525322,1.129511,1.125672,53.2590,51.5935,46.0809,1.128464,0.000000,75.389148,4
9.2800,564.050991,1.642543,1.608119,51.3734,51.6385,50.9989,1.633155,0.000000,75.363765,4
9.2900,564.554261,2.160250,2.155518,50.0643,51.3952,57.0259,2.158959,0.000000,75.399345,4
9.3000,565.059959,2.675294,2.711091,51.2773,51.9345,52.7255,2.685057,0.000000,75.433944,4
9.3100,565.586634,-3.091418,-3.083083,53.4572,51.2372,46.7006,-3.089145,0.000000,75.401830,4
9.3200,566.113706,-2.574911,-2.609560,51.7701,51.9516,49.4513,-2.584361,0.000000,75.361935,4
9.3300,566.621665,-2.060762,-2.071708,50.0481,51.2043,56.5555,-2.063747,0.000000,75.392748,4
9.3400,567.122166,-1.543468,-1.512877,50.8259,51.7523,53.9496,-1.535125,0.000000,75.430511,4
9.3500,567.644954,-1.031616,-1.011692,52.9241,51.2640,47.0818,-1.026182,0.000000,75.413323,4
9.3600,568.171394,-0.514883,-0.546399,52.2705,51.3952,48.0947,-0.523479,0.000000,75.364325,4
9.3700,568.681891,-0.004127,-0.023723,49.8459,51.4487,55.1753,-0.009471,0.000000,75.382594,4
9.3800,569.179665,0.512029,0.536020,50.5228,51.1535,55.2973,0.518572,0.000000,75.425989,4
9.3900,569.696415,1.023611,1.050620,52.3710,51.6658,47.9159,1.030977,0.000000,75.420755,4
9.4000,570.224899,1.538743,1.515838,52.8332,51.0251,47.2536,1.532496,0.000000,75.372124,4
9.4100,570.738995,2.052215,2.023261,50.1906,51.8159,53.8501,2.044319,0.000000,75.371941,4
9.4200,571.238912,2.566519,2.584406,50.2619,51.0999,56.3807,2.571397,0.000000,75.420933,4
9.4300,571.750454,3.082127,3.112566,52.1624,51.7540,49.3807,3.090429,0.000000,75.425714,4
9.4400,572.280334,-2.688212,-2.699549,52.9283,51.2245,46.5672,-2.691304,0.000000,75.382346,4
9.4500,572.797510,-2.172222,-2.206666,50.8071,51.4593,52.5646,-2.181616,0.000000,75.365823,4
9.4600,573.298176,-1.660749,-1.650725,49.6603,51.4052,56.4218,-1.658015,0.000000,75.412879,4
9.4700,573.803985,-1.145582,-1.112526,51.8262,51.0867,50.9778,-1.136567,0.000000,75.430596,4
9.4800,574.329856,-0.634962,-0.635980,52.5983,51.5252,45.8707,-0.635239,0.000000,75.391459,4
9.4900,574.850060,-0.121624,-0.156901,51.3545,50.7932,50.9797,-0.131245,0.000000,75.363994,4
9.5000,575.350586,0.389535,0.386682,49.3161,51.6442,55.9823,0.388757,0.000000,75.399737,4
9.5100,575.852848,0.901725,0.935572,51.3089,50.7464,52.7192,0.910956,0.000000,75.433276,4
9.5200,576.374029,1.414382,1.422246,52.5946,51.6667,46.1316,1.416527,0.000000,75.400440,4
9.5300,576.899197,1.925662,1.894169,51.8405,50.8759,49.4487,1.917073,0.000000,75.365892,4
9.5400,577.403100,2.439990,2.424793,49.6717,51.5759,55.6524,2.435845,0.000000,75.387577,4
9.5500,577.904163,2.951207,2.982801,50.6684,51.1496,54.1333,2.959823,0.000000,75.431946,4
9.5600,578.421757,-2.817103,-2.800072,52.7294,51.3002,47.2040,-2.812458,0.000000,75.410933,4
9.5700,578.948747,-2.306328,-2.331962,51.9713,51.3450,47.8444,-2.313319,0.000000,75.369537,4
9.5800,579.456761,-1.792823,-1.815866,50.0879,50.9588,54.8536,-1.799107,0.000000,75.379689,4
9.5900,579.954115,-1.282100,-1.257812,49.8648,51.4731,54.8364,-1.275476,0.000000,75.425289,4
9.6000,580.466713,-0.770753,-0.744080,52.3885,50.6807,48.4275,-0.763478,0.000000,75.422068,4
9.6100,580.991009,-0.259880,-0.279215,52.0626,51.4583,46.4257,-0.265153,0.000000,75.374332,4
9.6200,581.503645,0.249394,0.220927,50.3717,50.6064,53.3490,0.241631,0.000000,75.373033,4
9.6300,581.998699,0.761355,0.773469,49.5052,51.4306,55.5135,0.764659,0.000000,75.414278,4
9.6400,582.507026,1.269922,1.303176,51.8028,50.7530,49.9662,1.278992,0.000000,75.429798,4
9.6500,583.029850,1.782970,1.772659,52.5281,51.3065,46.0577,1.780158,0.000000,75.383064,4
9.6600,583.548242,2.291604,2.260356,50.7376,51.0155,51.6511,2.283081,0.000000,75.368123,4
9.6700,584.045943,2.805272,2.806322,49.6595,51.1338,56.1274,2.805559,0.000000,75.404403,4
9.6800,584.550159,-2.968390,-2.933598,51.1231,51.2625,51.4473,-2.958901,0.000000,75.432304,4
9.6900,585.071757,-2.455783,-2.453739,52.7941,50.8715,46.3290,-2.455226,0.000000,75.395775,4
9.7000,585.592196,-1.945985,-1.978036,51.0067,51.3308,49.7339,-1.954726,0.000000,75.365251,4
9.7100,586.093222,-1.435716,-1.443345,49.6332,50.6675,55.8368,-1.437796,0.000000,75.395924,4
9.7200,586.590841,-0.925448,-0.894628,50.3867,51.2804,52.7122,-0.917042,0.000000,75.429872,4
9.7300,587.108367,-0.417585,-0.402396,52.4622,50.5751,46.7547,-0.413443,0.000000,75.409154,4
9.7400,587.628520,0.092971,0.062715,51.4602,51.1249,47.9814,0.084719,0.000000,75.365634,4
9.7500,588.133686,0.599430,0.582303,49.5983,50.6864,54.7414,0.594759,0.000000,75.385352,4
9.7600,588.627771,1.110876,1.133705,50.0304,51.0121,54.2436,1.117102,0.000000,75.423963,4
9.7700,589.140932,1.617463,1.642628,52.0085,50.9187,47.7913,1.624326,0.000000,75.419524,4
9.7800,589.663018,2.129297,2.106456,52.1747,50.8598,47.0524,2.123068,0.000000,75.372242,4
9.7900,590.173484,2.636824,2.611400,49.8626,51.1607,53.3414,2.629890,0.000000,75.375402,4
9.8000,590.668772,-3.134798,-3.119715,49.8859,50.7363,55.5063,-3.130685,0.000000,75.417840,4
9.8100,591.176380,-2.626085,-2.595691,51.4997,51.2560,49.1271,-2.617795,0.000000,75.425777,4
9.8200,591.699085,-2.116413,-2.127064,52.4503,50.5849,46.4375,-2.119318,0.000000,75.383666,4
9.8300,592.211921,-1.607434,-1.638946,50.2215,51.1550,51.5491,-1.616028,0.000000,75.367850,4
9.8400,592.708349,-1.100108,-1.093616,49.4321,50.5398,55.7088,-1.098337,0.000000,75.409656,4
9.8500,593.208285,-0.590877,-0.559642,50.9190,50.9569,50.6630,-0.582358,0.000000,75.428616,4
9.8600,593.727916,-0.085433,-0.082824,52.2197,50.5896,46.0180,-0.084721,0.000000,75.396059,4
9.8700,594.242939,0.423791,0.389989,50.8547,50.7424,49.7535,0.414572,0.000000,75.364325,4
9.8800,594.741950,0.928788,0.923319,49.1546,50.7961,55.2317,0.927296,0.000000,75.397144,4
9.8900,595.237821,1.438520,1.467139,50.5668,50.6199,52.6458,1.446325,0.000000,75.428391,4
9.9000,595.753776,1.944339,1.958313,52.0105,51.0227,46.4705,1.948150,0.000000,75.407208,4
9.9100,596.273316,2.453942,2.424711,51.6338,50.5109,48.4320,2.445970,0.000000,75.367646,4
9.9200,596.776600,2.961075,2.943992,49.3143,51.1726,54.3655,2.956416,0.000000,75.384652,4
9.9300,597.271857,-2.813246,-2.788588,50.1604,50.4649,54.2600,-2.806521,0.000000,75.426151,4
9.9400,597.782107,-2.305239,-2.282919,51.7204,51.1152,47.4858,-2.299151,0.000000,75.416463,4
9.9500,598.303419,-1.798434,-1.817992,51.8948,50.4101,47.0948,-1.803768,0.000000,75.375717,4
9.9600,598.809239,-1.290576,-1.317219,49.6491,50.8993,52.9128,-1.297842,0.000000,75.374277,4
9.9700,599.303083,-0.785625,-0.768639,49.4189,50.4657,54.9134,-0.780993,0.000000,75.419172,4
9.9800,599.805788,-0.277975,-0.250158,51.2946,50.6371,48.9916,-0.270389,0.000000,75.423932,4
9.9900,600.325197,0.225841,0.217615,51.8341,50.5866,45.9970,0.223597,0.000000,75.385452,4
10.0000,600.835048,0.733189,0.700869,50.3026,50.4343,51.2654,0.724375,0.000000,75.367558,4
10.0100,601.329732,1.237382,1.241783,48.9941,50.8201,55.0908,1.238582,0.000140,75.406681,1
10.0200,601.828915,1.743761,1.776371,51.1155,49.9876,51.4787,1.752654,0.016895,75.431930,1
10.0300,602.346742,2.243208,2.265071,51.8219,50.3378,47.5085,2.249170,0.061575,75.417276,1
10.0400,602.861168,2.741790,2.762341,50.8867,49.1566,52.8403,2.747395,0.134181,75.423325,1
10.0500,603.357036,-3.047048,-2.956638,48.8537,49.8471,58.4475,-3.022391,0.234712,75.497470,1
10.0600,603.854236,-2.555685,-2.372876,50.7249,48.4668,57.1292,-2.505828,0.363168,75.589164,1
10.0700,604.368558,-2.067241,-1.833012,51.8450,49.1841,51.8918,-2.003360,0.519550,75.635041,1
10.0800,604.887580,-1.581220,-1.305805,51.4826,48.1714,54.7389,-1.506107,0.703856,75.680848,1
10.0900,605.390041,-1.095102,-0.721209,49.4857,49.0374,61.2751,-0.993131,0.906035,75.784745,1
10.1000,605.889940,-0.603975,-0.099600,50.9124,49.0908,61.4301,-0.466418,1.084757,75.914418,1
10.1100,606.411696,-0.108136,0.478680,52.9304,50.3020,54.4362,0.051905,1.235553,75.988244,1
10.1200,606.943256,0.403610,0.993840,53.1560,51.5302,50.3455,0.564582,1.358425,75.987390,1
10.1300,607.470084,0.916393,1.516323,52.0012,51.2076,54.7032,1.080011,1.453371,76.002008,1
10.1400,607.980199,1.441663,2.080326,50.9217,53.3163,56.6582,1.615844,1.520391,76.040097,1
10.1500,608.506249,1.964352,2.627426,53.8334,51.4597,52.4853,2.145190,1.559487,76.061683,1
10.1600,609.041183,2.490991,3.122428,52.8532,53.9469,47.6612,2.663201,1.570796,76.023110,2
10.1700,609.569640,3.023028,-2.674962,53.0190,51.6996,50.7320,1.469031,1.570796,75.983459,2
10.1800,610.089707,-2.745311,-2.131959,50.8218,52.4405,56.5782,-2.578033,1.570796,76.015665,2
10.1900,610.599749,-2.215331,-1.564192,52.1840,52.3054,55.9207,-2.037747,1.570796,76.052908,2
10.2000,611.134436,-1.700566,-1.033529,53.5903,52.0121,50.3606,-1.518647,1.570796,76.062647,2
10.2100,611.662638,-1.165379,-0.552158,52.6199,53.6930,47.5497,-0.998137,1.570796,76.005863,2
10.2200,612.191028,-0.647976,-0.050102,52.4172,50.7359,53.0993,-0.484920,1.570796,75.998990,2
10.2300,612.700037,-0.126462,0.507089,50.2218,53.3043,56.8659,0.046325,1.570796,76.035308,2
10.2400,613.218291,0.396086,1.065104,53.3837,50.9952,54.0712,0.578546,1.570796,76.069848,2
10.2500,613.752311,0.915529,1.572335,52.7728,53.5677,48.1138,1.094658,1.570796,76.048850,2
10.2600,614.279338,1.451571,2.046849,53.1250,52.2272,48.5039,1.613919,1.570796,75.990820,2
10.2700,614.804548,1.962986,2.568217,51.2370,51.7231,55.0272,2.128049,1.570796,76.006859,2
10.2800,615.309348,2.493711,3.133591,51.1073,52.9741,56.7124,2.668224,1.570796,76.041992,2
10.2900,615.839404,3.007633,-2.603094,53.7593,51.1441,52.1849,1.477435,1.570796,76.070739,2
10.3000,616.368786,-2.743656,-2.113232,52.4635,54.3015,47.1673,-2.571722,1.570796,76.021562,2
10.3100,616.898857,-2.219537,-1.627801,53.1339,50.6440,50.9957,-2.058154,1.570796,75.991143,2
10.3200,617.413103,-1.704317,-1.083488,50.0199,53.0153,56.5568,-1.535000,1.570796,76.022593,2
10.3300,617.922053,-1.177636,-0.516452,52.5313,51.2348,55.8438,-0.997313,1.570796,76.063932,2
10.3400,618.455384,-0.666705,0.011057,52.9851,52.4405,49.8052,-0.481861,1.570796,76.072251,2
10.3500,618.980180,-0.129344,0.486181,52.7533,53.2212,47.0142,0.038526,1.570796,76.008317,2
10.3600,619.509489,0.381995,0.984863,52.1161,50.6438,52.8238,0.546414,1.570657,76.003630,3
10.3700,620.013593,0.906862,1.539938,49.9510,53.4358,56.7680,1.079519,1.553902,76.034804,3
10.3800,620.532989,1.424411,2.098582,53.4705,50.4710,54.1586,1.608276,1.509221,76.075446,3
10.3900,621.064113,1.945548,2.604403,52.4043,54.0132,47.7956,2.125236,1.436615,76.050176,3
10.4000,621.588837,2.484785,3.070315,52.7371,53.0195,46.5152,2.644475,1.336084,75.977654,3
10.4100,622.110093,3.011211,-2.736004,51.1410,53.1763,48.6274,1.443789,1.207628,75.929551,3
10.4200,622.615634,-2.734073,-2.246912,50.8003,53.4691,48.6844,-2.601211,1.051247,75.880666,3
10.4300,623.130041,-2.206796,-1.777435,51.4583,52.9852,44.8002,-2.089697,0.866940,75.818516,3
10.4400,623.641144,-1.666006,-1.358226,51.2915,54.0321,40.4836,-1.582066,0.664761,75.692856,3
10.4500,624.156936,-1.144615,-0.937655,50.9258,51.4802,43.9849,-1.088171,0.486039,75.597887,3
10.4600,624.649844,-0.617838,-0.475135,48.8001,52.7600,48.2067,-0.578919,0.335243,75.537170,3
10.4700,625.145690,-0.107010,0.018748,49.8049,50.7903,48.7572,-0.072712,0.212372,75.521102,3
10.4800,625.645785,0.412314,0.476687,50.8742,51.6334,44.1456,0.429870,0.117426,75.455488,3
10.4900,626.159593,0.914502,0.923707,50.6649,50.4399,45.5058,0.917012,0.050405,75.402407,3
10.5000,626.655132,1.426490,1.404361,49.4385,50.3823,51.0903,1.420455,0.011310,75.377929,3
10.5100,627.147954,1.921904,1.936015,48.7677,50.3121,53.0026,1.925752,0.000000,75.414316,4
10.5200,627.643791,2.427615,2.445428,50.9033,49.5330,49.4880,2.432473,0.000000,75.415966,4
10.5300,628.154729,2.923725,2.921793,50.5284,50.7765,46.3496,2.923198,0.000000,75.391627,4
10.5400,628.658814,-2.855660,-2.880379,50.4228,49.1511,50.6689,-2.862401,0.000000,75.375741,4
10.5500,629.150952,-2.357397,-2.356236,48.3549,51.0195,52.7828,-2.357081,0.000000,75.401033,4
10.5600,629.645306,-1.856856,-1.833795,50.4868,48.8998,51.2084,-1.850567,0.000000,75.423111,4
10.5700,630.149505,-1.356926,-1.352105,50.3760,50.9624,46.1478,-1.355611,0.000000,75.398235,4
10.5800,630.658003,-0.860288,-0.879287,50.6258,48.8239,49.0046,-0.865469,0.000000,75.379622,4
10.5900,631.149075,-0.358903,-0.372223,48.4682,50.7327,52.0847,-0.362536,0.000000,75.386802,4
10.6000,631.641267,0.134995,0.157285,49.5632,49.0103,52.2901,0.141074,0.000000,75.423001,4
10.6100,632.138568,0.637895,0.648871,50.4492,50.4127,47.1479,0.640888,0.000000,75.406079,4
10.6200,632.649351,1.130396,1.119685,50.6040,49.3914,47.4130,1.127475,0.000000,75.385346,4
10.6300,633.144394,1.634559,1.610972,49.2849,50.0570,51.3975,1.628126,0.000000,75.376891,4
10.6400,633.636661,2.127391,2.142180,48.8054,49.9182,52.8952,2.131424,0.000000,75.415256,4
10.6500,634.130962,2.632095,2.648836,50.6511,49.6512,49.1243,2.636661,0.000000,75.414475,4
10.6600,634.640948,3.126002,3.124356,50.4548,50.3757,46.4299,3.125553,0.000000,75.392324,4
10.6700,635.142371,-2.653858,-2.678967,50.1591,49.2155,50.4557,-2.660706,0.000000,75.375168,4
10.6800,635.633859,-2.158638,-2.155839,48.2691,50.6679,52.6407,-2.157875,0.000000,75.402738,4
10.6900,636.125802,-1.658163,-1.636880,50.3128,48.8602,50.9029,-1.652358,0.000000,75.421232,4
10.7000,636.629220,-1.161758,-1.155772,50.1642,50.7218,46.0822,-1.160126,0.000000,75.399419,4
10.7100,637.134881,-0.664894,-0.685000,50.5112,48.6598,48.8781,-0.670377,0.000000,75.378707,4
10.7200,637.625355,-0.167008,-0.178771,48.2397,50.6446,51.8141,-0.170216,0.000000,75.388010,4
10.7300,638.115460,0.327144,0.347552,49.5518,48.7199,52.1871,0.332710,0.000000,75.421468,4
10.7400,638.611747,0.827008,0.838945,50.1196,50.4807,46.9755,0.830263,0.000000,75.406676,4
10.7500,639.120573,1.319421,1.308395,50.6455,48.9851,47.4635,1.316414,0.000000,75.385575,4
10.7600,639.614545,1.821311,1.798445,48.9784,50.2443,50.9936,1.815075,0.000000,75.376951,4
10.7700,640.105813,2.313271,2.327227,48.8820,49.4186,52.9182,2.317077,0.000000,75.414985,4
10.7800,640.598086,2.816573,2.832940,50.2654,49.8913,48.8724,2.821037,0.000000,75.413636,4
10.7900,641.106965,-2.974702,-2.974911,50.4807,49.8336,46.5533,-2.974759,0.000000,75.394345,4
10.8000,641.606072,-2.471925,-2.497618,49.8702,49.4306,49.9691,-2.478932,0.000000,75.373979,4
10.8100,642.097443,-1.979858,-1.976567,48.2623,50.1586,52.5761,-1.978961,0.000000,75.403545,4
10.8200,642.586264,-1.479131,-1.460081,50.0053,48.9856,50.6938,-1.473935,0.000000,75.418861,4
10.8300,643.088964,-0.986665,-0.977861,50.0200,50.3268,46.1672,-0.984264,0.000000,75.402490,4
10.8400,643.591661,-0.488896,-0.510202,50.3925,48.6531,48.5089,-0.494707,0.000000,75.377350,4
10.8500,644.082591,0.004760,-0.005869,48.0920,50.4218,51.5295,0.001861,0.000000,75.388866,4
10.8600,644.569876,0.500127,0.517158,49.4592,48.5553,52.1565,0.504772,0.000000,75.418484,4
10.8700,645.065315,0.995959,1.010592,49.7782,50.4545,46.9930,0.999950,0.000000,75.409181,4
10.8800,645.571603,1.489432,1.478161,50.7233,48.6469,47.3787,1.486358,0.000000,75.385748,4
10.8900,646.065647,1.987866,1.966047,48.6982,50.3990,50.4488,1.981916,0.000000,75.377138,4
10.9000,646.555392,2.480149,2.491219,48.9733,48.9097,53.0007,2.483168,0.000000,75.412857,4
10.9100,647.045688,2.980851,2.998074,49.7638,50.1800,48.7632,2.985548,0.000000,75.414012,4
10.9200,647.552781,-2.811317,-2.809725,50.6025,49.1984,46.7139,-2.810883,0.000000,75.396929,4
10.9300,648.050365,-2.310088,-2.335673,49.5334,49.7803,49.2345,-2.317066,0.000000,75.373020,4
10.9400,648.541712,-1.820315,-1.818325,48.3798,49.4782,52.5779,-1.819772,0.000000,75.402889,4
10.9500,649.027214,-1.319954,-1.303024,49.5166,49.3226,50.5354,-1.315336,0.000000,75.416399,4
10.9600,649.528874,-0.830951,-0.818484,50.0048,49.7003,46.4652,-0.827551,0.000000,75.406857,4
10.9700,650.028680,-0.332406,-0.354266,50.1799,48.9100,47.8644,-0.338368,0.000000,75.376080,4
10.9800,650.520909,0.156969,0.146768,48.1235,49.9303,51.2875,0.154187,0.000000,75.389328,4
10.9900,651.004837,0.653966,0.666359,49.1937,48.6724,52.0757,0.657346,0.000000,75.413967,4
11.0000,651.499614,1.145122,1.163726,49.5247,50.1569,47.3078,1.150196,0.000000,75.413450,4
11.0100,652.002545,1.640634,1.629304,50.7170,48.5678,47.0920,1.637544,0.000000,75.385719,4
11.0200,652.497995,2.134366,2.114341,48.5522,50.3212,49.8713,2.128905,0.000000,75.378162,4
11.0300,652.985434,2.628458,2.634251,48.9943,48.5942,52.9865,2.630038,0.000000,75.408209,4
11.0400,653.474374,3.124839,-3.138860,49.2361,50.3214,48.8993,1.416557,0.000000,75.416034,4
11.0500,653.978326,-2.666350,-2.663330,50.7304,48.6552,46.8577,-2.665527,0.000000,75.399174,4
11.0600,654.475746,-2.168635,-2.192241,49.2042,50.1014,48.3626,-2.175073,0.000000,75.373645,4
11.0700,654.966511,-1.679123,-1.681052,48.5992,48.7657,52.5237,-1.679649,0.000000,75.399783,4
11.0800,655.449425,-1.181065,-1.165387,48.8718,49.7642,50.4553,-1.176789,0.000000,75.414625,4
11.0900,655.948865,-0.693607,-0.678033,50.1085,48.9137,46.9775,-0.689360,0.000000,75.411181,4
11.1000,656.446489,-0.195941,-0.216214,49.8320,49.3974,47.0065,-0.201470,0.000000,75.376352,4
11.1100,656.940082,0.290650,0.279295,48.3973,49.1597,51.0602,0.287553,0.000000,75.388629,4
11.1200,657.421012,0.788143,0.795604,48.6954,49.1241,51.8571,0.790178,0.000000,75.408619,4
11.1300,657.914705,1.275443,1.297766,49.4483,49.4875,47.9918,1.281531,0.000000,75.418258,4
11.1400,658.413805,1.772616,1.762517,50.4870,48.8941,46.5870,1.769861,0.000000,75.386317,4
11.1500,658.911514,2.261575,2.243722,48.6826,49.8195,49.3664,2.256706,0.000000,75.380034,4
11.1600,659.396264,2.758016,2.756781,48.8134,48.7062,52.6771,2.757679,0.000000,75.401176,4
11.1700,659.884562,-3.034156,-3.011904,48.8501,50.0467,49.4137,-3.028087,0.000000,75.419257,4
11.1800,660.383743,-2.539654,-2.535567,50.6711,48.5042,46.8897,-2.538539,0.000000,75.400681,4
11.1900,660.882519,-2.047393,-2.066526,49.0467,50.0762,47.5673,-2.052611,0.000000,75.376987,4
11.2000,661.371716,-1.555763,-1.564359,48.7750,48.3521,52.1671,-1.558107,0.000000,75.393557,4
11.2100,661.853710,-1.062645,-1.047110,48.2427,49.9790,50.5826,-1.058408,0.000000,75.414179,4
11.2200,662.348822,-0.573774,-0.557004,50.1689,48.2903,47.5748,-0.569200,0.000000,75.413762,4
11.2300,662.845757,-0.080019,-0.095025,49.4512,49.8098,46.1754,-0.084111,0.000000,75.380118,4
11.2400,663.339598,0.406956,0.391978,48.8267,48.3865,50.6609,0.402871,0.000000,75.385557,4
11.2500,663.819367,0.901858,0.905507,48.0593,49.6705,51.5488,0.902853,0.000000,75.403971,4
11.2600,664.310337,1.388287,1.411700,49.5043,48.6358,48.9463,1.394673,0.000000,75.421143,4
11.2700,664.806242,1.884389,1.878724,50.0051,49.4934,46.0267,1.882844,0.000000,75.389545,4
11.2800,665.305579,2.370970,2.354362,49.1277,48.9582,48.9160,2.366441,0.000000,75.381564,4
11.2900,665.788703,2.867798,2.859887,48.3788,49.2558,51.9781,2.865640,0.000000,75.393539,4
11.3000,666.276149,-2.928311,-2.905311,48.7390,49.2676,50.3118,-2.922038,0.000000,75.421473,4
11.3100,666.769817,-2.432127,-2.425902,50.2348,48.9138,46.7994,-2.430429,0.000000,75.402514,4
11.3200,667.270374,-1.945093,-1.958282,49.2416,49.4595,47.0551,-1.948690,0.000000,75.382638,4
11.3300,667.757690,-1.450859,-1.466991,48.7021,48.5551,51.2668,-1.455259,0.000000,75.385368,4
11.3400,668.240352,-0.963747,-0.948761,47.9097,49.5835,51.0394,-0.959660,0.000000,75.414180,4
11.3500,668.729179,-0.471702,-0.455538,49.8944,48.2695,48.0540,-0.467293,0.000000,75.413992,4
11.3600,669.226752,0.015874,0.009642,49.2920,49.6603,45.7471,0.014175,0.000000,75.388112,4
11.3700,669.719188,0.506092,0.485829,49.1276,48.1317,49.7887,0.500566,0.000000,75.380071,4
11.3800,670.200586,0.995118,0.996402,47.6088,49.7663,51.3416,0.995468,0.000000,75.401056,4
11.3900,670.686435,1.484372,1.504697,49.4177,48.1544,49.8403,1.489916,0.000000,75.419767,4
11.4000,671.180795,1.975412,1.978350,49.4928,49.8195,45.8233,1.976213,0.000000,75.397204,4
11.4100,671.679373,2.463814,2.446656,49.6479,48.2586,48.2882,2.459134,0.000000,75.381292,4
11.4200,672.163769,2.956744,2.944972,47.9115,49.7638,51.0610,2.953534,0.000000,75.388184,4
11.4300,672.648619,-2.839058,-2.820329,48.7864,48.4033,51.2725,-2.833950,0.000000,75.419209,4
11.4400,673.138004,-2.345245,-2.333817,49.4830,49.5377,46.8519,-2.342128,0.000000,75.407006,4
11.4500,673.638310,-1.859621,-1.867830,49.7249,48.5104,46.7972,-1.861860,0.000000,75.388184,4
11.4600,674.125493,-1.366140,-1.386763,48.3714,49.2097,49.8721,-1.371764,0.000000,75.378994,4
11.4700,674.608675,-0.882092,-0.871453,48.0002,48.6395,51.6599,-0.879190,0.000000,75.411357,4
11.4800,675.091448,-0.389195,-0.373203,49.1325,48.8912,48.3937,-0.384834,0.000000,75.413721,4
11.4900,675.588785,0.093974,0.096851,49.5134,48.7994,45.9399,0.094758,0.000000,75.397869,4
11.5000,676.079574,0.586385,0.563083,49.0379,48.6502,48.3401,0.580030,0.000000,75.375385,4
11.5100,676.564160,1.069906,1.067906,47.6917,49.0488,51.3114,1.069360,0.000000,75.398230,4
11.5200,677.044022,1.562371,1.576982,48.8579,48.5084,50.3348,1.566356,0.000000,75.414631,4
11.5300,677.537532,2.047195,2.060246,49.3034,49.3085,46.3938,2.050755,0.000000,75.407852,4
11.5400,678.032992,2.539361,2.522050,49.7919,48.3751,47.2370,2.534639,0.000000,75.380327,4
11.5500,678.521544,3.025695,3.012815,47.8796,49.5026,50.2609,3.022182,0.000000,75.386203,4
11.5600,679.002054,-2.766373,-2.757041,48.5878,48.2408,51.7176,-2.763828,0.000000,75.410961,4
11.5700,679.489415,-2.278973,-2.260030,48.8442,49.5520,47.5329,-2.273807,0.000000,75.414705,4
11.5800,679.985705,-1.790114,-1.795152,50.0190,48.0727,46.4848,-1.791488,0.000000,75.391723,4
11.5900,680.475976,-1.302395,-1.321708,48.1868,49.4763,48.4683,-1.307662,0.000000,75.378328,4
11.6000,680.957734,-0.816014,-0.815495,48.1972,47.9655,51.8324,-0.815873,0.000000,75.402529,4
11.6100,681.437544,-0.327809,-0.309888,48.2226,49.3767,48.9533,-0.322922,0.000000,75.415483,4
11.6200,681.930777,0.156635,0.165041,49.7936,47.9482,46.4919,0.158927,0.000000,75.404851,4
11.6300,682.422205,0.645641,0.626269,48.7396,49.2971,46.7898,0.640358,0.000000,75.376921,4
11.6400,682.908428,1.129128,1.119684,48.1992,48.0698,51.0472,1.126553,0.000000,75.391718,4
11.6500,683.385242,1.619620,1.629701,47.9417,49.2580,50.5171,1.622369,0.000000,75.409607,4
11.6600,683.875353,2.102989,2.121765,49.4202,48.2704,47.6200,2.108110,0.000000,75.415695,4
11.6700,684.368125,2.594722,2.582813,49.4100,49.1461,46.0331,2.591474,0.000000,75.383733,4
11.6800,684.860309,3.077988,3.063236,48.4737,48.4770,49.5767,3.073965,0.000000,75.384568,4
11.6900,685.338119,-2.713062,-2.713436,47.9335,48.9422,51.3702,-2.713164,0.000000,75.400593,4
11.7000,685.823481,-2.230199,-2.207263,48.6807,48.6318,48.9590,-2.223944,0.000000,75.420732,4
11.7100,686.313940,-1.739002,-1.739076,49.6378,48.6331,46.0264,-1.739022,0.000000,75.395844,4
11.7200,686.808134,-1.257008,-1.271667,48.6098,48.7206,47.5309,-1.261006,0.000000,75.382399,4
11.7300,687.288087,-0.767332,-0.778554,48.0028,48.3351,50.9831,-0.770392,0.000000,75.390135,4
11.7400,687.767728,-0.285636,-0.267266,47.8082,48.8301,50.0548,-0.280626,0.000000,75.417220,4
11.7500,688.253395,0.202810,0.213815,49.4627,48.1121,46.9379,0.205812,0.000000,75.408049,4
11.7600,688.747269,0.684903,0.675731,48.8262,48.9755,45.9594,0.682402,0.000000,75.386031,4
11.7700,689.232658,1.172667,1.153690,48.4788,48.0021,49.8705,1.167492,0.000000,75.381644,4
11.7800,689.711185,1.656165,1.663096,47.4098,49.1764,50.8420,1.658055,0.000000,75.406552,4
11.7900,690.193938,2.143726,2.161114,49.1928,47.9624,48.7570,2.148468,0.000000,75.416147,4
11.8000,690.686390,2.628843,2.629425,49.0532,49.3113,45.5985,2.629002,0.000000,75.395026,4
11.8100,691.178206,3.115671,3.096976,49.0910,47.9194,48.4430,3.110572,0.000000,75.380443,4
11.8200,691.658607,-2.681241,-2.687015,47.4012,49.3314,50.6941,-2.682816,0.000000,75.393954,4
11.8300,692.138890,-2.195867,-2.178121,48.6076,47.8660,50.3380,-2.191028,0.000000,75.418033,4
11.8400,692.625787,-1.709321,-1.699005,48.8805,49.2070,46.1044,-1.706508,0.000000,75.405334,4
11.8500,693.119601,-1.226127,-1.237566,49.3110,47.7973,46.8249,-1.229246,0.000000,75.385919,4
11.8600,693.601759,-0.739744,-0.756436,47.6110,49.0325,49.4448,-0.744297,0.000000,75.382435,4
11.8700,694.080040,-0.258284,-0.247711,47.9094,47.8095,51.1174,-0.255400,0.000000,75.411716,4
11.8800,694.559828,0.228378,0.243849,48.4792,48.8924,47.4721,0.232597,0.000000,75.412175,4
11.8900,695.052696,0.708834,0.708868,49.3503,47.9055,46.0005,0.708844,0.000000,75.396122,4
11.9000,695.538674,1.196265,1.174524,48.2619,48.8085,47.9136,1.190336,0.000000,75.376262,4
11.9100,696.019741,1.676657,1.675919,47.6959,48.1031,51.1582,1.676455,0.000000,75.400287,4
11.9200,696.495990,2.165330,2.179267,48.2189,48.7453,49.4067,2.169131,0.000000,75.412817,4
11.9300,696.986737,2.646001,2.658278,49.2094,48.3020,46.4330,2.649349,0.000000,75.408103,4
11.9400,697.476426,3.135233,3.117496,49.0100,48.6014,46.6950,3.130396,0.000000,75.379221,4
11.9500,697.962043,-2.667367,-2.677395,47.7626,48.4480,50.1237,-2.670102,0.000000,75.389792,4
11.9600,698.436904,-2.178587,-2.171349,47.9262,48.3880,50.7358,-2.176613,0.000000,75.407946,4
11.9700,698.921744,-1.698547,-1.678282,48.5771,48.5105,47.4293,-1.693020,0.000000,75.416752,4
11.9800,699.410629,-1.211256,-1.218421,49.3076,48.1212,45.8874,-1.213210,0.000000,75.389219,4
11.9900,699.898504,-0.731894,-0.747235,47.9054,48.5409,48.1686,-0.736078,0.000000,75.382592,4
12.0000,700.373854,-0.246044,-0.249718,47.7114,47.9176,50.9577,-0.247046,0.000000,75.397868,4
12.0100,700.851979,0.233450,0.253353,47.8105,48.6252,48.8009,0.238878,0.000000,75.417730,4
12.0200,701.337837,0.718399,0.723742,49.3269,47.7955,46.2004,0.719856,0.000000,75.402024,4
12.0300,701.827773,1.198737,1.184746,48.3358,48.7647,46.4348,1.194921,0.000000,75.382042,4
12.0400,702.308483,1.683379,1.669535,48.0268,47.7601,50.3696,1.679603,0.000000,75.387363,4
12.0500,702.784379,2.165299,2.177120,47.3792,48.9344,50.1453,2.168523,0.000000,75.410940,4
12.0600,703.267629,2.649764,2.665071,49.1540,47.7365,47.6612,2.653939,0.000000,75.413198,4
12.0700,703.757866,3.132936,3.127200,48.7189,49.0082,45.5546,3.131372,0.000000,75.389134,4
12.0800,704.244793,-2.666734,-2.684127,48.4973,47.6768,48.9901,-2.671478,0.000000,75.382478,4
12.0900,704.720687,-2.183075,-2.183048,47.1462,48.9709,50.4748,-2.183067,0.000000,75.399803,4
12.1000,705.199672,-1.701158,-1.682137,48.5099,47.5945,49.1861,-1.695970,0.000000,75.418400,4
12.1100,705.685141,-1.217782,-1.212749,48.6462,48.8296,45.4952,-1.216409,0.000000,75.399925,4
12.1200,706.174599,-0.737764,-0.751980,48.7607,47.5234,47.1243,-0.741641,0.000000,75.383775,4
12.1300,706.651824,-0.254632,-0.267189,47.1989,48.6967,49.6377,-0.258057,0.000000,75.386994,4
12.1400,707.127461,0.224238,0.238080,47.7947,47.5539,50.3700,0.228013,0.000000,75.414454,4
12.1500,707.606808,0.707804,0.720799,48.3827,48.6191,46.6282,0.711348,0.000000,75.409147,4
12.1600,708.097185,1.186218,1.181417,49.0191,47.6658,46.0033,1.184908,0.000000,75.391656,4
12.1700,708.579197,1.670777,1.650581,47.8098,48.5882,48.3230,1.665269,0.000000,75.378366,4
12.1800,709.056821,2.149381,2.152779,47.5218,47.8442,50.9208,2.150307,0.000000,75.404400,4
12.1900,709.532328,2.635148,2.649904,48.1260,48.5390,48.5269,2.639172,0.000000,75.412916,4
12.2000,710.021524,3.113753,3.121663,49.0129,47.9789,46.0365,3.115910,0.000000,75.403786,4
12.2100,710.507553,-2.683387,-2.702217,48.4939,48.3941,46.8961,-2.688523,0.000000,75.378527,4
12.2200,710.988685,-2.205426,-2.212179,47.4481,48.0457,50.1786,-2.207268,0.000000,75.393482,4
12.2300,711.460962,-1.720015,-1.710143,47.6798,48.1912,49.9491,-1.717323,0.000000,75.409925,4
12.2400,711.944225,-1.243066,-1.225213,48.4509,48.0491,46.7811,-1.238197,0.000000,75.414213,4
12.2500,712.429775,-0.758911,-0.769143,48.8198,47.9678,45.7231,-0.761702,0.000000,75.386199,4
12.2600,712.913578,-0.282743,-0.296760,47.5766,48.0694,48.3960,-0.286566,0.000000,75.384570,4
12.2700,713.385351,0.200573,0.199451,47.3893,47.8279,50.4880,0.200267,0.000000,75.400011,4
12.2800,713.862378,0.676933,0.696883,47.7757,48.1722,48.2370,0.682374,0.000000,75.417634,4
12.2900,714.345902,1.159993,1.161888,48.9894,47.7536,45.8053,1.160510,0.000000,75.398332,4
12.3000,714.833243,1.637214,1.623191,48.0672,48.3339,46.6898,1.633390,0.000000,75.382641,4
12.3100,715.310046,2.120434,2.108287,47.6738,47.7207,50.1925,2.117121,0.000000,75.388950,4
12.3200,715.784707,2.598945,2.613051,47.3016,48.5047,49.7163,2.602792,0.000000,75.413113,4
12.3300,716.265551,3.082061,3.094744,48.8901,47.6469,47.0765,3.085520,0.000000,75.410218,4
12.3400,716.753717,-2.721988,-2.728207,48.4101,48.5723,45.5602,-2.723684,0.000000,75.389012,4
12.3500,717.235980,-2.239937,-2.257287,48.0972,47.5136,48.8700,-2.244669,0.000000,75.382660,4
12.3600,717.709670,-1.760926,-1.757798,46.8983,48.5503,50.1103,-1.760073,0.000000,75.402792,4
12.3700,718.185362,-1.280440,-1.263292,48.2784,47.3654,48.5718,-1.275763,0.000000,75.416299,4
12.3800,718.668988,-0.801968,-0.797169,48.3000,48.4659,45.2483,-0.800659,0.000000,75.399690,4
12.3900,719.153950,-0.323045,-0.338828,48.4458,47.2578,47.0278,-0.327350,0.000000,75.382529,4
12.4000,719.629007,0.155318,0.145486,46.8705,48.4250,49.3788,0.152636,0.000000,75.389543,4
12.4100,720.101450,0.633519,0.645925,47.6711,47.2633,49.9600,0.636903,0.000000,75.413058,4
12.4200,720.579603,1.112607,1.125988,48.0544,48.4445,46.3029,1.116257,0.000000,75.409245,4
12.4300,721.066452,1.590622,1.583860,48.8491,47.3330,45.9720,1.588778,0.000000,75.390163,4
12.4400,721.546557,2.070942,2.053083,47.4262,48.4904,48.0916,2.066071,0.000000,75.380396,4
12.4500,722.021181,2.549026,2.551608,47.4596,47.4299,50.6708,2.549730,0.000000,75.403885,4
12.4600,722.495134,3.030558,3.046120,47.7198,48.4898,48.0797,3.034802,0.000000,75.413200,4
12.4700,722.980990,-2.775082,-2.768695,48.8869,47.4576,45.9844,-2.773340,0.000000,75.402870,4
12.4800,723.464301,-2.293355,-2.310469,47.9891,48.3844,46.5140,-2.298022,0.000000,75.379742,4
12.4900,723.942262,-1.817103,-1.824364,47.3873,47.4262,49.9612,-1.819083,0.000000,75.393466,4
12.5000,724.411981,-1.335864,-1.325796,47.1712,48.2320,49.3763,-1.333118,0.000000,75.409437,4
12.5100,724.892064,-0.861038,-0.844240,48.3522,47.3717,46.7766,-0.856457,0.000000,75.413912,0
12.5200,725.373939,-0.379969,-0.390234,48.1570,48.2994,45.0633,-0.382769,-0.011310,75.384947,1
12.5300,725.853627,0.099920,0.070400,47.5051,48.1730,46.8134,0.091869,-0.050405,75.367254,1
12.5400,726.324153,0.589009,0.539873,47.1360,49.0599,46.8193,0.575608,-0.117426,75.346839,1
12.5500,726.801182,1.077205,0.996280,47.9785,49.0883,44.0747,1.055134,-0.212372,75.311660,1
12.5600,727.283402,1.575300,1.416971,48.5775,49.9571,41.0758,1.532119,-0.335243,75.231052,1
12.5700,727.769888,2.073799,1.830384,48.3252,50.2020,41.8189,2.007413,-0.486039,75.146389,1
12.5800,728.248796,2.582784,2.257360,47.8677,51.0707,43.4336,2.494032,-0.664761,75.065324,1
12.5900,728.731383,3.092560,2.690731,48.5362,51.2260,42.5956,2.982971,-0.866940,74.987357,1
12.6000,729.222524,-2.674322,3.103621,49.7497,51.6015,40.6294,-1.098520,-1.051247,74.882083,1
12.6100,729.724342,-2.161070,-2.766839,50.1754,51.3425,42.3654,-2.326280,-1.207628,74.783773,1
12.6200,730.222033,-1.644739,-2.320049,49.5672,51.6401,46.7147,-1.828915,-1.336084,74.718501,1
12.6300,730.719256,-1.134469,-1.834872,49.8513,50.5821,49.4043,-1.325488,-1.436615,74.696704,1
12.6400,731.220576,-0.633411,-1.337896,50.3159,49.6433,49.9594,-0.825543,-1.509221,74.694142,1
12.6500,731.720699,-0.135361,-0.836780,49.6732,50.1815,50.1804,-0.326657,-1.553902,74.696735,1
12.6600,732.217817,0.366967,-0.334761,49.9668,49.9447,50.1662,0.175587,-1.570657,74.696795,1
12.6700,732.719426,0.863331,0.164681,50.0931,49.7063,49.7221,0.672790,-1.570796,74.699453,2
12.6800,733.218076,1.365019,0.660975,49.8482,50.3405,49.6994,1.173007,-1.570796,74.693633,2
12.6900,733.719414,1.864137,1.160985,50.2741,49.5810,50.2478,1.672368,-1.570796,74.695794,2
12.7000,734.219222,2.362426,1.665031,49.6989,50.2016,50.4787,2.172227,-1.570796,74.701048,2
12.7100,734.717201,2.864440,2.169488,50.0520,49.9321,50.3409,2.674907,-1.570796,74.703716,2
12.7200,735.218993,-2.921193,2.669537,50.0830,49.9040,49.6939,-1.396448,-1.570796,74.705406,2
12.7300,735.718122,-2.418301,-3.118445,49.9369,50.3654,49.5218,-2.609249,-1.570796,74.697327,2
12.7400,736.219642,-1.918757,-2.621031,50.2036,49.6884,49.9251,-2.110286,-1.570796,74.696217,2
12.7500,736.718455,-1.419452,-2.120523,49.6257,50.2163,50.1153,-1.610653,-1.570796,74.697024,2
12.7600,737.215801,-0.918501,-1.619848,49.9481,49.8015,49.9517,-1.109778,-1.570796,74.697050,2
12.7700,737.715830,-0.421730,-1.123513,49.8899,49.8322,49.3680,-0.613126,-1.570796,74.695856,2
12.7800,738.213606,0.079322,-0.630668,49.8339,50.1040,49.3584,-0.114311,-1.570796,74.687597,2
12.7900,738.713757,0.576673,-0.134011,50.0378,49.5261,49.9265,0.382850,-1.570796,74.687983,2
12.8000,739.211312,1.074343,0.367710,49.5550,50.0120,50.3259,0.881625,-1.570796,74.691902,2
12.8100,739.708231,1.573300,0.871142,49.9008,49.6552,50.2575,1.381802,-1.570796,74.696673,2
12.8200,740.207812,2.069528,1.370531,49.8758,49.8227,49.6658,1.878893,-1.570796,74.698945,2
12.8300,740.706110,2.570295,1.865920,49.9191,50.0763,49.5691,2.378193,-1.570796,74.693429,2
12.8400,741.206800,3.068156,2.363964,50.0588,49.6539,50.0089,2.876103,-1.570796,74.694406,2
12.8500,741.704668,-2.716023,2.865860,49.6118,50.1032,50.2836,-1.193692,-1.570796,74.697098,2
12.8600,742.202019,-2.216451,-2.915262,49.9003,49.7297,50.0309,-2.407036,-1.570796,74.699688,2
12.8700,742.701059,-1.719134,-2.419029,49.8082,49.9140,49.2922,-1.910014,-1.559487,74.697591,3
12.8800,743.198843,-1.218479,-1.927716,49.8600,50.0002,49.1447,-1.411907,-1.520391,74.688222,3
12.8900,743.698313,-0.721322,-1.433841,49.8929,49.5980,49.6240,-0.915646,-1.453371,74.685767,3
12.9000,744.196088,-0.225763,-0.932942,49.9609,49.0093,50.8925,-0.418630,-1.358425,74.693539,3
12.9100,744.696868,0.248884,-0.403735,49.6595,46.6009,54.6836,0.070897,-1.235553,74.754064,3
12.9200,745.179756,0.718719,0.159219,47.4172,47.2950,57.2087,0.566128,-1.084757,74.848798,3
12.9300,745.657176,1.181600,0.730575,48.2636,45.2037,56.4864,1.058594,-0.906035,74.958349,3
12.9400,746.140079,1.633211,1.276378,48.0854,45.6462,53.0542,1.535893,-0.703856,75.048484,3
12.9500,746.621139,2.088507,1.803964,48.1801,44.9776,53.2364,2.010904,-0.519550,75.122269,3
12.9600,747.096291,2.539019,2.344789,46.7280,45.7372,54.4135,2.486047,-0.363168,75.212465,3
12.9700,747.562886,2.999317,2.886370,47.1042,45.6260,53.7087,2.968514,-0.234712,75.293278,3
12.9800,748.037701,-2.826995,-2.879013,47.5260,46.3818,49.7072,-2.841182,-0.134181,75.348887,3
12.9900,748.516272,-2.360575,-2.397487,48.2253,46.2268,47.7605,-2.370642,-0.061575,75.363035,3
13.0000,748.993499,-1.896670,-1.915228,46.9586,47.1384,48.6156,-1.901731,-0.016895,75.381070,3
13.0100,749.460411,-1.423392,-1.421640,46.8635,46.8983,49.8925,-1.422914,-0.000140,75.403059,3
13.0200,749.930037,-0.952586,-0.933571,47.0120,47.6770,47.2306,-0.947400,0.000000,75.416318,4
13.0300,750.406907,-0.478425,-0.475841,48.2414,46.7799,45.1786,-0.477720,0.000000,75.399274,4
13.0400,750.884969,-0.008102,-0.022473,47.1637,47.6398,45.8316,-0.012021,0.000000,75.382214,4
13.0500,751.354044,0.465376,0.454257,46.8711,46.7330,49.2593,0.462344,0.000000,75.389932,4
13.0600,751.819682,0.936059,0.948596,46.4221,47.7001,48.7501,0.939479,0.000000,75.411484,4
13.0700,752.292090,1.409688,1.422886,47.9982,46.7534,46.4155,1.413287,0.000000,75.410910,4
13.0800,752.771499,1.881183,1.875696,47.6379,47.7937,44.7673,1.879687,0.000000,75.389740,4
13.0900,753.247075,2.355223,2.337577,47.4538,46.7919,47.8615,2.350410,0.000000,75.382041,4
13.1000,753.714434,2.827603,2.827850,46.2708,47.8692,49.3752,2.827671,0.000000,75.399918,4
13.1100,754.183171,-2.981438,-2.965360,47.5309,46.7902,48.2952,-2.977053,0.000000,75.415548,4
13.1200,754.659822,-2.508919,-2.501513,47.6632,47.8419,44.9438,-2.506899,0.000000,75.402561,4
13.1300,755.138988,-2.035681,-2.049552,47.9276,46.7095,46.1235,-2.039464,0.000000,75.384061,4
13.1400,755.609279,-1.563807,-1.575221,46.3475,47.7430,48.4027,-1.566920,0.000000,75.387675,4
13.1500,756.074720,-1.091852,-1.082435,46.8658,46.6143,49.4603,-1.089284,0.000000,75.410323,4
13.1600,756.544285,-0.620704,-0.604727,47.1272,47.6368,46.0999,-0.616347,0.000000,75.412370,4
13.1700,757.022059,-0.149888,-0.152591,48.0755,46.5404,45.0588,-0.150625,0.000000,75.394084,4
13.1800,757.495829,0.320969,0.303925,46.7650,47.5987,46.5360,0.316321,0.000000,75.380450,4
13.1900,757.962666,0.791445,0.787687,46.6636,46.5537,49.5643,0.790420,0.000000,75.397520,4
13.2000,758.427393,1.262910,1.277441,46.5839,47.6555,47.9137,1.266873,0.000000,75.412766,4
13.2100,758.902226,1.733692,1.743759,48.0462,46.6091,45.6999,1.736437,0.000000,75.407150,4
13.2200,759.379496,2.206057,2.193979,47.3957,47.7281,45.1020,2.202763,0.000000,75.383792,4
13.2300,759.852463,2.677212,2.663591,47.0636,46.6588,48.5778,2.673497,0.000000,75.386723,4
13.2400,760.316880,-3.132904,-3.127923,46.2658,47.7610,49.1144,-3.131546,0.000000,75.404527,4
13.2500,760.787347,-2.661893,-2.644441,47.6099,46.6454,47.3163,-2.657133,0.000000,75.415954,4
13.2600,761.263256,-2.189088,-2.188908,47.5870,47.6871,44.5976,-2.189039,0.000000,75.395391,4
13.2700,761.740263,-1.719111,-1.733805,47.4747,46.5634,46.7000,-1.723118,0.000000,75.383869,4
13.2800,762.206090,-1.247201,-1.254911,46.1252,47.5660,48.7205,-1.249304,0.000000,75.391901,4
13.2900,762.671345,-0.778338,-0.763808,46.8536,46.4863,48.7514,-0.774376,0.000000,75.414667,4
13.3000,763.141048,-0.307216,-0.295664,47.2338,47.4599,45.3019,-0.304066,0.000000,75.407494,4
13.3100,763.618445,0.160863,0.153904,47.7783,46.4520,45.1645,0.158965,0.000000,75.390015,4
13.3200,764.088320,0.631837,0.614773,46.4820,47.4375,47.2060,0.627183,0.000000,75.381340,4
13.3300,764.553487,1.099960,1.102616,46.5087,46.5074,49.4858,1.100684,0.000000,75.403701,4
13.3400,765.018249,1.571658,1.586354,46.7869,47.4921,47.1368,1.575666,0.000000,75.412393,4
13.3500,765.494354,2.040242,2.046316,47.9458,46.5825,45.2278,2.041898,0.000000,75.402711,4
13.3600,765.969192,2.512786,2.496812,47.1659,47.5425,45.6228,2.508430,0.000000,75.380750,4
13.3700,766.439434,2.981671,2.972719,46.7115,46.6285,48.9674,2.979230,0.000000,75.391651,4
13.3800,766.902169,-2.828546,-2.819930,46.3515,47.5390,48.6835,-2.826196,0.000000,75.407957,4
13.3900,767.373743,-2.360047,-2.343519,47.5850,46.5926,46.4432,-2.355539,0.000000,75.414163,4
13.4000,767.848464,-1.887692,-1.893279,47.4607,47.4398,44.5705,-1.889216,0.000000,75.390017,4
13.4100,768.322664,-1.420290,-1.434360,47.0298,46.4998,47.1687,-1.424127,0.000000,75.384952,4
13.4200,768.785218,-0.948961,-0.952669,46.0171,47.3231,48.8037,-0.949973,0.000000,75.396209,4
13.4300,769.250455,-0.482476,-0.465316,46.8351,46.4291,47.9747,-0.477796,0.000000,75.416478,4
13.4400,769.720234,-0.011902,-0.004887,47.2806,47.2403,44.7968,-0.009989,0.000000,75.402804,4
13.4500,770.196341,0.454153,0.444152,47.4489,46.4208,45.3944,0.451425,0.000000,75.387242,4
13.4600,770.662989,0.924732,0.909339,46.2766,47.2439,47.7200,0.920534,0.000000,75.383728,4
13.4700,771.126935,1.391163,1.398648,46.4136,46.5001,49.1868,1.393205,0.000000,75.408108,4
13.4800,771.592132,1.862508,1.876268,46.9474,47.2985,46.4773,1.866261,0.000000,75.411048,4
13.4900,772.068453,2.329499,2.331618,47.7728,46.5791,44.9775,2.330077,0.000000,75.398547,4
13.5000,772.540842,2.801546,2.783937,46.9380,47.3282,46.1399,2.796743,0.000000,75.379911,4
13.5100,773.008520,-3.014471,-3.019077,46.4357,46.6094,49.1008,-3.015727,0.000000,75.396036,4
13.5200,773.470355,-2.542307,-2.531224,46.4375,47.2958,48.1742,-2.539284,0.000000,75.410146,4
13.5300,773.942313,-2.075757,-2.061409,47.5005,46.5472,45.7598,-2.071844,0.000000,75.411360,4
13.5400,774.415527,-1.604454,-1.614089,47.2847,47.1865,44.6957,-1.607082,0.000000,75.386450,4
13.5500,774.886779,-1.139030,-1.151736,46.6527,46.4429,47.5025,-1.142495,0.000000,75.386654,4
13.5600,775.347018,-0.668755,-0.668873,45.9568,47.0886,48.7037,-0.668787,0.000000,75.399890,4
13.5700,775.812195,-0.204062,-0.186099,46.8140,46.3765,47.2700,-0.199163,0.000000,75.416593,4
13.5800,776.281809,0.265587,0.268631,47.2565,47.0390,44.5035,0.266417,0.000000,75.398834,4
13.5900,776.756168,0.730153,0.718255,47.1467,46.3862,45.6635,0.726908,0.000000,75.385663,4
13.6000,777.220248,1.199973,1.186975,46.1167,47.0704,48.0431,1.196428,0.000000,75.386589,4
13.6100,777.683293,1.665164,1.675914,46.3646,46.4753,48.8031,1.668096,0.000000,75.410940,4
13.6200,778.148890,2.135744,2.148054,47.0309,47.1250,45.9481,2.139102,0.000000,75.409284,4
13.6300,778.624673,2.601515,2.600296,47.5794,46.5457,44.8864,2.601183,0.000000,75.395204,4
13.6400,779.094724,3.072603,3.054850,46.7114,47.1360,46.5469,3.067761,0.000000,75.380378,4
13.6500,779.560150,-2.744802,-2.745832,46.2363,46.5533,49.0658,-2.745083,0.000000,75.399560,4
13.6600,780.021405,-2.273889,-2.261362,46.4776,47.0811,47.6600,-2.270473,0.000000,75.411272,4
13.6700,780.493133,-1.808931,-1.797118,47.3886,46.4670,45.2731,-1.805709,0.000000,75.408461,4
13.6800,780.964650,-1.339028,-1.351215,47.0754,46.9711,44.8517,-1.342351,0.000000,75.384319,4
13.6900,781.433155,-0.875183,-0.886318,46.3607,46.3564,47.7089,-0.878219,0.000000,75.388482,4
13.7000,781.891720,-0.406220,-0.403515,45.9023,46.8975,48.4911,-0.405482,0.000000,75.402642,4
13.7100,782.356690,0.057071,0.074749,46.7896,46.2972,46.7024,0.061893,0.000000,75.415821,4
13.7200,782.825850,0.525591,0.525527,47.1725,46.8820,44.3401,0.525573,0.000000,75.395779,4
13.7300,783.298354,0.989009,0.976107,46.8985,46.3208,45.9107,0.985490,0.000000,75.384986,4
13.7400,783.760410,1.457858,1.447280,45.9790,46.9373,48.1931,1.454973,0.000000,75.389248,4
13.7500,784.222730,1.922060,1.934795,46.3410,46.4101,48.4263,1.925533,0.000000,75.412578,4
13.7600,784.688453,2.391626,2.402431,47.0344,46.9897,45.5384,2.394573,0.000000,75.407533,4
13.7700,785.163232,2.856357,2.852642,47.3959,46.4637,44.8836,2.855344,0.000000,75.392839,4
13.7800,785.631132,-2.956977,-2.974089,46.4895,46.9834,46.8039,-2.961644,0.000000,75.381411,4
13.7900,786.094632,-2.492427,-2.490810,46.0960,46.4462,48.9392,-2.491986,0.000000,75.402145,4
13.8000,786.555318,-2.023006,-2.009777,46.4557,46.9120,47.1908,-2.019398,0.000000,75.411657,4
13.8100,787.026352,-1.559429,-1.549933,47.2701,46.3410,44.9502,-1.556839,0.000000,75.405997,4
13.8200,787.496117,-1.091092,-1.104692,46.8517,46.8070,44.9653,-1.094801,0.000000,75.383201,4
13.8300,787.962230,-0.628567,-0.638312,46.1489,46.2308,47.8097,-0.631225,0.000000,75.390078,4
13.8400,788.419507,-0.161041,-0.156341,45.8303,46.7584,48.2302,-0.159759,0.000000,75.404471,4
13.8500,788.884058,0.301117,0.317998,46.7606,46.1831,46.2879,0.305721,0.000000,75.414746,4
13.8600,789.352529,0.768390,0.766176,47.0462,46.7731,44.2408,0.767786,0.000000,75.393668,4
13.8700,789.823264,1.230889,1.217547,46.7113,46.2180,46.0992,1.227251,0.000000,75.384852,4
13.8800,790.283730,1.698618,1.690103,45.8473,46.8455,48.2086,1.696296,0.000000,75.391370,4
13.8900,790.745344,2.161989,2.175733,46.3250,46.3017,48.1085,2.165738,0.000000,75.413372,4
13.9000,791.210848,2.630352,2.639946,46.9681,46.8924,45.2274,2.632969,0.000000,75.406120,4
13.9100,791.684359,3.094149,3.088746,47.2381,46.3343,44.9095,3.092676,0.000000,75.391350,4
13.9200,792.150361,-2.720620,-2.736793,46.2752,46.8700,46.9100,-2.725031,0.000000,75.382538,4
13.9300,792.612181,-2.257188,-2.253891,45.9951,46.2925,48.7775,-2.256289,0.000000,75.403802,4
13.9400,793.072166,-1.789418,-1.775898,46.3721,46.7871,46.7950,-1.785731,0.000000,75.411660,4
13.9500,793.542150,-1.327046,-1.319386,47.1577,46.1749,44.7471,-1.324957,0.000000,75.404175,4
13.9600,794.010254,-0.860387,-0.874554,46.6288,46.6903,45.0015,-0.864251,0.000000,75.382778,4
13.9700,794.474339,-0.398954,-0.407770,46.0038,46.0718,47.8280,-0.401358,0.000000,75.391183,4
13.9800,794.930561,0.067029,0.073021,45.7299,46.6648,47.9696,0.068664,0.000000,75.405553,4
13.9900,795.394421,0.528299,0.544225,46.7258,46.0393,46.0156,0.532643,0.000000,75.413698,4
14.0000,795.862069,0.994197,0.990810,46.8943,46.7030,44.1617,0.993273,0.000000,75.392487,4
14.0100,796.331189,1.455996,1.442451,46.5817,46.0843,46.2087,1.452302,0.000000,75.384915,4
14.0200,796.790432,1.922425,1.915480,45.7122,46.7845,48.1309,1.920531,0.000000,75.392874,4
14.0300,797.251210,2.385132,2.399130,46.3035,46.1594,47.8718,2.388950,0.000000,75.413551,4
14.0400,797.716194,2.852075,2.861001,46.8470,46.8220,44.9965,2.854509,0.000000,75.405283,4
14.0500,798.188269,-2.968108,-2.974564,47.1118,46.1705,44.9209,-2.969869,0.000000,75.390517,4
14.0600,798.652695,-2.501347,-2.516539,46.0717,46.7839,46.8838,-2.505490,0.000000,75.383536,4
14.0700,799.112958,-2.038865,-2.034863,45.9163,46.1082,48.6136,-2.037774,0.000000,75.404543,4
14.0800,799.572100,-1.572932,-1.559221,46.2352,46.6928,46.4885,-1.569193,0.000000,75.411609,4
14.0900,800.040720,-1.111525,-1.105175,47.0558,45.9858,44.6225,-1.109794,0.000000,75.402983,4
14.1000,800.507389,-0.646706,-0.660762,46.4189,46.6049,44.9521,-0.650540,0.000000,75.382891,4
14.1100,800.969729,-0.186078,-0.194626,45.9088,45.8961,47.7776,-0.188410,0.000000,75.391600,4
14.1200,801.425081,0.278184,0.284958,45.6011,46.5976,47.7437,0.280032,0.000000,75.406129,4
14.1300,801.887904,0.738870,0.753827,46.6802,45.8831,45.8621,0.742949,0.000000,75.412783,4
14.1400,802.354722,1.203174,1.199603,46.7324,46.6508,44.0831,1.202200,0.000000,75.392245,4
14.1500,802.822343,1.664553,1.650773,46.4987,45.9381,46.2257,1.660795,0.000000,75.384882,4
14.1600,803.280726,2.129409,2.123563,45.5739,46.7325,47.9968,2.127814,0.000000,75.393833,4
14.1700,803.740406,2.591697,2.605299,46.2638,46.0050,47.7154,2.595407,0.000000,75.413200,4
14.1800,804.204671,3.056915,3.065890,46.6890,46.7561,44.8389,3.059363,0.000000,75.405203,4
14.1900,804.675147,-2.763823,-2.770895,47.0119,45.9975,44.8871,-2.765752,0.000000,75.390092,4
14.2000,805.138407,-2.299018,-2.313255,45.8873,46.7012,46.7531,-2.302901,0.000000,75.384383,4
14.2100,805.597105,-1.837205,-1.833487,45.8422,45.9216,48.4552,-1.836191,0.000000,75.404336,4
14.2200,806.055330,-1.373378,-1.359349,46.0610,46.6022,46.2850,-1.369552,0.000000,75.411764,4
14.2300,806.522249,-0.912593,-0.907096,46.9573,45.8035,44.5410,-0.911094,0.000000,75.402293,4
14.2400,806.987829,-0.449871,-0.463188,46.2369,46.5199,44.8298,-0.453503,0.000000,75.383528,4
14.2500,807.448591,0.010327,0.001271,45.8429,45.7348,47.6558,0.007857,0.000000,75.391189,4
14.2600,807.903286,0.472593,0.479805,45.4562,46.5233,47.5784,0.474560,0.000000,75.406416,4
14.2700,808.364645,0.933070,0.947060,46.6099,45.7462,45.7971,0.936885,0.000000,75.411959,4
14.2800,808.830732,1.395470,1.392708,46.5797,46.5810,44.0103,1.394716,0.000000,75.392980,4
14.2900,809.296893,1.856775,1.842574,46.4421,45.8136,46.1342,1.852902,0.000000,75.384558,4
14.3000,809.754811,2.319703,2.314551,45.4462,46.6533,47.8383,2.318298,0.000000,75.394379,4
14.3100,810.213036,2.781887,2.794468,46.1882,45.8756,47.6194,2.785318,0.000000,75.412292,4
14.3200,810.676493,-3.038176,-3.028370,46.5176,46.6572,44.7654,-3.035501,0.000000,75.405985,4
14.3300,811.145165,-2.575965,-2.583341,46.9201,45.8558,44.7840,-2.577976,0.000000,75.389893,4
14.3400,811.607737,-2.113467,-2.126759,45.7413,46.5824,46.5510,-2.117092,0.000000,75.385164,4
14.3500,812.064774,-1.651971,-1.649516,45.7506,45.7757,48.2855,-1.651301,0.000000,75.403136,4
14.3600,812.522099,-1.190560,-1.176012,45.8751,46.4728,46.2027,-1.186592,0.000000,75.412257,4
14.3700,812.986936,-0.730011,-0.724971,46.8400,45.6724,44.4725,-0.728637,0.000000,75.401973,4
14.3800,813.451830,-0.269673,-0.281640,46.1049,46.3898,44.6644,-0.272937,0.000000,75.384748,4
14.3900,813.911094,0.190477,0.180165,45.7784,45.6329,47.4420,0.187665,0.000000,75.389912,4
14.4000,814.365387,0.650460,0.657802,45.3214,46.3943,47.4946,0.652462,0.000000,75.406517,4
14.4100,814.824823,1.111079,1.124098,46.4892,45.6742,45.7870,1.114629,0.000000,75.411140,4
14.4200,815.290310,1.571281,1.570245,46.4612,46.4458,43.9701,1.570999,0.000000,75.394697,4
14.4300,815.754991,2.032807,2.018048,46.3820,45.7572,45.9144,2.028782,0.000000,75.383919,4
14.4400,816.212853,2.493506,2.488643,45.3574,46.4994,47.6815,2.492180,0.000000,75.394586,4
14.4500,816.669270,2.955835,2.966823,46.0512,45.8195,47.5502,2.958832,0.000000,75.410791,4
14.4600,817.131863,-2.866606,-2.855318,46.3630,46.4782,44.8016,-2.863528,0.000000,75.407584,4
14.4700,817.598510,-2.404396,-2.411703,46.8049,45.7951,44.5944,-2.406389,0.000000,75.389907,4
14.4800,818.060860,-1.944438,-1.956817,45.6635,46.3798,46.3106,-1.947814,0.000000,75.385946,4
14.4900,818.516168,-1.483021,-1.482662,45.6146,45.7204,48.0698,-1.482923,0.000000,75.400993,4
14.5000,818.972628,-1.024188,-1.009102,45.7114,46.2563,46.2602,-1.020074,0.000000,75.412985,4
14.5100,819.435028,-0.563657,-0.558607,46.6697,45.6407,44.3971,-0.562280,0.000000,75.402015,4
14.5200,819.899554,-0.105804,-0.115916,46.0504,46.1669,44.4938,-0.108561,0.000000,75.386544,4
14.5300,820.357441,0.354456,0.342421,45.6846,45.6351,47.1067,0.351174,0.000000,75.387955,4
14.5400,820.811544,0.812105,0.819057,45.2316,46.1655,47.5007,0.814001,0.000000,75.406295,4
14.5500,821.268700,1.272937,1.285087,46.2868,45.7082,45.8042,1.276251,0.000000,75.410343,4
14.5600,821.733582,1.730932,1.732267,46.4020,46.2040,43.9989,1.731296,0.000000,75.397224,4
14.5700,822.196830,2.192659,2.177553,46.2858,45.8074,45.5541,2.188539,0.000000,75.383238,4
14.5800,822.654937,2.651154,2.645993,45.3412,46.2344,47.5357,2.649747,0.000000,75.394344,4
14.5900,823.109379,3.113533,3.122557,45.8288,45.8722,47.4736,3.115994,0.000000,75.408802,4
14.6000,823.570926,-2.711193,-2.698192,46.2517,46.1868,44.9724,-2.707648,0.000000,75.409663,4
14.6100,824.035442,-2.249127,-2.255653,46.6333,45.8474,44.3219,-2.250906,0.000000,75.390415,4
14.6200,824.497836,-1.791517,-1.803192,45.6814,46.0657,46.0516,-1.794701,0.000000,75.386629,4
14.6300,824.951583,-1.330374,-1.332551,45.4154,45.7812,47.7742,-1.330968,0.000000,75.398207,4
14.6400,825.407065,-0.873818,-0.858689,45.5972,45.9312,46.4570,-0.869692,0.000000,75.413492,4
14.6500,825.866876,-0.413577,-0.407768,46.4176,45.7247,44.3214,-0.411993,0.000000,75.402655,4
14.6600,826.331036,0.042201,0.034148,46.0870,45.8385,44.3447,0.040005,0.000000,75.388694,4
14.6700,826.787905,0.502182,0.488554,45.5460,45.7472,46.6371,0.498465,0.000000,75.385854,4
14.6800,827.241816,0.957996,0.963561,45.2096,45.8344,47.5709,0.959514,0.000000,75.405290,4
14.6900,827.696661,1.418529,1.430167,45.9887,45.8437,45.8467,1.421703,0.000000,75.409789,4
14.7000,828.160572,1.874893,1.878719,46.4044,45.8643,44.1164,1.875937,0.000000,75.400092,4
14.7100,828.622681,2.336189,2.321602,46.1415,45.9503,45.0759,2.332211,0.000000,75.383158,4
14.7200,829.081028,2.793132,2.786732,45.4110,45.8774,47.3717,2.791387,0.000000,75.393292,4
14.7300,829.533762,-3.028350,-3.021288,45.5251,46.0104,47.3787,-3.026424,0.000000,75.406668,4
14.7400,829.993744,-2.571426,-2.557199,46.1816,45.8132,45.2708,-2.567546,0.000000,75.411522,4
14.7500,830.456317,-2.110300,-2.114778,46.3988,45.9781,44.0173,-2.111521,0.000000,75.392006,4
14.7600,830.918595,-1.654169,-1.665637,45.7897,45.6826,45.7571,-1.657296,0.000000,75.386910,4
14.7700,831.371402,-1.194173,-1.198712,45.1723,45.9095,47.3966,-1.195411,0.000000,75.395385,4
14.7800,831.825480,-0.738904,-0.724973,45.5241,45.5536,46.7413,-0.735104,0.000000,75.412979,4
14.7900,832.282931,-0.279917,-0.272250,46.0932,45.8597,44.3023,-0.277826,0.000000,75.404320,4
14.8000,832.746204,0.174871,0.168690,46.1826,45.4761,44.2077,0.173185,0.000000,75.390769,4
14.8100,833.202805,0.633505,0.619188,45.3927,45.8885,46.0688,0.629601,0.000000,75.384447,4
14.8200,833.656185,1.088635,1.091293,45.2346,45.4880,47.6198,1.089360,0.000000,75.402855,4
14.8300,834.109175,1.547705,1.559412,45.6317,45.9853,45.9570,1.550898,0.000000,75.409794,4
14.8400,834.571262,2.003639,2.009481,46.4172,45.5282,44.2987,2.005232,0.000000,75.402629,4
14.8500,835.032845,2.463266,2.450754,45.9867,46.0779,44.5651,2.459853,0.000000,75.384515,4
14.8600,835.491029,2.919899,2.911092,45.5269,45.5435,47.1047,2.917497,0.000000,75.391044,4
14.8700,835.942853,-2.903548,-2.898140,45.2043,46.1139,47.2968,-2.902073,0.000000,75.404805,4
14.8800,836.400387,-2.446857,-2.432597,46.0931,45.4855,45.6315,-2.442968,0.000000,75.412304,4
14.8900,836.861514,-1.987976,-1.988759,46.1503,46.0538,43.7966,-1.988189,0.000000,75.395274,4
14.9000,837.323036,-1.531967,-1.543780,45.9195,45.3711,45.3640,-1.535189,0.000000,75.386557,4
14.9100,837.775967,-1.074427,-1.080672,44.9681,45.9585,46.9831,-1.076130,0.000000,75.393172,4
14.9200,838.227973,-0.619074,-0.608091,45.4254,45.2759,46.9958,-0.616079,0.000000,75.410695,4
14.9300,838.683626,-0.162635,-0.152066,45.7679,45.8874,44.4469,-0.159752,0.000000,75.407203,4
14.9400,839.145049,0.292502,0.287933,46.2393,45.2412,44.0358,0.291256,0.000000,75.392503,4
14.9500,839.602339,0.748529,0.734889,45.3137,45.8927,45.4938,0.744809,0.000000,75.384439,4
14.9600,840.054702,1.204235,1.202467,45.2294,45.2939,47.5088,1.203753,0.000000,75.398687,4
14.9700,840.506615,1.660629,1.672667,45.3150,45.9625,46.2064,1.663912,0.000000,75.410290,4
14.9800,840.965796,2.117305,2.124507,46.3311,45.3675,44.4855,2.119269,0.000000,75.404418,4
14.9900,841.427474,2.574117,2.565362,45.9095,46.0177,44.1590,2.571730,0.000000,75.387750,4
15.0000,841.884962,3.031528,3.019633,45.5949,45.4069,46.6226,3.028284,0.000000,75.387775,4
15.0100,842.336898,-2.794934,-2.791146,44.9858,46.0090,47.2754,-2.793901,0.000000,75.403184,4
15.0200,842.790996,-2.337278,-2.324676,45.8158,45.4779,45.8553,-2.333841,-0.006842,75.410904,1
15.0300,843.249210,-1.876443,-1.884136,45.7780,46.7376,42.5840,-1.878541,-0.040352,75.386079,1
15.0400,843.709577,-1.410365,-1.464398,46.1662,46.3187,41.9304,-1.425101,-0.101788,75.339826,1
15.0500,844.165996,-0.941718,-1.044488,45.1688,47.5341,42.0049,-0.969746,-0.191148,75.289856,1
15.0600,844.618666,-0.466527,-0.623179,45.5202,47.2652,42.0600,-0.509250,-0.308435,75.236252,1
15.0700,845.074704,0.010764,-0.214940,45.6510,48.3967,39.4846,-0.050792,-0.453646,75.163186,1
15.0800,845.536184,0.497243,0.167770,46.6265,48.5770,37.6419,0.407387,-0.626783,75.057753,1
15.0900,846.003295,0.986758,0.542595,46.5745,49.5739,37.5687,0.865623,-0.826728,74.941979,1
15.1000,846.470537,1.486162,0.927247,47.1307,49.7247,39.5450,1.333731,-1.016619,74.829555,1
15.1100,846.946535,1.977558,1.337708,47.7153,48.9914,42.1601,1.803053,-1.178586,74.751685,1
15.1200,847.421663,2.472564,1.769818,47.4897,49.8370,43.9818,2.280906,-1.312627,74.689771,1
15.1300,847.901815,2.967650,2.216024,48.5017,49.0919,44.9789,2.762661,-1.418743,74.642598,1
15.1400,848.390424,-2.828399,2.671423,49.0623,48.2641,46.4717,-1.328447,-1.496934,74.613472,1
15.1500,848.876783,-2.347782,-3.128700,48.0507,48.1602,49.8085,-2.560759,-1.547199,74.619189,1
15.1600,849.351978,-1.864968,-2.619646,47.3719,48.1595,51.2528,-2.070790,-1.569540,74.646632,1
15.1700,849.828633,-1.386593,-2.118587,47.9207,47.7735,48.6338,-1.586228,-1.570796,74.666624,2
15.1800,850.310073,-0.904218,-1.653454,48.3568,48.6279,45.0810,-1.108555,-1.570796,74.645207,2
15.1900,850.797212,-0.418398,-1.205615,48.9340,48.3490,45.2123,-0.633093,-1.570796,74.608179,2
15.2000,851.284009,0.062831,-0.736076,48.2555,48.0721,48.6213,-0.155053,-1.570796,74.600237,2
15.2100,851.760976,0.543255,-0.232115,47.3957,47.8958,51.4213,0.331790,-1.570796,74.626524,2
15.2200,852.235132,1.019724,0.278987,47.5149,47.5949,50.1741,0.817705,-1.570796,74.659674,2
15.2300,852.712971,1.499539,0.759376,48.1014,48.3285,46.2790,1.297677,-1.570796,74.655634,2
15.2400,853.199297,1.983389,1.210582,48.9883,48.2919,44.8315,1.772624,-1.570796,74.622091,2
15.2500,853.687983,2.465745,1.671137,48.5383,48.2848,47.5444,2.249034,-1.570796,74.603261,2
15.2600,854.168138,2.948005,2.167976,47.6900,48.0111,51.1958,2.735270,-1.570796,74.621682,2
15.2700,854.643383,-2.858407,2.684239,47.4260,47.5941,51.2169,-1.346776,-1.570796,74.660985,2
15.2800,855.118447,-2.378083,-3.106917,47.7581,48.4122,47.2544,-2.576856,-1.570796,74.667748,2
15.2900,855.602873,-1.893859,-2.653766,48.9690,48.2707,44.2758,-2.101107,-1.570796,74.634296,2
15.3000,856.092589,-1.411276,-2.206384,48.6721,48.4154,45.8008,-1.628124,-1.570796,74.600821,2
15.3100,856.573856,-0.926739,-1.725842,47.8023,48.2100,49.9244,-1.144676,-1.570796,74.601313,2
15.3200,857.050006,-0.450984,-1.213619,47.4248,47.2445,51.5894,-0.658975,-1.570796,74.639810,2
15.3300,857.521847,0.025781,-0.710980,47.1704,48.1833,48.6329,-0.175154,-1.570796,74.661387,2
15.3400,858.000607,0.508697,-0.247366,48.6089,48.0853,44.7895,0.302498,-1.570796,74.638717,2
15.3500,858.490577,0.987805,0.196264,48.9070,48.0547,44.7707,0.771930,-1.570796,74.603572,2
15.3600,858.973619,1.472421,0.664273,47.9110,48.5155,48.8031,1.252017,-1.570796,74.590920,2
15.3700,859.451739,1.949810,1.173402,47.7182,47.0892,52.0960,1.738062,-1.563955,74.626974,3
15.3800,859.924534,2.422897,1.689866,46.9385,47.9248,50.5063,2.222980,-1.530444,74.667198,3
15.3900,860.398298,2.907161,2.170339,48.1401,48.3788,46.0061,2.706209,-1.469009,74.658737,3
15.4000,860.888943,-2.897520,2.615923,49.5382,47.4485,44.3149,-1.393854,-1.379648,74.625762,3
15.4100,861.381265,-2.430472,3.088108,48.5566,46.1071,50.5975,-0.925404,-1.262362,74.639152,3
15.4200,861.853244,-1.978442,-2.639728,46.0933,44.3064,59.2081,-2.158793,-1.117150,74.752665,3
15.4300,862.303100,-1.542799,-2.031229,44.2474,43.5095,60.4297,-1.676007,-0.944014,74.926026,3
15.4400,862.748906,-1.101400,-1.470598,45.6456,44.1491,51.8441,-1.202091,-0.744069,75.036060,3
15.4500,863.223838,-0.675069,-0.989375,48.2448,41.7338,46.1990,-0.760789,-0.554177,75.088161,3
15.4600,863.690637,-0.244200,-0.521799,45.1663,44.3090,48.5900,-0.319909,-0.392210,75.125647,3
15.4700,864.135852,0.187269,0.011359,44.1383,41.7980,56.8679,0.139294,-0.258169,75.237847,3
15.4800,864.565811,0.620061,0.574453,42.5424,45.2623,53.7272,0.607622,-0.152053,75.360028,3
15.4900,865.015547,1.063846,1.067635,47.2929,42.6309,45.8700,1.064879,-0.073862,75.404672,3
15.5000,865.488949,1.501034,1.484261,46.4266,45.9205,39.0628,1.496459,-0.023597,75.374151,3
15.5100,865.950043,1.957050,1.900883,46.0817,43.8639,45.8094,1.941732,-0.001257,75.345358,3
15.5200,866.392061,2.401574,2.396789,42.3775,46.5193,50.8913,2.400269,0.000000,75.397366,4
15.5300,866.825361,2.864527,2.900201,45.3077,44.3272,49.3530,2.874256,0.000000,75.438881,4
15.5400,867.288644,-2.975789,-2.933665,46.1984,46.1333,40.4155,-2.964301,0.000000,75.433276,4
15.5500,867.755813,-2.511520,-2.546952,47.5449,44.6931,39.9646,-2.521183,0.000000,75.359336,4
15.5600,868.217731,-2.070173,-2.107635,43.9912,45.6664,46.6903,-2.080390,0.000000,75.361778,4
15.5700,868.647535,-1.606225,-1.611535,43.5818,45.0074,51.8248,-1.607673,0.000000,75.400496,4
15.5800,869.092488,-1.165702,-1.107985,44.6046,45.2244,46.8095,-1.149961,0.000000,75.455883,4
15.5900,869.548950,-0.703027,-0.689774,47.2395,45.2220,39.4073,-0.699412,0.000000,75.406096,4
15.6000,870.023623,-0.263185,-0.291880,46.1704,44.8492,40.6636,-0.271011,0.000000,75.365187,4
15.6100,870.467389,0.198735,0.149371,43.9251,45.4651,48.1516,0.185272,0.000000,75.353037,4
15.6200,870.905801,0.638612,0.663305,43.2310,44.5877,51.5776,0.645346,0.000000,75.428825,4
15.6300,871.342706,1.101000,1.140907,45.3575,45.8113,44.6705,1.111884,0.000000,75.436948,4
15.6400,871.815089,1.541278,1.558484,47.3569,44.3048,39.3955,1.545970,0.000000,75.409574,4
15.6500,872.275708,2.004157,1.951120,45.6434,46.2341,41.5682,1.989692,0.000000,75.342060,4
15.6600,872.728222,2.445661,2.422536,44.0205,44.0172,50.5652,2.439354,0.000000,75.381445,4
15.6700,873.155377,2.908366,2.928886,43.1668,46.6559,49.9159,2.913962,0.000000,75.422203,4
15.6800,873.611262,-2.931457,-2.879305,46.7212,43.7178,44.2542,-2.917234,0.000000,75.449517,4
15.6900,874.074671,-2.470958,-2.481846,46.4521,46.8624,37.9516,-2.473928,0.000000,75.379060,4
15.7000,874.543437,-2.025865,-2.068456,46.1282,43.4776,44.8083,-2.037481,0.000000,75.357336,4
15.7100,874.979255,-1.568840,-1.591128,42.4080,46.8630,49.8202,-1.574919,0.000000,75.379571,4
15.7200,875.416920,-1.121829,-1.080763,44.8149,43.3792,50.2555,-1.110629,0.000000,75.445256,4
15.7300,875.866592,-0.668399,-0.631013,45.4806,46.7171,40.6504,-0.658203,0.000000,75.429044,4
15.7400,876.337819,-0.219877,-0.236833,47.6780,43.3602,39.8783,-0.224501,0.000000,75.378003,4
15.7500,876.793198,0.230828,0.182635,43.7895,46.6069,44.4393,0.217685,0.000000,75.348702,4
15.7600,877.230571,0.681219,0.673486,43.9300,43.4462,52.0457,0.679110,0.000000,75.399259,4
15.7700,877.664980,1.130586,1.175585,43.5058,46.6188,47.0553,1.142858,0.000000,75.442788,4
15.7800,878.123435,1.583365,1.610828,47.6454,43.5538,41.2658,1.590855,0.000000,75.423082,4
15.7900,878.592588,2.031349,2.005071,45.6904,46.6273,39.0383,2.024182,0.000000,75.364590,4
15.8000,879.046121,2.487040,2.438924,45.2271,43.7225,47.9678,2.473917,0.000000,75.355466,4
15.8100,879.482032,2.933266,2.944151,42.3170,46.5345,50.6752,2.936234,0.000000,75.412696,4
15.8200,879.920619,-2.891246,-2.849891,45.9188,43.9603,47.0654,-2.879967,0.000000,75.442404,4
15.8300,880.386125,-2.447722,-2.422813,46.1868,46.1870,38.9715,-2.440929,0.000000,75.414998,4
15.8400,880.850340,-1.987474,-2.032381,46.8661,44.2411,41.5411,-1.999722,0.000000,75.351934,4
15.8500,881.302725,-1.546698,-1.575496,43.1528,45.6783,48.1910,-1.554552,0.000000,75.371861,4
15.8600,881.730157,-1.086015,-1.075380,43.7400,44.6010,51.0516,-1.083114,0.000000,75.415731,4
15.8700,882.178236,-0.646830,-0.591323,44.9976,45.1518,44.4235,-0.631692,0.000000,75.451459,4
15.8800,882.636904,-0.186786,-0.188754,47.1343,44.9309,38.8330,-0.187323,0.000000,75.390804,4
15.8900,883.105930,0.251949,0.216271,45.4016,44.7556,42.2647,0.242218,0.000000,75.360060,4
15.9000,883.543190,0.711566,0.674483,43.4288,45.2611,49.3741,0.701452,0.000000,75.366476,4
15.9100,883.980318,1.151115,1.186948,43.4948,44.5430,50.3631,1.160888,0.000000,75.438669,4
15.9200,884.422380,1.611131,1.646699,45.8144,45.5901,42.7715,1.620831,0.000000,75.430941,4
15.9300,884.895015,2.051504,2.053147,47.0795,44.3335,39.2970,2.051952,0.000000,75.394221,4
15.9400,885.350840,2.512022,2.457819,44.9888,45.9416,43.4173,2.497240,0.000000,75.342988,4
15.9500,885.796764,2.953256,2.942752,43.5864,44.0677,51.1683,2.950391,0.000000,75.394453,4
15.9600,886.225054,-2.869541,-2.839574,43.5873,46.2950,48.4611,-2.861368,0.000000,75.430358,4
15.9700,886.684032,-2.427444,-2.383846,46.8701,43.7054,42.4422,-2.415554,0.000000,75.439348,4
15.9800,887.146411,-1.969312,-1.992482,46.0660,46.5007,38.4400,-1.975631,0.000000,75.367813,4
15.9900,887.608042,-1.526048,-1.566959,45.3289,43.3842,46.2588,-1.537205,0.000000,75.360552,4
16.0000,888.039022,-1.071533,-1.080676,42.2129,46.5570,49.9232,-1.074026,0.000000,75.392861,4
16.0100,888.477438,-0.626066,-0.581021,45.0977,43.2497,48.4915,-0.613781,0.000000,75.447586,4
16.0200,888.930012,-0.175434,-0.147404,45.5740,46.4486,39.4716,-0.167789,0.000000,75.418882,4
16.0300,889.398085,0.272409,0.244899,47.1518,43.2984,40.5889,0.264906,0.000000,75.368461,4
16.0400,889.848222,0.720299,0.677770,43.2593,46.3253,45.8223,0.708700,0.000000,75.355852,4
16.0500,890.281709,1.170748,1.173315,43.8372,43.5077,51.6812,1.171448,0.000000,75.409029,4
16.0600,890.719432,1.617543,1.664865,43.9571,46.2686,45.5985,1.630449,0.000000,75.443899,4
16.0700,891.179148,2.070344,2.086455,47.5354,43.7003,40.3766,2.074738,0.000000,75.410950,4
16.0800,891.646077,2.516159,2.483990,45.3118,46.2140,40.2161,2.507386,0.000000,75.360343,4
16.0900,892.093336,2.971207,2.929713,44.5929,43.8715,48.8377,2.959891,0.000000,75.362728,4
16.1000,892.527748,-2.867745,-2.846526,42.5172,46.0785,50.1624,-2.861958,0.000000,75.422780,4
16.1100,892.968003,-2.410623,-2.370908,46.0026,44.0549,45.3307,-2.399791,0.000000,75.438984,4
16.1200,893.434167,-1.969259,-1.954467,46.1380,45.6989,38.7169,-1.965225,0.000000,75.405288,4
16.1300,893.893412,-1.511031,-1.559423,46.1024,44.3176,42.3825,-1.524229,0.000000,75.349267,4
16.1400,894.340672,-1.072489,-1.093300,42.9075,45.1603,48.9081,-1.078165,0.000000,75.380941,4
16.1500,894.766401,-0.613809,-0.596200,43.6404,44.7253,49.8979,-0.609007,0.000000,75.421304,4
16.1600,895.216511,-0.176559,-0.125224,45.3356,44.6083,43.3274,-0.162559,0.000000,75.446824,4
16.1700,895.674186,0.281503,0.270900,46.6521,45.1384,38.6257,0.278611,0.000000,75.381870,4
16.1800,896.139082,0.719223,0.682236,45.1384,44.2267,43.4637,0.709135,0.000000,75.360540,4
16.1900,896.572540,1.176568,1.148231,42.9641,45.5142,49.4548,1.168839,0.000000,75.374828,4
16.2000,897.009570,1.616255,1.655488,43.9136,44.0612,49.5919,1.626955,0.000000,75.441822,4
16.2100,897.454004,2.073243,2.105180,45.6882,45.7951,41.6305,2.081953,0.000000,75.425911,4
16.2200,897.924731,2.514603,2.507264,46.9969,43.9222,39.7345,2.512602,0.000000,75.386382,4
16.2300,898.377297,2.971182,2.920713,44.3331,46.0254,44.1593,2.957418,0.000000,75.347158,4
16.2400,898.818745,-2.869509,-2.874529,43.5884,43.7256,51.2161,-2.870878,0.000000,75.400403,4
16.2500,899.248548,-2.413948,-2.378994,43.5522,46.2287,47.2967,-2.404415,0.000000,75.433988,4
16.2600,899.706533,-1.970674,-1.935445,46.9271,43.4262,41.7151,-1.961066,0.000000,75.430871,4
16.2700,900.167836,-1.517976,-1.543598,45.5489,46.3136,38.7906,-1.524964,0.000000,75.365738,4
16.2800,900.623087,-1.073375,-1.114048,44.9708,43.1942,46.8087,-1.084468,0.000000,75.361726,4
16.2900,901.053212,-0.624531,-0.624818,42.0458,46.2804,49.5939,-0.624609,0.000000,75.401297,4
16.3000,901.489809,-0.177247,-0.135199,45.1888,43.1952,47.4339,-0.165779,0.000000,75.443862,4
16.3100,901.944356,0.267752,0.293057,45.4627,46.0803,39.1786,0.274653,0.000000,75.416056,4
16.3200,902.407528,0.717971,0.684411,46.7452,43.4281,40.9200,0.708819,0.000000,75.362933,4
16.3300,902.856575,1.160564,1.124800,43.0789,45.8432,46.4157,1.150810,0.000000,75.363354,4
16.3400,903.286441,1.613575,1.617751,43.6922,43.8159,51.0094,1.614714,0.000000,75.409841,4
16.3500,903.727195,2.055516,2.104279,44.2171,45.6430,45.1076,2.068815,0.000000,75.445259,4
16.3600,904.184210,2.510383,2.519178,47.1421,44.1354,39.9086,2.512782,0.000000,75.403035,4
16.3700,904.650499,2.951823,2.920806,45.2416,45.4447,41.0233,2.943364,0.000000,75.362892,4
16.3800,905.092609,-2.875337,-2.914460,44.0331,44.3696,48.6109,-2.886007,0.000000,75.364463,4
16.3900,905.527570,-2.434998,-2.409178,42.8196,45.1884,49.9498,-2.427956,0.000000,75.427881,4
16.4000,905.965915,-1.978258,-1.941700,45.5652,44.5780,44.2449,-1.968287,0.000000,75.434352,4
16.4100,906.431628,-1.540070,-1.528309,46.2546,44.7404,39.0719,-1.536862,0.000000,75.403582,4
16.4200,906.886368,-1.083429,-1.131701,45.3348,44.8627,42.2346,-1.096594,0.000000,75.348694,4
16.4300,907.331599,-0.646869,-0.664712,43.1344,44.2053,49.1857,-0.651735,0.000000,75.385112,4
16.4400,907.755812,-0.190815,-0.171477,43.1551,45.2789,48.8950,-0.185541,0.000000,75.421386,4
16.4500,908.205384,0.246035,0.293317,45.6624,43.7304,43.3198,0.258930,0.000000,75.443812,4
16.4600,908.661441,0.700485,0.689521,45.9799,45.6588,38.3760,0.697495,0.000000,75.380603,4
16.4700,909.123188,1.139505,1.101534,45.3244,43.4815,44.0005,1.129149,0.000000,75.361023,4
16.4800,909.556164,1.592229,1.569194,42.4878,45.9321,48.9314,1.585947,0.000000,75.378887,4
16.4900,909.991434,2.034582,2.070355,44.2540,43.4664,49.3919,2.044338,0.000000,75.439059,4
16.5000,910.436847,2.485832,2.519147,45.2206,46.0406,41.2411,2.494918,0.000000,75.426364,4
16.5100,910.903413,2.930694,2.918755,47.0405,43.4826,40.0405,2.927438,0.000000,75.382904,4
16.5200,911.356012,-2.902820,-2.947034,43.8807,46.0487,44.0367,-2.914878,0.000000,75.352843,4
16.5300,911.793228,-2.456451,-2.464541,43.6673,43.4536,50.8714,-2.458657,0.000000,75.397649,4
16.5400,912.224818,-2.008807,-1.970181,43.2697,46.0028,46.8986,-1.998273,0.000000,75.437087,4
16.5500,912.677565,-1.561448,-1.532514,46.7498,43.3619,41.5383,-1.553557,0.000000,75.424932,4
16.5600,913.139502,-1.117127,-1.137167,45.2687,45.8392,38.9490,-1.122593,0.000000,75.371494,4
16.5700,913.589031,-0.668281,-0.712331,44.7384,43.3865,46.3300,-0.680295,0.000000,75.358079,4
16.5800,914.021517,-0.227513,-0.223561,42.0776,45.5747,49.4466,-0.226435,0.000000,75.405679,4
16.5900,914.453166,0.223876,0.259522,44.8054,43.6631,46.8892,0.233598,0.000000,75.436874,4
16.6000,914.909082,0.661859,0.690714,45.5147,45.1846,39.7022,0.669729,0.000000,75.420677,4
16.6100,915.366863,1.115522,1.080193,46.2300,44.1283,40.4508,1.105887,0.000000,75.360279,4
16.6200,915.817980,1.552587,1.520942,43.4312,44.8079,46.5749,1.543957,0.000000,75.368377,4
16.6300,916.244583,2.007809,2.008057,43.1689,44.6518,50.1247,2.007876,0.000000,75.404437,4
16.6400,916.686435,2.445696,2.494471,44.5146,44.5063,45.6726,2.458998,0.000000,75.446847,4
16.6500,917.138958,2.901104,2.909686,46.3665,45.0144,39.5032,2.903444,0.000000,75.401631,4
16.6600,917.604992,-2.943407,-2.971205,45.6503,44.2358,41.4099,-2.950988,0.000000,75.367607,4
16.6700,918.044819,-2.488799,-2.527693,43.3822,45.2249,47.4914,-2.499406,0.000000,75.362703,4
16.6800,918.479553,-2.049914,-2.027425,43.2416,43.9572,50.1901,-2.043781,0.000000,75.426142,4
16.6900,918.914835,-1.596620,-1.559806,44.6440,45.3686,43.8202,-1.586580,0.000000,75.433283,4
16.7000,919.377268,-1.158143,-1.146101,46.5703,43.5843,39.6844,-1.154859,0.000000,75.405796,4
16.7100,919.830828,-0.706889,-0.749621,44.6505,45.5345,41.2986,-0.718543,0.000000,75.352308,4
16.7200,920.274218,-0.267881,-0.291152,43.6327,43.2520,48.9734,-0.274228,0.000000,75.380787,4
16.7300,920.699135,0.181062,0.201011,42.4567,45.7479,48.4044,0.186503,0.000000,75.420702,4
16.7400,921.143415,0.622499,0.664117,45.7777,43.0936,43.9423,0.633849,0.000000,75.439873,4
16.7500,921.599825,1.068612,1.066995,45.4299,45.8429,38.3025,1.068171,0.000000,75.389128,4
16.7600,922.057353,1.513676,1.472290,45.6053,43.1951,43.5477,1.502389,0.000000,75.357921,4
16.7700,922.494443,1.957404,1.937722,42.3075,45.7876,48.3334,1.952036,0.000000,75.381287,4
16.7800,922.924528,2.406245,2.431850,44.1314,43.4965,49.3532,2.413228,0.000000,75.429444,4
16.7900,923.371004,2.848255,2.888477,44.8587,45.5719,41.8939,2.859225,0.000000,75.433840,4
16.8000,923.830560,-2.983946,-2.996793,46.7994,43.7765,39.7392,-2.987450,0.000000,75.381852,4
16.8100,924.286943,-2.543539,-2.580195,44.0428,45.2736,43.5675,-2.553536,0.000000,75.360156,4
16.8200,924.719749,-2.091876,-2.109766,43.3649,43.9834,49.8273,-2.096755,0.000000,75.386842,4
16.8300,925.153286,-1.653105,-1.613411,43.2119,44.9467,47.5901,-1.642280,0.000000,75.439520,4
16.8400,925.597628,-1.201467,-1.174601,45.9498,44.1370,41.4870,-1.194140,0.000000,75.422412,4
16.8500,926.060848,-0.764811,-0.774930,45.6107,44.5457,39.2600,-0.767571,0.000000,75.382555,4
16.8600,926.506716,-0.313101,-0.360268,44.2514,44.3917,44.6835,-0.325965,0.000000,75.352588,4
16.8700,926.942543,0.122177,0.122363,42.6140,44.1307,49.6424,0.122228,0.000000,75.403445,4
16.8800,927.368852,0.574392,0.604752,43.7385,44.8193,46.6580,0.582672,0.000000,75.430385,4
16.8900,927.822807,1.009830,1.043070,45.8914,43.7277,41.0143,1.018895,0.000000,75.427744,4
16.9000,928.277609,1.461789,1.433497,45.4781,45.2791,39.3238,1.454073,0.000000,75.364862,4
16.9100,928.730275,1.899229,1.864871,44.3037,43.4617,46.2247,1.889858,0.000000,75.366833,4
16.9200,929.157412,2.350111,2.346209,42.3466,45.6332,49.1633,2.349047,0.000000,75.398215,4
16.9300,929.595267,2.790677,2.833025,44.7519,43.3515,46.9078,2.802226,0.000000,75.443185,4
16.9400,930.045090,-3.043781,-3.024911,45.3971,45.7280,39.5313,-3.038635,0.000000,75.410746,4
16.9500,930.507522,-2.600852,-2.627286,46.2338,43.3086,41.1235,-2.608062,0.000000,75.369950,4
16.9600,930.951064,-2.154899,-2.190998,42.9832,45.6276,45.9685,-2.164744,0.000000,75.363116,4
16.9700,931.381997,-1.710563,-1.702173,43.4345,43.3082,50.2418,-1.708275,0.000000,75.413428,4
16.9800,931.816494,-1.267384,-1.225458,43.7401,45.4406,44.5181,-1.255950,0.000000,75.438468,4
16.9900,932.270153,-0.822263,-0.809359,46.5126,43.3028,40.0903,-0.818744,0.000000,75.407834,4
17.0000,932.727462,-0.381988,-0.411879,44.5852,45.2309,40.3603,-0.390140,0.000000,75.363777,4
17.0100,933.167517,0.064544,0.028870,43.8030,43.4184,47.5975,0.054815,0.000000,75.367564,4
17.0200,933.596804,0.502475,0.520777,42.2491,45.0285,48.8225,0.507466,0.000000,75.419703,4
17.0300,934.031142,0.951502,0.986281,45.0420,43.7285,44.5620,0.960987,0.000000,75.433624,4
17.0400,934.488938,1.387695,1.401496,45.5553,44.7311,39.1200,1.391459,0.000000,75.405763,4
17.0500,934.941746,1.839109,1.797007,45.3517,44.1970,41.7834,1.827627,0.000000,75.354851,4
17.0600,935.385661,2.274833,2.253347,42.9963,44.3793,47.9307,2.268973,0.000000,75.380179,4
17.0700,935.810282,2.727644,2.740944,43.1413,44.7036,48.9446,2.731271,0.000000,75.416004,4
17.0800,936.255191,-3.119210,-3.074201,44.9944,44.0022,43.7978,-3.106935,0.000000,75.441834,4
17.0900,936.707904,-2.667128,-2.671346,45.8762,45.0346,38.9605,-2.668279,0.000000,75.388425,4
17.1000,937.167267,-2.230074,-2.262534,45.0250,43.6555,42.9299,-2.238927,0.000000,75.365207,4
17.1100,937.600175,-1.780203,-1.806422,42.6202,45.1825,47.9666,-1.787354,0.000000,75.375562,4
17.1200,938.032053,-1.342338,-1.312445,43.4988,43.3954,48.9308,-1.334185,0.000000,75.432878,4
17.1300,938.470010,-0.895110,-0.861401,44.5717,45.2130,41.9492,-0.885917,0.000000,75.428351,4
17.1400,938.929184,-0.456561,-0.458938,46.2720,43.1839,39.6396,-0.457209,0.000000,75.392162,4
17.1500,939.378012,-0.011812,-0.052908,43.8254,45.2541,42.4726,-0.023020,0.000000,75.355153,4
17.1600,939.813585,0.428305,0.412132,43.2924,43.0966,49.2428,0.423894,0.000000,75.388395,4
17.1700,940.239919,0.871173,0.900240,42.6222,45.3453,47.2181,0.879101,0.000000,75.428679,4
17.1800,940.684067,1.314100,1.346448,45.8384,43.1514,42.4718,1.322922,0.000000,75.429427,4
17.1900,941.141044,1.754930,1.746040,45.1503,45.3378,38.7354,1.752506,0.000000,75.382728,4
17.2000,941.591124,2.201293,2.158654,44.8699,43.3835,44.4980,2.189664,0.000000,75.357620,4
17.2100,942.025629,2.640202,2.632783,42.2198,45.1654,48.6651,2.638179,0.000000,75.394139,4
17.2200,942.453884,3.089614,3.117679,44.0849,43.7414,47.7417,3.097268,0.000000,75.430160,4
17.2300,942.903159,-2.756506,-2.721376,45.0567,44.7860,41.0688,-2.746925,0.000000,75.428674,4
17.2400,943.357873,-2.306041,-2.327956,46.0013,44.0760,39.7575,-2.312018,0.000000,75.372765,4
17.2500,943.809558,-1.870534,-1.902930,43.7259,44.3181,44.7086,-1.879369,0.000000,75.366349,4
17.2600,944.236369,-1.420689,-1.430989,42.7369,44.3574,49.0768,-1.423498,0.000000,75.393228,4
17.2700,944.670298,-0.985872,-0.944270,43.6227,43.8924,46.6506,-0.974526,0.000000,75.441511,4
17.2800,945.113189,-0.537503,-0.517069,45.3354,44.5619,40.2726,-0.531930,0.000000,75.414412,4
17.2900,945.572902,-0.102803,-0.119223,45.5315,43.5478,40.0357,-0.107281,0.000000,75.378210,4
17.3000,946.013676,0.344308,0.302308,43.3496,44.7932,44.8423,0.332854,0.000000,75.357284,4
17.3100,946.445788,0.780001,0.783839,42.8794,43.3305,49.5413,0.781047,0.000000,75.407912,4
17.3200,946.873376,1.226488,1.259775,43.4378,45.0878,45.3679,1.235566,0.000000,75.431489,4
17.3300,947.325350,1.664178,1.687795,46.0509,43.1797,40.7698,1.670619,0.000000,75.418837,4
17.3400,947.779073,2.109562,2.081923,44.8050,45.3350,39.6767,2.102024,0.000000,75.365523,4
17.3500,948.225153,2.550135,2.515981,44.1291,43.1334,46.6960,2.540820,0.000000,75.368124,4
17.3600,948.652653,2.993602,2.999238,42.1073,45.4249,48.6060,2.995139,0.000000,75.406940,4
17.3700,949.087385,-2.845906,-2.808901,44.7986,43.1969,45.8851,-2.835814,0.000000,75.437390,4
17.3800,949.538528,-2.405508,-2.387248,45.0749,45.2287,39.3354,-2.400528,0.000000,75.410136,4
17.3900,949.993439,-1.959836,-1.991853,45.6841,43.3458,41.2549,-1.968568,0.000000,75.364869,4
17.4000,950.435674,-1.522700,-1.550375,42.7219,44.8374,46.1979,-1.530248,0.000000,75.372100,4
17.4100,950.860665,-1.076064,-1.069078,43.0628,43.5932,49.1619,-1.074159,0.000000,75.410979,4
17.4200,951.296975,-0.641183,-0.597744,43.8426,44.3991,44.1781,-0.629336,0.000000,75.440399,4
17.4300,951.744666,-0.194472,-0.188336,45.7909,43.8608,39.4974,-0.192799,0.000000,75.400256,4
17.4400,952.200947,0.239298,0.212277,44.6342,44.0356,41.0559,0.231929,0.000000,75.368299,4
17.4500,952.635403,0.686191,0.651561,43.0753,44.1830,46.8577,0.676747,0.000000,75.367201,4
17.4600,953.065268,1.120215,1.140121,42.6996,43.7929,48.8244,1.125644,0.000000,75.422458,4
17.4700,953.497118,1.567764,1.600147,44.3270,44.5536,43.6040,1.576596,0.000000,75.429481,4
17.4800,953.953441,2.002691,2.013629,45.8472,43.5549,39.7299,2.005674,0.000000,75.404806,4
17.4900,954.403043,2.450398,2.411568,44.4884,44.9215,41.3857,2.439808,0.000000,75.356816,4
17.5000,954.844136,2.886872,2.865368,43.3613,43.3189,48.0872,2.881007,0.000000,75.381565,4
17.5100,955.268332,-2.949652,-2.933095,42.4792,45.1982,47.9552,-2.945136,0.000000,75.417486,4
17.5200,955.709471,-2.511187,-2.472358,45.1597,43.1338,43.8098,-2.500597,-0.003491,75.436880,1
17.5300,956.159142,-2.063755,-2.071676,44.8043,45.9883,37.7486,-2.065915,-0.031416,75.381925,1
17.5400,956.611199,-1.613670,-1.685377,45.1706,44.0623,40.2928,-1.633227,-0.087266,75.323112,1
17.5500,957.047274,-1.160351,-1.267118,42.4333,46.7317,42.6744,-1.189469,-0.171042,75.287428,1
17.5600,957.476650,-0.698392,-0.835443,43.7805,45.2191,42.8760,-0.735770,-0.282743,75.258558,1
17.5700,957.918086,-0.238600,-0.439334,44.2823,47.3249,36.2848,-0.293346,-0.422370,75.185525,1
17.5800,958.370399,0.237007,-0.100223,46.1026,47.0175,33.1567,0.145035,-0.589921,75.047315,1
17.5900,958.828842,0.710002,0.240071,45.0708,48.3133,35.1764,0.581839,-0.785398,74.915208,1
17.6000,959.274829,1.201668,0.614832,44.8820,48.9222,39.5224,1.041622,-0.980875,74.802667,1
17.6100,959.733354,1.677258,1.026174,46.3428,46.8962,41.7899,1.499690,-1.148427,74.741968,1
17.6200,960.194057,2.155988,1.440406,45.8917,48.9152,41.0119,1.960829,-1.288053,74.674523,1
17.6300,960.660780,2.645323,1.849707,47.5988,48.3405,41.1098,2.428337,-1.399754,74.595672,1
17.6400,961.143237,3.120959,2.270999,48.3915,47.1234,43.6030,2.889152,-1.483530,74.545298,1
17.6500,961.619660,-2.691254,2.738117,46.8378,47.2006,49.3727,-1.210517,-1.539380,74.547128,1
17.6600,962.081610,-2.222263,-3.028510,45.9339,46.4217,52.6851,-2.442149,-1.567306,74.598331,1
17.6700,962.540950,-1.760393,-2.515082,45.9734,46.4275,49.2446,-1.966217,-1.570796,74.645551,2
17.6800,963.005160,-1.288293,-2.059432,47.0616,47.6347,42.7533,-1.498604,-1.570796,74.621722,2
17.6900,963.485258,-0.814648,-1.647453,48.5126,47.0742,40.9920,-1.041776,-1.570796,74.559578,2
17.7000,963.965645,-0.342124,-1.215858,47.3510,47.5578,45.6473,-0.580415,-1.570796,74.523195,2
17.7100,964.432596,0.130744,-0.724571,46.4006,46.6105,51.6176,-0.102523,-1.570796,74.548523,2
17.7200,964.894128,0.588281,-0.198401,45.8086,45.5723,52.3297,0.373731,-1.570796,74.617833,2
17.7300,965.349285,1.054535,0.297303,45.6965,47.4939,46.7156,0.848017,-1.570796,74.639435,2
17.7400,965.819910,1.528099,0.731262,48.2819,46.8314,41.3169,1.310780,-1.570796,74.595764,2
17.7500,966.305992,1.995018,1.144005,48.1843,47.1592,42.3749,1.762923,-1.570796,74.542710,2
17.7600,966.777594,2.474334,1.601336,46.6473,47.9333,48.8240,2.236244,-1.570796,74.526996,2
17.7700,967.244886,2.938299,2.119094,46.6875,45.1772,53.3287,2.714880,-1.570796,74.587366,2
17.7800,967.702792,-2.887965,2.643660,45.0104,46.9308,50.6101,-1.379340,-1.570796,74.649381,2
17.7900,968.158888,-2.409320,3.111714,46.8870,47.7067,43.6309,-0.903583,-1.570796,74.631591,2
17.8000,968.644181,-1.943526,-2.760112,49.1324,46.1417,40.1570,-2.166231,-1.570796,74.575612,2
17.8100,969.123555,-1.468606,-2.341251,46.7941,48.7282,44.3192,-1.706600,-1.570796,74.521772,2
17.8200,969.589963,-0.988436,-1.858687,46.9822,46.4324,51.1836,-1.225777,-1.570796,74.533665,2
17.8300,970.057770,-0.539326,-1.331425,45.9270,44.8952,52.8680,-0.755353,-1.570796,74.613504,2
17.8400,970.505131,-0.069086,-0.827221,44.6359,48.3721,47.6994,-0.275850,-1.570796,74.638691,2
17.8500,970.972614,0.404914,-0.387530,48.6396,46.0288,41.2767,0.188793,-1.570796,74.600876,2
17.8600,971.462221,0.863688,0.016077,48.1183,46.9720,40.8910,0.632521,-1.570796,74.544504,2
17.8700,971.929399,1.350435,0.458177,46.3379,48.8419,47.5415,1.107092,-1.567306,74.505777,3
17.8800,972.400865,1.812980,0.969337,47.5077,44.1655,53.2704,1.582896,-1.539380,74.564141,3
17.8900,972.860339,2.262072,1.501803,44.3106,46.9271,52.0227,2.054726,-1.483530,74.641983,3
17.9000,973.306546,2.745636,1.987221,46.2710,47.9131,45.3686,2.538796,-1.399754,74.637139,3
17.9100,973.798028,-3.090359,2.419188,50.3975,42.5862,42.8170,-1.587755,-1.288053,74.625195,3
17.9200,974.277040,-2.648863,2.878121,45.1978,46.3791,49.5628,-1.141504,-1.148427,74.645962,3
17.9300,974.721271,-2.197812,-2.848497,44.9900,41.7407,60.4632,-2.375271,-0.980875,74.768139,3
17.9400,975.167100,-1.812029,-2.220202,42.5653,39.3662,62.0173,-1.923349,-0.785398,75.010602,3
17.9500,975.574717,-1.366334,-1.665996,42.0770,45.7917,50.2271,-1.448060,-0.589921,75.102981,3
17.9600,976.044522,-0.965353,-1.197193,49.3644,36.4086,44.7319,-1.028582,-0.422370,75.174006,3
17.9700,976.499830,-0.548797,-0.776682,42.2360,46.8787,41.4542,-0.610947,-0.282743,75.165438,3
17.9800,976.934889,-0.119448,-0.289295,45.0369,37.3877,55.7669,-0.165770,-0.171042,75.248571,3
17.9900,977.351579,0.283243,0.275824,38.2016,46.6750,53.0657,0.281219,-0.087266,75.394985,3
18.0000,977.767008,0.739431,0.768604,46.5310,39.9330,47.6555,0.747387,-0.031416,75.435941,3
18.0100,978.238254,1.137702,1.187710,44.5902,45.3884,35.2296,1.151341,-0.003491,75.435160,3
18.0200,978.681258,1.613853,1.529724,46.5361,43.3184,38.7627,1.590909,0.000000,75.312990,4
18.0300,979.137615,2.012998,1.990516,41.6898,43.2105,48.8214,2.006867,0.000000,75.379556,4
18.0400,979.531004,2.491906,2.482956,41.3995,45.7862,51.0663,2.489465,0.000000,75.396815,4
18.0500,979.980892,2.894137,2.988212,44.9445,41.1708,45.8269,2.919794,0.000000,75.493476,4
18.0600,980.417605,-2.915251,-2.922950,45.3151,47.6277,33.8925,-2.917351,0.000000,75.378697,4
18.0700,980.898067,-2.505394,-2.540386,46.8827,39.6777,41.4446,-2.514938,0.000000,75.364037,4
18.0800,981.314806,-2.041479,-2.107668,39.9192,48.6609,46.5280,-2.059530,0.000000,75.332217,4
18.0900,981.743592,-1.621560,-1.580514,43.8956,38.8117,54.5826,-1.610365,0.000000,75.453451,4
18.1000,982.160725,-1.169786,-1.111189,41.7572,49.0416,40.3175,-1.153805,0.000000,75.447701,4
18.1100,982.627704,-0.738641,-0.725023,49.2496,38.5001,38.4101,-0.734927,0.000000,75.411344,4
18.1200,983.079840,-0.300705,-0.357984,41.8710,48.8848,36.7145,-0.316326,0.000000,75.329545,4
18.1300,983.512319,0.143552,0.090137,44.6635,38.9393,52.1351,0.128984,0.000000,75.359449,4
18.1400,983.927130,0.567453,0.612800,38.7450,48.1222,48.8656,0.579820,0.000000,75.442615,4
18.1500,984.352253,1.026049,1.070874,47.1214,40.2169,44.5597,1.038274,0.000000,75.447978,4
18.1600,984.820820,1.437454,1.465902,44.2248,46.5520,34.1343,1.445212,0.000000,75.412172,4
18.1700,985.264746,1.907785,1.821204,46.4550,42.1982,41.3002,1.884172,0.000000,75.313940,4
18.1800,985.711721,2.311789,2.298981,40.6623,44.4960,49.6383,2.308296,0.000000,75.388799,4
18.1900,986.108264,2.788131,2.794782,42.4881,44.4843,50.7951,2.789945,0.000000,75.413085,4
18.2000,986.562472,-3.092015,-3.001999,44.8795,42.4068,43.0515,-3.067465,0.000000,75.485477,4
18.2100,987.003003,-2.617409,-2.643146,45.9453,46.4417,34.3255,-2.624428,0.000000,75.362663,4
18.2200,987.479083,-2.210236,-2.248006,45.5919,40.6752,42.8125,-2.220537,0.000000,75.361530,4
18.2300,987.889112,-1.743177,-1.798987,40.0969,47.7618,48.2694,-1.758398,0.000000,75.345278,4
18.2400,988.319785,-1.328024,-1.270431,43.7906,39.5034,52.9617,-1.312317,0.000000,75.467168,4
18.2500,988.740815,-0.871677,-0.822908,42.7434,48.4400,38.6088,-0.858376,0.000000,75.437221,4
18.2600,989.212279,-0.446554,-0.444428,48.7627,38.8756,38.1484,-0.445974,0.000000,75.399055,4
18.2700,989.657064,-0.002523,-0.068794,41.5269,48.6273,38.7852,-0.020597,0.000000,75.323384,4
18.2800,990.087603,0.434699,0.400479,44.1653,38.9505,53.2688,0.425367,0.000000,75.379057,4
18.2900,990.499802,0.866178,0.917344,39.2922,48.3294,47.5270,0.880132,0.000000,75.447214,4
18.3000,990.935315,1.317079,1.361433,47.7614,39.7707,42.9334,1.329176,0.000000,75.445922,4
18.3100,991.401666,1.736287,1.742917,43.8983,47.2847,33.8623,1.738095,0.000000,75.390105,4
18.3200,991.845596,2.199785,2.115569,46.1902,41.3022,43.8073,2.176817,0.000000,75.319332,4
18.3300,992.283489,2.609708,2.607327,39.9027,45.5914,50.0890,2.609059,0.000000,75.398679,4
18.3400,992.685200,3.081768,3.102318,43.5551,43.2967,50.0521,3.087373,0.000000,75.427012,4
18.3500,993.142705,-2.796034,-2.714994,44.7729,43.5634,40.5213,-2.773933,0.000000,75.473051,4
18.3600,993.586259,-2.322542,-2.363918,46.3581,45.2500,35.2661,-2.333826,0.000000,75.349397,4
18.3700,994.056199,-1.916514,-1.954262,44.3218,41.6718,44.1959,-1.926809,0.000000,75.361883,4
18.3800,994.461204,-1.447937,-1.491028,40.4163,46.8042,49.5466,-1.459689,0.000000,75.360149,4
18.3900,994.894340,-1.036217,-0.966424,43.7703,40.2407,50.9943,-1.017182,0.000000,75.476305,4
18.4000,995.319676,-0.576649,-0.539893,43.6238,47.7698,37.2176,-0.566625,0.000000,75.424903,4
18.4100,995.793456,-0.156256,-0.165287,48.1175,39.3544,38.3170,-0.158719,0.000000,75.387500,4
18.4200,996.231056,0.292575,0.222201,41.2362,48.2486,40.9212,0.273382,0.000000,75.322148,4
18.4300,996.659874,0.724027,0.709028,43.7490,39.1433,53.8442,0.719937,0.000000,75.398006,4
18.4400,997.071572,1.161929,1.216491,40.0122,48.3059,46.0292,1.176810,0.000000,75.449447,4
18.4500,997.516357,1.605984,1.646430,48.1541,39.5787,41.4500,1.617014,0.000000,75.440402,4
18.4600,997.979545,2.032457,2.019136,43.5869,47.7136,34.2278,2.028824,0.000000,75.370811,4
18.4700,998.422495,2.489028,2.411283,45.7757,40.6757,46.1034,2.467825,0.000000,75.328274,4
18.4800,998.852338,2.905247,2.913314,39.4536,46.4168,50.1754,2.907447,0.000000,75.408528,4
18.4900,999.260564,-2.911308,-2.879501,44.5134,42.3144,48.9282,-2.902633,0.000000,75.437698,4
18.5000,999.720227,-2.502439,-2.434147,44.6435,44.5502,38.4052,-2.483814,0.000000,75.457567,4
18.5100,1000.165845,-2.031711,-2.085418,46.5373,44.1570,36.5766,-2.046359,0.000000,75.339567,4
18.5200,1000.628512,-1.625382,-1.660622,43.1610,42.5891,45.4946,-1.634993,0.000000,75.364756,4
18.5300,1001.030355,-1.156837,-1.186065,40.8388,45.8658,50.3181,-1.164808,0.000000,75.375539,4
18.5400,1001.466301,-0.747192,-0.669834,43.8211,40.9615,48.8633,-0.726094,0.000000,75.480813,4
18.5500,1001.895936,-0.285708,-0.262171,44.3537,47.0856,36.2065,-0.279289,0.000000,75.411720,4
18.5600,1002.370042,0.131269,0.112306,47.3800,39.8782,38.8589,0.126097,0.000000,75.377557,4
18.5700,1002.800981,0.583594,0.513582,41.0057,47.8060,42.9571,0.564499,0.000000,75.325198,4
18.5800,1003.228498,1.010648,1.013643,43.4479,39.4592,53.8947,1.011464,0.000000,75.415174,4
18.5900,1003.641507,1.453564,1.509110,40.8123,48.1127,44.4754,1.468713,0.000000,75.449350,4
18.6000,1004.093942,1.892004,1.925717,48.3161,39.5969,40.2141,1.901199,0.000000,75.432196,4
18.6100,1004.553364,2.324618,2.294561,43.2904,47.8665,35.1129,2.316421,0.000000,75.355429,4
18.6200,1004.994433,2.774836,2.706546,45.2697,40.3114,48.0592,2.756211,0.000000,75.339571,4
18.6300,1005.417815,-3.086200,-3.068231,39.3040,46.9437,49.9314,-3.081299,0.000000,75.417813,4
18.6400,1005.833094,-2.625401,-2.585613,45.3071,41.5822,47.5499,-2.614549,0.000000,75.444637,4
18.6500,1006.293867,-2.212527,-2.159214,44.5064,45.3049,36.8069,-2.197987,0.000000,75.440686,4
18.6600,1006.740464,-1.745651,-1.808089,46.4962,43.2428,38.0936,-1.762679,0.000000,75.333246,4
18.6700,1007.195451,-1.337950,-1.368654,42.1753,43.3625,46.6361,-1.346324,0.000000,75.369669,4
18.6800,1007.595884,-0.870668,-0.886097,41.3154,45.0198,50.5983,-0.874876,0.000000,75.390218,4
18.6900,1008.034777,-0.461921,-0.381367,43.9264,41.6107,46.7412,-0.439952,0.000000,75.481164,4
18.7000,1008.468342,0.000361,0.010438,44.9069,46.4400,35.5861,0.003109,0.000000,75.398587,4
18.7100,1008.941137,0.415109,0.388072,46.6155,40.3898,39.6864,0.407735,0.000000,75.369808,4
18.7200,1009.366181,0.869743,0.803747,40.8351,47.3544,44.7626,0.851744,0.000000,75.331556,4
18.7300,1009.792953,1.293700,1.312536,43.2789,39.8287,53.5056,1.298837,0.000000,75.429807,4
18.7400,1010.208604,1.740183,1.794519,41.6039,47.8237,42.9561,1.755002,0.000000,75.447147,4
18.7500,1010.666830,2.174384,2.199405,48.2897,39.7542,39.2960,2.181208,0.000000,75.422314,4
18.7600,1011.122194,2.611666,2.568855,42.9989,47.8108,36.3490,2.599990,0.000000,75.344451,4
18.7700,1011.560676,3.056573,2.999461,44.7387,40.1628,49.6052,3.040997,0.000000,75.351986,4
18.7800,1011.979461,-2.799508,-2.772583,39.3994,47.1939,49.4140,-2.792165,0.000000,75.426140,4
18.7900,1012.401576,-2.344237,-2.299967,45.9142,41.0990,46.0558,-2.332163,0.000000,75.447785,4
18.8000,1012.862622,-1.927493,-1.889780,44.3692,45.8044,35.7545,-1.917208,0.000000,75.424009,4
18.8100,1013.309079,-1.464884,-1.532674,46.2730,42.5487,39.6630,-1.483372,0.000000,75.330060,4
18.8200,1013.756662,-1.055247,-1.079925,41.4014,43.9522,47.5779,-1.061977,0.000000,75.376064,4
18.8300,1014.157121,-0.590015,-0.592732,41.7984,44.3197,50.4489,-0.590756,0.000000,75.403209,4
18.8400,1014.598930,-0.181290,-0.101241,44.0691,42.1483,44.7685,-0.159458,0.000000,75.478174,4
18.8500,1015.035790,0.280931,0.278143,45.2759,45.8768,35.3233,0.280171,0.000000,75.386262,4
18.8600,1015.506077,0.694432,0.661490,45.8797,40.8424,40.6992,0.685448,0.000000,75.364494,4
18.8700,1015.926128,1.150377,1.091044,40.7181,46.9393,46.2519,1.134195,0.000000,75.340108,4
18.8800,1016.352751,1.572357,1.604327,43.2399,40.1882,52.7911,1.581076,0.000000,75.441534,4
18.8900,1016.771834,2.021074,2.072389,42.3165,47.5061,41.5429,2.035069,0.000000,75.443223,4
18.9000,1017.233986,2.452350,2.467676,48.1282,39.9748,38.7218,2.456529,0.000000,75.411806,4
18.9100,1017.685252,2.892733,2.841319,42.7030,47.6263,37.7570,2.878711,0.000000,75.337775,4
18.9200,1018.120699,-2.949590,-2.994987,44.2424,40.1639,50.7271,-2.961971,0.000000,75.364421,4
18.9300,1018.536746,-2.518883,-2.484199,39.6621,47.2232,48.6946,-2.509423,0.000000,75.433252,4
18.9400,1018.964903,-2.068312,-2.022873,46.3401,40.8310,44.5735,-2.055920,0.000000,75.447510,4
18.9500,1019.425640,-1.648367,-1.625483,44.2333,46.0621,35.2094,-1.642126,0.000000,75.408819,4
18.9600,1019.870913,-1.189829,-1.260145,45.9194,42.0795,41.1601,-1.209006,0.000000,75.329367,4
18.9700,1020.311900,-0.778184,-0.795903,40.8476,44.3443,48.3057,-0.783017,0.000000,75.383369,4
18.9800,1020.713402,-0.315332,-0.307145,42.2478,43.7949,49.9608,-0.313099,0.000000,75.413887,4
18.9900,1021.157976,0.093915,0.170641,44.2354,42.5498,43.0440,0.114840,0.000000,75.472819,4
19.0000,1021.597344,0.555486,0.541061,45.4689,45.4272,35.3532,0.551552,0.000000,75.375288,4
19.0100,1022.064368,0.968491,0.931815,45.2157,41.2030,41.8004,0.958488,0.000000,75.361542,4
19.0200,1022.480375,1.424944,1.373892,40.6433,46.5931,47.3847,1.411020,0.000000,75.349780,4
19.0300,1022.907385,1.845844,1.888033,43.3140,40.4900,51.8733,1.857350,0.000000,75.450308,4
19.0400,1023.330193,2.295650,2.342639,42.9039,47.2102,40.2868,2.308466,0.000000,75.438088,4
19.0500,1023.794567,2.725139,2.730644,47.8843,40.1948,38.4737,2.726640,0.000000,75.401574,4
19.0600,1024.241891,-3.116042,3.110970,42.3987,47.3832,39.1796,-1.417766,0.000000,75.334876,4
19.0700,1024.674117,-2.677939,-2.712069,43.8222,40.2494,51.4534,-2.687247,0.000000,75.376007,4
19.0800,1025.089065,-2.245114,-2.203972,40.0133,47.0984,47.8517,-2.233893,0.000000,75.439046,4
19.0900,1025.522111,-1.798119,-1.754325,46.6069,40.7301,43.2023,-1.786175,0.000000,75.444468,4
19.1000,1025.982201,-1.375976,-1.366143,44.0987,46.1144,35.0866,-1.373294,0.000000,75.395963,4
19.1100,1026.425416,-0.920872,-0.991588,45.4881,41.8164,42.4965,-0.940158,0.000000,75.330428,4
19.1200,1026.860950,-0.507532,-0.517886,40.5006,44.5437,48.8306,-0.510356,0.000000,75.391050,4
19.1300,1027.264078,-0.047008,-0.030105,42.6334,43.4538,49.2357,-0.042398,0.000000,75.421993,4
19.1400,1027.711184,0.363010,0.434536,44.4158,42.8032,41.6253,0.382517,0.000000,75.466081,4
19.1500,1028.152235,0.823571,0.799152,45.5043,45.1101,35.5929,0.816912,0.000000,75.365980,4
19.1600,1028.615641,1.236625,1.198144,44.6532,41.4510,42.9073,1.226130,0.000000,75.360635,4
19.1700,1029.028526,1.692944,1.650882,40.5950,46.3355,48.1606,1.681472,0.000000,75.359665,4
19.1800,1029.456311,2.113465,2.163017,43.4756,40.7052,50.8653,2.126979,0.000000,75.456316,4
19.1900,1029.882753,2.563398,2.605334,43.3433,46.9654,39.2166,2.574835,0.000000,75.432320,4
19.2000,1030.347893,2.992039,2.988265,47.6029,40.3727,38.4984,2.991010,0.000000,75.392253,4
19.2100,1030.791600,-2.848835,-2.906514,42.0896,47.1296,40.4993,-2.864566,0.000000,75.335014,4
19.2200,1031.220617,-2.412299,-2.436347,43.4972,40.3693,51.8393,-2.418858,0.000000,75.386124,4
19.2300,1031.635767,-1.978799,-1.932462,40.3884,46.8771,46.9633,-1.966161,0.000000,75.443577,4
19.2400,1032.072388,-1.534154,-1.494138,46.7418,40.7517,42.0035,-1.523241,0.000000,75.439440,4
19.2500,1032.531711,-1.110954,-1.111814,43.9690,46.0035,35.2810,-1.111189,0.000000,75.385849,4
19.2600,1032.972213,-0.658399,-0.728107,45.0225,41.7321,43.6169,-0.677410,0.000000,75.332524,4
19.2700,1033.403581,-0.243909,-0.246965,40.3345,44.5658,49.1836,-0.244742,0.000000,75.398648,4
19.2800,1033.808539,0.214586,0.237966,42.9335,43.2918,48.3698,0.220962,0.000000,75.427586,4
19.2900,1034.257886,0.625421,0.690733,44.6067,42.9052,40.5332,0.643233,0.000000,75.458829,4
19.3000,1034.699855,1.084770,1.052212,45.4058,44.9331,35.9552,1.075890,0.000000,75.358463,4
19.3100,1035.159591,1.498271,1.459483,44.2100,41.5769,43.9570,1.487692,0.000000,75.361293,4
19.3200,1035.570212,1.953906,1.920836,40.5550,46.1745,48.6104,1.944887,0.000000,75.369095,4
19.3300,1035.998951,2.374620,2.428906,43.6962,40.8227,49.8613,2.389425,0.000000,75.459882,4
19.3400,1036.428703,2.823837,2.860596,43.6318,46.7821,38.3422,2.833862,0.000000,75.426517,4
19.3500,1036.893413,-3.030766,-3.042881,47.3173,40.4909,38.7207,-3.034070,0.000000,75.384167,4
19.3600,1037.333981,-2.589291,-2.645935,41.7855,46.8884,41.6438,-2.604740,0.000000,75.337405,4
19.3700,1037.759903,-2.153259,-2.168904,43.2645,40.4973,51.9509,-2.157526,0.000000,75.394371,4
19.3800,1038.176208,-1.720389,-1.669966,40.7453,46.5958,46.1028,-1.706637,0.000000,75.447038,4
19.3900,1038.615070,-1.276905,-1.242074,46.7692,40.8656,41.0000,-1.267406,0.000000,75.433192,4
19.4000,1039.073684,-0.853764,-0.862765,43.8551,45.7634,35.6899,-0.856219,0.000000,75.378533,4
19.4100,1039.511056,-0.402813,-0.470730,44.5508,41.8026,44.4917,-0.421336,0.000000,75.335032,4
19.4200,1039.939521,0.012210,0.015983,40.3199,44.4274,49.4089,0.013239,0.000000,75.405790,4
19.4300,1040.346225,0.469073,0.496901,43.1326,43.2981,47.4440,0.476663,0.000000,75.430966,4
19.4400,1040.797477,0.880679,0.939465,44.8096,42.8586,39.7602,0.896711,0.000000,75.451737,4
19.4500,1041.239736,1.338668,1.299899,45.1981,44.8940,36.3588,1.328095,0.000000,75.352734,4
19.4600,1041.695949,1.752954,1.714824,43.8934,41.5808,44.9064,1.742555,0.000000,75.362945,4
19.4700,1042.105086,2.207369,2.182824,40.5054,46.1067,48.7854,2.200675,0.000000,75.377668,4
19.4800,1042.534711,2.628806,2.685512,43.9488,40.8472,48.9307,2.644271,0.000000,75.461374,4
19.4900,1042.967360,3.076508,3.108541,43.7819,46.6536,37.6586,3.085244,0.000000,75.421251,4
19.5000,1043.430673,-2.777435,-2.796822,47.0484,40.5552,39.0565,-2.782722,0.000000,75.377349,4
19.5100,1043.868729,-2.337819,-2.391577,41.5013,46.6582,42.5827,-2.352480,0.000000,75.341347,4
19.5200,1044.291675,-1.901338,-1.910547,43.1035,40.6323,51.8517,-1.903850,0.000000,75.400525,4
19.5300,1044.709781,-1.470232,-1.416599,41.0654,46.2655,45.3355,-1.455605,0.000000,75.449722,4
19.5400,1045.149627,-1.026844,-0.997913,46.7045,41.0621,40.1815,-1.018954,0.000000,75.426395,4
19.5500,1045.607722,-0.604731,-0.619425,43.7755,45.4118,36.2279,-0.608738,0.000000,75.373816,4
19.5600,1046.041778,-0.154535,-0.220362,44.0846,42.0129,45.1090,-0.172488,0.000000,75.337476,4
19.5700,1046.468455,0.260485,0.270269,40.4306,44.1424,49.5570,0.263153,0.000000,75.412174,4
19.5800,1046.876644,0.716055,0.746699,43.2196,43.4591,46.5202,0.724412,0.000000,75.432600,4
19.5900,1047.329402,1.128423,1.180852,45.0293,42.6716,39.2786,1.142722,0.000000,75.445248,4
19.6000,1047.771532,1.584843,1.541786,44.9052,44.9816,36.7361,1.573100,0.000000,75.348729,4
19.6100,1048.224449,2.000291,1.963202,43.7013,41.4737,45.7281,1.990176,0.000000,75.364981,4
19.6200,1048.632820,2.452874,2.436155,40.4324,46.1166,48.7502,2.448315,0.000000,75.385233,4
19.6300,1049.063002,2.875615,2.932751,44.2073,40.7988,48.1166,2.891197,0.000000,75.461135,4
19.6400,1049.498176,-2.962218,-2.933952,43.8184,46.5568,37.1543,-2.954509,0.000000,75.417034,4
19.6500,1049.959299,-2.531589,-2.557252,46.8032,40.5920,39.4217,-2.538588,0.000000,75.371615,4
19.6600,1050.395606,-2.094781,-2.144413,41.2567,46.4154,43.3208,-2.108317,0.000000,75.346273,4
19.6700,1050.815627,-1.656993,-1.661838,42.9802,40.7970,51.5938,-1.658314,0.000000,75.404500,4
19.6800,1051.235941,-1.228589,-1.172379,41.3519,45.8735,44.7176,-1.213259,0.000000,75.451946,4
19.6900,1051.675645,-0.784425,-0.761499,46.5523,41.3504,39.5139,-0.778172,0.000000,75.419598,4
19.7000,1052.133490,-0.364066,-0.382323,43.7544,44.9502,36.8325,-0.369045,0.000000,75.371334,4
19.7100,1052.564264,0.085990,0.022258,43.6218,42.3568,45.4688,0.068609,0.000000,75.339560,4
19.7200,1052.990025,0.500692,0.515353,40.6456,43.7220,49.6760,0.504691,0.000000,75.417536,4
19.7300,1053.399384,0.955096,0.987459,43.1876,43.7580,45.6439,0.963922,0.000000,75.433063,4
19.7400,1053.853151,1.368395,1.414887,45.2707,42.3610,39.0467,1.381075,0.000000,75.439562,4
19.7500,1054.294991,1.822852,1.777415,44.5505,45.1723,37.0395,1.810460,0.000000,75.346399,4
19.7600,1054.744809,2.239984,2.203731,43.6221,41.2803,46.4028,2.230097,0.000000,75.366788,4
19.7700,1055.153113,2.689968,2.680339,40.3305,46.1732,48.5762,2.687342,0.000000,75.391847,4
19.7800,1055.583260,3.114716,-3.112605,44.4450,40.7145,47.4351,1.416356,0.000000,75.459434,4
19.7900,1056.020718,-2.726382,-2.700515,43.7766,46.4514,36.8192,-2.719327,0.000000,75.414296,4
19.8000,1056.478975,-2.293598,-2.324718,46.5742,40.6474,39.7371,-2.302085,0.000000,75.366662,4
19.8100,1056.914407,-1.860480,-1.905261,41.0778,46.1178,43.8890,-1.872693,0.000000,75.351752,4
19.8200,1057.331465,-1.420639,-1.423137,42.8517,41.0330,51.2121,-1.421320,0.000000,75.406337,4
19.8300,1057.754200,-0.995635,-0.937307,41.6242,45.3894,44.2956,-0.979728,0.000000,75.453972,4
19.8400,1058.192821,-0.550108,-0.532734,46.3073,41.7523,38.9514,-0.545370,0.000000,75.413262,4
19.8500,1058.650678,-0.131870,-0.152038,43.8184,44.3712,37.4618,-0.137370,0.000000,75.370603,4
19.8600,1059.078440,0.318282,0.256567,43.1521,42.8295,45.5800,0.301451,0.000000,75.341193,4
19.8700,1059.503833,0.732722,0.750795,40.9480,43.1811,49.8037,0.737651,0.000000,75.421594,4
19.8800,1059.914123,1.185725,1.219315,43.0361,44.1681,44.8509,1.194886,0.000000,75.432993,4
19.8900,1060.368245,1.600426,1.641438,45.5331,41.9578,39.0128,1.611611,0.000000,75.434648,4
19.9000,1060.809942,2.052240,2.006341,44.1614,45.4254,37.2454,2.039722,0.000000,75.345758,4
19.9100,1061.256728,2.471801,2.435635,43.6318,41.0456,46.9112,2.461938,0.000000,75.367780,4
19.9200,1061.665695,2.918223,2.915034,40.2081,46.2257,48.3393,2.917353,0.000000,75.397715,4
19.9300,1062.094975,-2.937360,-2.884213,44.6291,40.6517,46.8771,-2.922865,0.000000,75.456463,4
19.9400,1062.534641,-2.499520,-2.474416,43.7030,46.2789,36.6525,-2.492674,0.000000,75.413354,4
19.9500,1062.989445,-2.063805,-2.099729,46.3386,40.7840,39.9298,-2.073603,0.000000,75.362189,4
19.9600,1063.424927,-1.635127,-1.674808,40.9977,45.7091,44.3343,-1.645949,0.000000,75.357433,4
19.9700,1063.838937,-1.192700,-1.194633,42.6701,41.3920,50.7251,-1.193227,0.000000,75.406216,4
19.9800,1064.264105,-0.771435,-0.711434,41.9120,44.7768,44.1043,-0.755071,0.000000,75.455908,4
19.9900,1064.700964,-0.324389,-0.311560,45.9584,42.2897,38.4496,-0.320890,0.000000,75.407842,4
20.0000,1065.158968,0.091865,0.070834,43.9895,43.6712,38.0862,0.086129,0.000000,75.371031,4
20.0100,1065.584273,0.541822,0.482178,42.6667,43.4155,45.4620,0.525555,0.000000,75.342516,4
20.0200,1066.009458,0.956555,0.976211,41.3232,42.5486,49.9599,0.961915,0.001257,75.424022,1
20.0300,1066.421832,1.405035,1.444941,43.0257,44.0409,44.8569,1.415918,0.023597,75.439545,1
20.0400,1066.877238,1.812539,1.878390,45.7946,40.4759,41.4430,1.830498,0.073862,75.463829,1
20.0500,1067.317306,2.248505,2.280644,43.5098,44.1567,41.7175,2.257270,0.152053,75.429599,1
20.0600,1067.757903,2.653049,2.762787,43.3247,38.9686,52.8814,2.682978,0.258169,75.521985,1
20.0700,1068.166863,3.075550,-2.979113,40.2305,44.0874,54.2894,1.424278,0.392210,75.637239,1
20.0800,1068.599491,-2.799266,-2.436748,45.5791,38.1595,53.4079,-2.700397,0.554177,75.775527,1
20.0900,1069.052116,-2.398060,-1.937678,44.4330,42.7024,47.2224,-2.272501,0.744069,75.862406,1
20.1000,1069.499179,-1.970604,-1.462785,45.4275,41.2309,49.3707,-1.832107,0.944014,75.915277,1
20.1100,1069.949501,-1.564342,-0.933463,43.9359,41.7274,55.4332,-1.392284,1.117150,76.042683,1
20.1200,1070.380503,-1.123493,-0.367556,43.5095,45.0498,56.6185,-0.917328,1.262362,76.165657,1
20.1300,1070.841369,-0.687433,0.179854,47.9968,42.5117,52.6056,-0.450900,1.379648,76.274999,1
20.1400,1071.320472,-0.245651,0.672966,46.9509,46.6639,46.5584,0.004881,1.469009,76.315397,1
20.1500,1071.781198,0.245363,1.102921,46.3571,49.4037,40.3711,0.479243,1.530444,76.246777,1
20.1600,1072.261534,0.708601,1.500085,48.7179,44.0707,40.5649,0.924460,1.563955,76.186841,1
20.1700,1072.727900,1.158893,1.941537,44.3759,46.8786,47.5507,1.372342,1.570796,76.181840,2
20.1800,1073.162235,1.637959,2.449211,44.1704,47.1926,52.4931,1.859209,1.570796,76.215447,2
20.1900,1073.629064,2.083965,2.971255,48.0358,43.5703,50.9784,2.325953,1.570796,76.292211,2
20.2000,1074.101546,2.545028,-2.834585,46.2801,48.6748,44.7052,1.077861,1.570796,76.296683,2
20.2100,1074.567781,3.035967,-2.421730,47.7394,47.6816,39.2982,1.547504,1.570796,76.215804,2
20.2200,1075.051972,-2.795656,-2.020025,47.7586,44.3785,42.2197,-2.584121,1.570796,76.172207,2
20.2300,1075.503417,-2.333627,-1.554171,43.3081,47.7235,50.1355,-2.121048,1.570796,76.180599,2
20.2400,1075.942771,-1.863853,-1.028063,45.5727,45.2070,53.5723,-1.635910,1.570796,76.242800,2
20.2500,1076.415005,-1.423516,-0.507125,47.5880,44.6457,49.9478,-1.173591,1.570796,76.318785,2
20.2600,1076.882183,-0.949518,-0.047003,46.2765,49.1396,42.6296,-0.703377,1.570796,76.293439,2
20.2700,1077.355238,-0.469677,0.350438,48.3503,46.0412,38.5875,-0.246009,1.570796,76.211431,2
20.2800,1077.833033,-0.020604,0.756986,46.3115,45.2196,43.5515,0.191466,1.570796,76.174694,2
20.2900,1078.274590,0.446810,1.238516,43.1752,47.4513,51.4974,0.662730,1.570796,76.194602,2
20.3000,1078.720769,0.906853,1.770187,46.3336,44.4326,53.3415,1.142307,1.570796,76.270444,2
20.3100,1079.193550,1.353389,2.278928,47.2633,46.0703,48.0451,1.605809,1.570796,76.324478,2
20.3200,1079.661676,1.835554,2.716127,46.8890,49.0420,40.3288,2.075710,1.570796,76.269613,2
20.3300,1080.140487,2.308856,3.100652,48.4085,45.5956,38.4325,2.524800,1.570796,76.183516,2
20.3400,1080.610825,2.761528,-2.762625,45.2696,45.8872,45.8922,1.254941,1.570796,76.157984,2
20.3500,1081.048131,-3.053365,-2.256198,43.4554,46.9167,53.6451,-2.835956,1.570796,76.202692,2
20.3600,1081.500843,-2.599326,-1.714317,46.8933,44.2872,53.3078,-2.357960,1.570796,76.291811,2
20.3700,1081.975265,-2.146826,-1.216942,47.2757,46.8812,46.2213,-1.893221,1.569540,76.326169,3
20.3800,1082.445626,-1.663439,-0.798745,47.2609,48.4870,38.7827,-1.427613,1.547199,76.253042,3
20.3900,1082.924194,-1.197379,-0.416588,47.8549,45.1025,39.4186,-0.984436,1.496934,76.174160,3
20.4000,1083.385196,-0.746088,0.024149,44.3191,45.8528,48.4446,-0.536023,1.418743,76.171760,3
20.4100,1083.814904,-0.273127,0.540764,42.8732,48.1090,52.3196,-0.051157,1.312627,76.216031,3
20.4200,1084.266656,0.196582,1.027137,47.1938,45.8108,44.2127,0.423097,1.178586,76.226003,3
20.4300,1084.741329,0.666892,1.394108,46.6749,49.3109,30.2972,0.865224,1.016619,76.104419,3
20.4400,1085.198787,1.180554,1.640282,46.0287,50.8569,22.4423,1.305935,0.826728,75.830806,3
20.4500,1085.670016,1.635129,1.924979,46.3627,42.3182,35.4461,1.714179,0.626783,75.682590,3
20.4600,1086.083778,2.095514,2.344493,37.6164,50.1373,45.4418,2.163417,0.453646,75.642405,3
20.4700,1086.480557,2.575838,2.816050,43.6195,42.9026,47.7436,2.641351,0.308435,75.643965,3
20.4800,1086.931290,3.000443,-3.052410,44.1094,46.5155,33.4900,1.349665,0.191148,75.612276,3
20.4900,1087.379632,-2.794813,-2.779586,47.5792,45.2845,27.4713,-2.790660,0.101788,75.398560,3
20.5000,1087.854235,-2.387385,-2.433083,43.8178,42.4971,39.5340,-2.399848,0.040352,75.348902,3
20.5100,1088.247752,-1.914442,-1.982656,38.9697,46.4608,51.1317,-1.933046,0.006842,75.337650,3
20.5200,1088.664101,-1.510065,-1.426386,41.9830,39.6839,54.2810,-1.487243,0.000000,75.493731,4
20.5300,1089.077500,-1.054335,-0.984876,43.1540,47.2910,36.8163,-1.035391,0.000000,75.457241,4
20.5400,1089.554590,-0.640835,-0.638459,48.8805,38.5546,33.9400,-0.640187,0.000000,75.395128,4
20.5500,1089.997075,-0.197649,-0.295350,41.2498,47.9138,37.3256,-0.224295,0.000000,75.291920,4
20.5600,1090.419134,0.228799,0.182003,42.6132,38.1952,55.3572,0.216036,0.000000,75.369321,4
20.5700,1090.813125,0.657129,0.722346,37.7356,47.9544,49.6174,0.674916,0.000000,75.463647,4
20.5800,1091.240929,1.100622,1.172081,47.5641,38.9340,41.8682,1.120111,0.000000,75.472399,4
20.5900,1091.709588,1.512221,1.524351,44.2435,46.6978,29.8273,1.515529,0.000000,75.391974,4
20.6000,1092.153811,1.972533,1.860080,45.9622,40.9358,41.2195,1.941864,0.000000,75.289399,4
20.6100,1092.586289,2.371938,2.351168,38.8414,44.2788,51.9195,2.366273,0.000000,75.383554,4
20.6200,1092.968158,2.842021,2.869762,41.3833,43.7392,52.2849,2.849587,0.000000,75.436011,4
20.6300,1093.417506,-3.044335,-2.932222,45.0031,41.6206,41.0021,-3.013759,0.000000,75.506102,4
20.6400,1093.860749,-2.576646,-2.606381,45.9951,46.1968,30.3866,-2.584755,0.000000,75.354906,4
20.6500,1094.335367,-2.173201,-2.238796,45.4146,39.6540,41.7868,-2.191091,0.000000,75.334335,4
20.6600,1094.736489,-1.716797,-1.781059,38.2840,47.4994,49.9936,-1.734323,0.000000,75.338603,4
20.6700,1095.148951,-1.301195,-1.233538,42.7209,38.7470,54.9363,-1.282743,0.000000,75.480224,4
20.6800,1095.566492,-0.858947,-0.778792,42.3472,47.7057,37.4113,-0.837087,0.000000,75.467197,4
20.6900,1096.034716,-0.430703,-0.434104,49.1243,38.6709,34.2228,-0.431631,0.000000,75.390420,4
20.7000,1096.486228,-0.002307,-0.084590,41.4639,47.3384,37.0641,-0.024748,0.000000,75.306629,4
20.7100,1096.902523,0.438791,0.377872,42.5383,39.3496,54.1316,0.422177,0.000000,75.353771,4
20.7200,1097.305428,0.854398,0.923398,38.2431,46.4747,50.6611,0.873216,0.000000,75.469253,4
20.7300,1097.724430,1.309111,1.372734,46.5921,40.8144,41.5622,1.326463,0.000000,75.462980,4
20.7400,1098.198187,1.713237,1.735194,45.2128,44.6836,31.3092,1.719225,0.000000,75.404802,4
20.7500,1098.638750,2.178624,2.067355,45.0500,43.0721,39.6697,2.148278,0.000000,75.287049,4
20.7600,1099.076211,2.577274,2.553837,40.1877,42.2608,52.5470,2.570882,0.000000,75.383607,4
20.7700,1099.457950,3.045355,3.071418,40.2338,45.6546,51.2999,3.052463,0.000000,75.431268,4
20.7800,1099.905313,-2.835425,-2.729723,45.8782,40.0318,42.4540,-2.806597,0.000000,75.503182,4
20.7900,1100.349711,-2.375840,-2.394089,44.9873,47.4757,30.0287,-2.380817,0.000000,75.364073,4
20.8000,1100.820616,-1.962045,-2.032728,46.2849,38.7662,41.9027,-1.981322,0.000000,75.330923,4
20.8100,1101.228885,-1.517689,-1.574044,37.9359,47.9118,49.1428,-1.533059,0.000000,75.344445,4
20.8200,1101.635734,-1.089168,-1.036882,42.9919,38.7470,54.9393,-1.074908,0.000000,75.465812,4
20.8300,1102.058804,-0.660220,-0.570929,42.0973,47.2338,38.3086,-0.635868,0.000000,75.476867,4
20.8400,1102.518211,-0.219073,-0.227767,48.8451,39.5840,34.0821,-0.221444,0.000000,75.384828,4
20.8500,1102.977467,0.197637,0.127673,42.0630,46.1083,37.3535,0.178556,0.000000,75.319686,4
20.8600,1103.389157,0.648951,0.578996,42.0683,40.9495,52.7330,0.629872,0.000000,75.342342,4
20.8700,1103.798774,1.057112,1.126409,39.0640,44.7306,51.7197,1.076011,0.000000,75.472006,4
20.8800,1104.212182,1.517122,1.577101,45.5004,42.7125,41.0970,1.533480,0.000000,75.457198,4
20.8900,1104.687965,1.919702,1.945656,46.2007,42.8388,32.6896,1.926780,0.000000,75.411939,4
20.9000,1105.127696,2.384288,2.278250,44.1554,44.8449,38.4232,2.355369,0.000000,75.289069,4
20.9100,1105.566534,2.787277,2.758306,41.3242,40.7461,52.9538,2.779376,0.000000,75.380371,4
20.9200,1105.950957,-3.034406,-3.005990,39.3494,46.9263,50.5842,-3.026656,0.000000,75.431185,4
20.9300,1106.394073,-2.623047,-2.526341,46.4553,39.1418,43.3755,-2.596673,0.000000,75.496653,4
20.9400,1106.841757,-2.174128,-2.180489,44.3471,47.9691,30.0774,-2.175863,0.000000,75.374717,4
20.9500,1107.307059,-1.748757,-1.825495,46.6978,38.6517,41.6972,-1.769685,0.000000,75.325513,4
20.9600,1107.722935,-1.316679,-1.364677,37.9869,47.5630,48.7925,-1.329770,0.000000,75.352015,4
20.9700,1108.123892,-0.876367,-0.837399,42.8602,39.4428,54.4752,-0.865740,0.000000,75.452171,4
20.9800,1108.552426,-0.458565,-0.362719,42.2718,46.1746,39.3881,-0.432425,0.000000,75.484922,4
20.9900,1109.004200,-0.007848,-0.019921,48.2138,40.9457,33.6909,-0.011141,0.000000,75.380213,4
21.0000,1109.469193,0.401285,0.339929,42.8823,44.5794,37.9359,0.384552,0.000000,75.329916,4
21.0100,1109.878136,0.858017,0.783730,41.4039,42.6448,51.3334,0.837757,0.000000,75.335185,4
21.0200,1110.291935,1.263770,1.330056,39.9894,43.0452,52.6605,1.281848,0.000000,75.471594,4
21.0300,1110.702734,1.723958,1.783865,44.4467,44.3636,40.6677,1.740296,0.000000,75.454962,4
21.0400,1111.177824,2.129640,2.155315,47.0637,41.3740,33.8441,2.136642,0.000000,75.414502,4
21.0500,1111.619046,2.589149,2.491117,43.4119,46.1103,37.5136,2.562413,0.000000,75.294459,4
21.0600,1112.056586,2.999768,2.963488,42.1764,39.8139,53.0720,2.989873,0.000000,75.374682,4
21.0700,1112.445560,-2.831156,-2.798180,38.7742,47.5358,50.1821,-2.822163,0.000000,75.434128,4
21.0800,1112.883005,-2.409375,-2.322600,46.7012,38.9107,43.8385,-2.385709,0.000000,75.488153,4
21.0900,1113.335036,-1.971800,-1.966868,44.0692,47.7818,30.4721,-1.970455,0.000000,75.385795,4
21.1000,1113.794018,-1.535377,-1.617747,46.7112,39.1594,41.2075,-1.557841,0.000000,75.319561,4
21.1100,1114.217116,-1.114197,-1.154913,38.3677,46.6570,48.8092,-1.125301,0.000000,75.359558,4
21.1200,1114.612792,-0.664549,-0.636162,42.4184,40.5939,53.7136,-0.656807,0.000000,75.440315,4
21.1300,1115.045791,-0.254700,-0.155299,42.7327,44.7902,40.5508,-0.227591,0.000000,75.490622,4
21.1400,1115.491713,0.201658,0.188799,47.3814,42.4799,33.1946,0.198151,0.000000,75.377647,4
21.1500,1115.960171,0.607511,0.551102,43.7882,43.0170,38.6129,0.592127,0.000000,75.336905,4
21.1600,1116.368459,1.065157,0.990516,40.6969,44.1979,50.0423,1.044800,0.000000,75.331967,4
21.1700,1116.783988,1.472818,1.533256,40.8732,41.6247,53.4021,1.489301,0.000000,75.468148,4
21.1800,1117.194705,1.929125,1.991715,43.5305,45.6149,40.3977,1.946195,0.000000,75.455801,4
21.1900,1117.666864,2.341235,2.363795,47.7155,40.3945,34.7143,2.347388,0.000000,75.413673,4
21.2000,1118.111317,2.792860,2.704524,42.8955,46.8143,36.9386,2.768768,0.000000,75.302273,4
21.2100,1118.545753,-3.070318,-3.114753,42.7165,39.4659,52.8782,-3.082437,0.000000,75.367345,4
21.2200,1118.940340,-2.628415,-2.590139,38.5146,47.5285,50.0901,-2.617976,0.000000,75.438693,4
21.2300,1119.371397,-2.196210,-2.119089,46.6197,39.2506,43.9322,-2.175177,0.000000,75.478967,4
21.2400,1119.827977,-1.769263,-1.754311,44.1162,47.0480,31.1426,-1.765185,0.000000,75.396514,4
21.2500,1120.280812,-1.323530,-1.410117,46.4015,40.1249,40.4868,-1.347145,0.000000,75.314197,4
21.2600,1120.710156,-0.910815,-0.946315,38.9991,45.3880,49.0613,-0.920496,0.000000,75.365824,4
21.2700,1121.101772,-0.455049,-0.434241,41.7624,41.9870,52.7994,-0.449374,0.000000,75.430831,4
21.2800,1121.537648,-0.049475,0.050388,43.3536,43.2982,41.7190,-0.022240,0.000000,75.493588,4
21.2900,1121.979775,0.408493,0.397687,46.4730,43.9716,32.7117,0.405546,0.000000,75.377716,4
21.3000,1122.449407,0.815123,0.760387,44.6748,41.6199,39.2346,0.800195,0.000000,75.340663,4
21.3100,1122.859118,1.269772,1.197930,40.0620,45.4437,48.9322,1.250179,0.000000,75.332147,4
21.3200,1123.274192,1.682764,1.735090,41.6118,40.6025,53.8931,1.697035,0.000000,75.462000,4
21.3300,1123.686812,2.132235,2.199406,42.8171,46.3793,40.3645,2.150555,0.000000,75.459097,4
21.3400,1124.154318,2.552846,2.570731,48.1032,39.9441,35.2794,2.557724,0.000000,75.410577,4
21.3500,1124.603163,2.995092,2.917213,42.6476,46.9547,36.6761,2.973852,0.000000,75.311647,4
21.3600,1125.033473,-2.858244,-2.910881,42.9429,39.6609,52.3746,-2.872600,0.000000,75.359115,4
21.3700,1125.434040,-2.426543,-2.383428,38.5551,46.9832,50.2784,-2.414784,0.000000,75.443657,4
21.3800,1125.858608,-1.985075,-1.916410,46.2364,40.0512,43.7521,-1.966348,0.000000,75.470145,4
21.3900,1126.319224,-1.566968,-1.543764,44.4337,45.9117,32.0168,-1.560640,0.000000,75.406229,4
21.4000,1126.766788,-1.114546,-1.203202,45.8528,41.3846,39.5950,-1.138725,0.000000,75.310330,4
21.4100,1127.200973,-0.707164,-0.740147,39.7997,43.9378,49.4239,-0.716159,0.000000,75.369907,4
21.4200,1127.590180,-0.248910,-0.232662,40.9867,43.4318,51.8569,-0.244479,0.000000,75.424040,4
21.4300,1128.026981,0.156208,0.253542,44.0200,41.8860,42.8255,0.182753,0.000000,75.493664,4
21.4400,1128.467436,0.611954,0.606016,45.5953,45.2452,32.3430,0.610335,0.000000,75.380689,4
21.4500,1128.936082,1.022920,0.967163,45.4536,40.5440,39.6849,1.007713,0.000000,75.341456,4
21.4600,1129.349128,1.471430,1.404667,39.5904,46.2633,48.0530,1.453222,0.000000,75.335077,4
21.4700,1129.761944,1.892188,1.934778,42.1284,40.0643,54.1004,1.903803,0.000000,75.453608,4
21.4800,1130.177871,2.332988,2.405762,42.3504,46.6142,40.6141,2.352835,0.000000,75.464141,4
21.4900,1130.639536,2.762974,2.775787,48.1961,40.0247,35.5437,2.766468,0.000000,75.406290,4
21.5000,1131.093350,-3.087628,3.128057,42.6857,46.5651,36.6895,-1.392441,0.000000,75.321753,4
21.5100,1131.519249,-2.648651,-2.708796,42.8734,40.3272,51.5812,-2.665054,0.000000,75.350748,4
21.5200,1131.925530,-2.225873,-2.179418,38.8635,46.0026,50.6985,-2.213203,0.000000,75.447913,4
21.5300,1132.344080,-1.777292,-1.715147,45.5937,41.1846,43.3989,-1.760343,0.000000,75.462591,4
21.5400,1132.807591,-1.365369,-1.336065,44.9532,44.5273,33.0197,-1.357377,0.000000,75.414367,4
21.5500,1133.251335,-0.909527,-0.997547,45.1562,42.7707,38.6014,-0.933532,0.000000,75.308717,4
21.5600,1133.688637,-0.503905,-0.537434,40.6837,42.4862,49.7753,-0.513049,0.000000,75.371159,4
21.5700,1134.077378,-0.046935,-0.032402,40.1880,44.7477,50.9988,-0.042971,0.000000,75.420064,4
21.5800,1134.512963,0.361403,0.453489,44.6228,40.7248,43.8056,0.386518,0.000000,75.490867,4
21.5900,1134.953775,0.811557,0.813029,44.8452,46.1497,32.1784,0.811958,0.000000,75.386571,4
21.6000,1135.419535,1.229689,1.170966,46.0460,39.9134,39.8739,1.213674,0.000000,75.339770,4
21.6100,1135.837522,1.669860,1.609516,39.3561,46.5740,47.4369,1.653402,0.000000,75.340001,4
21.6200,1136.246763,2.099710,2.131675,42.3669,40.0548,54.0073,2.108428,0.000000,75.443570,4
21.6300,1136.666767,2.531186,2.609661,42.1557,46.3166,41.1651,2.552588,0.000000,75.470108,4
21.6400,1137.121989,2.970212,2.978660,47.9837,40.5986,35.5347,2.972516,0.000000,75.401898,4
21.6500,1137.580726,-2.889145,-2.947158,43.0042,45.7150,36.9267,-2.904967,0.000000,75.331738,4
21.6600,1138.002657,-2.442858,-2.509090,42.5463,41.3610,50.5372,-2.460922,0.000000,75.343045,4
21.6700,1138.413772,-2.026702,-1.979314,39.3886,44.7186,51.2817,-2.013778,0.000000,75.450413,4
21.6800,1138.827339,-1.574007,-1.515866,44.7535,42.4991,42.9822,-1.558150,0.000000,75.457098,4
21.6900,1139.292044,-1.164923,-1.131955,45.5891,43.0691,34.0681,-1.155932,0.000000,75.420418,4
21.7000,1139.733872,-0.709354,-0.793668,44.4136,44.1025,37.5902,-0.732349,0.000000,75.309972,4
21.7100,1140.172359,-0.301757,-0.338975,41.5559,41.2195,49.9929,-0.311907,0.000000,75.369194,4
21.7200,1140.562725,0.150323,0.165575,39.4696,45.7571,50.3295,0.154483,0.000000,75.418796,4
21.7300,1140.994957,0.565088,0.649690,45.0556,39.9715,44.5958,0.588162,0.000000,75.485427,4
21.7400,1141.437872,1.007044,1.017928,44.3109,46.5607,32.2950,1.010012,0.000000,75.395076,4
21.7500,1141.899260,1.434166,1.371492,46.3836,39.8146,39.7385,1.417073,0.000000,75.336339,4
21.7600,1142.323325,1.864960,1.811326,39.4141,46.3360,47.0929,1.850333,0.000000,75.346000,4
21.7700,1142.728304,2.303964,2.325270,42.2953,40.5707,53.6184,2.309774,0.000000,75.432664,4
21.7800,1143.152430,2.726744,2.810017,42.2348,45.5308,42.0064,2.749455,0.000000,75.476028,4
21.7900,1143.601275,-3.109955,-3.104090,47.4813,41.5815,35.3076,-3.108355,0.000000,75.398527,4
21.8000,1144.064206,-2.692796,-2.742992,43.5697,44.5185,37.3143,-2.706486,0.000000,75.340706,4
21.8100,1144.483345,-2.242051,-2.312250,42.0263,42.6178,49.3052,-2.261196,0.000000,75.336853,4
21.8200,1144.897828,-1.829322,-1.784165,40.0550,43.3013,51.9348,-1.817007,0.000000,75.450186,4
21.8300,1145.307965,-1.376165,-1.319147,43.8020,43.8107,42.6251,-1.360615,0.000000,75.454308,4
21.8400,1145.771708,-0.966159,-0.932053,46.2344,41.7374,35.0667,-0.956857,0.000000,75.424008,4
21.8500,1146.213807,-0.514646,-0.592092,43.7413,45.1829,36.6633,-0.535767,0.000000,75.314484,4
21.8600,1146.651520,-0.101571,-0.145322,42.3108,40.3268,49.9547,-0.113503,0.000000,75.363974,4
21.8700,1147.045533,0.342602,0.360278,38.9404,46.2949,49.9395,0.347423,0.000000,75.419812,4
21.8800,1147.472529,0.766103,0.841756,45.2191,39.7534,45.1425,0.786735,0.000000,75.477867,4
21.8900,1147.918770,1.198410,1.219845,44.0647,46.3980,32.7471,1.204256,0.000000,75.405558,4
21.9000,1148.374919,1.635007,1.568593,46.4186,40.2786,39.2514,1.616894,0.000000,75.332203,4
21.9100,1148.805536,2.056800,2.009000,39.7905,45.5692,46.9957,2.043763,0.000000,75.351958,4
21.9200,1149.206350,2.503592,2.515173,41.9154,41.5453,52.9687,2.506750,0.000000,75.421863,4
21.9300,1149.633825,2.919667,3.005779,42.5557,44.3616,43.0919,2.943152,0.000000,75.480777,4
21.9400,1150.077094,-2.912389,-2.906331,46.7386,42.8298,34.9532,-2.910737,0.000000,75.397330,4
21.9500,1150.542778,-2.498721,-2.543448,44.3131,43.1465,37.7514,-2.510919,0.000000,75.347775,4
21.9600,1150.960990,-2.047227,-2.118696,41.4116,43.9040,47.9770,-2.066719,0.000000,75.332991,4
21.9700,1151.376883,-1.634104,-1.594830,40.7574,41.9654,52.5360,-1.623393,0.000000,75.446439,4
21.9800,1151.785542,-1.184435,-1.125646,42.8531,44.9028,42.4632,-1.168402,0.000000,75.454578,4
21.9900,1152.245907,-0.769778,-0.736818,46.7605,40.7518,35.9122,-0.760789,0.000000,75.425041,4
22.0000,1152.690473,-0.325681,-0.393409,43.2651,45.8134,35.9326,-0.344152,0.000000,75.322281,4
22.0100,1153.125699,0.095588,0.043244,42.8402,39.9757,49.5530,0.081312,0.000000,75.355942,4
22.0200,1153.525013,0.529973,0.550647,38.7015,46.2381,49.8881,0.535612,0.000000,75.422249,4
22.0300,1153.945471,0.963118,1.029446,45.0368,40.1363,45.4205,0.981208,0.000000,75.469089,4
22.0400,1154.395453,1.385890,1.417833,44.1443,45.6558,33.5503,1.394602,0.000000,75.416968,4
22.0500,1154.846334,1.830811,1.762259,46.1406,41.2554,38.4334,1.812115,0.000000,75.328719,4
22.0600,1155.283128,2.245564,2.201507,40.4682,44.3743,47.0732,2.233548,0.000000,75.356592,4
22.0700,1155.680791,2.697302,2.701068,41.2761,42.8320,52.1332,2.698329,0.000000,75.412278,4
22.0800,1156.109985,3.109963,-3.087227,43.0419,42.9889,44.3332,1.419820,0.000000,75.483167,4
22.0900,1156.549203,-2.721324,-2.711523,45.8487,44.1318,34.6038,-2.718651,0.000000,75.399365,4
22.1000,1157.015545,-2.307166,-2.349164,45.1228,41.8317,38.1083,-2.318620,0.000000,75.352228,4
22.1100,1157.435230,-1.859085,-1.928857,40.8367,44.9787,46.6737,-1.878114,0.000000,75.332072,4
22.1200,1157.850311,-1.441636,-1.411926,41.3620,40.9595,52.9399,-1.433533,0.000000,75.438748,4
22.1300,1158.259573,-0.999096,-0.936178,42.0443,45.5468,42.6309,-0.981936,0.000000,75.457773,4
22.1400,1158.714229,-0.576774,-0.546500,47.0284,40.3177,36.5113,-0.568517,0.000000,75.423901,4
22.1500,1159.163056,-0.142325,-0.198342,43.1036,45.8334,35.4983,-0.157602,0.000000,75.332849,4
22.1600,1159.594718,0.288388,0.226728,43.0566,40.2653,48.7178,0.271571,0.000000,75.346158,4
22.1700,1160.000245,0.712831,0.735547,38.8209,45.5514,50.1786,0.719027,0.000000,75.424739,4
22.1800,1160.413795,1.154669,1.212640,44.4798,41.0850,45.4565,1.170479,0.000000,75.460376,4
22.1900,1160.866853,1.569877,1.610898,44.5307,44.4344,34.6643,1.581064,0.000000,75.427897,4
22.2000,1161.313446,2.020207,1.952569,45.5960,42.5897,37.3678,2.001760,0.000000,75.327463,4
22.2100,1161.755088,2.431434,2.387957,41.3726,42.9504,47.1967,2.419577,0.000000,75.358590,4
22.2200,1162.151552,2.883990,2.882635,40.4857,44.1934,51.2321,2.883621,0.000000,75.404979,4
22.2300,1162.580071,-2.985694,-2.903487,43.5648,41.6713,45.5969,-2.963274,0.000000,75.482136,4
22.2400,1163.017328,-2.537473,-2.520077,44.9512,45.2130,34.4305,-2.532729,0.000000,75.405356,4
22.2500,1163.481809,-2.118652,-2.160516,45.8458,40.8541,38.2371,-2.130070,0.000000,75.353783,4
22.2600,1163.905555,-1.677877,-1.743261,40.4641,45.5819,45.5317,-1.695709,0.000000,75.334245,4
22.2700,1164.317758,-1.252879,-1.235747,41.7213,40.5246,52.9992,-1.248207,0.000000,75.427329,4
22.2800,1164.729391,-0.819936,-0.751775,41.5136,45.5534,43.2317,-0.801347,0.000000,75.463034,4
22.2900,1165.176580,-0.388503,-0.361114,46.9188,40.5649,36.8137,-0.381033,0.000000,75.421632,4
22.3000,1165.630553,0.035965,-0.007759,43.3330,45.1829,35.4114,0.024040,0.000000,75.345016,4
22.3100,1166.058633,0.475278,0.405389,42.9275,41.1701,47.4475,0.456218,0.000000,75.336312,4
22.3200,1166.470187,0.891786,0.913827,39.2993,44.3348,50.7318,0.897798,0.000000,75.425486,4
22.3300,1166.877675,1.339289,1.391241,43.5931,42.4297,45.3481,1.353458,0.000000,75.453242,4
22.3400,1167.331927,1.750746,1.798077,45.1277,42.9624,35.9823,1.763654,0.000000,75.436780,4
22.3500,1167.776216,2.202038,2.139576,44.9019,44.0112,36.2093,2.185002,0.000000,75.329982,4
22.3600,1168.220511,2.614381,2.567713,42.3645,41.5959,47.1828,2.601653,0.000000,75.356921,4
22.3700,1168.618477,3.062947,3.059434,39.7143,45.3132,50.4238,3.061989,0.000000,75.400679,4
22.3800,1169.043496,-2.801428,-2.726813,43.9491,40.7233,46.7153,-2.781079,0.000000,75.477075,4
22.3900,1169.481032,-2.361024,-2.332664,44.2200,45.7755,34.6203,-2.353290,0.000000,75.415344,4
22.4000,1169.941184,-1.934165,-1.977530,46.3072,40.4857,38.0028,-1.945991,0.000000,75.352921,4
22.4100,1170.371198,-1.503280,-1.562623,40.4532,45.5007,44.6664,-1.519464,0.000000,75.338899,4
22.4200,1170.779219,-1.069256,-1.066229,41.7130,40.8144,52.6074,-1.068430,0.000000,75.413280,4
22.4300,1171.194095,-0.646252,-0.573701,41.3566,44.8517,44.2937,-0.626466,0.000000,75.468644,4
22.4400,1171.633188,-0.206623,-0.180501,46.3786,41.4712,36.8543,-0.199499,0.000000,75.419947,4
22.4500,1172.091799,0.210002,0.177383,43.9445,43.9670,35.6360,0.201106,0.000000,75.357032,4
22.4600,1172.517651,0.654688,0.579634,42.5122,42.4952,45.8333,0.634218,0.000000,75.328524,4
22.4700,1172.933776,1.067410,1.084465,40.0434,42.8519,51.3723,1.072061,0.000000,75.422582,4
22.4800,1173.337317,1.515773,1.565024,42.5133,43.8568,45.2681,1.529205,0.000000,75.449059,4
22.4900,1173.789799,1.928569,1.978576,45.7548,41.5906,37.3350,1.942207,0.000000,75.442293,4
22.5000,1174.234467,2.375629,2.323151,44.2449,45.1553,35.1770,2.361317,0.000000,75.337370,4
22.5100,1174.678747,2.793897,2.740542,43.2489,40.6704,46.8176,2.779346,0.000000,75.351275,4
22.5200,1175.081164,-3.049093,-3.052416,39.1759,45.8518,49.8727,-3.049999,-0.000140,75.399315,1
22.5300,1175.499318,-2.620184,-2.558815,43.8061,40.8499,47.0948,-2.603447,-0.016895,75.464538,1
22.5400,1175.936557,-2.181620,-2.164078,43.7173,46.6615,33.3244,-2.176836,-0.061575,75.401434,1
22.5500,1176.392348,-1.733760,-1.843755,46.6368,42.3050,33.3999,-1.763758,-0.134181,75.280074,1
22.5600,1176.832301,-1.292827,-1.481440,41.2283,47.0075,38.5788,-1.344267,-0.234712,75.201419,1
22.5700,1177.241386,-0.827587,-1.053733,41.8235,44.2753,45.7960,-0.889263,-0.363168,75.174320,1
22.5800,1177.662927,-0.385210,-0.616461,41.8572,46.4141,39.3505,-0.448279,-0.519550,75.157887,1
22.5900,1178.096304,0.095210,-0.285444,45.5706,47.3239,29.3925,-0.008605,-0.703856,74.999646,1
22.6000,1178.567267,0.554708,-0.003712,46.8256,46.4341,28.3222,0.402411,-0.906035,74.821511,1
22.6100,1179.015944,1.046477,0.314483,43.9507,50.4358,35.9848,0.846842,-1.084757,74.653055,1
22.6200,1179.466480,1.527718,0.731206,46.1555,45.5588,45.5628,1.310488,-1.235553,74.602792,1
22.6300,1179.923771,1.975426,1.205127,44.4884,45.9109,47.5848,1.765345,-1.358425,74.628769,1
22.6400,1180.361195,2.459610,1.659869,44.4963,49.2000,43.2828,2.241499,-1.453371,74.592385,1
22.6500,1180.836905,2.923986,2.071959,49.6088,44.0163,40.2070,2.691615,-1.520391,74.542682,1
22.6600,1181.320569,-2.910854,2.486691,46.0840,47.3092,43.4736,-1.438796,-1.559487,74.508695,1
22.6700,1181.767492,-2.421151,2.959773,45.0808,48.0422,50.3359,-0.953627,-1.570796,74.499456,2
22.6800,1182.234707,-1.978692,-2.804570,47.1860,42.1055,52.0474,-2.203931,-1.570796,74.582004,2
22.6900,1182.683663,-1.530610,-2.307093,43.0280,48.2028,47.1717,-1.742378,-1.570796,74.619507,2
22.7000,1183.127690,-1.043389,-1.867565,46.8590,47.0327,41.5282,-1.268164,-1.570796,74.568752,2
22.7100,1183.618453,-0.600542,-1.467564,49.2486,43.6006,39.8324,-0.837003,-1.570796,74.527279,2
22.7200,1184.081649,-0.130105,-1.044710,44.2708,49.7491,45.1596,-0.379543,-1.570796,74.479650,2
22.7300,1184.533656,0.349824,-0.554902,46.8132,44.8241,51.3812,0.103080,-1.570796,74.501164,2
22.7400,1185.004328,0.774119,-0.035221,45.6831,42.9323,51.4538,0.553390,-1.570796,74.596281,2
22.7500,1185.436688,1.246527,0.452945,42.8230,49.5542,46.3678,1.030096,-1.570796,74.600984,2
22.7600,1185.897830,1.717711,0.885392,49.0009,44.2216,40.8772,1.490715,-1.570796,74.562730,2
22.7700,1186.388997,2.154736,1.286772,47.3181,45.6961,40.7419,1.918018,-1.570796,74.524836,2
22.7800,1186.838071,2.646509,1.727197,44.5563,49.8009,47.3637,2.395788,-1.570796,74.477740,2
22.7900,1187.305333,3.102699,2.231764,48.0890,42.1122,52.0925,2.865172,-1.570796,74.537831,2
22.8000,1187.765593,-2.749623,2.749499,43.2641,46.4220,50.4714,-1.249862,-1.570796,74.616765,2
22.8100,1188.194352,-2.258937,-3.058150,44.6928,48.5309,44.9254,-2.476904,-1.570796,74.595413,2
22.8200,1188.676947,-1.810646,-2.642041,49.9858,42.6638,39.5367,-2.037390,-1.570796,74.563474,2
22.8300,1189.152983,-1.355841,-2.243426,44.9112,49.2037,41.3828,-1.597910,-1.570796,74.502779,2
22.8400,1189.600525,-0.858967,-1.790012,46.2025,47.3745,48.5270,-1.112888,-1.570796,74.469829,2
22.8500,1190.078548,-0.428331,-1.282551,47.5446,41.3114,51.8152,-0.661300,-1.570796,74.554216,2
22.8600,1190.518575,0.024893,-0.773161,41.7087,49.1450,49.4685,-0.192758,-1.570796,74.599638,2
22.8700,1190.956922,0.509276,-0.307348,46.9030,45.7841,43.7308,0.286561,-1.570657,74.579634,3
22.8800,1191.448301,0.940762,0.100132,48.9837,43.1865,39.3170,0.711500,-1.553902,74.553027,3
22.8900,1191.906708,1.418254,0.506720,44.0975,50.7305,43.0272,1.169654,-1.509221,74.479706,3
22.9000,1192.365469,1.899576,0.976569,47.9595,44.3221,49.7543,1.647847,-1.436615,74.482000,3
22.9100,1192.845675,2.315141,1.496377,46.3138,41.5961,53.5878,2.091842,-1.336084,74.591105,3
22.9200,1193.276102,2.764954,2.040858,41.8144,46.5242,54.7557,2.567473,-1.207628,74.682596,3
22.9300,1193.717428,-3.085965,2.579327,46.2981,39.8230,52.4387,-1.540885,-1.051247,74.793066,3
22.9400,1194.176923,-2.690299,3.077002,44.2220,41.7979,47.5440,-1.117399,-0.866940,74.886936,3
22.9500,1194.608786,-2.254166,-2.730671,43.8758,42.2337,49.4153,-2.384122,-0.664761,74.930582,3
22.9600,1195.057671,-1.875330,-2.195965,43.9666,36.4975,55.8725,-1.962776,-0.486039,75.096339,3
22.9700,1195.459363,-1.457031,-1.654409,38.7807,45.1923,52.2132,-1.510861,-0.335243,75.207905,3
22.9800,1195.884418,-1.049139,-1.139937,45.3908,36.6864,50.2558,-1.073902,-0.212372,75.320468,3
22.9900,1196.323918,-0.647930,-0.697008,42.0925,44.9631,39.0836,-0.661315,-0.117426,75.342056,3
23.0000,1196.761050,-0.215587,-0.298156,45.7164,38.8883,43.3476,-0.238106,-0.050405,75.321841,3
23.0100,1197.195759,0.180413,0.161936,40.0139,43.9720,46.1676,0.175374,-0.011310,75.380667,3
23.0200,1197.593490,0.633598,0.631289,42.0525,42.1734,48.7401,0.632968,0.000000,75.403971,4
23.0300,1198.029026,1.032707,1.103634,42.7566,42.2542,42.9405,1.052051,0.000000,75.467250,4
23.0400,1198.455015,1.489255,1.478821,44.4703,44.4355,36.1130,1.486409,0.000000,75.381070,4
23.0500,1198.914732,1.891684,1.869000,44.5982,40.4088,40.7048,1.885497,0.000000,75.374884,4
23.0600,1199.326005,2.343038,2.289439,40.3186,46.0817,44.7727,2.328420,0.000000,75.345216,4
23.0700,1199.749936,2.754935,2.783972,42.8446,39.3016,50.7945,2.762854,0.000000,75.437499,4
23.0800,1200.161330,-3.086807,-3.044904,41.2188,46.8604,40.8793,-3.075379,0.000000,75.433955,4
23.0900,1200.610865,-2.663006,-2.647982,46.9362,38.9482,39.3857,-2.658909,0.000000,75.413334,4
23.1000,1201.051876,-2.234831,-2.271631,41.6378,46.7069,37.1199,-2.244867,0.000000,75.352193,4
23.1100,1201.477835,-1.798307,-1.844835,43.7410,39.4621,48.1479,-1.810996,0.000000,75.361701,4
23.1200,1201.892386,-1.384412,-1.354502,39.1184,45.5699,47.0627,-1.376254,0.000000,75.428244,4
23.1300,1202.304183,-0.936155,-0.905655,44.4659,40.9073,44.1281,-0.927837,0.000000,75.432674,4
23.1400,1202.754933,-0.533786,-0.497082,43.4846,43.5226,36.7578,-0.523776,0.000000,75.426219,4
23.1500,1203.184263,-0.078926,-0.138928,44.2230,43.0388,38.6059,-0.095290,0.000000,75.336165,4
23.1600,1203.625454,0.319991,0.301397,41.8126,41.2494,46.4185,0.314920,0.000000,75.383662,4
23.1700,1204.020303,0.773439,0.765511,40.1584,45.1852,47.1807,0.771277,0.000000,75.393680,4
23.1800,1204.452675,1.178917,1.241329,44.0625,39.5805,45.4377,1.195938,0.000000,75.464515,4
23.1900,1204.879238,1.623271,1.632030,42.8347,46.4895,35.4873,1.625659,0.000000,75.396541,4
23.2000,1205.333337,2.041627,2.011233,46.0128,38.9764,40.7127,2.033338,0.000000,75.369670,4
23.2100,1205.756224,2.473518,2.431638,39.7819,46.6802,43.3435,2.462096,0.000000,75.353661,4
23.2200,1206.170620,2.905987,2.909474,43.1493,39.4021,50.7915,2.906938,0.000000,75.413383,4
23.2300,1206.590297,-2.957523,-2.900417,40.8109,45.9293,42.4655,-2.941949,0.000000,75.450329,4
23.2400,1207.024780,-2.513609,-2.505746,46.3205,40.5108,39.0291,-2.511464,0.000000,75.405412,4
23.2500,1207.477771,-2.104556,-2.121349,42.6834,44.4467,37.5138,-2.109136,0.000000,75.373634,4
23.2600,1207.896034,-1.653216,-1.714443,42.8057,42.1114,45.5465,-1.669914,0.000000,75.342665,4
23.2700,1208.320047,-1.250987,-1.223498,40.4737,42.4735,48.7817,-1.243490,0.000000,75.430235,4
23.2800,1208.722175,-0.797440,-0.770943,42.3788,43.9990,43.4330,-0.790213,0.000000,75.425090,4
23.2900,1209.173001,-0.395506,-0.353209,45.0376,40.4294,39.0250,-0.383971,0.000000,75.437252,4
23.3000,1209.602557,0.052804,0.006702,42.7376,45.6840,36.3499,0.040231,0.000000,75.344501,4
23.3100,1210.043374,0.463029,0.429711,43.5907,39.0989,46.4682,0.453942,0.000000,75.372095,4
23.3200,1210.445817,0.899678,0.896756,38.9033,46.5277,46.3594,0.898881,0.000000,75.395494,4
23.3300,1210.866454,1.324585,1.367925,44.4503,39.0082,46.7879,1.336405,0.000000,75.448738,4
23.3400,1211.300409,1.747205,1.780645,42.2833,46.1416,36.4049,1.756325,0.000000,75.420963,4
23.3500,1211.742858,2.186829,2.147714,46.0846,40.0524,39.4507,2.176161,0.000000,75.359859,4
23.3600,1212.180646,2.598204,2.568476,40.6670,44.8444,43.1383,2.590096,0.000000,75.366252,4
23.3700,1212.585278,3.047813,3.029290,42.1527,41.7310,49.3297,3.042761,0.000000,75.388766,4
23.3800,1213.012000,-2.830091,-2.766999,41.6442,43.1239,45.0642,-2.812884,0.000000,75.461015,4
23.3900,1213.434620,-2.377186,-2.366957,44.5525,43.4658,38.1267,-2.374396,0.000000,75.404249,4
23.4000,1213.893046,-1.973215,-1.980207,44.5102,41.3205,38.5304,-1.975122,0.000000,75.387319,4
23.4100,1214.311410,-1.523321,-1.584500,41.4178,44.9663,42.6483,-1.540006,0.000000,75.336771,4
23.4200,1214.736622,-1.115329,-1.104925,42.0565,39.8147,50.0130,-1.112492,0.000000,75.417777,4
23.4300,1215.139075,-0.673957,-0.640180,40.4877,45.9963,43.3680,-0.664745,0.000000,75.429468,4
23.4400,1215.579645,-0.256328,-0.220691,45.9117,39.0436,40.5821,-0.246608,0.000000,75.434584,4
23.4500,1216.017842,0.171850,0.150701,42.1494,46.1529,35.4432,0.166082,0.000000,75.366612,4
23.4600,1216.450798,0.603210,0.550752,44.2130,39.4440,45.0021,0.588904,0.000000,75.352567,4
23.4700,1216.867040,1.017752,1.021502,39.1080,45.2515,46.7564,1.018775,0.000000,75.402635,4
23.4800,1217.273229,1.462438,1.486405,43.3923,40.9528,46.7122,1.468975,0.000000,75.428613,4
23.4900,1217.714444,1.867796,1.919745,43.0593,43.5536,38.7715,1.881964,0.000000,75.443374,4
23.5000,1218.146795,2.319714,2.281892,44.8423,42.9460,37.3533,2.309399,0.000000,75.356678,4
23.5100,1218.594733,2.723118,2.696308,42.6093,41.7275,43.5439,2.715806,0.000000,75.372383,4
23.5200,1218.997033,-3.108754,-3.136796,40.4851,44.7182,47.2234,-3.116402,0.000000,75.374276,4
23.5300,1219.422926,-2.700746,-2.647635,42.9024,40.2794,47.5998,-2.686261,0.000000,75.456868,4
23.5400,1219.842586,-2.256751,-2.231217,42.6398,45.7739,37.8276,-2.249787,0.000000,75.416144,4
23.5500,1220.295696,-1.840386,-1.849190,45.9695,39.4449,39.0648,-1.842787,0.000000,75.388732,4
23.5600,1220.723890,-1.407905,-1.455388,40.7454,46.0074,40.6164,-1.420855,0.000000,75.346229,4
23.5700,1221.142111,-0.980916,-0.997042,42.7353,39.4414,49.6888,-0.985314,0.000000,75.392784,4
23.5800,1221.552977,-0.561269,-0.516857,39.8536,45.4280,44.6665,-0.549157,0.000000,75.440699,4
23.5900,1221.977353,-0.123058,-0.097049,45.2694,40.3434,40.9017,-0.115965,0.000000,75.425184,4
23.6000,1222.426161,0.285201,0.288483,42.9949,44.0381,36.2143,0.286096,0.000000,75.392616,4
23.6100,1222.851235,0.732287,0.669022,43.4416,42.0406,42.1877,0.715033,0.000000,75.337228,4
23.6200,1223.279069,1.134914,1.135513,40.6669,42.2041,47.8464,1.135077,0.000000,75.403217,4
23.6300,1223.676948,1.585205,1.599911,41.3542,44.0405,45.9028,1.589216,0.000000,75.415753,4
23.6400,1224.117276,1.990212,2.045275,44.4070,40.5205,41.5814,2.005229,0.000000,75.452442,4
23.6500,1224.547958,2.435916,2.415419,43.2425,45.5674,35.6409,2.430326,0.000000,75.368963,4
23.6600,1224.995651,2.849962,2.814041,44.4608,39.5534,43.3599,2.840165,0.000000,75.366092,4
23.6700,1225.406634,-2.997815,-3.022194,39.4041,46.1187,45.6805,-3.004464,0.000000,75.374041,4
23.6800,1225.822561,-2.571754,-2.541794,43.3595,39.5150,48.8390,-2.563583,0.000000,75.437111,4
23.6900,1226.247592,-2.148816,-2.101792,41.7738,45.6128,39.1297,-2.135991,0.000000,75.437669,4
23.7000,1226.687455,-1.712041,-1.725871,45.9864,40.2711,38.4013,-1.715813,0.000000,75.383389,4
23.7100,1227.129842,-1.300344,-1.330747,41.5831,44.3368,40.0545,-1.308636,0.000000,75.363151,4
23.7200,1227.539852,-0.856130,-0.895090,42.0014,41.6318,47.6140,-0.866755,0.000000,75.366873,4
23.7300,1227.959157,-0.451372,-0.406130,40.6972,42.6559,47.0018,-0.439033,0.000000,75.446005,4
23.7400,1228.370706,-0.004146,0.021034,43.3157,43.2876,40.5391,0.002721,0.000000,75.421402,4
23.7500,1228.822701,0.399680,0.415332,44.6776,40.9326,37.8570,0.403949,0.000000,75.409494,4
23.7600,1229.248120,0.844306,0.787878,42.1391,44.8521,39.1974,0.828917,0.000000,75.337908,4
23.7700,1229.678196,1.254457,1.237106,42.4558,39.7219,48.2902,1.249725,0.000000,75.389022,4
23.7800,1230.079419,1.691111,1.708750,39.6489,45.8305,45.6281,1.695922,0.000000,75.415772,4
23.7900,1230.507939,2.113185,2.156686,44.9734,39.4214,43.5076,2.125049,0.000000,75.445076,4
23.8000,1230.945699,2.538214,2.545834,42.5985,45.7557,35.6071,2.540292,0.000000,75.395316,4
23.8100,1231.384512,2.973279,2.924627,44.9958,40.1058,41.6790,2.960010,0.000000,75.352447,4
23.8200,1231.810754,-2.896097,-2.913457,39.9351,44.6742,45.3974,-2.900831,0.000000,75.381049,4
23.8300,1232.214277,-2.451464,-2.445348,42.3063,41.5099,48.3113,-2.449796,0.000000,75.412041,4
23.8400,1232.645146,-2.045012,-1.984620,42.3707,42.9892,41.9523,-2.028541,0.000000,75.455572,4
23.8500,1233.073018,-1.597368,-1.606260,44.5014,43.1134,36.9899,-1.599793,0.000000,75.384467,4
23.8600,1233.523850,-1.192674,-1.215094,43.5408,41.2537,40.3477,-1.198788,0.000000,75.374192,4
23.8700,1233.933906,-0.748395,-0.794503,40.5911,44.4888,44.8075,-0.760970,0.000000,75.354056,4
23.8800,1234.353273,-0.339202,-0.311096,42.0168,39.9785,48.9852,-0.331537,0.000000,75.434191,4
23.8900,1234.762686,0.097041,0.134042,41.3404,45.3225,40.8639,0.107132,0.000000,75.430663,4
23.9000,1235.205596,0.515549,0.529919,45.7375,39.4780,38.9846,0.519468,0.000000,75.411706,4
23.9100,1235.641291,0.941004,0.906417,41.7335,45.4143,37.5205,0.931572,0.000000,75.356147,4
23.9200,1236.064940,1.371535,1.329437,43.1003,39.9476,46.8965,1.360054,0.000000,75.364137,4
23.9300,1236.477879,1.786452,1.809077,39.5279,44.6870,46.6738,1.792622,0.000000,75.421785,4
23.9400,1236.890017,2.228189,2.257404,43.8568,41.2396,43.9463,2.236157,0.000000,75.430604,4
23.9500,1237.335377,2.635506,2.666992,43.4653,43.2348,37.4754,2.644093,0.000000,75.422405,4
23.9600,1237.765953,3.083244,3.033360,43.9919,42.9352,38.8523,3.069639,0.000000,75.346138,4
23.9700,1238.203497,-2.794736,-2.815066,41.8457,41.5407,45.7459,-2.800281,0.000000,75.381332,4
23.9800,1238.602864,-2.348371,-2.353713,40.3846,44.4889,46.8881,-2.349828,0.000000,75.396333,4
23.9900,1239.030607,-1.939053,-1.884313,43.4883,40.1635,44.9496,-1.924124,0.000000,75.456154,4
24.0000,1239.456112,-1.501123,-1.489055,42.7521,45.3325,36.3515,-1.497831,0.000000,75.401645,4
24.0100,1239.903002,-1.083157,-1.109652,45.1305,39.5473,40.0661,-1.090383,0.000000,75.372424,4
24.0200,1240.324761,-0.657180,-0.694831,40.0598,45.2736,42.8200,-0.667449,0.000000,75.358629,4
24.0300,1240.735323,-0.228537,-0.229527,42.3137,39.9073,49.1236,-0.228807,0.000000,75.406822,4
24.0400,1241.151369,0.186286,0.237478,40.7613,44.4443,42.8672,0.200247,0.000000,75.446458,4
24.0500,1241.578271,0.624354,0.635416,45.0246,41.0499,38.8910,0.627371,0.000000,75.407769,4
24.0600,1242.025856,1.031641,1.019231,42.9450,43.1120,37.6810,1.028257,0.000000,75.379617,4
24.0700,1242.443973,1.475644,1.419035,42.2556,42.6415,43.8280,1.460205,0.000000,75.344677,4
24.0800,1242.866212,1.881031,1.895617,40.9312,41.6263,48.3425,1.885009,0.000000,75.418274,4
24.0900,1243.269116,2.325832,2.351454,41.6336,44.2350,43.7529,2.332820,0.000000,75.423902,4
24.1000,1243.711892,2.735079,2.773362,44.8674,40.3375,39.9783,2.745520,0.000000,75.434782,4
24.1100,1244.143930,-3.109011,-3.140111,42.6789,45.3081,36.5206,-3.117493,0.000000,75.359378,4
24.1200,1244.581176,-2.691130,-2.727805,43.6094,39.6766,45.1273,-2.701132,0.000000,75.367282,4
24.1300,1244.989587,-2.262807,-2.266380,39.2854,45.4643,46.1236,-2.263781,0.000000,75.395350,4
24.1400,1245.403846,-1.833972,-1.800145,43.5051,39.9102,46.4792,-1.824747,0.000000,75.438426,4
24.1500,1245.835337,-1.417968,-1.378832,42.2864,44.5780,37.8138,-1.407295,0.000000,75.429422,4
24.1600,1246.270138,-0.979975,-1.010461,44.9871,40.9741,38.3927,-0.988289,0.000000,75.366416,4
24.1700,1246.707343,-0.572985,-0.600553,41.3395,43.0473,42.2919,-0.580504,0.000000,75.369397,4
24.1800,1247.110223,-0.130440,-0.154677,41.0936,42.5155,47.2732,-0.137050,0.000000,75.380096,4
24.1900,1247.530741,0.274234,0.324548,41.6715,41.4646,45.9062,0.287956,0.000000,75.451262,4
24.2000,1247.946992,0.715716,0.735779,42.9984,43.9661,38.5044,0.721188,0.000000,75.413376,4
24.2100,1248.396007,1.124505,1.120934,44.7978,40.2853,38.5405,1.123531,0.000000,75.392254,4
24.2200,1248.819380,1.560381,1.510317,41.2041,44.9485,40.7442,1.546728,0.000000,75.345203,4
24.2300,1249.240351,1.978059,1.967354,42.3004,39.8027,48.7909,1.975139,0.000000,75.396424,4
24.2400,1249.647207,2.405471,2.438298,40.0913,45.2343,44.5315,2.414424,0.000000,75.429812,4
24.2500,1250.075140,2.834018,2.864811,45.0183,40.0684,41.4498,2.842416,0.000000,75.430229,4
24.2600,1250.516911,-3.031815,-3.033093,42.6931,44.6323,36.3136,-3.032163,0.000000,75.388098,4
24.2700,1250.946225,-2.593600,-2.646319,43.7490,41.0485,42.5672,-2.607978,0.000000,75.348591,4
24.2800,1251.369394,-2.184890,-2.187995,40.1644,43.2523,46.5998,-2.185737,0.000000,75.397602,4
24.2900,1251.770395,-1.741324,-1.726344,41.8013,42.5205,46.2124,-1.737239,0.000000,75.417661,4
24.3000,1252.204590,-1.336403,-1.283750,43.2680,41.5269,40.9305,-1.322043,0.000000,75.448521,4
24.3100,1252.631763,-0.894507,-0.912274,43.4274,43.9548,36.3463,-0.899353,0.000000,75.373996,4
24.3200,1253.074929,-0.486464,-0.516242,43.4936,40.1603,42.0654,-0.494585,0.000000,75.370113,4
24.3300,1253.482616,-0.052291,-0.081283,39.7121,44.8180,45.0182,-0.060198,0.000000,75.370319,4
24.3400,1253.896712,0.364830,0.392786,42.4833,39.6903,47.9617,0.372454,0.000000,75.433846,4
24.3500,1254.314315,0.788742,0.829561,41.5181,44.8400,39.6368,0.799874,0.000000,75.433121,4
24.3600,1254.751403,1.216685,1.211783,45.3519,40.1490,38.4733,1.215348,0.000000,75.392069,4
24.3700,1255.189073,1.631464,1.600852,41.6641,44.1593,39.3530,1.623115,0.000000,75.362695,4
24.3800,1255.602860,2.068624,2.030524,42.1270,41.2759,46.8414,2.058233,0.000000,75.367016,4
24.3900,1256.019387,2.477610,2.511804,40.4725,43.0151,46.7279,2.486936,0.000000,75.434730,4
24.4000,1256.431388,2.920090,2.946203,43.2449,42.6821,41.6617,2.927212,0.000000,75.423847,4
24.4100,1256.878274,-2.956149,-2.936983,44.1588,41.6003,38.0072,-2.950922,0.000000,75.412583,4
24.4200,1257.305040,-2.514160,-2.563374,42.5836,44.0182,39.1353,-2.527582,0.000000,75.345718,4
24.4300,1257.734935,-2.104474,-2.122841,42.1200,40.3262,46.9183,-2.109483,0.000000,75.386060,4
24.4400,1258.135836,-1.669256,-1.658427,39.8054,44.8847,45.6746,-1.666303,0.000000,75.410133,4
24.4500,1258.559778,-1.251813,-1.208088,43.9821,39.6960,43.6335,-1.239888,0.000000,75.445059,4
24.4600,1258.990707,-0.828135,-0.815953,42.3781,44.8328,36.0929,-0.824813,0.000000,75.401373,4
24.4700,1259.426535,-0.400391,-0.440060,44.4473,40.0623,40.4295,-0.411210,0.000000,75.359904,4
24.4800,1259.850152,0.012009,-0.011120,40.0825,43.8790,44.0224,0.005701,0.000000,75.374970,4
24.4900,1260.252490,0.448560,0.447860,41.6443,41.3164,47.6244,0.448369,0.000000,75.404624,4
24.5000,1260.675344,0.854839,0.908630,41.8173,42.4785,42.7551,0.869510,0.000000,75.450609,4
24.5100,1261.098806,1.295086,1.297013,43.9022,42.8453,37.5082,1.295611,0.000000,75.395665,4
24.5200,1261.545545,1.701712,1.683612,43.6311,41.1772,39.4218,1.696776,0.000000,75.377809,4
24.5300,1261.960162,2.140356,2.093700,40.9181,44.1137,43.5902,2.127632,0.000000,75.352454,4
24.5400,1262.378444,2.552484,2.566935,41.8097,40.3084,48.5994,2.556425,0.000000,75.420202,4
24.5500,1262.786812,2.985352,3.020184,41.1048,44.8157,42.3036,2.994852,0.000000,75.430338,4
24.5600,1263.223949,-2.877582,-2.856358,45.1593,39.9744,39.6037,-2.871793,0.000000,75.418666,4
24.5700,1263.659891,-2.453924,-2.478223,42.1224,44.7591,37.2061,-2.460551,0.000000,75.366594,4
24.5800,1264.084879,-2.024659,-2.067469,42.9922,40.3255,45.1302,-2.036334,0.000000,75.361275,4
24.5900,1264.498113,-1.611281,-1.599211,39.6300,43.8724,46.3952,-1.607989,0.000000,75.412015,4
24.6000,1264.904998,-1.174335,-1.147724,42.7646,41.3953,44.4507,-1.167078,0.000000,75.428283,4
24.6100,1265.341740,-0.768513,-0.730636,43.0818,42.3318,38.4011,-0.758183,0.000000,75.430726,4
24.6200,1265.768957,-0.328819,-0.364578,43.4436,42.8678,37.5711,-0.338571,0.000000,75.358593,4
24.6300,1266.204269,0.076281,0.049836,42.1690,40.8020,43.8106,0.069069,0.000000,75.374385,4
24.6400,1266.605236,0.512422,0.498241,39.8631,44.1404,45.9250,0.508554,0.000000,75.386673,4
24.6500,1267.023277,0.924282,0.966125,42.7286,39.9525,45.8869,0.935694,0.000000,75.444953,4
24.6600,1267.444497,1.352323,1.378150,42.1660,44.6500,37.7270,1.359367,0.000000,75.416896,4
24.6700,1267.884745,1.774460,1.755952,44.9651,40.0033,38.9976,1.769412,0.000000,75.379067,4
24.6800,1268.313314,2.193687,2.158510,40.8547,44.3582,41.3983,2.184094,0.000000,75.360304,4
24.6900,1268.723943,2.625464,2.607875,41.9470,40.7719,47.9632,2.620667,0.000000,75.388608,4
24.7000,1269.139227,3.037728,3.081169,40.7146,43.4733,44.7430,3.049576,0.000000,75.441598,4
24.7100,1269.559015,-2.807453,-2.787616,43.9942,41.8953,39.9113,-2.802043,0.000000,75.416563,4
24.7200,1270.004538,-2.399670,-2.399093,43.4794,42.1761,37.7111,-2.399512,0.000000,75.393495,4
24.7300,1270.425917,-1.960230,-2.011936,42.1375,43.1277,41.4789,-1.974332,0.000000,75.346475,4
24.7400,1270.848265,-1.552842,-1.554979,41.2630,40.8057,47.4792,-1.553425,0.000000,75.402062,4
24.7500,1271.248585,-1.117479,-1.096013,40.4656,44.1680,44.4587,-1.111625,0.000000,75.420239,4
24.7600,1271.678081,-0.704985,-0.664905,44.1222,39.8675,41.2995,-0.694054,0.000000,75.438790,4
24.7700,1272.108200,-0.279036,-0.287026,42.3218,44.5303,35.9943,-0.281215,0.000000,75.381917,4
24.7800,1272.540500,0.143085,0.101627,43.6408,39.8820,42.2258,0.131778,0.000000,75.359901,4
24.7900,1272.955388,0.558274,0.545076,39.5847,43.9931,45.0777,0.554674,0.000000,75.385877,4
24.8000,1273.359379,0.990511,1.005420,42.0641,40.8912,46.7290,0.994577,0.000000,75.419369,4
24.8100,1273.785463,1.398546,1.446749,42.1575,42.8120,40.5235,1.411692,0.000000,75.442652,4
24.8200,1274.212687,1.836439,1.823346,44.0606,42.3389,37.3917,1.832868,0.000000,75.381193,4
24.8300,1274.654335,2.243266,2.218151,42.7588,41.5474,40.8512,2.236417,0.000000,75.371991,4
24.8400,1275.063140,2.681040,2.645695,40.6552,43.6168,45.1833,2.671400,0.000000,75.365694,4
24.8500,1275.480032,3.091720,3.121154,41.7786,40.5899,47.5356,3.099747,0.000000,75.433573,4
24.8600,1275.892385,-2.758688,-2.726452,41.7825,44.3509,40.4423,-2.749897,0.000000,75.426466,4
24.8700,1276.332199,-2.341570,-2.333624,44.8996,40.0830,38.7765,-2.339403,0.000000,75.404554,4
24.8800,1276.762896,-1.917384,-1.951499,41.5947,44.4088,38.6628,-1.926688,0.000000,75.358856,4
24.8900,1277.181944,-1.492462,-1.523867,42.2841,40.2125,46.3908,-1.501027,0.000000,75.373740,4
24.9000,1277.591146,-1.078147,-1.054381,39.7158,43.7366,45.6872,-1.071666,0.000000,75.423107,4
24.9100,1278.002492,-0.645648,-0.616929,43.1829,41.0722,42.5809,-0.637816,0.000000,75.428687,4
24.9200,1278.440111,-0.239160,-0.216487,43.0015,42.4115,37.3966,-0.232977,0.000000,75.414771,4
24.9300,1278.865204,0.197390,0.153319,43.0047,42.4557,38.8642,0.185370,0.000000,75.352025,4
24.9400,1279.293446,0.602370,0.582124,41.4669,40.9857,45.0754,0.596848,0.000000,75.381610,4
24.9500,1279.692353,1.037208,1.036533,40.0514,43.7854,45.7910,1.037024,0.000000,75.400184,4
24.9600,1280.113455,1.448076,1.492486,43.0531,40.1052,44.0524,1.460188,0.000000,75.445481,4
24.9700,1280.538008,1.875995,1.889259,42.4277,44.4042,36.8515,1.879613,0.000000,75.403931,4
24.9800,1280.976593,2.296595,2.268640,44.4196,40.0678,39.8952,2.288971,0.000000,75.370547,4
24.9900,1281.399066,2.715984,2.685232,40.3669,44.1660,42.9511,2.707597,0.000000,75.366463,4
25.0000,1281.806918,-3.137466,-3.140589,41.8171,40.7407,47.8358,-3.138318,0.000000,75.402696,4
25.0100,1282.223897,-2.725248,-2.678601,41.1464,43.2802,43.1138,-2.712526,0.000000,75.443402,4
25.0200,1282.647127,-2.290092,-2.279368,44.0559,41.7590,38.7066,-2.287168,0.000000,75.406445,0
25.0300,1283.089332,-1.881871,-1.894281,42.9022,42.2590,38.1006,-1.885255,-0.011310,75.380904,1
25.0400,1283.502842,-1.438379,-1.503755,41.2617,43.9773,41.1837,-1.456209,-0.050405,75.331283,1
25.0500,1283.920526,-1.019212,-1.067454,41.3261,42.0088,43.8042,-1.032369,-0.117426,75.350729,1
25.0600,1284.326015,-0.570271,-0.664912,41.1010,45.9464,37.3589,-0.596082,-0.212372,75.294844,1
25.0700,1284.760364,-0.133207,-0.312516,44.5877,42.5116,33.4732,-0.182109,-0.335243,75.209196,1
25.0800,1285.194275,0.316928,0.000537,42.3511,47.2543,30.5532,0.230639,-0.486039,75.065187,1
25.0900,1285.621769,0.783217,0.331688,43.3443,45.2743,35.7321,0.660072,-0.664761,74.937908,1
25.1000,1286.051750,1.235925,0.706450,42.2869,46.3940,37.9414,1.091523,-0.866940,74.859834,1
25.1100,1286.476225,1.711703,1.079242,43.4281,47.5157,36.6223,1.539214,-1.051247,74.754945,1
25.1200,1286.928812,2.173291,1.436789,46.2897,45.4259,35.2172,1.972427,-1.207628,74.651445,1
25.1300,1287.387251,2.638809,1.794862,45.1541,47.9479,37.0031,2.408642,-1.336084,74.543501,1
25.1400,1287.839187,3.122066,2.192727,45.7811,47.6314,42.2079,2.868610,-1.436615,74.464308,1
25.1500,1288.307568,-2.707857,2.644135,47.1758,43.6014,47.5470,-1.248223,-1.509221,74.471635,1
25.1600,1288.762318,-2.266612,-3.141173,43.6712,45.5209,51.0417,-2.505129,-1.553902,74.528925,1
25.1700,1289.193059,-1.802637,-2.635121,43.6753,46.0119,49.2816,-2.029678,-1.570657,74.568776,1
25.1800,1289.647407,-1.357553,-2.178019,46.5035,43.8111,42.5133,-1.581317,-1.570796,74.575716,2
25.1900,1290.109545,-0.905515,-1.779736,45.6528,46.8336,38.6807,-1.143939,-1.570796,74.515574,2
25.2000,1290.566882,-0.431461,-1.379874,46.2782,46.8086,41.8712,-0.690119,-1.570796,74.445761,2
25.2100,1291.035010,0.018205,-0.929202,46.6466,43.8503,47.7299,-0.240178,-1.570796,74.455300,2
25.2200,1291.484521,0.462930,-0.426742,43.4850,45.4539,51.6595,0.220292,-1.570796,74.514680,2
25.2300,1291.917016,0.919719,0.084603,43.8516,45.1648,49.6315,0.691960,-1.570796,74.567205,2
25.2400,1292.368893,1.363243,0.543060,45.9947,44.2377,42.5195,1.139557,-1.570796,74.575492,2
25.2500,1292.829307,1.818404,0.941016,45.9472,46.6791,38.6547,1.579117,-1.570796,74.512677,2
25.2600,1293.291734,2.286915,1.341308,46.6454,46.3142,42.0373,2.029022,-1.570796,74.449174,2
25.2700,1293.758306,2.738232,1.797028,46.1851,44.4707,48.5165,2.481540,-1.570796,74.461692,2
25.2800,1294.205993,-3.097253,2.308439,43.6813,45.2018,52.4915,-1.622974,-1.570796,74.528007,2
25.2900,1294.641174,-2.645069,2.823358,43.9188,44.9741,49.5034,-1.153680,-1.570796,74.587370,2
25.3000,1295.090657,-2.196379,-3.007908,45.7258,45.0838,41.5418,-2.417705,-1.570796,74.582316,2
25.3100,1295.553169,-1.738158,-2.620390,46.5202,46.3942,37.6669,-1.978767,-1.570796,74.507256,2
25.3200,1296.019075,-1.272845,-2.227299,46.5578,46.3504,41.6125,-1.533151,-1.570796,74.439816,2
25.3300,1296.480950,-0.816470,-1.771882,45.7051,45.0070,48.7364,-1.077037,-1.570796,74.447299,2
25.3400,1296.928578,-0.371066,-1.258081,43.9654,44.3867,52.6364,-0.612979,-1.570796,74.519448,2
25.3500,1297.363384,0.075727,-0.744200,43.4701,45.0066,49.2210,-0.147889,-1.570796,74.581721,2
25.3600,1297.807737,0.528423,-0.295656,45.4769,45.3498,41.2088,0.303674,-1.570796,74.569300,2
25.3700,1298.273096,0.982226,0.088985,47.0274,45.5527,37.4333,0.738615,-1.570796,74.496868,2
25.3800,1298.739843,1.443925,0.482019,46.2075,46.6049,41.8782,1.181587,-1.559487,74.432330,3
25.3900,1299.198209,1.904613,0.943936,45.6476,45.1315,49.6359,1.642610,-1.520391,74.442992,3
25.4000,1299.649139,2.344246,1.467323,44.3314,43.5545,53.5496,2.105085,-1.453371,74.531183,3
25.4100,1300.083444,2.788291,1.989434,43.3469,44.8566,50.3276,2.570421,-1.358425,74.604419,3
25.4200,1300.531306,-3.058632,2.464881,46.0390,42.2698,45.5375,-1.552220,-1.235553,74.641790,3
25.4300,1300.992641,-2.642514,2.914572,45.4113,41.8371,45.5204,-1.126945,-1.084757,74.676003,3
25.4400,1301.432707,-2.220039,-2.883147,43.2579,41.6953,51.7772,-2.400886,-0.906035,74.746443,3
25.4500,1301.863336,-1.830692,-2.321168,42.6061,36.8211,59.2931,-1.964458,-0.703856,74.930787,3
25.4600,1302.266264,-1.447095,-1.731376,38.3992,41.2818,56.4828,-1.524626,-0.519550,75.127577,3
25.4700,1302.666109,-1.029250,-1.217021,42.8633,39.6728,47.6890,-1.080460,-0.363168,75.218535,3
25.4800,1303.117133,-0.655924,-0.781691,44.8784,38.1555,39.9386,-0.690224,-0.234712,75.272617,3
25.4900,1303.544086,-0.236072,-0.397685,42.0212,42.7565,40.1235,-0.280149,-0.134181,75.235718,3
25.5000,1303.968869,0.153898,0.070834,41.6744,37.3443,51.5334,0.131244,-0.061575,75.329341,3
25.5100,1304.354713,0.570399,0.584328,37.3758,44.8079,49.7292,0.574198,-0.016895,75.416707,3
25.5200,1304.763575,0.987928,1.059534,43.9601,38.4769,44.9949,1.007457,-0.000140,75.475568,3
25.5300,1305.201757,1.396933,1.439640,42.8353,44.6893,32.1666,1.408580,0.000000,75.427050,4
25.5400,1305.641004,1.834165,1.763196,45.3290,40.2114,36.0545,1.814810,0.000000,75.325148,4
25.5500,1306.072838,2.231902,2.181156,39.8165,42.6278,45.1394,2.218062,0.000000,75.349565,4
25.5600,1306.455450,2.676537,2.664216,39.3539,42.5882,51.1097,2.673177,0.000000,75.395823,4
25.5700,1306.870060,3.074246,-3.118087,41.8301,40.6215,45.9014,1.385428,0.000000,75.491902,4
25.5800,1307.291197,-2.768231,-2.737887,43.7370,44.2897,33.5185,-2.759955,0.000000,75.418269,4
25.5900,1307.749451,-2.363335,-2.396819,45.5047,39.3169,35.5684,-2.372467,0.000000,75.360801,4
25.6000,1308.167434,-1.932762,-2.012134,39.6074,44.9772,42.2529,-1.954409,0.000000,75.317710,4
25.6100,1308.569661,-1.517731,-1.522577,40.6409,38.8846,52.8467,-1.519053,0.000000,75.407330,4
25.6200,1308.964093,-1.099647,-1.026877,39.1407,44.8215,44.7659,-1.079801,0.000000,75.469630,4
25.6300,1309.390206,-0.673054,-0.626768,45.6663,39.3902,37.1782,-0.660430,0.000000,75.442198,4
25.6400,1309.840644,-0.268617,-0.286205,43.0287,43.6370,32.1481,-0.273414,0.000000,75.368552,4
25.6500,1310.261925,0.169213,0.076551,42.4561,41.0287,42.3248,0.143942,0.000000,75.309276,4
25.6600,1310.672989,0.564546,0.560902,38.7124,41.5093,50.5750,0.563552,0.000000,75.402498,4
25.6700,1311.053698,1.007427,1.047862,39.9802,43.3969,47.0282,1.018455,0.000000,75.442835,4
25.6800,1311.488435,1.404864,1.483543,44.5858,39.4072,39.0479,1.426322,0.000000,75.474431,4
25.6900,1311.922122,1.840759,1.815390,43.2259,45.1712,31.1504,1.833840,0.000000,75.359872,4
25.7000,1312.366439,2.251583,2.181556,44.0873,38.5873,42.0191,2.232485,0.000000,75.332390,4
25.7100,1312.768153,2.672778,2.639066,37.5769,45.2934,47.9077,2.663584,0.000000,75.367488,4
25.7200,1313.161895,3.100216,3.140911,41.7150,39.3504,50.8008,3.111314,0.000000,75.450247,4
25.7300,1313.583337,-2.775393,-2.693080,41.8395,43.9701,38.3550,-2.752944,0.000000,75.472930,4
25.7400,1314.020225,-2.337607,-2.353099,45.8462,40.9680,33.4688,-2.341833,0.000000,75.376434,4
25.7500,1314.469210,-1.937472,-1.991618,42.2251,42.1496,38.3860,-1.952239,0.000000,75.340087,4
25.7600,1314.867850,-1.497473,-1.560160,39.6771,42.6378,48.2142,-1.514569,0.000000,75.343090,4
25.7700,1315.270971,-1.097989,-1.045228,39.8779,40.4417,50.7756,-1.083600,0.000000,75.459570,4
25.7800,1315.670787,-0.661757,-0.600437,41.7316,43.9912,39.6407,-0.645033,0.000000,75.455093,4
25.7900,1316.120009,-0.257200,-0.234479,45.8749,39.1220,34.5058,-0.251004,0.000000,75.415426,4
25.8000,1316.553370,0.169622,0.101283,41.5905,44.8216,35.0779,0.150984,0.000000,75.321421,4
25.8100,1316.971434,0.585898,0.526523,41.7029,38.8105,48.6536,0.569705,0.000000,75.349668,4
25.8200,1317.363357,0.998996,1.028439,37.5200,44.5893,48.9974,1.007026,0.000000,75.431150,4
25.8300,1317.765313,1.430820,1.490849,43.4689,39.9286,43.9438,1.447192,0.000000,75.462187,4
25.8400,1318.209523,1.831287,1.876131,43.5659,42.9526,33.4254,1.843517,0.000000,75.431808,4
25.8500,1318.642915,2.273567,2.201570,44.2174,42.0914,35.5252,2.253932,0.000000,75.321885,4
25.8600,1319.076377,2.670463,2.623101,40.8248,40.8182,46.2089,2.657546,0.000000,75.355834,4
25.8700,1319.459507,3.111814,3.105203,38.4931,44.1580,49.7338,3.110011,0.000000,75.398250,4
25.8800,1319.873358,-2.767273,-2.685942,42.7509,39.3419,46.1700,-2.745092,0.000000,75.484494,4
25.8900,1320.297716,-2.336922,-2.301225,42.9120,44.9727,33.2949,-2.327187,0.000000,75.422071,4
25.9000,1320.748254,-1.920742,-1.963098,45.6836,39.0309,36.0975,-1.932294,0.000000,75.353527,4
25.9100,1321.171530,-1.504170,-1.569234,39.4603,44.4985,42.3939,-1.521914,0.000000,75.331753,4
25.9200,1321.566470,-1.076952,-1.090481,40.4404,39.7809,51.7819,-1.080642,0.000000,75.397447,4
25.9300,1321.968615,-0.671259,-0.593280,39.7183,43.2855,45.2222,-0.649992,0.000000,75.476249,4
25.9400,1322.387591,-0.236650,-0.198634,44.6677,41.1419,36.3288,-0.226282,0.000000,75.431782,4
25.9500,1322.840893,0.162508,0.147756,43.8997,41.6316,33.5994,0.158485,0.000000,75.374665,4
25.9600,1323.258996,0.600274,0.512353,41.3449,42.8713,41.3234,0.576295,0.000000,75.311007,4
25.9700,1323.670221,0.999852,0.992446,39.8318,39.9259,51.1122,0.997832,0.000000,75.401235,4
25.9800,1324.054836,1.434334,1.480465,39.2351,44.5103,46.1107,1.446915,0.000000,75.445916,4
25.9900,1324.484908,1.843167,1.908795,45.1014,38.8987,39.4253,1.861066,0.000000,75.463073,4
26.0000,1324.923954,2.266136,2.250922,42.8468,45.0794,31.6262,2.261987,0.000000,75.369766,4
26.0100,1325.359975,2.690120,2.613342,43.9281,39.2452,41.8652,2.669180,0.000000,75.325580,4
26.0200,1325.768962,3.098955,3.076821,38.0532,44.0849,48.2418,3.092918,0.000000,75.379865,4
26.0300,1326.157021,-2.747190,-2.714705,41.1265,40.8518,49.4630,-2.738331,0.000000,75.439765,4
26.0400,1326.583748,-2.347273,-2.264330,42.6110,42.1146,39.3070,-2.324652,0.000000,75.476109,4
26.0500,1327.015032,-1.906957,-1.923878,44.6130,42.7567,32.7977,-1.911572,0.000000,75.372632,4
26.0600,1327.463777,-1.507048,-1.559991,43.1281,40.2860,39.4729,-1.521487,0.000000,75.344354,4
26.0700,1327.862697,-1.072802,-1.128023,38.7328,44.0264,46.9493,-1.087862,0.000000,75.347442,4
26.0800,1328.263319,-0.665559,-0.622942,40.7169,39.3074,50.8913,-0.653936,0.000000,75.451346,4
26.0900,1328.667700,-0.241696,-0.173701,41.0730,44.3823,39.4406,-0.223152,0.000000,75.460443,4
26.1000,1329.108587,0.175713,0.187420,45.9011,39.2649,34.7646,0.178906,0.000000,75.405385,4
26.1100,1329.548261,0.588436,0.533527,41.6872,43.9843,35.6396,0.573461,0.000000,75.335383,4
26.1200,1329.958979,1.016883,0.950727,41.2679,40.1629,47.6244,0.998840,0.000000,75.341158,4
26.1300,1330.358578,1.420265,1.454438,38.4115,42.8379,49.6264,1.429585,0.000000,75.437795,4
26.1400,1330.755869,1.857922,1.911933,42.4705,41.8431,42.8786,1.872652,0.000000,75.453460,4
26.1500,1331.202103,2.256901,2.300084,44.5076,41.0540,34.8176,2.268678,0.000000,75.433504,4
26.1600,1331.633778,2.696193,2.630519,43.0856,43.7443,34.8519,2.678282,0.000000,75.325556,4
26.1700,1332.065033,3.099601,3.048540,41.7388,39.5009,46.7264,3.085675,0.000000,75.354453,4
26.1800,1332.452752,-2.752718,-2.750848,37.8772,44.8849,48.8279,-2.752208,0.000000,75.404400,4
26.1900,1332.861039,-2.337130,-2.269081,43.0922,39.0485,46.1098,-2.318571,0.000000,75.472297,4
26.2000,1333.290672,-1.920874,-1.876073,42.6152,44.4869,33.8133,-1.908656,0.000000,75.431374,4
26.2100,1333.731677,-1.492610,-1.542074,45.2574,39.8846,35.7874,-1.506101,0.000000,75.345992,4
26.2200,1334.161298,-1.088578,-1.142576,40.0234,42.9723,42.8486,-1.103304,0.000000,75.344113,4
26.2300,1334.550439,-0.653482,-0.673851,39.6623,41.4801,50.2473,-0.659037,0.000000,75.387824,4
26.2400,1334.957152,-0.253700,-0.177257,40.6422,41.2726,46.1902,-0.232852,0.000000,75.477576,4
26.2500,1335.372031,0.180947,0.219073,43.3892,42.9730,35.6635,0.191345,0.000000,75.429301,4
26.2600,1335.823668,0.583553,0.566983,44.8270,39.9545,34.7680,0.579034,0.000000,75.376018,4
26.2700,1336.244189,1.013006,0.935725,40.5395,44.0284,40.4061,0.991929,0.000000,75.318935,4
26.2800,1336.651666,1.423789,1.405651,40.5554,39.3217,51.0192,1.418842,0.000000,75.391807,4
26.2900,1337.043374,1.844832,1.898433,38.9424,44.4629,46.0644,1.859450,0.000000,75.452584,4
26.3000,1337.465158,2.267404,2.320731,44.8900,39.5737,39.3677,2.281948,0.000000,75.450901,4
26.3100,1337.910423,2.677354,2.673643,43.1442,43.8198,32.6261,2.676342,0.000000,75.382752,4
26.3200,1338.338850,3.111536,3.031029,43.2122,40.8397,40.8312,3.089580,0.000000,75.319731,4
26.3300,1338.753912,-2.770536,-2.788227,39.0570,42.1320,48.8113,-2.775361,0.000000,75.386501,4
26.3400,1339.138499,-2.331064,-2.302533,40.0383,42.7157,48.1006,-2.323283,0.000000,75.432701,4
26.3500,1339.565369,-1.930911,-1.852865,43.4736,40.2196,40.5189,-1.909626,0.000000,75.474569,4
26.3600,1339.995239,-1.497039,-1.505995,43.4012,44.1412,32.2959,-1.499482,0.000000,75.378216,4
26.3700,1340.439341,-1.088998,-1.146548,43.8719,39.1704,39.8293,-1.104693,0.000000,75.341818,4
26.3800,1340.843999,-0.667759,-0.712786,38.3053,44.3346,46.0851,-0.680039,0.000000,75.355652,4
26.3900,1341.238166,-0.247721,-0.220395,40.8707,39.4598,50.4582,-0.240269,0.000000,75.436399,4
26.4000,1341.648842,0.161659,0.237175,41.0494,43.4594,40.2845,0.182254,0.000000,75.468965,4
26.4100,1342.080000,0.590940,0.596251,45.1866,40.6364,34.4318,0.592388,0.000000,75.397938,4
26.4200,1342.525615,0.993676,0.949335,42.5249,42.1760,36.5000,0.981583,0.000000,75.348063,4
26.4300,1342.932396,1.427703,1.359163,40.4009,42.1182,45.9926,1.409010,0.000000,75.335398,4
26.4400,1343.335963,1.829615,1.859170,39.5637,40.8635,50.4424,1.837675,0.000000,75.436085,4
26.4500,1343.732187,2.263873,2.319165,41.2564,43.5359,42.2478,2.278953,0.000000,75.452123,4
26.4600,1344.174495,2.670103,2.707610,45.2589,39.7233,35.9903,2.680332,0.000000,75.430893,4
26.4700,1344.609507,3.098105,3.046281,42.3567,44.4575,34.3816,3.083971,0.000000,75.337409,4
26.4800,1345.034904,-2.769102,-2.829583,42.1933,39.3135,46.2601,-2.785597,0.000000,75.345591,4
26.4900,1345.430696,-2.353146,-2.343419,37.8672,44.2742,48.6723,-2.350493,0.000000,75.411882,4
26.5000,1345.830106,-1.924909,-1.870566,42.5628,40.0593,45.6312,-1.910088,0.000000,75.457950,4
26.5100,1346.264586,-1.521326,-1.467462,43.0067,42.7740,35.1667,-1.506636,0.000000,75.442872,4
26.5200,1346.697318,-1.085736,-1.135479,44.2230,41.6976,34.7228,-1.099302,0.000000,75.343160,4
26.5300,1347.131336,-0.686962,-0.737484,41.1875,40.8573,43.3171,-0.700740,0.000000,75.350018,4
26.5400,1347.519571,-0.253268,-0.275470,38.6016,43.3046,48.6062,-0.259323,0.000000,75.382406,4
26.5500,1347.924948,0.150874,0.216505,41.4998,39.6236,47.2495,0.168773,0.000000,75.469985,4
26.5600,1348.340567,0.575770,0.623083,42.2965,43.9874,35.7320,0.588673,0.000000,75.436858,4
26.5700,1348.785099,0.990212,0.968716,45.3066,39.4616,35.1880,0.984349,0.000000,75.372746,4
26.5800,1349.213273,1.405498,1.342354,40.5077,43.8019,39.9198,1.388277,0.000000,75.331898,4
26.5900,1349.614748,1.830147,1.797883,40.5249,40.1568,49.9795,1.821347,0.000000,75.376705,4
26.6000,1350.014298,2.238143,2.295792,39.3353,43.0511,46.9944,2.253865,0.000000,75.458328,4
26.6100,1350.427000,2.670607,2.717259,43.8354,41.3330,38.9949,2.683330,0.000000,75.442613,4
26.6200,1350.875758,3.073603,3.078580,44.0481,41.7416,33.9847,3.074960,0.000000,75.394526,4
26.6300,1351.300833,-2.773870,-2.850571,42.1690,42.7921,39.1682,-2.794788,0.000000,75.319862,4
26.6400,1351.717873,-2.371051,-2.395037,40.2761,40.2089,49.1244,-2.377593,0.000000,75.382785,4
26.6500,1352.103972,-1.939608,-1.909399,38.8910,44.0542,47.2398,-1.931369,0.000000,75.431703,4
26.6600,1352.523935,-1.529679,-1.462553,43.8980,39.2458,41.5502,-1.511372,0.000000,75.466440,4
26.6700,1352.957244,-1.110509,-1.102977,42.7589,44.2204,32.5198,-1.108454,0.000000,75.393875,4
26.6800,1353.392961,-0.688761,-0.753144,43.9697,39.5713,39.0178,-0.706320,0.000000,75.334601,4
26.6900,1353.807159,-0.282681,-0.319485,38.8174,43.0842,45.8584,-0.292718,0.000000,75.364109,4
26.7000,1354.194128,0.148552,0.160758,40.1032,41.0534,49.3738,0.151881,0.000000,75.419343,4
26.7100,1354.608907,0.548875,0.626504,41.6933,41.4436,42.0702,0.570047,0.000000,75.474541,4
26.7200,1355.033002,0.981634,0.990869,43.8752,42.6577,33.8766,0.984153,0.000000,75.399301,4
26.7300,1355.480027,1.384856,1.344278,43.7570,40.2243,37.1916,1.373789,0.000000,75.354562,4
26.7400,1355.889704,1.813203,1.749650,39.5992,43.6642,44.2406,1.795871,0.000000,75.336639,4
26.7500,1356.291297,2.224242,2.238401,40.4214,39.7357,50.7962,2.228103,0.000000,75.422962,4
26.7600,1356.691220,2.645748,2.708134,40.3967,43.9843,42.6443,2.662763,0.000000,75.458385,4
26.7700,1357.123491,3.065680,3.096204,45.2320,39.8468,36.5322,3.074005,0.000000,75.425178,4
26.7800,1357.565406,-2.804774,-2.838635,42.5168,43.5654,34.5204,-2.814009,0.000000,75.355411,4
26.7900,1357.983986,-2.376179,-2.446199,41.8586,40.6284,44.5437,-2.395275,0.000000,75.333773,4
26.8000,1358.388149,-1.972160,-1.961762,38.6851,42.3002,49.2246,-1.969324,0.000000,75.414615,4
26.8100,1358.779699,-1.537975,-1.492114,41.1653,42.0547,44.9520,-1.525468,0.000000,75.447153,4
26.8200,1359.213932,-1.137749,-1.080700,43.8478,40.5309,37.0597,-1.122190,0.000000,75.450181,4
26.8300,1359.643956,-0.706251,-0.744150,42.9999,43.4924,33.4899,-0.716587,0.000000,75.351531,4
26.8400,1360.076876,-0.300572,-0.357498,42.3927,39.3448,43.0980,-0.316097,0.000000,75.345488,4
26.8500,1360.471762,0.120384,0.101730,37.9716,43.9984,47.4930,0.115297,0.000000,75.383426,4
26.8600,1360.869197,0.538189,0.585161,41.5927,39.5081,47.7427,0.551000,0.000000,75.452945,4
26.8700,1361.289369,0.947564,1.008503,41.9967,43.2705,37.0840,0.964184,0.000000,75.451624,4
26.8800,1361.723636,1.375592,1.352401,44.8327,40.7171,34.6071,1.369268,0.000000,75.369891,4
26.8900,1362.160748,1.779084,1.727320,41.5194,42.0352,39.9451,1.764967,0.000000,75.344408,4
26.9000,1362.558774,2.211221,2.168560,39.7176,42.1421,48.0515,2.199586,0.000000,75.362836,4
26.9100,1362.962138,2.615261,2.666325,40.2507,40.9138,48.4834,2.629187,0.000000,75.455404,4
26.9200,1363.369654,3.046125,3.096431,42.2914,43.2184,38.9057,3.059845,0.000000,75.444061,4
26.9300,1363.814734,-2.829111,-2.821695,44.9843,40.0270,35.1467,-2.827088,0.000000,75.400206,4
26.9400,1364.243777,-2.404037,-2.466750,41.4752,43.8246,37.5855,-2.421140,0.000000,75.330454,4
26.9500,1364.657159,-1.989229,-2.029508,41.0183,39.6229,48.3698,-2.000214,0.000000,75.367281,4
26.9600,1365.050422,-1.574017,-1.540134,38.4474,43.7021,47.4702,-1.564776,0.000000,75.435131,4
26.9700,1365.457928,-1.149827,-1.095255,43.2294,40.0987,41.9679,-1.134943,0.000000,75.454375,4
26.9800,1365.896083,-0.745702,-0.719979,43.1399,42.5012,33.8660,-0.738687,0.000000,75.414243,4
26.9900,1366.324222,-0.314341,-0.378763,43.1844,41.5114,37.0567,-0.331911,0.000000,75.331078,4
27.0000,1366.746311,0.084957,0.046724,40.2384,40.7805,45.9139,0.074529,0.000000,75.364896,4
27.0100,1367.131557,0.515859,0.519950,38.7753,43.1197,48.0820,0.516975,0.000000,75.407877,4
27.0200,1367.542923,0.920596,0.988875,42.4121,39.6340,44.0866,0.939218,0.000000,75.469514,4
27.0300,1367.966546,1.343289,1.369237,42.6887,43.8201,34.0327,1.350366,0.000000,75.414185,4
27.0400,1368.407618,1.759080,1.716277,44.5294,39.6383,36.9302,1.747407,0.000000,75.353397,4
27.0500,1368.827565,2.172360,2.119053,39.7005,43.4614,43.0591,2.157822,0.000000,75.345002,4
27.0600,1369.222892,2.597850,2.590785,40.2887,40.5084,49.9858,2.595923,0.000000,75.401211,4
27.0700,1369.628433,3.005084,3.072303,40.4560,42.5387,44.3835,3.023417,0.000000,75.465704,4
27.0800,1370.048823,-2.847744,-2.817874,44.0585,41.6023,36.4619,-2.839598,0.000000,75.423185,4
27.0900,1370.495340,-2.443501,-2.463032,43.6174,41.3621,35.2292,-2.448828,0.000000,75.372163,4
27.1000,1370.912214,-2.012862,-2.083391,40.9649,42.6768,41.9485,-2.032097,0.000000,75.328650,4
27.1100,1371.319508,-1.608078,-1.611206,39.9129,40.1670,49.6800,-1.608931,0.000000,75.404113,4
27.1200,1371.709976,-1.182098,-1.135896,39.6135,43.5420,44.8744,-1.169498,0.000000,75.445456,4
27.1300,1372.134719,-0.771472,-0.719801,44.2240,39.4449,38.6896,-0.757380,0.000000,75.448272,4
27.1400,1372.569317,-0.355880,-0.370333,42.5166,43.6097,33.1591,-0.359822,0.000000,75.373394,4
27.1500,1372.995773,0.065128,-0.002244,42.7417,39.8572,41.3886,0.046754,0.000000,75.333759,4
27.1600,1373.402557,0.469792,0.452870,38.5740,42.5789,47.3232,0.465177,0.000000,75.385667,4
27.1700,1373.790559,0.899702,0.928600,40.4480,41.3434,47.3489,0.907583,0.000000,75.433437,4
27.1800,1374.212717,1.300246,1.368255,42.6164,41.0413,39.6392,1.318794,0.000000,75.463097,4
27.1900,1374.640143,1.730955,1.719088,43.5394,42.9004,33.6084,1.727719,0.000000,75.377894,4
27.2000,1375.080312,2.136200,2.086288,43.0707,39.9989,39.7965,2.122588,0.000000,75.348343,4
27.2100,1375.483586,2.560843,2.517576,38.9244,43.6472,46.0011,2.549043,0.000000,75.358228,4
27.2200,1375.882666,2.975157,3.005591,40.8125,39.8344,49.4205,2.983457,0.000000,75.437724,4
27.2300,1376.291628,-2.891529,-2.829245,41.2293,43.4803,40.1131,-2.874543,0.000000,75.456083,4
27.2400,1376.724995,-2.469444,-2.462230,44.9203,40.2730,35.4147,-2.467477,0.000000,75.400810,4
27.2500,1377.163175,-2.060560,-2.104144,41.9827,42.7107,36.8804,-2.072446,0.000000,75.348976,4
27.2600,1377.571481,-1.633319,-1.689941,40.6781,41.1117,46.0224,-1.648762,0.000000,75.347947,4
27.2700,1377.972370,-1.229986,-1.201678,39.1514,41.5225,48.6871,-1.222265,0.000000,75.432612,4
27.2800,1378.369359,-0.800726,-0.751059,41.4477,42.2572,42.0872,-0.787180,0.000000,75.447671,4
27.2900,1378.805529,-0.398447,-0.363253,44.1134,40.1597,35.8749,-0.388849,0.000000,75.428043,4
27.3000,1379.233918,0.026925,-0.021457,42.2057,43.3153,34.9787,0.013730,0.000000,75.342623,4
27.3100,1379.656223,0.435753,0.383294,41.6091,39.4315,45.0294,0.421446,0.000000,75.351952,4
27.3200,1380.049654,0.851609,0.854746,38.0949,43.5555,47.5621,0.852464,0.000000,75.405206,4
27.3300,1380.449184,1.272154,1.321805,42.0558,39.9228,45.2519,1.285695,0.000000,75.452844,4
27.3400,1380.876861,1.678243,1.725574,42.5938,42.6538,35.8527,1.691152,0.000000,75.437484,4
27.3500,1381.308418,2.107535,2.067385,44.0277,41.3051,35.3687,2.096585,0.000000,75.353406,4
27.3600,1381.739436,2.510053,2.462315,41.1328,41.3192,42.5318,2.497033,0.000000,75.351698,4
27.3700,1382.132420,2.940455,2.918137,39.1773,42.6723,48.0941,2.934368,0.000000,75.382290,4
27.3800,1382.537755,-2.936883,-2.879294,41.1443,40.3167,46.7301,-2.921176,0.000000,75.460878,4
27.3900,1382.952211,-2.511789,-2.468946,42.3685,43.3324,36.8450,-2.500104,0.000000,75.434285,4
27.4000,1383.393638,-2.099848,-2.113849,44.6448,39.8769,35.6062,-2.103666,0.000000,75.380016,4
27.4100,1383.818614,-1.682824,-1.740652,40.6768,43.2932,39.6890,-1.698596,0.000000,75.337595,4
27.4200,1384.221858,-1.264315,-1.292670,40.3882,40.0325,48.6363,-1.272048,0.000000,75.379137,4
27.4300,1384.618458,-0.855594,-0.807852,39.1501,42.6848,46.2516,-0.842573,0.000000,75.448421,4
27.4400,1385.027819,-0.430839,-0.385153,43.1086,40.8046,39.4682,-0.418379,0.000000,75.442486,4
27.4500,1385.467360,-0.028733,-0.020077,43.3576,41.4841,34.3115,-0.026372,0.000000,75.398926,4
27.4600,1385.889919,0.399383,0.333056,42.0109,42.1083,38.3837,0.381294,0.000000,75.329785,4
27.4700,1386.304717,0.801189,0.772272,40.1976,40.1722,47.2704,0.793302,0.000000,75.376249,4
27.4800,1386.691861,1.226440,1.247326,38.8204,43.3171,46.8783,1.232136,0.000000,75.422755,4
27.4900,1387.105449,1.636104,1.695940,43.0541,39.5621,42.1889,1.652423,0.000000,75.459661,4
27.5000,1387.534612,2.052475,2.067293,42.6550,43.5294,33.7969,2.056516,0.000000,75.402984,4
27.5100,1387.968572,2.473289,2.419432,43.7740,40.0562,38.2682,2.458601,0.000000,75.343693,4
27.5200,1388.385500,2.880916,2.841864,39.4817,42.6848,44.8051,2.870266,0.000000,75.361354,4
27.5300,1388.776588,-2.974219,-2.968807,40.0867,41.1566,48.8766,-2.972743,0.006842,75.412013,1
27.5400,1389.190160,-2.576086,-2.495298,41.6963,40.4382,44.2922,-2.554053,0.040352,75.481494,1
27.5500,1389.612408,-2.159314,-2.093435,43.2807,41.1436,38.3992,-2.141347,0.101788,75.461938,1
27.5600,1390.051811,-1.769833,-1.691790,43.2631,38.3850,42.3368,-1.748549,0.191148,75.480500,1
27.5700,1390.460953,-1.369305,-1.232162,39.5169,40.7583,49.5288,-1.331902,0.308435,75.545233,1
27.5800,1390.858631,-0.978601,-0.693802,40.2408,37.8107,56.1495,-0.900928,0.453646,75.701475,1
27.5900,1391.266247,-0.594109,-0.144551,41.4240,39.2530,52.8599,-0.471502,0.626783,75.860737,1
27.6000,1391.696378,-0.203346,0.355854,44.2635,38.5961,48.1460,-0.050837,0.826728,75.966764,1
27.6100,1392.140116,0.187128,0.829447,43.7983,40.1245,47.4192,0.362306,1.016619,76.047686,1
27.6200,1392.568019,0.603724,1.319863,42.3579,42.3953,50.7427,0.799034,1.178586,76.123123,1
27.6300,1392.998527,1.023238,1.846410,43.8609,41.4850,53.7763,1.247739,1.312627,76.233814,1
27.6400,1393.443774,1.443753,2.382106,44.8339,43.0875,52.7361,1.699668,1.418743,76.345580,1
27.6500,1393.893913,1.892099,2.882966,45.2255,46.1943,47.1182,2.162336,1.496934,76.389010,1
27.6600,1394.354835,2.356467,-2.974500,46.8968,46.0295,39.0549,0.902567,1.547199,76.342993,1
27.6700,1394.824772,2.810894,-2.606025,46.4743,45.3029,36.3560,1.333552,1.569540,76.255752,1
27.6800,1395.275103,-3.018353,-2.213925,43.9128,45.2082,42.7072,-2.798964,1.570796,76.201248,2
27.6900,1395.707641,-2.574604,-1.734606,43.0201,43.7608,51.7539,-2.345513,1.570796,76.246898,2
27.7000,1396.140995,-2.136018,-1.197943,43.8434,44.2366,53.8200,-1.880179,1.570796,76.345469,2
27.7100,1396.590958,-1.688920,-0.688180,46.0047,44.9702,47.7604,-1.415991,1.570796,76.400854,2
27.7200,1397.057880,-1.235589,-0.258144,46.8533,45.7836,39.3140,-0.969013,1.570796,76.368381,2
27.7300,1397.520973,-0.772687,0.108623,45.7720,46.3721,35.7388,-0.532330,1.570796,76.269151,2
27.7400,1397.973103,-0.320165,0.490396,44.7293,44.0462,41.5421,-0.099103,1.570796,76.207524,2
27.7500,1398.409962,0.114188,0.961558,42.7082,43.6636,51.3412,0.345289,1.570796,76.253788,2
27.7600,1398.833700,0.561614,1.498287,42.8911,45.2756,54.0344,0.817070,1.570796,76.343418,2
27.7700,1399.284204,1.006699,2.010529,46.7835,43.8005,48.0075,1.280471,1.570796,76.405429,2
27.7800,1399.755940,1.453197,2.442374,46.7172,46.1153,39.3804,1.722973,1.570796,76.379521,2
27.7900,1400.213645,1.928690,2.805002,45.4072,47.6901,34.8190,2.167684,1.570796,76.261993,2
27.8000,1400.671610,2.381067,-3.108328,45.8630,43.0333,40.4362,0.883959,1.570796,76.190820,2
27.8100,1401.113533,2.809567,-2.641673,42.3587,43.9751,51.5231,1.322865,1.570796,76.238130,2
27.8200,1401.528195,-3.015669,-2.098065,42.1279,46.2243,54.9229,-2.765414,1.570796,76.324528,2
27.8300,1401.981778,-2.575991,-1.576392,47.6999,42.2922,48.9791,-2.303373,1.570796,76.403692,2
27.8400,1402.456901,-2.137078,-1.134972,46.3229,46.4292,40.3036,-1.863776,1.570796,76.392791,2
27.8500,1402.907711,-1.652228,-0.767248,45.0077,48.4114,34.8239,-1.410870,1.570796,76.270054,2
27.8600,1403.370710,-1.205780,-0.402186,46.7603,41.7120,39.7059,-0.986618,1.570796,76.201165,2
27.8700,1403.814986,-0.783293,0.057724,41.8743,44.2389,51.0669,-0.553925,1.570796,76.246377,2
27.8800,1404.221031,-0.318018,0.600014,41.4220,46.7726,54.9905,-0.067646,1.563955,76.324714,3
27.8900,1404.675649,0.115543,1.125151,48.2190,41.0300,49.5390,0.390891,1.530444,76.415527,3
27.9000,1405.151747,0.549093,1.573193,45.9359,46.7810,40.9590,0.828393,1.469009,76.414850,3
27.9100,1405.596923,1.044086,1.940954,44.5582,49.6600,33.8359,1.288686,1.379648,76.279284,3
27.9200,1406.059217,1.505533,2.269259,46.9836,43.4537,33.4253,1.713822,1.262362,76.152586,3
27.9300,1406.506593,1.947610,2.633625,42.1107,46.2117,39.1654,2.134705,1.117150,76.077171,3
27.9400,1406.909350,2.428037,3.045064,40.3547,47.8965,41.8209,2.596317,0.944014,76.009633,3
27.9500,1407.338303,2.874851,-2.833867,44.4116,42.8815,38.0643,1.317928,0.744069,75.966836,3
27.9600,1407.771718,-2.950905,-2.513153,42.0777,48.9948,26.7102,-2.831518,0.554177,75.812130,3
27.9700,1408.205027,-2.471483,-2.269302,45.6081,43.6093,26.1455,-2.416343,0.392210,75.585437,3
27.9800,1408.652642,-2.065745,-1.945821,41.4714,42.4256,36.4377,-2.033039,0.258169,75.511617,3
27.9900,1409.029413,-1.598458,-1.544351,37.2792,46.6616,43.9866,-1.583702,0.152053,75.451844,3
28.0000,1409.434314,-1.191895,-1.069036,41.7548,38.3969,47.0653,-1.158388,0.073862,75.527968,3
28.0100,1409.839100,-0.756169,-0.678626,40.6051,46.8044,32.6256,-0.735021,0.023597,75.461056,3
28.0200,1410.284347,-0.337134,-0.360324,46.8341,37.2318,33.3681,-0.343459,0.001257,75.371896,3
28.0300,1410.717752,0.064299,-0.007300,39.5170,44.6253,37.2502,0.044772,0.000000,75.319478,4
28.0400,1411.107782,0.498192,0.435688,40.1847,39.2006,51.0000,0.481146,0.000000,75.349629,4
28.0500,1411.503404,0.884832,0.959921,37.8698,42.2069,49.2870,0.905311,0.000000,75.477845,4
28.0600,1411.896763,1.329469,1.385391,42.8876,42.1222,38.6064,1.344721,0.000000,75.451365,4
28.0700,1412.354334,1.712745,1.741841,45.1919,39.2459,32.5575,1.720680,0.000000,75.418712,4
28.0800,1412.775427,2.155298,2.058973,41.2734,44.9677,34.8535,2.129028,0.000000,75.294391,4
28.0900,1413.197366,2.549982,2.501925,41.3344,37.1082,50.5452,2.536876,0.000000,75.363552,4
28.1000,1413.572490,2.975629,3.004535,36.1166,46.3618,48.3535,2.983513,0.000000,75.428882,4
28.1100,1413.979454,-2.889653,-2.813556,44.5361,37.1296,44.3239,-2.868899,0.000000,75.480851,4
28.1200,1414.418324,-2.488906,-2.445138,42.1576,45.0009,30.4107,-2.476970,0.000000,75.425754,4
28.1300,1414.850714,-2.048855,-2.134309,45.0881,39.4762,35.7891,-2.072160,0.000000,75.311705,4
28.1400,1415.280010,-1.665393,-1.711473,39.0075,41.7136,45.5153,-1.677960,0.000000,75.355032,4
28.1500,1415.649000,-1.218135,-1.232358,38.1930,42.8507,50.5230,-1.222014,0.000000,75.393457,4
28.1600,1416.060932,-0.833844,-0.732026,41.8064,38.5936,45.9446,-0.806076,0.000000,75.504639,4
28.1700,1416.472996,-0.397582,-0.362913,42.3322,45.0962,31.4950,-0.388126,0.000000,75.419699,4
28.1800,1416.926844,0.002366,-0.036592,45.9395,37.1841,34.9251,-0.008259,0.000000,75.357118,4
28.1900,1417.342352,0.419122,0.338885,38.3214,45.3497,40.5797,0.397239,0.000000,75.314300,4
28.2000,1417.733215,0.839293,0.816639,40.4048,37.8763,53.0115,0.833115,0.000000,75.391588,4
28.2100,1418.126294,1.238207,1.323901,38.1376,44.0694,45.5381,1.261578,0.000000,75.483196,4
28.2200,1418.537607,1.675025,1.719575,44.9428,40.0109,36.5708,1.687175,0.000000,75.439958,4
28.2300,1418.994393,2.062361,2.059979,43.6750,41.6418,31.7559,2.061711,0.000000,75.384528,4
28.2400,1419.408834,2.507404,2.401780,41.4745,42.8481,39.7556,2.478597,0.000000,75.292481,4
28.2500,1419.823404,2.894263,2.881664,39.5686,38.8401,51.7871,2.890827,0.000000,75.397435,4
28.2600,1420.195054,-2.949268,-2.908100,37.8402,45.3853,46.8018,-2.938041,0.000000,75.441184,4
28.2700,1420.621481,-2.548904,-2.466686,45.2255,37.1185,40.6749,-2.526481,0.000000,75.482349,4
28.2800,1421.055751,-2.129545,-2.131426,42.0004,45.9745,29.2712,-2.130058,0.000000,75.379580,4
28.2900,1421.491670,-1.706794,-1.793615,44.6557,37.6906,40.0023,-1.730472,0.000000,75.315610,4
28.3000,1421.901479,-1.311141,-1.343686,37.0802,43.9642,47.0410,-1.320017,0.000000,75.368113,4
28.3100,1422.274880,-0.870466,-0.853926,39.9711,40.3845,50.6588,-0.865955,0.000000,75.426197,4
28.3200,1422.694197,-0.486624,-0.382425,41.6810,40.7459,41.0806,-0.458206,0.000000,75.499841,4
28.3300,1423.113095,-0.044281,-0.045583,43.7818,43.3990,30.8820,-0.044636,0.000000,75.385759,4
28.3400,1423.567173,0.345030,0.295027,44.2184,38.2802,36.9604,0.331392,0.000000,75.346567,4
28.3500,1423.966042,0.775381,0.697738,37.8176,45.0412,44.1876,0.754206,0.000000,75.321478,4
28.3600,1424.360331,1.181264,1.200814,40.4727,37.5733,53.1313,1.186596,0.000000,75.432835,4
28.3700,1424.753907,1.595158,1.678411,39.1232,45.0568,41.5749,1.617863,0.000000,75.476535,4
28.3800,1425.183544,2.019259,2.048584,46.2065,38.4919,35.0345,2.027257,0.000000,75.424348,4
28.3900,1425.632423,2.417538,2.381923,42.1163,43.6907,32.4934,2.407825,0.000000,75.350909,4
28.4000,1426.042387,2.856405,2.760198,41.5368,40.6199,44.7018,2.830167,0.000000,75.308766,4
28.4100,1426.446978,-3.038687,-3.019161,38.0870,41.1711,51.3754,-3.033361,0.000000,75.426230,4
28.4200,1426.824503,-2.594059,-2.543221,40.1952,43.3618,44.8248,-2.580194,0.000000,75.451159,4
28.4300,1427.265198,-2.204802,-2.130760,45.0068,38.4371,36.8370,-2.184609,0.000000,75.468464,4
28.4400,1427.694079,-1.770194,-1.815076,42.2124,45.4288,30.4264,-1.782434,0.000000,75.339763,4
28.4500,1428.129611,-1.365531,-1.440342,43.3581,37.2077,43.8344,-1.385934,0.000000,75.330908,4
28.4600,1428.520583,-0.953206,-0.970766,36.1738,45.2820,48.0006,-0.957995,0.000000,75.383281,4
28.4700,1428.905668,-0.526488,-0.479265,41.6471,38.4247,49.3597,-0.513609,0.000000,75.456541,4
28.4800,1429.329066,-0.134484,-0.045831,41.5834,42.9205,36.4175,-0.110306,0.000000,75.477925,4
28.4900,1429.756201,0.305525,0.272980,44.9072,41.2245,31.9270,0.296649,0.000000,75.358204,4
28.5000,1430.202864,0.691655,0.635550,42.0451,40.1413,39.3014,0.676354,0.000000,75.340771,4
28.5100,1430.589476,1.130214,1.067423,38.0401,43.7674,47.5432,1.113089,0.000000,75.341233,4
28.5200,1430.988527,1.525183,1.581612,40.4206,38.3723,51.3074,1.540573,0.000000,75.465925,4
28.5300,1431.386497,1.952702,2.022157,40.6681,44.9770,38.0027,1.971644,0.000000,75.460133,4
28.5400,1431.831096,2.362962,2.373945,46.4356,37.9686,34.1684,2.365958,0.000000,75.405200,4
28.5500,1432.267363,2.775478,2.711547,40.8378,44.8431,34.7848,2.758042,0.000000,75.324819,4
28.5600,1432.674460,-3.081004,3.131515,41.3046,38.9162,48.8116,-1.386681,0.000000,75.339246,4
28.5700,1433.069063,-2.683776,-2.639931,37.3571,43.3108,49.6100,-2.671818,0.000000,75.446627,4
28.5800,1433.460221,-2.243877,-2.186928,42.5538,41.0495,42.5022,-2.228346,0.000000,75.457107,4
28.5900,1433.907711,-1.856411,-1.805013,44.1570,40.5502,33.5789,-1.842393,0.000000,75.440537,4
28.6000,1434.332287,-1.414725,-1.491026,42.5689,43.6910,33.5055,-1.435534,0.000000,75.314091,4
28.6100,1434.762116,-1.023072,-1.077151,41.4708,38.0561,46.7425,-1.037821,0.000000,75.352709,4
28.6200,1435.139454,-0.595227,-0.596324,36.4793,45.2845,48.3650,-0.595526,0.000000,75.400669,4
28.6300,1435.539963,-0.185099,-0.113356,42.8560,37.5249,46.7036,-0.165533,0.000000,75.478211,4
28.6400,1435.964707,0.220853,0.279181,41.6961,44.5021,32.7823,0.236761,0.000000,75.443387,4
28.6500,1436.399786,0.650936,0.596556,45.3668,39.2450,34.2442,0.636105,0.000000,75.340590,4
28.6600,1436.832663,1.042129,0.985007,39.8843,42.2092,41.7525,1.026550,0.000000,75.340281,4
28.6700,1437.213459,1.481373,1.444362,38.8303,41.9095,50.0552,1.471279,0.000000,75.371142,4
28.6800,1437.617400,1.871822,1.953240,40.3745,39.9670,47.9408,1.894027,0.000000,75.485277,4
28.6900,1438.023534,2.308053,2.355816,42.4535,43.9437,35.3079,2.321079,0.000000,75.437595,4
28.7000,1438.476727,2.707294,2.698127,45.6615,38.5214,34.1163,2.704794,0.000000,75.384103,4
28.7100,1438.898803,3.132943,3.051562,40.0033,44.8927,38.2515,3.110748,0.000000,75.311719,4
28.7200,1439.303718,-2.737434,-2.772452,40.7638,38.1814,51.3913,-2.746985,0.000000,75.377006,4
28.7300,1439.691382,-2.326983,-2.268440,37.6062,44.5958,46.9866,-2.311017,0.000000,75.457833,4
28.7400,1440.100146,-1.898738,-1.841037,44.3779,39.1876,39.9695,-1.883002,0.000000,75.456736,4
28.7500,1440.547086,-1.504485,-1.486225,43.0809,42.6622,31.6329,-1.499505,0.000000,75.404045,4
28.7600,1440.968863,-1.065204,-1.156291,42.7554,41.5038,37.6655,-1.090046,0.000000,75.305882,4
28.7700,1441.388156,-0.678093,-0.707933,39.4736,39.8102,48.4843,-0.686231,0.000000,75.376247,4
28.7800,1441.760142,-0.240745,-0.224103,37.8007,44.0829,48.0655,-0.236207,0.000000,75.419626,4
28.7900,1442.175784,0.155551,0.240241,43.4429,37.8530,43.0805,0.178648,0.000000,75.486327,4
28.8000,1442.600535,0.576603,0.596341,42.1030,45.0334,30.8317,0.581986,0.000000,75.403602,4
28.8100,1443.040965,0.992584,0.927609,44.9729,38.0654,37.2495,0.974864,0.000000,75.333685,4
28.8200,1443.456613,1.395173,1.342361,38.1889,43.8906,44.1335,1.380770,0.000000,75.345686,4
28.8300,1443.838456,1.827786,1.823549,39.8953,40.0533,51.2188,1.826630,0.000000,75.406210,4
28.8400,1444.246683,2.221018,2.311829,40.4788,41.8235,43.7347,2.245785,0.000000,75.488514,4
28.8500,1444.663554,2.659155,2.681625,44.0872,42.3231,33.7761,2.665283,0.000000,75.412951,4
28.8600,1445.117547,3.052961,3.023944,44.1717,39.8631,34.9421,3.045048,0.000000,75.363670,4
28.8700,1445.526664,-2.796082,-2.880621,39.6157,43.9886,42.2373,-2.819138,0.000000,75.313992,4
28.8800,1445.929439,-2.394706,-2.391616,40.0656,38.5144,52.0979,-2.393863,0.000000,75.414298,4
28.8900,1446.315432,-1.971668,-1.907675,38.7271,44.7628,44.0178,-1.954216,0.000000,75.460746,4
28.9000,1446.741343,-1.557367,-1.505964,45.3527,38.2494,37.4739,-1.543348,0.000000,75.448333,4
28.9100,1447.182342,-1.151369,-1.169704,42.1198,44.0839,31.4346,-1.156369,0.000000,75.366908,4
28.9200,1447.602017,-0.721731,-0.810584,42.5514,39.6029,41.9891,-0.745964,0.000000,75.313969,4
28.9300,1448.008195,-0.330679,-0.336978,37.8773,41.8078,49.0800,-0.332397,0.000000,75.398107,4
28.9400,1448.383703,0.107928,0.142288,39.6702,42.2134,47.0378,0.117299,0.000000,75.438130,4
28.9500,1448.811089,0.497041,0.580042,43.4698,39.1756,39.1144,0.519678,0.000000,75.478919,4
28.9600,1449.235899,0.929603,0.910636,42.7174,44.4086,30.8450,0.924431,0.000000,75.366736,4
28.9700,1449.677061,1.332036,1.266842,43.7794,37.9816,40.3615,1.314256,0.000000,75.335983,4
28.9800,1450.075828,1.748498,1.705559,37.2942,44.7304,46.2455,1.736787,0.000000,75.357326,4
28.9900,1450.464309,2.169671,2.199331,40.9251,38.7637,50.7741,2.177760,0.000000,75.439933,4
29.0000,1450.876107,2.571566,2.655914,40.8274,43.4077,39.4764,2.594570,0.000000,75.476636,4
29.0100,1451.304277,3.004972,3.002701,45.2076,40.6137,33.4607,3.004353,0.000000,75.389820,4
29.0200,1451.751719,-2.883467,-2.929385,42.3733,41.4939,36.5789,-2.895990,0.000000,75.347000,4
29.0300,1452.150978,-2.447112,-2.520376,39.5747,42.5147,46.0059,-2.467093,0.000000,75.330562,4
29.0400,1452.551643,-2.051985,-2.015374,39.4591,39.6384,51.0259,-2.042000,0.000000,75.444751,4
29.0500,1452.941728,-1.620647,-1.558998,40.3624,43.9789,41.1151,-1.603834,0.000000,75.456831,4
29.0600,1453.380759,-1.218178,-1.180595,45.4347,38.3354,35.3625,-1.207928,0.000000,75.431903,4
29.0700,1453.813069,-0.800071,-0.850794,41.4332,44.5026,32.9632,-0.813904,0.000000,75.336727,4
29.0800,1454.230141,-0.383136,-0.455942,41.9129,38.4632,45.7340,-0.402992,0.000000,75.334135,4
29.0900,1454.623795,0.017669,0.031666,37.0593,43.4155,48.7080,0.021486,0.000000,75.416516,4
29.1000,1455.009896,0.450141,0.499762,41.5758,40.3401,45.2993,0.463674,0.000000,75.453145,4
29.1100,1455.444180,0.839928,0.906815,43.1410,40.9861,35.5161,0.858170,0.000000,75.457510,4
29.1200,1455.869772,1.277295,1.226840,43.3061,42.9435,32.6108,1.263535,0.000000,75.339271,4
29.1300,1456.306179,1.670855,1.613310,42.0666,38.8952,43.1407,1.655161,0.000000,75.344883,4
29.1400,1456.691983,2.099332,2.071651,37.3166,44.5486,47.8554,2.091782,0.000000,75.374767,4
29.1500,1457.090264,2.508103,2.566475,41.7043,38.3644,48.8037,2.524023,0.000000,75.466052,4
29.1600,1457.505244,2.921488,2.986341,41.4319,44.3309,35.8759,2.939175,0.000000,75.453413,4
29.1700,1457.942969,-2.937703,-2.960968,45.5803,39.2922,34.2058,-2.944048,0.000000,75.370793,4
29.1800,1458.378487,-2.536793,-2.594135,40.6514,42.9260,38.8228,-2.552432,0.000000,75.336813,4
29.1900,1458.771786,-2.104152,-2.154543,39.7433,40.9350,48.9186,-2.117895,0.000000,75.357515,4
29.2000,1459.170878,-1.709455,-1.648669,39.1634,41.0671,48.6200,-1.692877,0.000000,75.464675,4
29.2100,1459.569624,-1.275568,-1.222382,42.0858,42.6569,38.5632,-1.261063,0.000000,75.447508,4
29.2200,1460.015868,-0.880153,-0.862510,44.8081,39.2034,33.9915,-0.875341,0.000000,75.409601,4
29.2300,1460.439000,-0.453170,-0.526264,41.0047,44.0194,35.7808,-0.473105,0.000000,75.318482,4
29.2400,1460.852213,-0.047885,-0.095933,40.9668,38.2368,48.4178,-0.060989,0.000000,75.360882,4
29.2500,1461.236894,0.364594,0.394587,37.1523,44.2340,47.6072,0.372774,0.000000,75.430911,4
29.2600,1461.637413,0.786565,0.846163,43.1242,38.9850,42.9953,0.802819,0.000000,75.461611,4
29.2700,1462.073882,1.183478,1.223247,42.6983,42.7004,32.9209,1.194324,0.000000,75.426691,4
29.2800,1462.500673,1.618436,1.548228,43.6111,41.2060,35.5503,1.599288,0.000000,75.324457,4
29.2900,1462.927532,2.009808,1.964876,40.2359,40.4093,45.3339,1.997554,0.000000,75.357780,4
29.3000,1463.306617,2.445181,2.437035,38.1155,43.5063,48.7276,2.442959,0.000000,75.396339,4
29.3100,1463.715202,2.844270,2.921158,42.1610,38.8466,45.7111,2.865239,0.000000,75.480226,4
29.3200,1464.133400,-3.014715,-2.977446,42.2116,44.4190,33.4508,-3.004551,0.000000,75.424266,4
29.3300,1464.576945,-2.601824,-2.640509,45.1634,38.6634,35.7187,-2.612375,0.000000,75.357214,4
29.3400,1464.997959,-2.191945,-2.253503,39.2893,43.8280,41.3710,-2.208734,0.000000,75.334733,4
29.3500,1465.389094,-1.767133,-1.787881,39.9979,39.6553,50.5545,-1.772792,0.000000,75.389329,4
29.3600,1465.787793,-1.368205,-1.294559,39.2750,42.3497,45.4719,-1.348119,0.000000,75.473110,4
29.3700,1466.197593,-0.936939,-0.896723,43.5455,41.2348,36.5498,-0.925971,0.000000,75.434120,4
29.3800,1466.644976,-0.543249,-0.548603,43.7628,40.4343,33.5990,-0.544709,0.000000,75.385167,4
29.3900,1467.059817,-0.112214,-0.194963,40.7347,42.9784,39.2441,-0.134782,0.000000,75.313753,4
29.4000,1467.467994,0.285180,0.265214,39.9483,38.7925,49.8331,0.279735,0.000000,75.388971,4
29.4100,1467.849049,0.707696,0.749194,38.0266,44.1922,46.0117,0.719013,0.000000,75.441227,4
29.4200,1468.264357,1.118495,1.180553,44.1034,38.4086,40.3969,1.135420,0.000000,75.461486,4
29.4300,1468.699468,1.525905,1.533194,42.3254,43.8501,31.7432,1.527893,0.000000,75.392806,4
29.4400,1469.126904,1.953113,1.876016,43.4707,39.7380,38.9735,1.932086,0.000000,75.322257,4
29.4500,1469.541413,2.348540,2.318715,38.6836,42.0193,46.8407,2.340406,0.000000,75.372654,4
29.4600,1469.920567,2.784474,2.797884,39.3712,42.0208,48.6997,2.788131,0.000000,75.419155,4
29.4700,1470.337914,-3.104347,-3.021673,42.3419,39.9390,42.0882,-3.081799,0.000000,75.480929,4
29.4800,1470.759552,-2.672823,-2.665513,43.0077,43.7413,32.4347,-2.670829,0.000000,75.394839,4
29.4900,1471.204054,-2.269712,-2.317716,44.1054,38.7763,37.6659,-2.282804,0.000000,75.349382,4
29.5000,1471.610794,-1.850799,-1.908821,38.4394,44.0697,43.8804,-1.866623,0.000000,75.340951,4
29.5100,1472.002861,-1.435469,-1.425282,40.2608,38.9182,50.7758,-1.432691,0.000000,75.420348,4
29.5200,1472.402750,-1.029735,-0.954213,39.7578,43.2165,42.1432,-1.009138,0.000000,75.471100,4
29.5300,1472.823683,-0.604523,-0.580170,44.5251,40.0411,35.1941,-0.597881,0.000000,75.418111,4
29.5400,1473.267174,-0.208254,-0.235899,42.5731,41.6348,34.2212,-0.215793,0.000000,75.362701,4
29.5500,1473.675176,0.222265,0.142302,40.5301,41.7575,42.7281,0.200457,0.000000,75.321273,4
29.5600,1474.077933,0.616452,0.623381,39.1066,39.8200,50.0175,0.618341,0.000000,75.414390,4
29.5700,1474.460951,1.045201,1.093759,39.3818,43.4953,44.1233,1.058444,0.000000,75.447374,4
29.5800,1474.888727,1.447148,1.503288,44.4827,38.6013,37.8593,1.462459,0.000000,75.452440,4
29.5900,1475.320436,1.864984,1.840643,42.0890,44.2246,32.0721,1.858346,0.000000,75.362108,4
29.6000,1475.746923,2.282212,2.209514,42.8735,38.8696,42.2813,2.262385,0.000000,75.330326,4
29.6100,1476.148888,2.685713,2.671754,37.6980,43.2880,47.6551,2.681906,0.000000,75.388152,4
29.6200,1476.533761,3.116754,-3.132487,40.7296,40.5633,47.7532,1.412415,0.000000,75.439757,4
29.6300,1476.957299,-2.771511,-2.695550,42.3514,41.2583,38.5498,-2.750794,0.000000,75.469411,4
29.6400,1477.382370,-2.337547,-2.357529,43.6330,42.5722,32.7500,-2.342997,0.000000,75.369647,4
29.6500,1477.822968,-1.940809,-1.992379,42.6722,39.4563,39.7514,-1.954874,0.000000,75.346945,4
29.6600,1478.217860,-1.514985,-1.562443,38.1243,43.7057,46.0271,-1.527928,0.000000,75.354267,4
29.6700,1478.612992,-1.108506,-1.070894,40.5046,38.7649,49.7221,-1.098248,0.000000,75.446063,4
29.6800,1479.015652,-0.695493,-0.627276,40.4894,43.5899,39.0760,-0.676888,0.000000,75.460834,4
29.6900,1479.445942,-0.277783,-0.270502,44.9493,39.2523,34.5511,-0.275797,0.000000,75.401110,4
29.7000,1479.882118,0.123648,0.077751,41.4346,42.5569,35.6966,0.111131,0.000000,75.345491,4
29.7100,1480.284828,0.550398,0.483321,40.3439,40.6482,45.7475,0.532104,0.000000,75.338000,4
29.7200,1480.682868,0.945526,0.975107,38.6198,40.9683,49.1809,0.953594,0.000000,75.434698,4
29.7300,1481.072354,1.376214,1.427388,40.8826,42.4718,42.1152,1.390171,0.000000,75.449147,4
29.7400,1481.508789,1.773160,1.815856,44.3659,39.3465,35.7467,1.784805,0.000000,75.436001,4
29.7500,1481.936266,2.198759,2.148709,41.9469,43.8996,33.6680,2.185109,0.000000,75.339119,4
29.7600,1482.359674,2.606748,2.546658,41.9447,38.6756,45.0555,2.590360,0.000000,75.345270,4
29.7700,1482.751298,3.019467,3.021007,37.3942,43.9612,47.8201,3.019887,0.000000,75.403343,4
29.7800,1483.145385,-2.840799,-2.790360,41.9181,39.4778,46.0314,-2.827043,0.000000,75.455061,4
29.7900,1483.572440,-2.441285,-2.382015,42.2942,42.4471,35.6055,-2.425120,0.000000,75.448989,4
29.8000,1484.000365,-2.009574,-2.050833,43.9405,41.2707,34.0863,-2.020826,0.000000,75.351302,4
29.8100,1484.433208,-1.615103,-1.665271,41.1510,40.4217,41.7502,-1.628785,0.000000,75.349226,4
29.8200,1484.819946,-1.185648,-1.217293,38.2639,42.9208,47.5620,-1.194279,0.000000,75.372423,4
29.8300,1485.219330,-0.785841,-0.727575,40.7340,39.0781,47.7274,-0.769951,0.000000,75.463801,4
29.8400,1485.625962,-0.366617,-0.312361,41.3188,43.5242,36.5700,-0.351820,0.000000,75.444972,4
29.8500,1486.062711,0.043782,0.034467,44.8590,38.9035,34.6032,0.041242,0.000000,75.384811,4
29.8600,1486.489791,0.451280,0.393317,40.4587,43.1109,37.7378,0.435472,0.000000,75.335376,4
29.8700,1486.888683,0.872599,0.825125,40.1747,39.8214,47.9925,0.859652,0.000000,75.360177,4
29.8800,1487.283648,1.271461,1.317873,38.5504,41.9633,47.6149,1.284119,0.000000,75.448856,4
29.8900,1487.682298,1.700573,1.749952,42.2578,41.4258,40.1470,1.714040,0.000000,75.446453,4
29.9000,1488.123245,2.096406,2.120467,43.9188,40.3354,34.3430,2.102968,0.000000,75.415101,4
29.9100,1488.546332,2.525987,2.459026,41.8093,43.1333,36.0840,2.507725,0.000000,75.325889,4
29.9200,1488.964727,2.927358,2.884654,40.8865,39.0289,47.0726,2.915711,0.000000,75.363711,4
29.9300,1489.349757,-2.935209,-2.919359,37.7051,44.0080,47.4064,-2.930886,0.000000,75.417399,4
29.9400,1489.754213,-2.521126,-2.460425,42.7906,38.9087,43.8014,-2.504571,0.000000,75.463137,4
29.9500,1490.182587,-2.114996,-2.078533,42.2376,43.2634,33.5832,-2.105052,0.000000,75.423974,4
29.9600,1490.612132,-1.688866,-1.743999,43.8712,40.1415,36.0403,-1.703902,0.000000,75.340522,4
29.9700,1491.034962,-1.293097,-1.337840,39.7784,41.4033,43.5061,-1.305299,0.000000,75.355383,4
29.9800,1491.417569,-0.863371,-0.876367,38.7219,41.9500,48.3519,-0.866916,0.000000,75.392657,4
29.9900,1491.821632,-0.467438,-0.396754,40.9604,39.6729,45.1984,-0.448160,0.000000,75.472735,4
30.0000,1492.232843,-0.043875,-0.007533,42.1093,43.1373,34.7887,-0.033964,0.000000,75.426178,4
30.0100,1492.672771,0.360458,0.336523,44.3684,38.9305,35.2612,0.353931,0.000000,75.370731,4
30.0200,1493.090350,0.773690,0.710611,39.6943,43.3174,40.0199,0.756487,0.000000,75.332696,4
30.0300,1493.486852,1.189232,1.164599,40.0746,39.3064,49.3516,1.182514,0.003491,75.384357,1
30.0400,1493.882712,1.589067,1.654601,39.1638,41.8262,46.6303,1.606940,0.031416,75.467463,1
30.0500,1494.293073,2.003026,2.086625,43.2862,39.3308,41.2679,2.025826,0.087266,75.484056,1
30.0600,1494.732434,2.386589,2.485588,43.0439,39.5228,39.0127,2.413589,0.171042,75.496208,1
30.0700,1495.148618,2.794302,2.899236,41.2257,39.9106,45.3610,2.822921,0.282743,75.510436,1
30.0800,1495.556825,-3.110987,-2.869185,39.7844,37.7165,55.0521,-3.045041,0.422370,75.657262,1
30.0900,1495.946259,-2.713021,-2.314695,39.5202,40.4223,54.9044,-2.604386,0.589921,75.811104,1
30.1000,1496.370453,-2.331756,-1.781647,44.4251,36.5657,51.5507,-2.181726,0.785398,75.962817,1
30.1100,1496.813229,-1.949934,-1.291515,43.4109,40.4605,47.3676,-1.770365,0.980875,76.062832,1
30.1200,1497.240311,-1.528204,-0.819146,42.8119,42.3258,47.9392,-1.334825,1.148427,76.113474,1
30.1300,1497.677833,-1.119721,-0.318994,44.2116,40.1072,51.7646,-0.901341,1.288053,76.210855,1
30.1400,1498.114332,-0.703795,0.211657,43.1126,43.3534,53.5509,-0.454126,1.399754,76.323437,1
30.1500,1498.550384,-0.257794,0.734578,44.5475,44.9701,50.3045,0.012853,1.483530,76.395303,1
30.1600,1499.010758,0.188649,1.196071,46.8994,44.5347,42.5154,0.463400,1.539380,76.402750,1
30.1700,1499.476164,0.643389,1.584087,45.8471,46.4375,36.4933,0.899943,1.567306,76.328536,1
30.1800,1499.927613,1.107975,1.947815,44.8839,45.6139,37.6424,1.337022,1.570796,76.231085,2
30.1900,1500.374150,1.545148,2.369200,44.1100,42.6963,46.4502,1.769889,1.570796,76.226993,2
30.2000,1500.802061,1.981869,2.877990,41.9446,44.9748,53.3802,2.226266,1.570796,76.302692,2
30.2100,1501.231537,2.435702,-2.876218,44.6674,44.7336,51.1887,0.986996,1.570796,76.375625,2
30.2200,1501.698479,2.871976,-2.404767,47.4492,43.6673,43.5219,1.432864,1.570796,76.403417,2
30.2300,1502.161796,-2.952585,-2.008856,45.2056,47.6420,36.9495,-2.695204,1.570796,76.330657,2
30.2400,1502.612000,-2.481223,-1.646932,45.4731,45.3072,37.0472,-2.253689,1.570796,76.225462,2
30.2500,1503.066673,-2.053980,-1.231275,44.5647,41.8698,46.0776,-1.829606,1.570796,76.225997,2
30.2600,1503.489749,-1.615098,-0.721192,40.9054,45.8403,53.8884,-1.371305,1.570796,76.300149,2
30.2700,1503.913258,-1.158403,-0.185042,44.7764,44.0400,52.0524,-0.892941,1.570796,76.379551,2
30.2800,1504.384606,-0.734616,0.296354,47.6823,42.7137,44.5652,-0.453442,1.570796,76.429728,2
30.2900,1504.843877,-0.274032,0.700666,44.4751,48.5805,37.3820,-0.008205,1.570796,76.360895,2
30.3000,1505.291996,0.203787,1.056170,45.9634,45.2531,35.5050,0.436255,1.570796,76.242091,2
30.3100,1505.755038,0.625264,1.450533,45.2317,41.3907,43.8002,0.850337,1.570796,76.226704,2
30.3200,1506.177001,1.066617,1.944623,40.1887,46.6175,53.0300,1.306073,1.570796,76.282718,2
30.3300,1506.593522,1.529468,2.480566,44.4951,44.0449,52.6493,1.788858,1.570796,76.358206,2
30.3400,1507.067031,1.946462,2.972727,47.9749,42.0191,45.8553,2.226352,1.570796,76.426891,2
30.3500,1507.525474,2.408538,-2.894673,44.1381,49.3941,38.1945,0.962207,1.570796,76.365947,2
30.3600,1507.973609,2.893679,-2.539858,46.4986,45.4533,34.7310,1.411806,1.570796,76.238439,2
30.3700,1508.444626,-2.971398,-2.157149,45.8537,41.0611,42.5691,-2.749330,1.570796,76.214754,2
30.3800,1508.866250,-2.528555,-1.669549,39.6628,47.0760,52.9990,-2.294280,1.567306,76.263346,3
30.3900,1509.277446,-2.063640,-1.126796,44.2428,43.7134,53.8654,-1.808137,1.539380,76.345761,3
30.4000,1509.751201,-1.654678,-0.618374,48.0058,41.2350,47.6625,-1.372050,1.483530,76.439445,3
30.4100,1510.207639,-1.195044,-0.185766,43.7413,49.6129,39.5306,-0.919786,1.399754,76.395992,3
30.4200,1510.648566,-0.696682,0.159527,45.6944,47.6986,30.9935,-0.463170,1.288053,76.238111,3
30.4300,1511.118757,-0.256035,0.460021,46.4472,42.9090,30.7297,-0.060747,1.148427,76.102273,3
30.4400,1511.547205,0.199267,0.800063,39.9289,47.8825,37.0219,0.363121,0.980875,75.988477,3
30.4500,1511.942219,0.673647,1.198990,40.7340,45.1871,41.5650,0.816922,0.785398,75.920810,3
30.4600,1512.366308,1.103178,1.600905,42.6580,43.3232,37.1064,1.238922,0.589921,75.888003,3
30.4700,1512.783575,1.572099,1.905534,41.7502,48.8142,25.4001,1.663036,0.422370,75.707803,3
30.4800,1513.228622,2.018324,2.159492,46.1949,40.2393,28.1483,2.056825,0.282743,75.528654,3
30.4900,1513.658056,2.436384,2.485351,39.1584,45.4407,35.9748,2.449739,0.171042,75.437873,3
30.5000,1514.038698,2.890056,2.906105,39.2482,41.9407,47.6483,2.894433,0.087266,75.422011,3
30.5100,1514.439848,-2.995457,-2.890503,39.5030,41.6427,45.5151,-2.966833,0.031416,75.504655,3
30.5200,1514.842273,-2.550532,-2.506274,42.7569,43.4507,34.3122,-2.538462,0.003491,75.434043,3
30.5300,1515.297008,-2.159770,-2.169679,45.2436,38.3057,33.4620,-2.162472,0.000000,75.382643,4
30.5400,1515.712004,-1.731530,-1.821548,39.4913,44.7625,38.2094,-1.756081,0.000000,75.303543,4
30.5500,1516.114354,-1.327509,-1.357979,40.3819,37.3100,51.7855,-1.335819,0.000000,75.382540,4
30.5600,1516.494867,-0.917893,-0.856541,36.9065,44.7688,46.3787,-0.901161,0.000000,75.459952,4
30.5700,1516.901230,-0.494651,-0.433745,44.3761,38.2500,39.6064,-0.478040,0.000000,75.460485,4
30.5800,1517.345794,-0.105498,-0.085795,42.6144,42.6594,30.6337,-0.100124,0.000000,75.404387,4
30.5900,1517.764172,0.333170,0.235468,42.6470,41.0753,37.1344,0.306524,0.000000,75.299355,4
30.6000,1518.182548,0.714133,0.682184,39.1901,39.4026,48.4519,0.705420,0.000000,75.374391,4
30.6100,1518.549289,1.152086,1.165892,37.2961,44.2247,48.1869,1.155852,0.000000,75.416913,4
30.6200,1518.963177,1.544950,1.634083,43.4236,37.2811,43.4944,1.569259,0.000000,75.491645,4
30.6300,1519.386145,1.965020,1.988814,41.8408,45.3360,30.2138,1.971509,0.000000,75.406659,4
30.6400,1519.826851,2.380842,2.313646,45.2359,37.6156,36.7844,2.362516,0.000000,75.331548,4
30.6500,1520.242918,2.780320,2.724777,37.9129,43.9663,43.7745,2.765172,0.000000,75.342452,4
30.6600,1520.621066,-3.069111,-3.077745,39.6348,39.8365,51.5728,-3.071466,0.000000,75.402587,4
30.6700,1521.026910,-2.680695,-2.583930,40.0966,41.4893,44.1366,-2.654305,0.000000,75.495011,4
30.6800,1521.438967,-2.242347,-2.215415,43.7296,42.3357,33.3037,-2.235002,0.000000,75.416984,4
30.6900,1521.892821,-1.853728,-1.879333,44.2703,39.0980,34.1524,-1.860711,0.000000,75.366945,4
30.7000,1522.299670,-1.422322,-1.512199,39.1442,44.1183,40.9483,-1.446834,0.000000,75.307276,4
30.7100,1522.699137,-1.023906,-1.029653,39.8971,37.6247,52.1953,-1.025474,0.000000,75.406689,4
30.7200,1523.079797,-0.607814,-0.540935,37.7367,44.7213,44.4265,-0.589574,0.000000,75.463854,4
30.7300,1523.497114,-0.192225,-0.136930,45.0083,37.8389,37.7387,-0.177144,0.000000,75.453140,4
30.7400,1523.939027,0.203994,0.198495,42.1092,43.4448,30.5803,0.202495,0.000000,75.379017,4
30.7500,1524.355684,0.637307,0.539600,42.4175,40.0497,40.0746,0.610660,0.000000,75.303123,4
30.7600,1524.765564,1.020950,1.005676,38.2015,40.5889,49.2071,1.016785,0.000000,75.390422,4
30.7700,1525.134441,1.460347,1.487960,38.4910,43.1993,47.4643,1.467878,0.000000,75.430959,4
30.7800,1525.557145,1.848947,1.937457,43.6499,38.0261,40.7561,1.873086,0.000000,75.487265,4
30.7900,1525.981149,2.276456,2.273385,42.2176,45.0884,29.9682,2.275618,0.000000,75.380581,4
30.8000,1526.422090,2.684238,2.614243,44.4746,37.4688,39.0333,2.665148,0.000000,75.330784,4
30.8100,1526.826716,3.091645,3.044200,37.1783,44.5341,45.4143,3.078705,0.000000,75.351861,4
30.8200,1527.207758,-2.764128,-2.749112,40.2796,39.0081,51.3027,-2.760033,0.000000,75.426177,4
30.8300,1527.616905,-2.371710,-2.276610,40.4160,42.3696,41.1684,-2.345773,0.000000,75.489685,4
30.8400,1528.036111,-1.935603,-1.926893,44.4270,41.3712,32.6898,-1.933228,0.000000,75.399333,4
30.8500,1528.486421,-1.547549,-1.586373,43.1723,39.9200,35.3045,-1.558138,0.000000,75.354197,4
30.8600,1528.885649,-1.114473,-1.198309,38.8892,43.3779,43.5262,-1.137338,0.000000,75.316695,4
30.8700,1529.282995,-0.720256,-0.702408,39.5536,38.1152,51.8941,-0.715388,0.000000,75.428906,4
30.8800,1529.666122,-0.298966,-0.230442,38.7257,44.4462,42.3511,-0.280278,0.000000,75.463980,4
30.8900,1530.093069,0.109818,0.155549,45.3524,37.7087,36.1258,0.122290,0.000000,75.441882,4
30.9000,1530.530948,0.513154,0.484254,41.6159,43.9445,31.2845,0.505272,0.000000,75.356492,4
30.9100,1530.945348,0.940233,0.848757,42.0542,39.2407,42.9019,0.915285,0.000000,75.312655,4
30.9200,1531.347132,1.328418,1.329851,37.4934,41.6945,49.4535,1.328809,0.000000,75.406157,4
30.9300,1531.721162,1.766820,1.806389,39.7809,42.1137,46.3343,1.777612,0.000000,75.442719,4
30.9400,1532.151178,2.153487,2.235021,43.6915,38.9715,38.1282,2.175723,0.000000,75.476623,4
30.9500,1532.575650,2.586486,2.558302,42.5356,44.5062,30.5513,2.578800,0.000000,75.357318,4
30.9600,1533.014571,2.987111,2.919086,43.4851,37.6419,41.2726,2.968559,0.000000,75.334425,4
30.9700,1533.408725,-2.880922,-2.917499,36.7704,44.7943,46.7107,-2.890898,0.000000,75.363981,4
30.9800,1533.794613,-2.460758,-2.424221,40.9309,38.3988,50.3329,-2.450793,0.000000,75.446710,4
30.9900,1534.206977,-2.063317,-1.976094,40.7615,43.1000,38.3490,-2.039529,0.000000,75.478587,4
31.0000,1534.632298,-1.630911,-1.640218,44.8576,40.4588,32.6609,-1.633449,0.000000,75.382340,4
31.0100,1535.076831,-1.242065,-1.290706,42.0276,40.7183,36.7964,-1.255331,0.000000,75.345236,4
31.0200,1535.469434,-0.808738,-0.881482,38.7484,42.5940,45.7724,-0.828577,0.000000,75.330736,4
31.0300,1535.865680,-0.417239,-0.378442,39.3791,38.7170,50.9498,-0.406658,0.000000,75.447845,4
31.0400,1536.253160,0.007818,0.074066,39.7761,44.0119,40.2849,0.025885,0.000000,75.460341,4
31.0500,1536.687870,0.411059,0.444073,45.4172,37.8262,34.8956,0.420063,0.000000,75.427690,4
31.0600,1537.120726,0.820901,0.772219,41.1481,44.1617,32.6443,0.807624,0.000000,75.338458,4
31.0700,1537.532365,1.241613,1.161681,41.5939,38.6882,45.4306,1.219813,0.000000,75.326842,4
31.0800,1537.927209,1.635528,1.652689,37.1228,42.6154,49.2001,1.640208,0.000000,75.420690,4
31.0900,1538.308742,2.070857,2.119622,41.0441,41.0879,44.8747,2.084156,0.000000,75.451268,4
31.1000,1538.744133,2.457941,2.526820,43.5749,40.0054,35.8200,2.476726,0.000000,75.460727,4
31.1100,1539.168547,2.893956,2.844462,42.7492,43.6802,31.8594,2.880457,0.000000,75.338658,4
31.1200,1539.603318,-2.994125,-3.056033,42.3611,38.0919,43.3384,-3.011009,0.000000,75.341775,4
31.1300,1539.988855,-2.572241,-2.595979,36.7110,44.7289,47.5860,-2.578715,0.000000,75.377924,4
31.1400,1540.380946,-2.159469,-2.105109,41.5314,38.0497,48.7780,-2.144643,0.000000,75.462748,4
31.1500,1540.796209,-1.756471,-1.682391,41.1085,43.6363,35.8762,-1.736267,0.000000,75.462875,4
31.1600,1541.226264,-1.328885,-1.354642,45.0099,39.6618,33.1816,-1.335909,0.000000,75.367264,4
31.1700,1541.663359,-0.938054,-0.992617,40.9113,41.4469,38.4847,-0.952935,0.000000,75.340442,4
31.1800,1542.050695,-0.505713,-0.563565,38.7332,41.8195,47.5583,-0.521491,0.000000,75.347988,4
31.1900,1542.446987,-0.115542,-0.059567,39.3764,39.3615,49.4869,-0.100276,0.000000,75.462585,4
31.2000,1542.840101,0.311908,0.372209,40.7986,43.4909,38.3513,0.328354,0.000000,75.453232,4
31.2100,1543.280419,0.711035,0.729337,45.2379,38.1293,34.1387,0.716026,0.000000,75.411880,4
31.2200,1543.707634,1.126320,1.062741,40.7084,44.1423,34.4890,1.108980,0.000000,75.325918,4
31.2300,1544.116147,1.541164,1.476756,41.0901,38.3941,47.5161,1.523598,0.000000,75.344244,4
31.2400,1544.505817,1.941208,1.972307,37.0976,43.2829,48.4960,1.949690,0.000000,75.433311,4
31.2500,1544.896274,2.372041,2.426531,42.1774,40.2191,43.1940,2.386902,0.000000,75.455938,4
31.2600,1545.334974,2.761504,2.813415,43.3423,41.0008,34.0094,2.775662,0.000000,75.441228,4
31.2700,1545.758772,-3.085184,3.132377,42.8188,42.7425,33.7007,-1.389485,0.000000,75.325622,4
31.2800,1546.187678,-2.693571,-2.746139,41.2136,38.7302,45.1088,-2.707908,0.000000,75.351910,4
31.2900,1546.567056,-2.266603,-2.276467,36.9680,44.3770,47.9984,-2.269293,0.000000,75.392651,4
31.3000,1546.965999,-1.860623,-1.793244,42.0421,37.9563,46.8087,-1.842247,0.000000,75.473410,4
31.3100,1547.383703,-1.452090,-1.394991,41.4341,43.9546,33.9011,-1.436518,0.000000,75.444113,4
31.3200,1547.816890,-1.029973,-1.069566,44.8996,39.0293,34.1594,-1.040771,0.000000,75.355016,4
31.3300,1548.245559,-0.636247,-0.692766,39.8886,42.0711,40.2266,-0.651662,0.000000,75.339759,4
31.3400,1548.629211,-0.205873,-0.246492,38.8425,41.1011,48.8072,-0.216951,0.000000,75.366897,4
31.3500,1549.026677,0.184156,0.252876,39.5255,39.9909,47.6599,0.202897,0.000000,75.472672,4
31.3600,1549.426045,0.612829,0.664025,41.7223,42.9450,36.6562,0.626792,0.000000,75.443209,4
31.3700,1549.869769,1.009207,1.012144,44.8650,38.5434,33.8931,1.010008,0.000000,75.395893,4
31.3800,1550.291049,1.428681,1.355682,40.2958,43.9542,36.6163,1.408772,0.000000,75.319172,4
31.3900,1550.696305,1.838575,1.792139,40.6032,38.3262,49.0657,1.825911,0.000000,75.363318,4
31.4000,1551.082911,2.244411,2.287080,37.3759,43.6772,47.4199,2.256048,0.000000,75.443514,4
31.4100,1551.482717,2.670102,2.726449,43.1097,39.5640,41.4203,2.685470,0.000000,75.456441,4
31.4200,1551.922793,3.063222,3.095681,43.0372,41.8469,32.8119,3.072075,0.000000,75.420135,4
31.4300,1552.345335,-2.785125,-2.861152,42.7256,41.8247,35.8467,-2.805860,0.000000,75.318410,4
31.4400,1552.767307,-2.395005,-2.436033,40.1489,39.4488,46.5089,-2.406195,0.000000,75.363856,4
31.4500,1553.143200,-1.964905,-1.960857,37.4680,43.8224,47.9480,-1.963801,0.000000,75.407076,4
31.4600,1553.548983,-1.564561,-1.489471,42.4452,38.0773,44.6200,-1.544082,0.000000,75.478454,4
31.4700,1553.968604,-1.151025,-1.113066,41.7169,44.0569,32.5116,-1.140673,0.000000,75.424017,4
31.4800,1554.403250,-0.734498,-0.784691,44.5669,38.5858,35.4693,-0.748187,0.000000,75.346086,4
31.4900,1554.823190,-0.337325,-0.392127,39.0094,42.5699,41.8963,-0.352271,0.000000,75.342778,4
31.5000,1555.204808,0.090407,0.067879,39.0636,40.4748,49.4976,0.084263,0.000000,75.385959,4
31.5100,1555.604422,0.481206,0.558027,39.7899,40.5658,45.6292,0.502157,0.000000,75.478078,4
31.5200,1556.010060,0.910202,0.949861,42.4986,42.4192,35.2817,0.921018,0.000000,75.431038,4
31.5300,1556.455134,1.304979,1.293216,44.3539,38.9992,34.1396,1.301771,0.000000,75.381075,4
31.5400,1556.870441,1.727417,1.650420,39.9117,43.6671,38.8260,1.706418,0.000000,75.317897,4
31.5500,1557.272606,2.133453,2.105928,40.1896,38.4279,50.0440,2.125946,0.000000,75.382613,4
31.5600,1557.658283,2.544201,2.595716,37.8791,43.8259,46.0680,2.558250,0.000000,75.450983,4
31.5700,1558.066985,2.964816,3.019153,43.8069,39.1345,39.6873,2.979635,0.000000,75.452933,4
31.5800,1558.506807,-2.921107,-2.908624,42.6930,42.4744,32.2613,-2.917703,0.000000,75.399447,4
31.5900,1558.927384,-2.489386,-2.570291,42.4784,41.0244,38.0789,-2.511451,0.000000,75.316540,4
31.6000,1559.342091,-2.099129,-2.127401,39.2511,40.1459,47.5080,-2.106840,0.000000,75.376705,4
31.6100,1559.717021,-1.667794,-1.650754,38.1181,43.1684,47.4761,-1.663147,0.000000,75.420188,4
31.6200,1560.129125,-1.271645,-1.194063,42.7405,38.3490,42.4015,-1.250486,0.000000,75.478233,4
31.6300,1560.550116,-0.854015,-0.835696,41.9367,43.9718,31.7254,-0.849019,0.000000,75.404190,4
31.6400,1560.984628,-0.442715,-0.500061,44.0688,38.3281,36.9784,-0.458355,0.000000,75.340575,4
31.6500,1561.396150,-0.041915,-0.091881,38.3057,42.9363,43.3934,-0.055542,0.000000,75.348844,4
31.6600,1561.777302,0.382813,0.377898,39.3754,39.9618,49.6592,0.381473,0.000000,75.403880,4
31.6700,1562.179799,0.775009,0.855470,40.1261,41.0650,43.5428,0.796953,0.000000,75.479133,4
31.6800,1562.591227,1.203694,1.230254,43.1015,41.9409,34.2796,1.210938,0.000000,75.417615,4
31.6900,1563.035872,1.597732,1.573036,43.7565,39.4433,34.8090,1.590996,0.000000,75.368485,4
31.7000,1563.445382,2.022082,1.945937,39.5617,43.3394,40.9450,2.001315,0.000000,75.321303,4
31.7100,1563.844914,2.425313,2.416314,39.8904,38.6319,50.4701,2.422859,0.000000,75.400920,4
31.7200,1564.231534,2.839809,2.897296,38.5122,43.7880,44.5427,2.855487,0.000000,75.455590,4
31.7300,1564.648030,-3.027261,-2.978393,44.2693,38.9041,38.1180,-3.013934,0.000000,75.445995,4
31.7400,1565.086342,-2.626079,-2.632345,42.3289,42.8657,32.3094,-2.627788,0.000000,75.380819,4
31.7500,1565.504247,-2.198170,-2.279173,42.1099,40.3930,40.2194,-2.220262,0.000000,75.319086,4
31.7600,1565.912060,-1.806702,-1.821858,38.5705,40.7450,48.1121,-1.810835,0.000000,75.389674,4
31.7700,1566.288108,-1.375688,-1.347385,38.8288,42.5110,46.6578,-1.367969,0.000000,75.431184,4
31.7800,1566.705700,-0.982286,-0.906835,42.9398,38.7019,40.3144,-0.961708,0.000000,75.473561,4
31.7900,1567.127520,-0.561663,-0.562059,42.0777,43.7488,31.4970,-0.561771,0.000000,75.385925,4
31.8000,1567.560517,-0.154858,-0.216049,43.4690,38.2301,38.5646,-0.171547,0.000000,75.338272,4
31.8100,1567.964421,0.249416,0.206695,37.7900,43.1762,44.6473,0.237765,0.000000,75.357164,4
31.8200,1568.346469,0.671073,0.682217,39.7511,39.5682,49.3621,0.674112,0.000000,75.419682,4
31.8300,1568.752297,1.065021,1.145144,40.4914,41.4807,41.5261,1.086873,0.000000,75.476435,4
31.8400,1569.168684,1.492985,1.505799,43.5240,41.5238,33.6671,1.496480,0.000000,75.403857,4
31.8500,1569.611473,1.886861,1.851759,43.1180,39.8410,35.7979,1.877287,0.000000,75.358788,4
31.8600,1570.015536,2.312298,2.240943,39.2545,43.0130,42.8401,2.292838,0.000000,75.328325,4
31.8700,1570.413118,2.713603,2.721707,39.7254,38.8738,50.4074,2.715813,0.000000,75.417349,4
31.8800,1570.802097,3.130641,-3.091922,39.1844,43.6334,42.9438,1.433578,0.000000,75.457394,4
31.8900,1571.224912,-2.740090,-2.699414,44.5221,38.8218,36.8084,-2.728997,0.000000,75.436518,4
31.9000,1571.660821,-2.335702,-2.358199,41.9529,43.0472,32.8454,-2.341837,0.000000,75.365353,4
31.9100,1572.075449,-1.911643,-1.989004,41.6676,39.9399,42.1425,-1.932741,0.000000,75.324914,4
31.9200,1572.477281,-1.518464,-1.520838,38.1218,41.2025,48.3555,-1.519111,0.000000,75.402133,4
31.9300,1572.855946,-1.088842,-1.051564,39.5276,41.9218,45.5887,-1.078675,0.000000,75.439553,4
31.9400,1573.278059,-0.696928,-0.627304,43.0610,39.0726,38.4791,-0.677939,0.000000,75.465532,4
31.9500,1573.700186,-0.274423,-0.291559,42.1308,43.4471,31.7345,-0.279097,0.000000,75.370098,4
31.9600,1574.130587,0.128824,0.066718,42.8290,38.2528,40.1274,0.111886,0.000000,75.338751,4
31.9700,1574.528008,0.536163,0.502327,37.4572,43.3052,45.6182,0.526935,0.000000,75.366912,4
31.9800,1574.912018,0.954927,0.979828,40.1628,39.2877,48.7020,0.961718,0.000000,75.432743,4
31.9900,1575.321349,1.350750,1.427253,40.8498,41.8123,39.6769,1.371615,0.000000,75.470755,4
32.0000,1575.741657,1.777754,1.777035,43.7740,41.1725,33.4268,1.777558,0.000000,75.390600,4
32.0100,1576.181535,2.171803,2.129191,42.4758,40.1734,36.9893,2.160181,0.000000,75.352239,4
32.0200,1576.580645,2.597720,2.534019,38.9984,42.7146,44.4235,2.580347,0.000000,75.337799,4
32.0300,1576.977077,2.997744,3.020821,39.6925,39.1022,49.9491,3.004038,0.000000,75.431344,4
32.0400,1577.369297,-2.866940,-2.805800,39.8231,43.4252,41.3608,-2.850265,0.000000,75.456639,4
32.0500,1577.796828,-2.457258,-2.426569,44.6045,38.8293,35.8161,-2.448888,0.000000,75.425543,4
32.0600,1578.229760,-2.050619,-2.086093,41.5686,43.0701,33.7258,-2.060294,0.000000,75.353561,4
32.0700,1578.640692,-1.629987,-1.701093,41.2014,39.6465,43.7742,-1.649380,0.000000,75.332881,4
32.0800,1579.037791,-1.235079,-1.225528,37.8894,41.5062,48.2928,-1.232474,0.000000,75.413609,4
32.0900,1579.419965,-0.807415,-0.763723,40.1644,41.4432,44.3698,-0.795499,0.000000,75.445103,4
32.1000,1579.845637,-0.416027,-0.354836,43.1237,39.4115,36.9698,-0.399338,0.000000,75.455336,4
32.1100,1580.267581,0.007372,-0.023892,42.0954,43.1234,32.3215,-0.001154,0.000000,75.357164,4
32.1200,1580.694647,0.408060,0.347440,42.2014,38.3534,41.5917,0.391527,0.000000,75.341463,4
32.1300,1581.086897,0.817888,0.793831,37.2876,43.3451,46.2948,0.811327,0.000000,75.377311,4
32.1400,1581.473600,1.234119,1.270058,40.5833,39.1064,47.7844,1.243921,0.000000,75.442782,4
32.1500,1581.886365,1.631743,1.702160,41.1750,42.0622,38.0635,1.650948,0.000000,75.462960,4
32.1600,1582.309475,2.057677,2.044350,43.8692,40.8878,33.5105,2.054042,0.000000,75.378502,4
32.1700,1582.745750,2.452045,2.404834,41.8602,40.4319,38.2702,2.439170,0.000000,75.348736,4
32.1800,1583.140506,2.878012,2.823748,38.7978,42.4588,45.6507,2.863212,0.000000,75.348608,4
32.1900,1583.536581,-3.006011,-2.970480,39.7726,39.2837,49.2024,-2.996321,0.000000,75.442651,4
32.2000,1583.932420,-2.586916,-2.527495,40.3789,43.2103,39.8680,-2.570711,0.000000,75.453734,4
32.2100,1584.363124,-2.179202,-2.159346,44.5596,38.8753,35.1570,-2.173787,0.000000,75.414074,4
32.2200,1584.792771,-1.771301,-1.816281,41.1808,42.9903,34.8054,-1.783569,0.000000,75.345448,4
32.2300,1585.199812,-1.353424,-1.416719,40.7538,39.4813,45.0837,-1.370686,0.000000,75.341956,4
32.2400,1585.593548,-0.957094,-0.936840,37.8382,41.6662,47.9907,-0.951571,0.000000,75.423784,4
32.2500,1585.979594,-0.531532,-0.483976,40.7098,41.0923,43.0951,-0.518562,0.000000,75.447940,4
32.2600,1586.407947,-0.140024,-0.088786,43.1459,39.6848,35.8175,-0.126050,0.000000,75.444096,4
32.2700,1586.829274,0.283485,0.240966,41.9788,42.8230,33.1380,0.271889,0.000000,75.347224,4
32.2800,1587.252599,0.682557,0.625228,41.6261,38.4926,42.9064,0.666922,0.000000,75.345806,4
32.2900,1587.641023,1.094209,1.080169,37.2520,43.3191,46.6910,1.090380,0.000000,75.387702,4
32.3000,1588.030808,1.508390,1.552528,40.9889,39.0070,46.7117,1.520428,0.000000,75.449804,4
32.3100,1588.446764,1.907579,1.970298,41.4511,42.2330,36.7257,1.924684,0.000000,75.453923,4
32.3200,1588.871570,2.332431,2.307927,43.8333,40.6690,33.8485,2.325748,0.000000,75.368003,4
32.3300,1589.303885,2.727129,2.677959,41.2954,40.6131,39.5449,2.713719,0.000000,75.347915,4
32.3400,1589.694945,-3.130346,3.108823,38.6508,42.2528,46.5158,-1.428755,0.000000,75.359787,4
32.3500,1590.091344,-2.731795,-2.686457,39.9374,39.4010,48.2748,-2.719430,0.000000,75.451260,4
32.3600,1590.490778,-2.312770,-2.256800,40.8254,43.0174,38.5208,-2.297506,0.000000,75.449211,4
32.3700,1590.923280,-1.906358,-1.897345,44.4273,38.9238,34.8087,-1.903900,0.000000,75.402944,4
32.3800,1591.349557,-1.498086,-1.549277,40.7977,42.8537,35.9589,-1.512047,0.000000,75.340671,4
32.3900,1591.752732,-1.082204,-1.137040,40.3544,39.4121,46.0733,-1.097159,0.000000,75.351283,4
32.4000,1592.144422,-0.684938,-0.655413,37.9253,41.7045,47.5208,-0.676886,0.000000,75.432488,4
32.4100,1592.534295,-0.261320,-0.212206,41.1504,40.8687,41.8422,-0.247925,0.000000,75.448393,4
32.4200,1592.964572,0.130681,0.171402,43.1435,39.8744,35.0161,0.141787,0.000000,75.432759,4
32.4300,1593.384927,0.553727,0.502795,41.7943,42.5758,34.0742,0.539837,0.000000,75.340117,4
32.4400,1593.804389,0.952011,0.899173,41.1293,38.6392,44.0420,0.937601,0.000000,75.351182,4
32.4500,1594.190264,1.364792,1.360486,37.3164,43.2487,46.8399,1.363617,0.000000,75.397579,4
32.4600,1594.583204,1.777474,1.827085,41.3602,38.9728,45.5737,1.791004,0.000000,75.454034,4
32.4700,1595.001996,2.177863,2.232088,41.6718,42.3264,35.6769,2.192652,0.000000,75.444458,4
32.4800,1595.427480,2.601702,2.567737,43.6917,40.5159,34.3599,2.592439,0.000000,75.359305,4
32.4900,1595.855760,2.996644,2.947701,40.7996,40.7153,40.7413,2.983296,0.000000,75.349253,4
32.5000,1596.243795,-2.861315,-2.895068,38.5487,42.0996,47.0424,-2.870521,0.000000,75.370578,4
32.5100,1596.641014,-2.463223,-2.410648,40.1566,39.4497,47.2635,-2.448884,0.000000,75.457341,4
32.5200,1597.043749,-2.044772,-1.993406,41.1543,42.8597,37.3541,-2.030763,0.000000,75.443670,4
32.5300,1597.476887,-1.639119,-1.640333,44.2366,38.9584,34.7195,-1.639450,-0.001257,75.392708,1
32.5400,1597.898603,-1.228689,-1.288354,40.1490,43.3361,36.3914,-1.244961,-0.023597,75.331952,1
32.5500,1598.295516,-0.802950,-0.882044,39.9383,40.7257,44.2810,-0.824521,-0.073862,75.323557,1
32.5600,1598.688777,-0.391837,-0.437363,38.5052,43.1553,42.2341,-0.404253,-0.152053,75.350299,1
32.5700,1599.085275,0.051707,-0.063378,41.7288,43.4452,33.8888,0.020320,-0.258169,75.273418,1
32.5800,1599.521126,0.471824,0.241107,43.7618,42.5148,27.7963,0.408902,-0.392210,75.151787,1
32.5900,1599.943915,0.925417,0.512522,41.4835,46.7508,28.5137,0.812810,-0.554177,74.967891,1
32.6000,1600.361792,1.380591,0.842023,42.0303,44.3100,36.4354,1.233709,-0.744069,74.852502,1
32.6100,1600.776793,1.826909,1.225424,40.9761,45.6290,38.7722,1.662868,-0.944014,74.789497,1
32.6200,1601.192778,2.290061,1.600493,42.7790,46.1521,36.0694,2.101997,-1.117150,74.698377,1
32.6300,1601.638370,2.742519,1.942671,45.5787,44.8489,33.0967,2.524379,-1.262362,74.586464,1
32.6400,1602.091574,-3.081196,2.279156,44.7865,47.2095,35.0287,-1.619282,-1.379648,74.463476,1
32.6500,1602.539481,-2.605284,2.662804,45.3696,46.8357,41.4566,-1.168533,-1.469009,74.378958,1
32.6600,1603.002445,-2.163925,3.118265,46.3804,42.2608,48.7339,-0.723328,-1.530444,74.404502,1
32.6700,1603.444808,-1.735702,-2.650349,42.0980,44.2991,52.8266,-1.985151,-1.563955,74.491764,1
32.6800,1603.858194,-1.282288,-2.133425,41.9545,45.1089,49.4615,-1.514416,-1.570796,74.550902,2
32.6900,1604.299621,-0.845683,-1.690404,45.7125,42.8560,39.8296,-1.076061,-1.570796,74.549562,2
32.7000,1604.758952,-0.406058,-1.327637,45.5039,45.5771,34.8267,-0.657398,-1.570796,74.465558,2
32.7100,1605.210102,0.063103,-0.960602,45.2885,46.9799,39.3579,-0.216089,-1.570796,74.367922,2
32.7200,1605.670384,0.512824,-0.522746,46.3040,43.1704,47.4452,0.230396,-1.570796,74.368002,2
32.7300,1606.119086,0.939316,-0.011586,43.1034,43.1950,53.3935,0.679979,-1.570796,74.457504,2
32.7400,1606.535142,1.383349,0.522515,41.3331,44.8158,52.0400,1.148576,-1.570796,74.544045,2
32.7500,1606.964763,1.823792,0.994978,44.5590,43.4045,42.5671,1.597752,-1.570796,74.567554,2
32.7600,1607.422140,2.261221,1.371311,46.1225,44.6104,34.8391,2.018518,-1.570796,74.498012,2
32.7700,1607.879920,2.722102,1.725169,45.5531,46.8807,37.3417,2.450211,-1.570796,74.392481,2
32.7800,1608.337789,-3.101014,2.144486,46.0060,44.6806,45.9843,-1.670423,-1.570796,74.363093,2
