t,phi,alpha,theta,phi_dot,alpha_dot,theta_dot,beta,delta_cmd,delta_actual,phase
0.0010,0.000000,0.087266,0.087266,0.0000,0.0000,0.0000,0.087266,0.000000,0.000000,0
0.0020,0.000010,0.087266,0.087266,0.0102,0.0000,0.0000,0.087266,0.000000,-0.000009,0
0.0030,0.000031,0.087282,0.087274,0.0211,0.0160,0.0075,0.087280,0.000000,-0.000026,0
0.0040,0.000063,0.087315,0.087289,0.0320,0.0330,0.0155,0.087308,0.000000,-0.000053,0
0.0050,0.000106,0.087365,0.087313,0.0428,0.0500,0.0235,0.087350,0.000000,-0.000088,0
0.0060,0.000160,0.087432,0.087344,0.0537,0.0669,0.0315,0.087406,0.000000,-0.000132,0
0.0070,0.000224,0.087516,0.087384,0.0645,0.0838,0.0396,0.087477,0.000000,-0.000185,0
0.0080,0.000300,0.087617,0.087432,0.0752,0.1006,0.0477,0.087562,0.000000,-0.000247,0
0.0090,0.000385,0.087734,0.087487,0.0860,0.1174,0.0558,0.087662,0.000000,-0.000317,0
0.0100,0.000482,0.087868,0.087551,0.0967,0.1341,0.0639,0.087775,0.000000,-0.000396,0
0.0110,0.000590,0.088019,0.087623,0.1075,0.1509,0.0720,0.087903,0.000000,-0.000483,0
0.0120,0.000708,0.088187,0.087703,0.1182,0.1676,0.0802,0.088045,0.000000,-0.000579,0
0.0130,0.000837,0.088371,0.087792,0.1289,0.1842,0.0883,0.088201,0.000000,-0.000684,0
0.0140,0.000976,0.088572,0.087888,0.1396,0.2009,0.0966,0.088371,0.000000,-0.000796,0
0.0150,0.001127,0.088789,0.087993,0.1503,0.2175,0.1048,0.088555,0.000000,-0.000917,0
0.0160,0.001288,0.089024,0.088106,0.1610,0.2342,0.1131,0.088754,0.000000,-0.001047,0
0.0170,0.001459,0.089274,0.088228,0.1717,0.2508,0.1213,0.088966,0.000000,-0.001185,0
0.0180,0.001642,0.089542,0.088357,0.1824,0.2674,0.1297,0.089193,0.000000,-0.001330,0
0.0190,0.001835,0.089826,0.088495,0.1931,0.2840,0.1380,0.089434,0.000000,-0.001485,0
0.0200,0.002039,0.090126,0.088642,0.2037,0.3006,0.1464,0.089690,0.000000,-0.001647,0
0.0210,0.002253,0.090443,0.088796,0.2144,0.3171,0.1548,0.089959,0.000000,-0.001818,0
0.0220,0.002478,0.090777,0.088960,0.2251,0.3337,0.1632,0.090243,0.000000,-0.001996,0
0.0230,0.002714,0.091127,0.089131,0.2357,0.3503,0.1716,0.090540,0.000000,-0.002183,0
0.0240,0.002960,0.091494,0.089311,0.2464,0.3669,0.1801,0.090852,0.000000,-0.002378,0
0.0250,0.003217,0.091878,0.089500,0.2571,0.3834,0.1886,0.091178,0.000000,-0.002581,0
0.0260,0.003485,0.092278,0.089697,0.2677,0.4000,0.1971,0.091519,0.000000,-0.002792,0
0.0270,0.003763,0.092694,0.089903,0.2784,0.4166,0.2056,0.091873,0.000000,-0.003011,0
0.0280,0.004052,0.093127,0.090117,0.2890,0.4331,0.2142,0.092242,0.000000,-0.003238,0
0.0290,0.004352,0.093577,0.090339,0.2996,0.4497,0.2228,0.092625,0.000000,-0.003472,0
0.0300,0.004662,0.094043,0.090571,0.3103,0.4663,0.2314,0.093022,0.000000,-0.003715,0
0.0310,0.004983,0.094526,0.090811,0.3209,0.4829,0.2400,0.093433,0.000000,-0.003966,0
0.0320,0.005315,0.095026,0.091060,0.3316,0.4994,0.2487,0.093859,0.000000,-0.004225,0
0.0330,0.005657,0.095542,0.091317,0.3422,0.5160,0.2574,0.094299,0.000000,-0.004491,0
0.0340,0.006010,0.096074,0.091583,0.3528,0.5326,0.2661,0.094753,0.000000,-0.004766,0
0.0350,0.006373,0.096624,0.091858,0.3635,0.5493,0.2748,0.095222,0.000000,-0.005048,0
0.0360,0.006747,0.097189,0.092141,0.3741,0.5659,0.2835,0.095705,0.000000,-0.005338,0
0.0370,0.007132,0.097772,0.092434,0.3847,0.5825,0.2923,0.096202,0.000000,-0.005636,0
0.0380,0.007528,0.098371,0.092735,0.3954,0.5992,0.3011,0.096713,0.000000,-0.005942,0
0.0390,0.007934,0.098987,0.093045,0.4060,0.6158,0.3099,0.097239,0.000000,-0.006256,0
0.0400,0.008350,0.099619,0.093363,0.4166,0.6325,0.3188,0.097779,0.000000,-0.006578,0
0.0410,0.008777,0.100269,0.093691,0.4273,0.6492,0.3276,0.098334,0.000000,-0.006907,0
0.0420,0.009215,0.100935,0.094028,0.4379,0.6659,0.3365,0.098903,0.000000,-0.007244,0
0.0430,0.009664,0.101617,0.094373,0.4485,0.6826,0.3454,0.099487,0.000000,-0.007589,0
0.0440,0.010123,0.102317,0.094727,0.4592,0.6994,0.3543,0.100084,0.000000,-0.007942,0
0.0450,0.010593,0.103033,0.095091,0.4698,0.7162,0.3633,0.100697,0.000000,-0.008303,0
0.0460,0.011073,0.103766,0.095463,0.4804,0.7330,0.3723,0.101324,0.000000,-0.008671,0
0.0470,0.011564,0.104515,0.095844,0.4911,0.7498,0.3813,0.101965,0.000000,-0.009048,0
0.0480,0.012066,0.105282,0.096234,0.5017,0.7666,0.3903,0.102621,0.000000,-0.009432,0
0.0490,0.012578,0.106066,0.096634,0.5123,0.7835,0.3993,0.103292,0.000000,-0.009824,0
0.0500,0.013101,0.106866,0.097042,0.5230,0.8004,0.4084,0.103977,0.000000,-0.010224,0
0.0510,0.013635,0.107683,0.097460,0.5336,0.8173,0.4175,0.104676,0.000000,-0.010631,0
0.0520,0.014179,0.108517,0.097886,0.5443,0.8342,0.4266,0.105391,0.000000,-0.011047,0
0.0530,0.014734,0.109369,0.098322,0.5549,0.8512,0.4357,0.106120,0.000000,-0.011470,0
0.0540,0.015300,0.110237,0.098767,0.5656,0.8682,0.4448,0.106863,0.000000,-0.011901,0
0.0550,0.015876,0.111122,0.099221,0.5762,0.8852,0.4540,0.107622,0.000000,-0.012341,0
0.0560,0.016463,0.112024,0.099684,0.5869,0.9023,0.4632,0.108395,0.000000,-0.012788,0
0.0570,0.017060,0.112944,0.100156,0.5975,0.9194,0.4724,0.109183,0.000000,-0.013243,0
0.0580,0.017668,0.113880,0.100638,0.6082,0.9365,0.4816,0.109985,0.000000,-0.013705,0
0.0590,0.018287,0.114834,0.101129,0.6188,0.9537,0.4909,0.110803,0.000000,-0.014176,0
0.0600,0.018917,0.115805,0.101629,0.6295,0.9709,0.5001,0.111635,0.000000,-0.014655,0
0.0610,0.019557,0.116793,0.102138,0.6402,0.9881,0.5094,0.112483,0.000000,-0.015141,0
0.0620,0.020208,0.117798,0.102657,0.6509,1.0054,0.5187,0.113345,0.000000,-0.015636,0
0.0630,0.020869,0.118821,0.103185,0.6615,1.0227,0.5281,0.114222,0.000000,-0.016139,0
0.0640,0.021541,0.119861,0.103722,0.6722,1.0401,0.5374,0.115114,0.000000,-0.016649,0
0.0650,0.022224,0.120919,0.104269,0.6829,1.0575,0.5468,0.116022,0.000000,-0.017168,0
0.0660,0.022918,0.121994,0.104825,0.6936,1.0749,0.5562,0.116944,0.000000,-0.017695,0
0.0670,0.023622,0.123086,0.105391,0.7043,1.0924,0.5656,0.117882,0.000000,-0.018230,0
0.0680,0.024337,0.124196,0.105966,0.7150,1.1099,0.5751,0.118834,0.000000,-0.018773,0
0.0690,0.025063,0.125323,0.106551,0.7257,1.1275,0.5845,0.119802,0.000000,-0.019324,0
0.0700,0.025799,0.126468,0.107145,0.7364,1.1451,0.5940,0.120785,0.000000,-0.019883,0
0.0710,0.026546,0.127631,0.107748,0.7471,1.1628,0.6035,0.121783,0.000000,-0.020451,0
0.0720,0.027304,0.128812,0.108361,0.7578,1.1805,0.6130,0.122797,0.000000,-0.021026,0
0.0730,0.028073,0.130010,0.108984,0.7686,1.1982,0.6226,0.123826,0.000000,-0.021610,0
0.0740,0.028852,0.131226,0.109616,0.7793,1.2160,0.6322,0.124870,0.000000,-0.022202,0
0.0750,0.029642,0.132460,0.110258,0.7900,1.2339,0.6418,0.125930,0.000000,-0.022803,0
0.0760,0.030443,0.133712,0.110909,0.8008,1.2518,0.6514,0.127005,0.000000,-0.023411,0
0.0770,0.031254,0.134981,0.111570,0.8115,1.2698,0.6610,0.128096,0.000000,-0.024029,0
0.0780,0.032077,0.136269,0.112241,0.8223,1.2878,0.6707,0.129202,0.000000,-0.024654,0
0.0790,0.032910,0.137575,0.112921,0.8330,1.3059,0.6804,0.130324,0.000000,-0.025288,0
0.0800,0.033754,0.138899,0.113611,0.8438,1.3240,0.6901,0.131461,0.000000,-0.025930,0
0.0810,0.034608,0.140241,0.114311,0.8546,1.3422,0.6998,0.132615,0.000000,-0.026581,0
0.0820,0.035473,0.141602,0.115020,0.8653,1.3604,0.7095,0.133784,0.000000,-0.027241,0
0.0830,0.036350,0.142980,0.115740,0.8761,1.3787,0.7193,0.134968,0.000000,-0.027908,0
0.0840,0.037236,0.144377,0.116469,0.8869,1.3970,0.7291,0.136169,0.000000,-0.028585,0
0.0850,0.038134,0.145793,0.117208,0.8977,1.4155,0.7389,0.137385,0.000000,-0.029270,0
0.0860,0.039043,0.147227,0.117957,0.9085,1.4339,0.7488,0.138618,0.000000,-0.029964,0
0.0870,0.039962,0.148679,0.118715,0.9193,1.4525,0.7586,0.139866,0.000000,-0.030667,0
0.0880,0.040892,0.150150,0.119484,0.9301,1.4711,0.7685,0.141131,0.000000,-0.031378,0
0.0890,0.041833,0.151640,0.120262,0.9410,1.4897,0.7784,0.142411,0.000000,-0.032098,0
0.0900,0.042785,0.153148,0.121050,0.9518,1.5085,0.7883,0.143708,0.000000,-0.032827,0
0.0910,0.043748,0.154676,0.121849,0.9626,1.5272,0.7983,0.145021,0.000000,-0.033565,0
0.0920,0.044721,0.156222,0.122657,0.9735,1.5461,0.8083,0.146350,0.000000,-0.034312,0
0.0930,0.045705,0.157787,0.123475,0.9843,1.5650,0.8183,0.147695,0.000000,-0.035067,0
0.0940,0.046701,0.159371,0.124304,0.9952,1.5840,0.8283,0.149057,0.000000,-0.035832,0
0.0950,0.047707,0.160974,0.125142,1.0061,1.6031,0.8384,0.150435,0.000000,-0.036606,0
0.0960,0.048724,0.162596,0.125990,1.0169,1.6222,0.8484,0.151830,0.000000,-0.037389,0
0.0970,0.049751,0.164238,0.126849,1.0278,1.6414,0.8585,0.153241,0.000000,-0.038181,0
0.0980,0.050790,0.165898,0.127718,1.0387,1.6607,0.8687,0.154669,0.000000,-0.038982,0
0.0990,0.051840,0.167578,0.128596,1.0496,1.6800,0.8788,0.156113,0.000000,-0.039792,0
0.1000,0.052900,0.169278,0.129485,1.0605,1.6994,0.8890,0.157574,0.000000,-0.040612,0
0.1010,0.053972,0.170997,0.130385,1.0714,1.7189,0.8992,0.159052,0.000000,-0.041441,0
0.1020,0.055054,0.172735,0.131294,1.0823,1.7385,0.9094,0.160547,0.000000,-0.042280,0
0.1030,0.056147,0.174493,0.132214,1.0933,1.7581,0.9197,0.162058,0.000000,-0.043127,0
0.1040,0.057251,0.176271,0.133144,1.1042,1.7778,0.9300,0.163587,0.000000,-0.043985,0
0.1050,0.058367,0.178069,0.134084,1.1151,1.7976,0.9403,0.165132,0.000000,-0.044852,0
0.1060,0.059493,0.179886,0.135034,1.1261,1.8175,0.9506,0.166694,0.000000,-0.045728,0
0.1070,0.060630,0.181724,0.135995,1.1371,1.8374,0.9610,0.168274,0.000000,-0.046614,0
0.1080,0.061778,0.183581,0.136967,1.1480,1.8575,0.9713,0.169871,0.000000,-0.047510,0
0.1090,0.062937,0.185459,0.137949,1.1590,1.8776,0.9818,0.171485,0.000000,-0.048416,0
0.1100,0.064107,0.187356,0.138941,1.1700,1.8978,0.9922,0.173117,0.000000,-0.049331,0
0.1110,0.065288,0.189274,0.139943,1.1809,1.9180,1.0027,0.174765,0.000000,-0.050256,0
0.1120,0.066480,0.191213,0.140957,1.1919,1.9384,1.0132,0.176432,0.000000,-0.051191,0
0.1130,0.067683,0.193172,0.141980,1.2029,1.9588,1.0237,0.178115,0.000000,-0.052136,0
0.1140,0.068896,0.195151,0.143014,1.2139,1.9793,1.0342,0.179817,0.000000,-0.053092,0
0.1150,0.070121,0.197151,0.144059,1.2250,1.9999,1.0448,0.181536,0.000000,-0.054057,0
0.1160,0.071357,0.199171,0.145115,1.2360,2.0206,1.0554,0.183272,0.000000,-0.055032,0
0.1170,0.072604,0.201213,0.146181,1.2470,2.0414,1.0661,0.185027,0.000000,-0.056018,0
0.1180,0.073862,0.203275,0.147257,1.2580,2.0622,1.0767,0.186799,0.000000,-0.057013,0
0.1190,0.075131,0.205358,0.148345,1.2691,2.0832,1.0874,0.188590,0.000000,-0.058019,0
0.1200,0.076412,0.207462,0.149443,1.2801,2.1042,1.0981,0.190398,0.000000,-0.059036,0
0.1210,0.077703,0.209588,0.150552,1.2912,2.1253,1.1089,0.192224,0.000000,-0.060063,0
0.1220,0.079005,0.211734,0.151672,1.3022,2.1465,1.1197,0.194069,0.000000,-0.061100,0
0.1230,0.080318,0.213902,0.152802,1.3133,2.1678,1.1305,0.195931,0.000000,-0.062148,0
0.1240,0.081643,0.216091,0.153943,1.3243,2.1892,1.1414,0.197812,0.000000,-0.063206,0
0.1250,0.082978,0.218302,0.155096,1.3354,2.2106,1.1522,0.199712,0.000000,-0.064275,0
0.1260,0.084324,0.220534,0.156259,1.3465,2.2322,1.1632,0.201630,0.000000,-0.065355,0
0.1270,0.085682,0.222788,0.157433,1.3576,2.2538,1.1741,0.203566,0.000000,-0.066445,0
0.1280,0.087051,0.225063,0.158618,1.3686,2.2756,1.1851,0.205521,0.000000,-0.067547,0
0.1290,0.088430,0.227361,0.159814,1.3797,2.2974,1.1961,0.207494,0.000000,-0.068659,0
0.1300,0.089821,0.229680,0.161021,1.3908,2.3193,1.2071,0.209486,0.000000,-0.069782,0
0.1310,0.091223,0.232022,0.162240,1.4019,2.3414,1.2182,0.211497,0.000000,-0.070916,0
0.1320,0.092636,0.234385,0.163469,1.4130,2.3635,1.2293,0.213527,0.000000,-0.072061,0
0.1330,0.094060,0.236771,0.164709,1.4241,2.3857,1.2405,0.215576,0.000000,-0.073218,0
0.1340,0.095495,0.239179,0.165961,1.4352,2.4080,1.2517,0.217644,0.000000,-0.074385,0
0.1350,0.096942,0.241609,0.167224,1.4463,2.4304,1.2629,0.219731,0.000000,-0.075564,0
0.1360,0.098399,0.244062,0.168498,1.4574,2.4529,1.2741,0.221837,0.000000,-0.076754,0
0.1370,0.099868,0.246537,0.169783,1.4685,2.4754,1.2854,0.223963,0.000000,-0.077955,0
0.1380,0.101347,0.249035,0.171080,1.4796,2.4981,1.2967,0.226107,0.000000,-0.079168,0
0.1390,0.102838,0.251556,0.172388,1.4907,2.5209,1.3081,0.228272,0.000000,-0.080392,0
0.1400,0.104340,0.254100,0.173708,1.5018,2.5437,1.3195,0.230455,0.000000,-0.081628,0
0.1410,0.105853,0.256667,0.175039,1.5129,2.5667,1.3309,0.232658,0.000000,-0.082876,0
0.1420,0.107377,0.259257,0.176381,1.5240,2.5898,1.3424,0.234881,0.000000,-0.084135,0
0.1430,0.108912,0.261869,0.177735,1.5351,2.6129,1.3539,0.237124,0.000000,-0.085405,0
0.1440,0.110458,0.264506,0.179100,1.5462,2.6362,1.3654,0.239386,0.000000,-0.086688,0
0.1450,0.112016,0.267165,0.180477,1.5573,2.6595,1.3770,0.241669,0.000000,-0.087982,0
0.1460,0.113584,0.269848,0.181866,1.5684,2.6829,1.3886,0.243971,0.000000,-0.089288,0
0.1470,0.115164,0.272555,0.183266,1.5795,2.7065,1.4003,0.246293,0.000000,-0.090606,0
0.1480,0.116754,0.275285,0.184678,1.5906,2.7301,1.4120,0.248636,0.000000,-0.091936,0
0.1490,0.118356,0.278038,0.186102,1.6017,2.7538,1.4238,0.250998,0.000000,-0.093278,0
0.1500,0.119969,0.280816,0.187538,1.6127,2.7776,1.4355,0.253381,0.000000,-0.094633,0
0.1510,0.121592,0.283618,0.188985,1.6238,2.8016,1.4474,0.255785,0.000000,-0.095999,0
0.1520,0.123227,0.286443,0.190444,1.6349,2.8256,1.4592,0.258208,0.000000,-0.097378,0
0.1530,0.124873,0.289293,0.191915,1.6459,2.8497,1.4712,0.260652,0.000000,-0.098768,0
0.1540,0.126530,0.292167,0.193399,1.6569,2.8739,1.4831,0.263117,0.000000,-0.100171,0
0.1550,0.128198,0.295065,0.194894,1.6680,2.8982,1.4951,0.265603,0.000000,-0.101587,0
0.1560,0.129877,0.297988,0.196401,1.6790,2.9226,1.5072,0.268109,0.000000,-0.103015,0
0.1570,0.131567,0.300935,0.197920,1.6900,2.9471,1.5192,0.270636,0.000000,-0.104455,0
0.1580,0.133268,0.303906,0.199451,1.7010,2.9716,1.5314,0.273184,0.000000,-0.105908,0
0.1590,0.134980,0.306903,0.200995,1.7120,2.9963,1.5435,0.275753,0.000000,-0.107373,0
0.1600,0.136703,0.309924,0.202551,1.7229,3.0211,1.5558,0.278343,0.000000,-0.108851,0
0.1610,0.138437,0.312970,0.204119,1.7339,3.0459,1.5680,0.280955,0.000000,-0.110341,0
0.1620,0.140182,0.316040,0.205699,1.7448,3.0709,1.5803,0.283587,0.000000,-0.111845,0
0.1630,0.141937,0.319136,0.207292,1.7557,3.0959,1.5927,0.286241,0.000000,-0.113361,0
0.1640,0.143704,0.322257,0.208897,1.7666,3.1211,1.6051,0.288916,0.000000,-0.114889,0
0.1650,0.145481,0.325404,0.210514,1.7775,3.1463,1.6176,0.291613,0.000000,-0.116431,0
0.1660,0.147270,0.328575,0.212145,1.7883,3.1716,1.6301,0.294331,0.000000,-0.117985,0
0.1670,0.149069,0.331772,0.213787,1.7991,3.1970,1.6426,0.297071,0.000000,-0.119552,0
0.1680,0.150879,0.334995,0.215442,1.8099,3.2225,1.6552,0.299832,0.000000,-0.121132,0
0.1690,0.152700,0.338243,0.217110,1.8207,3.2480,1.6679,0.302616,0.000000,-0.122726,0
0.1700,0.154531,0.341516,0.218791,1.8315,3.2737,1.6806,0.305421,0.000000,-0.124332,0
0.1710,0.156373,0.344816,0.220484,1.8422,3.2994,1.6934,0.308248,0.000000,-0.125951,0
0.1720,0.158226,0.348141,0.222190,1.8529,3.3253,1.7062,0.311097,0.000000,-0.127583,0
0.1730,0.160090,0.351492,0.223910,1.8636,3.3512,1.7190,0.313968,0.000000,-0.129228,0
0.1740,0.161964,0.354870,0.225641,1.8742,3.3772,1.7320,0.316861,0.000000,-0.130886,0
0.1750,0.163849,0.358273,0.227386,1.8848,3.4033,1.7449,0.319777,0.000000,-0.132558,0
0.1760,0.165744,0.361702,0.229144,1.8954,3.4294,1.7580,0.322715,0.000000,-0.134242,0
0.1770,0.167650,0.365158,0.230915,1.9059,3.4556,1.7710,0.325675,0.000000,-0.135940,0
0.1780,0.169566,0.368640,0.232700,1.9164,3.4820,1.7842,0.328657,0.000000,-0.137651,0
0.1790,0.171493,0.372148,0.234497,1.9268,3.5083,1.7974,0.331663,0.000000,-0.139375,0
0.1800,0.173430,0.375683,0.236308,1.9373,3.5348,1.8106,0.334690,0.000000,-0.141113,0
0.1810,0.175378,0.379244,0.238131,1.9476,3.5613,1.8239,0.337741,0.000000,-0.142864,0
0.1820,0.177336,0.382832,0.239969,1.9579,3.5879,1.8373,0.340814,0.000000,-0.144627,0
0.1830,0.179304,0.386447,0.241819,1.9682,3.6146,1.8507,0.343909,0.000000,-0.146405,0
0.1840,0.181283,0.390088,0.243684,1.9785,3.6414,1.8642,0.347028,0.000000,-0.148195,0
0.1850,0.183271,0.393756,0.245561,1.9886,3.6682,1.8777,0.350170,0.000000,-0.149999,0
0.1860,0.185270,0.397451,0.247453,1.9988,3.6950,1.8913,0.353334,0.000000,-0.151816,0
0.1870,0.187279,0.401173,0.249358,2.0088,3.7220,1.9050,0.356522,0.000000,-0.153646,0
0.1880,0.189298,0.404922,0.251276,2.0189,3.7490,1.9187,0.359732,0.000000,-0.155490,0
0.1890,0.191327,0.408698,0.253209,2.0288,3.7760,1.9325,0.362966,0.000000,-0.157346,0
0.1900,0.193365,0.412502,0.255155,2.0387,3.8031,1.9463,0.366223,0.000000,-0.159217,0
0.1910,0.195414,0.416332,0.257115,2.0486,3.8303,1.9602,0.369503,0.000000,-0.161100,0
0.1920,0.197472,0.420189,0.259089,2.0583,3.8575,1.9742,0.372807,0.000000,-0.162996,0
0.1930,0.199540,0.424074,0.261078,2.0680,3.8848,1.9882,0.376134,0.000000,-0.164906,0
0.1940,0.201618,0.427986,0.263080,2.0777,3.9121,2.0024,0.379485,0.000000,-0.166829,0
0.1950,0.203705,0.431926,0.265097,2.0873,3.9395,2.0165,0.382858,0.000000,-0.168765,0
0.1960,0.205802,0.435893,0.267127,2.0967,3.9669,2.0308,0.386256,0.000000,-0.170715,0
0.1970,0.207908,0.439887,0.269172,2.1062,3.9944,2.0451,0.389677,0.000000,-0.172677,0
0.1980,0.210024,0.443909,0.271232,2.1155,4.0219,2.0594,0.393122,0.000000,-0.174653,0
0.1990,0.212148,0.447959,0.273306,2.1248,4.0494,2.0739,0.396590,0.000000,-0.176641,0
0.2000,0.214282,0.452036,0.275394,2.1340,4.0770,2.0884,0.400082,0.000000,-0.178643,0
0.2010,0.216425,0.456140,0.277497,2.1431,4.1046,2.1029,0.403598,0.000000,-0.180658,0
0.2020,0.218578,0.460272,0.279615,2.1521,4.1323,2.1176,0.407138,0.000000,-0.182685,0
0.2030,0.220739,0.464432,0.281747,2.1610,4.1599,2.1323,0.410701,0.000000,-0.184726,0
0.2040,0.222908,0.468620,0.283894,2.1698,4.1876,2.1471,0.414289,0.000000,-0.186779,0
0.2050,0.225087,0.472835,0.286056,2.1786,4.2153,2.1620,0.417900,0.000000,-0.188845,0
0.2060,0.227274,0.477078,0.288233,2.1872,4.2430,2.1769,0.421536,0.000000,-0.190924,0
0.2070,0.229470,0.481349,0.290425,2.1957,4.2708,2.1919,0.425195,0.000000,-0.193016,0
0.2080,0.231674,0.485648,0.292632,2.2042,4.2985,2.2070,0.428878,0.000000,-0.195120,0
0.2090,0.233887,0.489974,0.294854,2.2125,4.3263,2.2221,0.432586,0.000000,-0.197237,0
0.2100,0.236107,0.494328,0.297091,2.2207,4.3541,2.2373,0.436317,0.000000,-0.199366,0
0.2110,0.238336,0.498710,0.299344,2.2288,4.3818,2.2527,0.440073,0.000000,-0.201508,0
0.2120,0.240573,0.503119,0.301612,2.2368,4.4096,2.2680,0.443852,0.000000,-0.203661,0
0.2130,0.242818,0.507557,0.303895,2.2447,4.4374,2.2835,0.447656,0.000000,-0.205828,0
0.2140,0.245070,0.512022,0.306194,2.2525,4.4652,2.2990,0.451484,0.000000,-0.208006,0
0.2150,0.247330,0.516515,0.308509,2.2601,4.4929,2.3146,0.455337,0.000000,-0.210196,0
0.2160,0.249598,0.521036,0.310839,2.2676,4.5207,2.3303,0.459213,0.000000,-0.212399,0
0.2170,0.251873,0.525584,0.313185,2.2750,4.5484,2.3461,0.463114,0.000000,-0.214613,0
0.2180,0.254155,0.530160,0.315547,2.2822,4.5761,2.3619,0.467039,0.000000,-0.216839,0
0.2190,0.256444,0.534764,0.317925,2.2894,4.6038,2.3778,0.470988,0.000000,-0.219076,0
0.2200,0.258741,0.539395,0.320319,2.2963,4.6314,2.3938,0.474961,0.000000,-0.221325,0
0.2210,0.261044,0.544054,0.322729,2.3032,4.6591,2.4099,0.478959,0.000000,-0.223586,0
0.2220,0.263354,0.548741,0.325155,2.3099,4.6867,2.4261,0.482980,0.000000,-0.225858,0
0.2230,0.265670,0.553455,0.327597,2.3164,4.7142,2.4423,0.487026,0.000000,-0.228141,0
0.2240,0.267993,0.558197,0.330056,2.3228,4.7417,2.4586,0.491097,0.000000,-0.230435,0
0.2250,0.270322,0.562966,0.332531,2.3290,4.7692,2.4751,0.495191,0.000000,-0.232740,0
0.2260,0.272657,0.567763,0.335023,2.3351,4.7966,2.4915,0.499310,0.000000,-0.235056,0
0.2270,0.274998,0.572587,0.337531,2.3410,4.8240,2.5081,0.503453,0.000000,-0.237383,0
0.2280,0.277345,0.577438,0.340055,2.3468,4.8513,2.5248,0.507620,0.000000,-0.239720,0
0.2290,0.279697,0.582317,0.342597,2.3524,4.8786,2.5415,0.511811,0.000000,-0.242067,0
0.2300,0.282055,0.587222,0.345155,2.3578,4.9057,2.5583,0.516026,0.000000,-0.244425,0
0.2310,0.284418,0.592155,0.347731,2.3630,4.9329,2.5752,0.520266,0.000000,-0.246792,0
0.2320,0.286786,0.597115,0.350323,2.3681,4.9599,2.5922,0.524529,0.000000,-0.249170,0
0.2330,0.289159,0.602102,0.352932,2.3730,4.9869,2.6093,0.528817,0.000000,-0.251557,0
0.2340,0.291537,0.607116,0.355559,2.3777,5.0138,2.6265,0.533128,0.000000,-0.253954,0
0.2350,0.293919,0.612156,0.358202,2.3822,5.0406,2.6437,0.537464,0.000000,-0.256360,0
0.2360,0.296306,0.617224,0.360863,2.3865,5.0673,2.6610,0.541824,0.000000,-0.258776,0
0.2370,0.298696,0.622318,0.363542,2.3907,5.0939,2.6785,0.546207,0.000000,-0.261200,0
0.2380,0.301091,0.627438,0.366238,2.3946,5.1204,2.6960,0.550614,0.000000,-0.263634,0
0.2390,0.303489,0.632585,0.368951,2.3983,5.1469,2.7135,0.555046,0.000000,-0.266076,0
0.2400,0.305891,0.637758,0.371682,2.4019,5.1732,2.7312,0.559501,0.000000,-0.268526,0
0.2410,0.308296,0.642957,0.374431,2.4052,5.1994,2.7490,0.563979,0.000000,-0.270985,0
0.2420,0.310705,0.648183,0.377198,2.4083,5.2255,2.7668,0.568482,0.000000,-0.273451,0
0.2430,0.313116,0.653434,0.379983,2.4112,5.2515,2.7848,0.573008,0.000000,-0.275926,0
0.2440,0.315530,0.658712,0.382786,2.4139,5.2774,2.8028,0.577557,0.000000,-0.278408,0
0.2450,0.317946,0.664015,0.385607,2.4164,5.3031,2.8209,0.582130,0.000000,-0.280898,0
0.2460,0.320365,0.669344,0.388446,2.4186,5.3287,2.8391,0.586727,0.000000,-0.283395,0
0.2470,0.322785,0.674698,0.391303,2.4206,5.3542,2.8573,0.591346,0.000000,-0.285899,0
0.2480,0.325208,0.680077,0.394179,2.4224,5.3796,2.8757,0.595990,0.000000,-0.288409,0
0.2490,0.327632,0.685482,0.397073,2.4240,5.4048,2.8942,0.600656,0.000000,-0.290926,0
0.2500,0.330057,0.690912,0.399986,2.4253,5.4298,2.9127,0.605345,0.000000,-0.293450,0
0.2510,0.332483,0.696367,0.402917,2.4264,5.4547,2.9313,0.610058,0.000000,-0.295979,0
0.2520,0.334911,0.701846,0.405867,2.4272,5.4795,2.9500,0.614793,0.000000,-0.298515,0
0.2530,0.337338,0.707350,0.408836,2.4278,5.5041,2.9688,0.619552,0.000000,-0.301055,0
0.2540,0.339767,0.712879,0.411823,2.4281,5.5285,2.9877,0.624333,0.000000,-0.303602,0
0.2550,0.342195,0.718432,0.414830,2.4282,5.5528,3.0066,0.629137,0.000000,-0.306153,0
0.2560,0.344623,0.724009,0.417856,2.4281,5.5769,3.0257,0.633964,0.000000,-0.308709,0
0.2570,0.347051,0.729609,0.420900,2.4276,5.6009,3.0448,0.638813,0.000000,-0.311270,0
0.2580,0.349477,0.735234,0.423964,2.4270,5.6246,3.0640,0.643684,0.000000,-0.313835,0
0.2590,0.351904,0.740882,0.427048,2.4260,5.6482,3.0833,0.648578,0.000000,-0.316404,0
0.2600,0.354328,0.746554,0.430150,2.4248,5.6716,3.1027,0.653494,0.000000,-0.318976,0
0.2610,0.356752,0.752249,0.433272,2.4233,5.6949,3.1221,0.658432,0.000000,-0.321553,0
0.2620,0.359173,0.757967,0.436414,2.4216,5.7179,3.1416,0.663392,0.000000,-0.324132,0
0.2630,0.361593,0.763707,0.439575,2.4195,5.7407,3.1613,0.668375,0.000000,-0.326715,0
0.2640,0.364010,0.769471,0.442756,2.4172,5.7634,3.1809,0.673378,0.000000,-0.329300,0
0.2650,0.366425,0.775257,0.445957,2.4147,5.7858,3.2007,0.678404,0.000000,-0.331887,0
0.2660,0.368836,0.781065,0.449178,2.4118,5.8081,3.2206,0.683451,0.000000,-0.334477,0
0.2670,0.371245,0.786895,0.452418,2.4087,5.8301,3.2405,0.688519,0.000000,-0.337068,0
0.2680,0.373650,0.792747,0.455679,2.4052,5.8520,3.2605,0.693609,0.000000,-0.339661,0
0.2690,0.376052,0.798621,0.458959,2.4015,5.8736,3.2806,0.698720,0.000000,-0.342256,0
0.2700,0.378449,0.804516,0.462260,2.3975,5.8950,3.3008,0.703852,0.000000,-0.344851,0
0.2710,0.380843,0.810432,0.465581,2.3932,5.9162,3.3210,0.709005,0.000000,-0.347447,0
0.2720,0.383231,0.816369,0.468922,2.3886,5.9372,3.3413,0.714179,0.000000,-0.350043,0
0.2730,0.385615,0.822327,0.472284,2.3837,5.9579,3.3617,0.719373,0.000000,-0.352639,0
0.2740,0.387993,0.828305,0.475666,2.3785,5.9785,3.3821,0.724588,0.000000,-0.355235,0
0.2750,0.390366,0.834304,0.479069,2.3730,5.9988,3.4027,0.729823,0.000000,-0.357831,0
0.2760,0.392734,0.840323,0.482492,2.3672,6.0189,3.4233,0.735079,0.000000,-0.360426,0
0.2770,0.395095,0.846362,0.485936,2.3611,6.0387,3.4439,0.740354,0.000000,-0.363019,0
0.2780,0.397449,0.852420,0.489401,2.3547,6.0583,3.4647,0.745650,0.000000,-0.365612,0
0.2790,0.399797,0.858498,0.492886,2.3480,6.0777,3.4855,0.750965,0.000000,-0.368202,0
0.2800,0.402138,0.864595,0.496393,2.3409,6.0969,3.5063,0.756300,0.000000,-0.370791,0
0.2810,0.404472,0.870710,0.499920,2.3336,6.1158,3.5273,0.761654,0.000000,-0.373377,0
0.2820,0.406798,0.876845,0.503468,2.3259,6.1344,3.5483,0.767028,0.000000,-0.375960,0
0.2830,0.409116,0.882998,0.507037,2.3180,6.1529,3.5693,0.772421,0.000000,-0.378541,0
0.2840,0.411425,0.889169,0.510628,2.3097,6.1710,3.5904,0.777833,0.000000,-0.381118,0
0.2850,0.413726,0.895358,0.514239,2.3011,6.1890,3.6116,0.783264,0.000000,-0.383692,0
0.2860,0.416019,0.901564,0.517872,2.2922,6.2067,3.6329,0.788714,0.000000,-0.386262,0
0.2870,0.418301,0.907788,0.521526,2.2829,6.2241,3.6542,0.794182,0.000000,-0.388828,0
0.2880,0.420575,0.914030,0.525202,2.2734,6.2413,3.6755,0.799669,0.000000,-0.391389,0
0.2890,0.422838,0.920288,0.528899,2.2635,6.2582,3.6969,0.805174,0.000000,-0.393946,0
0.2900,0.425092,0.926563,0.532617,2.2533,6.2749,3.7184,0.810697,0.000000,-0.396497,0
0.2910,0.427334,0.932854,0.536357,2.2428,6.2914,3.7399,0.816237,0.000000,-0.399043,0
0.2920,0.429566,0.939162,0.540119,2.2319,6.3076,3.7615,0.821796,0.000000,-0.401584,0
0.2930,0.431787,0.945485,0.543902,2.2208,6.3235,3.7831,0.827373,0.000000,-0.404118,0
0.2940,0.433996,0.951825,0.547707,2.2093,6.3392,3.8048,0.832966,0.000000,-0.406646,0
0.2950,0.436194,0.958179,0.551533,2.1975,6.3546,3.8265,0.838577,0.000000,-0.409168,0
0.2960,0.438379,0.964549,0.555381,2.1854,6.3698,3.8482,0.844206,0.000000,-0.411682,0
0.2970,0.440552,0.970934,0.559251,2.1729,6.3847,3.8700,0.849851,0.000000,-0.414190,0
0.2980,0.442712,0.977333,0.563143,2.1602,6.3994,3.8919,0.855513,0.000000,-0.416690,0
0.2990,0.444859,0.983747,0.567057,2.1471,6.4138,3.9138,0.861191,0.000000,-0.419182,0
0.3000,0.446993,0.990175,0.570993,2.1336,6.4280,3.9357,0.866886,0.000000,-0.421667,0
0.3010,0.449113,0.996617,0.574950,2.1199,6.4419,3.9577,0.872597,0.000000,-0.424142,0
0.3020,0.451219,1.003072,0.578930,2.1058,6.4556,3.9797,0.878325,0.000000,-0.426610,0
0.3030,0.453310,1.009541,0.582932,2.0915,6.4690,4.0017,0.884068,0.000000,-0.429068,0
0.3040,0.455387,1.016024,0.586955,2.0767,6.4822,4.0238,0.889827,0.000000,-0.431517,0
0.3050,0.457449,1.022519,0.591001,2.0617,6.4951,4.0459,0.895602,0.000000,-0.433957,0
0.3060,0.459495,1.029027,0.595069,2.0464,6.5078,4.0680,0.901392,0.000000,-0.436387,0
0.3070,0.461526,1.035547,0.599160,2.0307,6.5202,4.0902,0.907198,0.000000,-0.438807,0
0.3080,0.463541,1.042079,0.603272,2.0147,6.5324,4.1124,0.913018,0.000000,-0.441217,0
0.3090,0.465539,1.048624,0.607407,1.9984,6.5443,4.1346,0.918854,0.000000,-0.443616,0
0.3100,0.467521,1.055180,0.611563,1.9818,6.5560,4.1569,0.924704,0.000000,-0.446004,0
0.3110,0.469486,1.061747,0.615743,1.9649,6.5675,4.1791,0.930569,0.000000,-0.448382,0
0.3120,0.471433,1.068326,0.619944,1.9476,6.5787,4.2014,0.936449,0.000000,-0.450748,0
0.3130,0.473363,1.074915,0.624168,1.9301,6.5897,4.2238,0.942343,0.000000,-0.453102,0
0.3140,0.475276,1.081516,0.628414,1.9122,6.6005,4.2461,0.948251,0.000000,-0.455445,0
0.3150,0.477170,1.088127,0.632682,1.8940,6.6110,4.2685,0.954173,0.000000,-0.457775,0
0.3160,0.479045,1.094748,0.636973,1.8755,6.6213,4.2908,0.960108,0.000000,-0.460093,0
0.3170,0.480902,1.101379,0.641286,1.8567,6.6313,4.3132,0.966058,0.000000,-0.462399,0
0.3180,0.482739,1.108021,0.645622,1.8376,6.6411,4.3356,0.972021,0.000000,-0.464691,0
0.3190,0.484558,1.114671,0.649980,1.8182,6.6508,4.3581,0.977997,0.000000,-0.466971,0
0.3200,0.486356,1.121332,0.654361,1.7985,6.6601,4.3805,0.983987,0.000000,-0.469237,0
0.3210,0.488134,1.128001,0.658764,1.7784,6.6693,4.4029,0.989990,0.000000,-0.471490,0
0.3220,0.489893,1.134679,0.663189,1.7581,6.6783,4.4254,0.996006,0.000000,-0.473729,0
0.3230,0.491630,1.141366,0.667637,1.7375,6.6870,4.4479,1.002034,0.000000,-0.475954,0
0.3240,0.493347,1.148062,0.672107,1.7166,6.6956,4.4703,1.008075,0.000000,-0.478165,0
0.3250,0.495042,1.154766,0.676600,1.6954,6.7039,4.4928,1.014129,0.000000,-0.480362,0
0.3260,0.496716,1.161478,0.681115,1.6739,6.7120,4.5153,1.020195,0.000000,-0.482544,0
0.3270,0.498368,1.168197,0.685653,1.6521,6.7199,4.5378,1.026273,0.000000,-0.484712,0
0.3280,0.499998,1.174925,0.690214,1.6300,6.7277,4.5603,1.032363,0.000000,-0.486864,0
0.3290,0.501606,1.181660,0.694796,1.6077,6.7352,4.5828,1.038465,0.000000,-0.489001,0
0.3300,0.503191,1.188403,0.699402,1.5850,6.7426,4.6053,1.044579,0.000000,-0.491123,0
0.3310,0.504753,1.195153,0.704029,1.5621,6.7497,4.6278,1.050705,0.000000,-0.493230,0
0.3320,0.506292,1.201909,0.708680,1.5389,6.7567,4.6503,1.056842,0.000000,-0.495320,0
0.3330,0.507807,1.208673,0.713353,1.5154,6.7635,4.6728,1.062990,0.000000,-0.497395,0
0.3340,0.509299,1.215443,0.718048,1.4916,6.7701,4.6954,1.069150,0.000000,-0.499454,0
0.3350,0.510766,1.222220,0.722766,1.4676,6.7766,4.7179,1.075321,0.000000,-0.501496,0
0.3360,0.512210,1.229002,0.727506,1.4433,6.7829,4.7404,1.081504,0.000000,-0.503522,0
0.3370,0.513628,1.235791,0.732269,1.4188,6.7890,4.7629,1.087697,0.000000,-0.505532,0
0.3380,0.515022,1.242586,0.737054,1.3939,6.7950,4.7854,1.093901,0.000000,-0.507525,0
0.3390,0.516391,1.249387,0.741862,1.3688,6.8008,4.8079,1.100115,0.000000,-0.509501,0
0.3400,0.517735,1.256194,0.746693,1.3435,6.8065,4.8304,1.106340,0.000000,-0.511460,0
0.3410,0.519053,1.263006,0.751546,1.3179,6.8120,4.8528,1.112576,0.000000,-0.513402,0
0.3420,0.520345,1.269823,0.756421,1.2920,6.8174,4.8753,1.118822,0.000000,-0.515327,0
0.3430,0.521610,1.276646,0.761319,1.2659,6.8226,4.8978,1.125079,0.000000,-0.517235,0
0.3440,0.522850,1.283474,0.766239,1.2395,6.8278,4.9203,1.131346,0.000000,-0.519125,0
0.3450,0.524063,1.290306,0.771182,1.2129,6.8328,4.9427,1.137623,0.000000,-0.520997,0
0.3460,0.525249,1.297144,0.776147,1.1860,6.8376,4.9652,1.143909,0.000000,-0.522852,0
0.3470,0.526408,1.303986,0.781135,1.1589,6.8424,4.9877,1.150206,0.000000,-0.524689,0
0.3480,0.527539,1.310833,0.786145,1.1316,6.8470,5.0101,1.156513,0.000000,-0.526508,0
0.3490,0.528643,1.317685,0.791177,1.1040,6.8515,5.0326,1.162830,0.000000,-0.528309,0
0.3500,0.529719,1.324541,0.796232,1.0762,6.8560,5.0550,1.169156,0.000000,-0.530091,0
0.3510,0.530767,1.331401,0.801310,1.0481,6.8603,5.0775,1.175492,0.000000,-0.531856,0
0.3520,0.531787,1.338266,0.806410,1.0198,6.8645,5.0999,1.181837,0.000000,-0.533602,0
0.3530,0.532779,1.345134,0.811532,0.9913,6.8687,5.1223,1.188192,0.000000,-0.535330,0
0.3540,0.533741,1.352007,0.816677,0.9626,6.8727,5.1448,1.194557,0.000000,-0.537040,0
0.3550,0.534675,1.358884,0.821844,0.9336,6.8767,5.1672,1.200931,0.000000,-0.538731,0
0.3560,0.535579,1.365764,0.827034,0.9044,6.8806,5.1896,1.207314,0.000000,-0.540403,0
0.3570,0.536454,1.372649,0.832246,0.8750,6.8844,5.2121,1.213707,0.000000,-0.542057,0
0.3580,0.537300,1.379537,0.837480,0.8454,6.8882,5.2345,1.220108,0.000000,-0.543692,0
0.3590,0.538115,1.386429,0.842737,0.8156,6.8919,5.2569,1.226520,0.000000,-0.545308,0
0.3600,0.538901,1.393324,0.848016,0.7856,6.8956,5.2793,1.232940,0.000000,-0.546906,0
0.3610,0.539656,1.400224,0.853318,0.7553,6.8992,5.3018,1.239369,0.000000,-0.548484,0
0.3620,0.540381,1.407127,0.858642,0.7249,6.9028,5.3242,1.245808,0.000000,-0.550044,0
0.3630,0.541075,1.414033,0.863989,0.6942,6.9063,5.3466,1.252255,0.000000,-0.551585,0
0.3640,0.541739,1.420943,0.869358,0.6634,6.9098,5.3691,1.258712,0.000000,-0.553106,0
0.3650,0.542371,1.427856,0.874750,0.6323,6.9133,5.3915,1.265178,0.000000,-0.554609,0
0.3660,0.542972,1.434773,0.880164,0.6011,6.9168,5.4140,1.271652,0.000000,-0.556093,0
0.3670,0.543542,1.441693,0.885600,0.5696,6.9202,5.4364,1.278136,0.000000,-0.557558,0
0.3680,0.544080,1.448617,0.891059,0.5380,6.9236,5.4589,1.284629,0.000000,-0.559003,0
0.3690,0.544586,1.455544,0.896540,0.5061,6.9270,5.4814,1.291131,0.000000,-0.560430,0
0.3700,0.545060,1.462474,0.902044,0.4741,6.9305,5.5039,1.297642,0.000000,-0.561837,0
0.3710,0.545502,1.469408,0.907571,0.4419,6.9339,5.5264,1.304162,0.000000,-0.563226,0
0.3720,0.545911,1.476345,0.913120,0.4095,6.9373,5.5490,1.310691,0.000000,-0.564595,0
0.3730,0.546288,1.483286,0.918691,0.3769,6.9408,5.5715,1.317229,0.000000,-0.565945,0
0.3740,0.546632,1.490230,0.924285,0.3442,6.9443,5.5941,1.323776,0.000000,-0.567276,0
0.3750,0.546943,1.497178,0.929902,0.3112,6.9478,5.6167,1.330332,0.000000,-0.568588,0
0.3760,0.547222,1.504129,0.935541,0.2781,6.9513,5.6393,1.336898,0.000000,-0.569881,0
0.3770,0.547466,1.511084,0.941203,0.2448,6.9549,5.6620,1.343472,0.000000,-0.571155,0
0.3780,0.547678,1.518043,0.946888,0.2113,6.9585,5.6846,1.350056,0.000000,-0.572410,0
0.3790,0.547855,1.525005,0.952595,0.1777,6.9622,5.7074,1.356649,0.000000,-0.573645,0
0.3800,0.547999,1.531971,0.958325,0.1439,6.9659,5.7301,1.363252,0.000000,-0.574862,0
0.3810,0.548109,1.538941,0.964078,0.1099,6.9697,5.7529,1.369863,0.000000,-0.576060,0
0.3820,0.548185,1.545914,0.969854,0.0757,6.9735,5.7757,1.376485,0.000000,-0.577239,0
0.3830,0.548226,1.552891,0.975653,0.0414,6.9774,5.7986,1.383115,0.000000,-0.578399,0
0.3840,0.548233,1.559873,0.981474,0.0069,6.9814,5.8215,1.389756,0.000000,-0.579540,0
0.3850,0.548205,1.566858,0.987319,-0.0278,6.9855,5.8444,1.396405,0.000000,-0.580662,0
0.3860,0.548143,1.573848,0.993186,-0.0626,6.9897,5.8675,1.403065,0.000000,-0.581765,0
0.3870,0.548045,1.580842,0.999076,-0.0976,6.9939,5.8905,1.409734,0.000000,-0.582850,0
0.3880,0.547912,1.587840,1.004990,-0.1328,6.9983,5.9136,1.416414,0.000000,-0.583916,0
0.3890,0.547744,1.594843,1.010927,-0.1681,7.0027,5.9368,1.423103,0.000000,-0.584963,0
0.3900,0.547540,1.601850,1.016887,-0.2036,7.0073,5.9600,1.429802,0.000000,-0.585992,0
0.3910,0.547301,1.608862,1.022870,-0.2393,7.0120,5.9834,1.436512,0.000000,-0.587002,0
0.3920,0.547026,1.615879,1.028877,-0.2751,7.0168,6.0067,1.443231,0.000000,-0.587994,0
0.3930,0.546715,1.622901,1.034907,-0.3111,7.0218,6.0302,1.449962,0.000000,-0.588967,0
0.3940,0.546368,1.629928,1.040961,-0.3472,7.0268,6.0537,1.456702,0.000000,-0.589922,0
0.3950,0.545984,1.636960,1.047038,-0.3835,7.0321,6.0773,1.463453,0.000000,-0.590858,0
0.3960,0.545564,1.643997,1.053139,-0.4200,7.0374,6.1010,1.470216,0.000000,-0.591776,0
0.3970,0.545107,1.651040,1.059264,-0.4566,7.0429,6.1248,1.476988,0.000000,-0.592676,0
0.3980,0.544614,1.658089,1.065413,-0.4934,7.0486,6.1487,1.483772,0.000000,-0.593558,0
0.3990,0.544084,1.665143,1.071585,-0.5304,7.0544,6.1727,1.490567,0.000000,-0.594421,0
0.4000,0.543516,1.672204,1.077782,-0.5675,7.0604,6.1967,1.497374,0.000000,-0.595267,0
0.4010,0.542911,1.679270,1.084003,-0.6048,7.0666,6.2209,1.504192,0.000000,-0.596095,0
0.4020,0.542269,1.686343,1.090248,-0.6422,7.0730,6.2452,1.511021,0.000000,-0.596905,0
0.4030,0.541589,1.693423,1.096518,-0.6799,7.0795,6.2696,1.517863,0.000000,-0.597697,0
0.4040,0.540872,1.700509,1.102812,-0.7176,7.0863,6.2942,1.524716,0.000000,-0.598471,0
0.4050,0.540116,1.707602,1.109131,-0.7556,7.0932,6.3188,1.531581,0.000000,-0.599228,0
0.4060,0.539322,1.714703,1.115475,-0.7937,7.1003,6.3436,1.538459,0.000000,-0.599967,0
0.4070,0.538490,1.721810,1.121843,-0.8320,7.1077,6.3685,1.545349,0.000000,-0.600689,0
0.4080,0.537620,1.728925,1.128237,-0.8704,7.1153,6.3936,1.552252,0.000000,-0.601393,0
0.4090,0.536711,1.736049,1.134656,-0.9091,7.1230,6.4188,1.559168,0.000000,-0.602080,0
0.4100,0.535763,1.743180,1.141100,-0.9479,7.1311,6.4442,1.566097,0.000000,-0.602749,0
0.4110,0.534776,1.750319,1.147570,-0.9869,7.1393,6.4697,1.573040,0.000000,-0.603402,0
0.4120,0.533750,1.757467,1.154065,-1.0260,7.1478,6.4954,1.579996,0.000000,-0.604037,0
0.4130,0.532685,1.764623,1.160586,-1.0654,7.1566,6.5212,1.586965,0.000000,-0.604656,0
0.4140,0.531580,1.771789,1.167133,-1.1049,7.1656,6.5473,1.593949,0.000000,-0.605257,0
0.4150,0.530435,1.778964,1.173707,-1.1446,7.1749,6.5735,1.600947,0.000000,-0.605841,0
0.4160,0.529251,1.786148,1.180307,-1.1845,7.1844,6.5999,1.607960,0.000000,-0.606409,0
0.4170,0.528026,1.793343,1.186933,-1.2245,7.1942,6.6265,1.614987,0.000000,-0.606960,0
0.4180,0.526761,1.800547,1.193587,-1.2648,7.2044,6.6533,1.622029,0.000000,-0.607495,0
0.4190,0.525456,1.807762,1.200267,-1.3053,7.2147,6.6803,1.629087,0.000000,-0.608013,0
0.4200,0.524110,1.814987,1.206974,-1.3459,7.2254,6.7075,1.636160,0.000000,-0.608514,0
0.4210,0.522723,1.822224,1.213709,-1.3868,7.2364,6.7350,1.643249,0.000000,-0.608999,0
0.4220,0.521296,1.829471,1.220472,-1.4279,7.2478,6.7627,1.650354,0.000000,-0.609468,0
0.4230,0.519826,1.836731,1.227263,-1.4692,7.2594,6.7906,1.657475,0.000000,-0.609921,0
0.4240,0.518316,1.844002,1.234081,-1.5106,7.2713,6.8188,1.664614,0.000000,-0.610357,0
0.4250,0.516763,1.851286,1.240929,-1.5524,7.2836,6.8472,1.671769,0.000000,-0.610777,0
0.4260,0.515169,1.858582,1.247804,-1.5943,7.2963,6.8759,1.678941,0.000000,-0.611182,0
0.4270,0.513533,1.865891,1.254709,-1.6364,7.3093,6.9048,1.686132,0.000000,-0.611570,0
0.4280,0.511854,1.873214,1.261643,-1.6788,7.3226,6.9341,1.693340,0.000000,-0.611943,0
0.4290,0.510132,1.880550,1.268607,-1.7214,7.3363,6.9636,1.700567,0.000000,-0.612300,0
0.4300,0.508368,1.887900,1.275600,-1.7643,7.3504,6.9935,1.707812,0.000000,-0.612641,0
0.4310,0.506561,1.895265,1.282624,-1.8074,7.3649,7.0236,1.715077,0.000000,-0.612967,0
0.4320,0.504710,1.902645,1.289678,-1.8507,7.3797,7.0541,1.722361,0.000000,-0.613277,0
0.4330,0.502816,1.910040,1.296763,-1.8944,7.3950,7.0849,1.729664,0.000000,-0.613572,0
0.4340,0.500877,1.917451,1.303879,-1.9382,7.4107,7.1160,1.736988,0.000000,-0.613851,0
0.4350,0.498895,1.924877,1.311026,-1.9824,7.4268,7.1475,1.744333,0.000000,-0.614115,0
0.4360,0.496868,1.932321,1.318206,-2.0268,7.4433,7.1794,1.751699,0.000000,-0.614364,0
0.4370,0.494797,1.939781,1.325417,-2.0715,7.4602,7.2116,1.759086,0.000000,-0.614597,0
0.4380,0.492680,1.947259,1.332662,-2.1165,7.4776,7.2442,1.766495,0.000000,-0.614815,0
0.4390,0.490519,1.954754,1.339939,-2.1617,7.4955,7.2772,1.773926,0.000000,-0.615018,0
0.4400,0.488311,1.962268,1.347249,-2.2073,7.5138,7.3106,1.781380,0.000000,-0.615207,0
0.4410,0.486058,1.969801,1.354594,-2.2532,7.5327,7.3445,1.788857,0.000000,-0.615380,0
0.4420,0.483759,1.977353,1.361973,-2.2994,7.5520,7.3788,1.796359,0.000000,-0.615538,0
0.4430,0.481413,1.984924,1.369386,-2.3460,7.5718,7.4135,1.803884,0.000000,-0.615681,0
0.4440,0.479020,1.992516,1.376835,-2.3929,7.5921,7.4487,1.811434,0.000000,-0.615810,0
0.4450,0.476580,2.000129,1.384320,-2.4401,7.6129,7.4844,1.819009,0.000000,-0.615924,0
0.4460,0.474092,2.007764,1.391840,-2.4877,7.6343,7.5206,1.826610,0.000000,-0.616022,0
0.4470,0.471556,2.015420,1.399397,-2.5356,7.6562,7.5573,1.834237,0.000000,-0.616107,0
0.4480,0.468972,2.023099,1.406992,-2.5839,7.6787,7.5946,1.841891,0.000000,-0.616176,0
0.4490,0.466340,2.030800,1.414624,-2.6327,7.7018,7.6324,1.849572,0.000000,-0.616231,0
0.4500,0.463658,2.038526,1.422295,-2.6818,7.7254,7.6707,1.857282,0.000000,-0.616271,0
0.4510,0.460927,2.046276,1.430005,-2.7313,7.7497,7.7096,1.865019,0.000000,-0.616296,0
0.4520,0.458145,2.054050,1.437754,-2.7812,7.7746,7.7491,1.872787,0.000000,-0.616307,0
0.4530,0.455314,2.061850,1.445543,-2.8316,7.8001,7.7893,1.880583,0.000000,-0.616303,0
0.4540,0.452431,2.069676,1.453373,-2.8824,7.8262,7.8301,1.888411,0.000000,-0.616285,0
0.4550,0.449498,2.077529,1.461245,-2.9337,7.8530,7.8715,1.896269,0.000000,-0.616251,0
0.4560,0.446512,2.085410,1.469158,-2.9855,7.8805,7.9137,1.904159,0.000000,-0.616204,0
0.4570,0.443474,2.093319,1.477115,-3.0377,7.9087,7.9565,1.912082,0.000000,-0.616141,0
0.4580,0.440384,2.101256,1.485115,-3.0905,7.9376,8.0001,1.920038,0.000000,-0.616064,0
0.4590,0.437240,2.109223,1.493159,-3.1438,7.9672,8.0444,1.928028,0.000000,-0.615972,0
0.4600,0.434043,2.117221,1.501249,-3.1976,7.9975,8.0895,1.936053,0.000000,-0.615865,0
0.4610,0.430791,2.125249,1.509384,-3.2520,8.0287,8.1354,1.944113,0.000000,-0.615744,0
0.4620,0.427484,2.133310,1.517566,-3.3069,8.0606,8.1821,1.952209,0.000000,-0.615607,0
0.4630,0.424121,2.141403,1.525796,-3.3625,8.0933,8.2298,1.960342,0.000000,-0.615456,0
0.4640,0.420703,2.149530,1.534074,-3.4186,8.1269,8.2782,1.968514,0.000000,-0.615289,0
0.4650,0.417227,2.157691,1.542402,-3.4754,8.1613,8.3277,1.976724,0.000000,-0.615108,0
0.4660,0.413694,2.165888,1.550780,-3.5328,8.1965,8.3780,1.984974,0.000000,-0.614911,0
0.4670,0.410103,2.174121,1.559210,-3.5909,8.2327,8.4294,1.993264,0.000000,-0.614699,0
0.4680,0.406454,2.182390,1.567691,-3.6497,8.2698,8.4818,2.001597,0.000000,-0.614472,0
0.4690,0.402744,2.190698,1.576226,-3.7093,8.3078,8.5352,2.009971,0.000000,-0.614229,0
0.4700,0.398975,2.199045,1.584816,-3.7695,8.3468,8.5897,2.018389,0.000000,-0.613970,0
0.4710,0.395144,2.207432,1.593462,-3.8306,8.3868,8.6454,2.026852,0.000000,-0.613696,0
0.4720,0.391252,2.215860,1.602164,-3.8924,8.4278,8.7023,2.035361,0.000000,-0.613405,0
0.4730,0.387297,2.224329,1.610924,-3.9551,8.4698,8.7603,2.043916,0.000000,-0.613098,0
0.4740,0.383278,2.232842,1.619744,-4.0186,8.5130,8.8197,2.052519,0.000000,-0.612775,0
0.4750,0.379195,2.241400,1.628624,-4.0830,8.5572,8.8803,2.061171,0.000000,-0.612436,0
0.4760,0.375047,2.250002,1.637567,-4.1484,8.6026,8.9423,2.069874,0.000000,-0.612079,0
0.4770,0.370832,2.258651,1.646572,-4.2146,8.6492,9.0058,2.078628,0.000000,-0.611705,0
0.4780,0.366550,2.267348,1.655643,-4.2819,8.6970,9.0707,2.087435,0.000000,-0.611314,0
0.4790,0.362200,2.276095,1.664780,-4.3502,8.7461,9.1371,2.096296,0.000000,-0.610906,0
0.4800,0.357781,2.284891,1.673985,-4.4195,8.7964,9.2052,2.105213,0.000000,-0.610479,0
0.4810,0.353291,2.293739,1.683260,-4.4900,8.8481,9.2748,2.114186,0.000000,-0.610034,0
0.4820,0.348729,2.302640,1.692606,-4.5616,8.9011,9.3462,2.123218,0.000000,-0.609570,0
0.4830,0.344095,2.311596,1.702026,-4.6344,8.9556,9.4194,2.132310,0.000000,-0.609087,0
0.4840,0.339386,2.320607,1.711520,-4.7084,9.0115,9.4945,2.141464,0.000000,-0.608584,0
0.4850,0.334602,2.329676,1.721092,-4.7837,9.0689,9.5715,2.150681,0.000000,-0.608062,0
0.4860,0.329742,2.338804,1.730742,-4.8603,9.1279,9.6505,2.159962,0.000000,-0.607519,0
0.4870,0.324804,2.347993,1.740474,-4.9383,9.1885,9.7316,2.169311,0.000000,-0.606954,0
0.4880,0.319786,2.357243,1.750289,-5.0178,9.2507,9.8149,2.178727,0.000000,-0.606369,0
0.4890,0.314687,2.366558,1.760189,-5.0987,9.3146,9.9006,2.188214,0.000000,-0.605760,0
0.4900,0.309506,2.375938,1.770178,-5.1812,9.3803,9.9886,2.197773,0.000000,-0.605129,0
0.4910,0.304241,2.385386,1.780257,-5.2653,9.4479,10.0791,2.207407,0.000000,-0.604474,0
0.4920,0.298890,2.394903,1.790429,-5.3511,9.5173,10.1723,2.217117,0.000000,-0.603795,0
0.4930,0.293451,2.404492,1.800697,-5.4387,9.5886,10.2681,2.226905,0.000000,-0.603090,0
0.4940,0.287923,2.414154,1.811064,-5.5280,9.6620,10.3669,2.236775,0.000000,-0.602359,0
0.4950,0.282304,2.423891,1.821533,-5.6193,9.7375,10.4686,2.246727,0.000000,-0.601600,0
0.4960,0.276591,2.433707,1.832106,-5.7126,9.8151,10.5735,2.256765,0.000000,-0.600813,0
0.4970,0.270783,2.443602,1.842788,-5.8079,9.8950,10.6817,2.266892,0.000000,-0.599997,0
0.4980,0.264878,2.453579,1.853581,-5.9054,9.9771,10.7933,2.277109,0.000000,-0.599150,0
0.4990,0.258873,2.463640,1.864490,-6.0051,10.0617,10.9085,2.287420,0.000000,-0.598272,0
0.5000,0.252766,2.473789,1.875517,-6.1072,10.1487,11.0275,2.297827,0.000000,-0.597359,0
0.5010,0.246554,2.484027,1.886668,-6.2117,10.2383,11.1506,2.308333,0.000000,-0.596412,0
0.5020,0.240235,2.494358,1.897946,-6.3188,10.3305,11.2778,2.318942,0.000000,-0.595428,0
0.5030,0.233807,2.504783,1.909355,-6.4285,10.4255,11.4094,2.329657,0.000000,-0.594406,0
0.5040,0.227266,2.515307,1.920901,-6.5410,10.5232,11.5456,2.340481,0.000000,-0.593343,0
0.5050,0.220609,2.525930,1.932588,-6.6564,10.6239,11.6868,2.351418,0.000000,-0.592238,0
0.5060,0.213835,2.536658,1.944421,-6.7748,10.7277,11.8331,2.362471,0.000000,-0.591087,0
0.5070,0.206938,2.547493,1.956405,-6.8964,10.8345,11.9848,2.373643,0.000000,-0.589890,0
0.5080,0.199917,2.558437,1.968548,-7.0212,10.9446,12.1422,2.384940,0.000000,-0.588642,0
0.5090,0.192768,2.569495,1.980853,-7.1495,11.0579,12.3056,2.396365,0.000000,-0.587341,0
0.5100,0.185486,2.580670,1.993329,-7.2813,11.1747,12.4754,2.407922,0.000000,-0.585984,0
0.5110,0.178069,2.591965,2.005980,-7.4169,11.2950,12.6519,2.419616,0.000000,-0.584568,0
0.5120,0.170513,2.603384,2.018816,-7.5563,11.4188,12.8355,2.431452,0.000000,-0.583087,0
0.5130,0.162813,2.614930,2.031843,-7.6998,11.5464,13.0266,2.443434,0.000000,-0.581540,0
0.5140,0.154966,2.626608,2.045068,-7.8474,11.6777,13.2256,2.455567,0.000000,-0.579919,0
0.5150,0.146967,2.638420,2.058501,-7.9993,11.8128,13.4329,2.467856,0.000000,-0.578222,0
0.5160,0.138811,2.650372,2.072150,-8.1557,11.9518,13.6491,2.480307,0.000000,-0.576442,0
0.5170,0.130494,2.662467,2.086025,-8.3167,12.0947,13.8746,2.492925,0.000000,-0.574574,0
0.5180,0.122012,2.674708,2.100135,-8.4825,12.2415,14.1100,2.505716,0.000000,-0.572610,0
0.5190,0.113359,2.687100,2.114490,-8.6531,12.3922,14.3557,2.518686,0.000000,-0.570544,0
0.5200,0.104530,2.699647,2.129103,-8.8287,12.5468,14.6125,2.531840,0.000000,-0.568369,0
0.5210,0.095520,2.712352,2.143984,-9.0094,12.7051,14.8808,2.545185,0.000000,-0.566074,0
0.5220,0.086325,2.725219,2.159145,-9.1951,12.8671,15.1613,2.558727,0.000000,-0.563652,0
0.5230,0.076939,2.738252,2.174600,-9.3859,13.0324,15.4545,2.572472,0.000000,-0.561092,0
0.5240,0.067358,2.751453,2.190361,-9.5818,13.2009,15.7612,2.586426,0.000000,-0.558382,0
0.5250,0.057575,2.764825,2.206443,-9.7826,13.3721,16.0819,2.600595,0.000000,-0.555511,0
0.5260,0.047587,2.778370,2.222860,-9.9881,13.5455,16.4172,2.614985,0.000000,-0.552463,0
0.5270,0.037389,2.792091,2.239628,-10.1980,13.7206,16.7677,2.629602,0.000000,-0.549226,0
0.5280,0.026977,2.805988,2.256761,-10.4120,13.8965,17.1338,2.644450,0.000000,-0.545782,0
0.5290,0.016348,2.820060,2.274277,-10.6293,14.0722,17.5159,2.659535,0.000000,-0.542115,0
0.5300,0.005498,2.834306,2.292192,-10.8493,14.2466,17.9143,2.674861,0.000000,-0.538204,0
0.5310,-0.005573,2.848725,2.310521,-11.0711,14.4183,18.3291,2.690429,0.000000,-0.534029,0
0.5320,-0.016866,2.863310,2.329281,-11.2934,14.5856,18.7601,2.706243,0.000000,-0.529569,0
0.5330,-0.028381,2.878057,2.348488,-11.5149,14.7465,19.2070,2.722301,0.000000,-0.524799,0
0.5340,-0.040115,2.892956,2.368157,-11.7338,14.8989,19.6690,2.738603,0.000000,-0.519694,0
0.5350,-0.052063,2.907996,2.388302,-11.9480,15.0400,20.1449,2.755144,0.000000,-0.514228,0
0.5360,-0.064218,2.923163,2.408935,-12.1554,15.1671,20.6332,2.771919,0.000000,-0.508373,0
0.5370,-0.076572,2.938439,2.430066,-12.3533,15.2768,21.1315,2.788918,0.000000,-0.502102,0
0.5380,-0.089110,2.953805,2.451704,-12.5389,15.3659,21.6372,2.806128,0.000000,-0.495386,0
0.5390,-0.101819,2.969236,2.473850,-12.7090,15.4307,22.1468,2.823534,0.000000,-0.488197,0
0.5400,-0.114680,2.984704,2.496507,-12.8605,15.4676,22.6563,2.841116,0.000000,-0.480509,0
0.5410,-0.127670,3.000177,2.519668,-12.9903,15.4730,23.1609,2.858850,0.000000,-0.472297,0
0.5420,-0.140766,3.015620,2.543323,-13.0953,15.4437,23.6555,2.876709,0.000000,-0.463540,0
0.5430,-0.153939,3.030997,2.567458,-13.1729,15.3770,24.1345,2.894662,0.000000,-0.454218,0
0.5440,-0.167159,3.046268,2.592050,-13.2207,15.2708,24.5921,2.912674,0.000000,-0.444320,0
0.5450,-0.180396,3.061392,2.617072,-13.2372,15.1238,25.0226,2.930710,0.000000,-0.433835,0
0.5460,-0.193618,3.076328,2.642493,-13.2215,14.9360,25.4207,2.948729,0.000000,-0.422762,0
0.5470,-0.206791,3.091036,2.668275,-13.1734,14.7082,25.7816,2.966695,0.000000,-0.411103,0
0.5480,-0.219885,3.105479,2.694376,-13.0937,14.4425,26.1013,2.984566,0.000000,-0.398868,0
0.5490,-0.232869,3.119621,2.720753,-12.9838,14.1419,26.3769,3.002306,0.000000,-0.386071,0
0.5500,-0.245715,3.133431,2.747359,-12.8458,13.8103,26.6065,3.019880,0.000000,-0.372734,0
0.5510,-0.258397,-3.136302,2.774149,-12.6824,13.4523,26.7896,-1.397934,0.000000,-0.358881,0
0.5520,-0.270893,-3.123229,2.801075,-12.4965,13.0729,26.9265,-1.380787,0.000000,-0.344539,0
0.5530,-0.283185,-3.110552,2.828094,-12.2912,12.6772,27.0188,-1.363892,0.000000,-0.329741,0
0.5540,-0.295254,-3.098282,2.855163,-12.0698,12.2704,27.0686,-1.347269,0.000000,-0.314519,0
0.5550,-0.307090,-3.086425,2.882242,-11.8354,11.8572,27.0788,-1.330935,0.000000,-0.298909,0
0.5560,-0.318681,-3.074982,2.909294,-11.5908,11.4422,27.0527,-1.314901,0.000000,-0.282944,0
0.5570,-0.330020,-3.063953,2.936288,-11.3389,11.0292,26.9938,-1.299176,0.000000,-0.266660,0
0.5580,-0.341101,-3.053332,2.963194,-11.0819,10.6217,26.9056,-1.283765,0.000000,-0.250091,0
0.5590,-0.351923,-3.043109,2.989985,-10.8220,10.2224,26.7919,-1.268670,0.000000,-0.233269,0
0.5600,-0.362484,-3.033275,3.016641,-10.5610,9.8337,26.6559,-1.253888,0.000000,-0.216225,0
0.5610,-0.372785,-3.023818,3.043142,-10.3004,9.4575,26.5008,-1.239418,0.000000,-0.198990,0
0.5620,-0.382826,-3.014723,3.069472,-10.0415,9.0950,26.3298,-1.225254,0.000000,-0.181592,0
0.5630,-0.392611,-3.005976,3.095617,-9.7853,8.7473,26.1454,-1.211389,0.000000,-0.164057,0
0.5640,-0.402144,-2.997561,3.121567,-9.5326,8.4150,25.9500,-1.197817,0.000000,-0.146410,0
0.5650,-0.411428,-2.989462,-3.135872,-9.2842,8.0984,25.7459,-3.032524,0.000000,-0.128673,0
0.5660,-0.420469,-2.981665,-3.110337,-9.0404,7.7977,25.5349,-3.019509,0.000000,-0.110867,0
0.5670,-0.429270,-2.974152,-3.085019,-8.8017,7.5129,25.3187,-3.006760,0.000000,-0.093012,0
0.5680,-0.437839,-2.966908,-3.059920,-8.5683,7.2437,25.0987,-2.994264,0.000000,-0.075125,0
0.5690,-0.446179,-2.959918,-3.035044,-8.3403,6.9898,24.8763,-2.982014,0.000000,-0.057224,0
0.5700,-0.454297,-2.953167,-3.010391,-8.1179,6.7508,24.6524,-2.969998,0.000000,-0.039322,0
0.5710,-0.462198,-2.946641,-2.985963,-7.9011,6.5263,24.4280,-2.958206,0.000000,-0.021434,0
0.5720,-0.469888,-2.940325,-2.961759,-7.6899,6.3158,24.2039,-2.946629,0.000000,-0.003572,0
0.5730,-0.477372,-2.934207,-2.937778,-7.4843,6.1187,23.9808,-2.935257,0.000000,0.014253,0
0.5740,-0.484656,-2.928272,-2.914019,-7.2841,5.9345,23.7591,-2.924080,0.000000,0.032030,0
0.5750,-0.491745,-2.922510,-2.890480,-7.0892,5.7625,23.5395,-2.913089,0.000000,0.049750,0
0.5760,-0.498645,-2.916907,-2.867158,-6.8996,5.6024,23.3221,-2.902275,0.000000,0.067404,0
0.5770,-0.505360,-2.911454,-2.844050,-6.7151,5.4534,23.1075,-2.891629,0.000000,0.084984,0
0.5780,-0.511896,-2.906139,-2.821154,-6.5356,5.3151,22.8957,-2.881143,0.000000,0.102485,0
0.5790,-0.518257,-2.900952,-2.798467,-6.3609,5.1869,22.6872,-2.870809,0.000000,0.119898,0
0.5800,-0.524448,-2.895884,-2.775985,-6.1909,5.0683,22.4819,-2.860619,0.000000,0.137219,0
0.5810,-0.530473,-2.890925,-2.753705,-6.0254,4.9589,22.2800,-2.850566,0.000000,0.154443,0
0.5820,-0.536337,-2.886067,-2.731624,-5.8643,4.8581,22.0817,-2.840642,0.000000,0.171564,0
0.5830,-0.542045,-2.881301,-2.709737,-5.7074,4.7655,21.8869,-2.830841,0.000000,0.188579,0
0.5840,-0.547599,-2.876620,-2.688041,-5.5546,4.6807,21.6958,-2.821156,0.000000,0.205485,0
0.5850,-0.553005,-2.872017,-2.666533,-5.4057,4.6032,21.5083,-2.811581,0.000000,0.222276,0
0.5860,-0.558266,-2.867485,-2.645208,-5.2606,4.5326,21.3245,-2.802109,0.000000,0.238952,0
0.5870,-0.563385,-2.863016,-2.624064,-5.1191,4.4687,21.1444,-2.792736,0.000000,0.255509,0
0.5880,-0.568366,-2.858605,-2.603096,-4.9811,4.4109,20.9678,-2.783455,0.000000,0.271945,0
0.5890,-0.573213,-2.854246,-2.582301,-4.8465,4.3591,20.7949,-2.774262,0.000000,0.288258,0
0.5900,-0.577928,-2.849933,-2.561676,-4.7152,4.3128,20.6255,-2.765152,0.000000,0.304446,0
0.5910,-0.582515,-2.845661,-2.541216,-4.5870,4.2717,20.4597,-2.756119,0.000000,0.320507,0
0.5920,-0.586977,-2.841426,-2.520919,-4.4618,4.2356,20.2973,-2.747159,0.000000,0.336441,0
0.5930,-0.591316,-2.837222,-2.500780,-4.3395,4.2042,20.1383,-2.738268,0.000000,0.352247,0
0.5940,-0.595536,-2.833044,-2.480798,-4.2199,4.1773,19.9827,-2.729442,0.000000,0.367923,0
0.5950,-0.599639,-2.828890,-2.460967,-4.1031,4.1545,19.8304,-2.720677,0.000000,0.383468,0
0.5960,-0.603628,-2.824754,-2.441286,-3.9888,4.1357,19.6812,-2.711969,0.000000,0.398883,0
0.5970,-0.607505,-2.820634,-2.421751,-3.8770,4.1206,19.5352,-2.703315,0.000000,0.414166,0
0.5980,-0.611272,-2.816525,-2.402358,-3.7675,4.1091,19.3924,-2.694711,0.000000,0.429318,0
0.5990,-0.614933,-2.812424,-2.383106,-3.6604,4.1008,19.2525,-2.686154,0.000000,0.444338,0
0.6000,-0.618488,-2.808328,-2.363990,-3.5555,4.0958,19.1155,-2.677640,0.000000,0.459225,0
0.6010,-0.621941,-2.804234,-2.345009,-3.4527,4.0937,18.9815,-2.669168,0.000000,0.473981,0
0.6020,-0.625293,-2.800140,-2.326159,-3.3519,4.0944,18.8502,-2.660734,0.000000,0.488605,0
0.6030,-0.628546,-2.796042,-2.307437,-3.2531,4.0977,18.7217,-2.652335,0.000000,0.503098,0
0.6040,-0.631702,-2.791939,-2.288841,-3.1562,4.1035,18.5959,-2.643969,0.000000,0.517459,0
0.6050,-0.634763,-2.787827,-2.270368,-3.0611,4.1117,18.4726,-2.635633,0.000000,0.531688,0
0.6060,-0.637731,-2.783705,-2.252016,-2.9678,4.1221,18.3519,-2.627326,0.000000,0.545787,0
0.6070,-0.640607,-2.779570,-2.233783,-2.8761,4.1346,18.2337,-2.619044,0.000000,0.559756,0
0.6080,-0.643393,-2.775421,-2.215665,-2.7861,4.1491,18.1178,-2.610787,0.000000,0.573595,0
0.6090,-0.646091,-2.771256,-2.197661,-2.6977,4.1654,18.0043,-2.602551,0.000000,0.587305,0
0.6100,-0.648702,-2.767072,-2.179768,-2.6107,4.1835,17.8931,-2.594336,0.000000,0.600885,0
0.6110,-0.651227,-2.762869,-2.161983,-2.5252,4.2032,17.7841,-2.586138,0.000000,0.614338,0
0.6120,-0.653668,-2.758644,-2.144306,-2.4412,4.2245,17.6772,-2.577957,0.000000,0.627663,0
0.6130,-0.656026,-2.754397,-2.126734,-2.3584,4.2472,17.5724,-2.569790,0.000000,0.640862,0
0.6140,-0.658303,-2.750126,-2.109264,-2.2770,4.2713,17.4697,-2.561637,0.000000,0.653934,0
0.6150,-0.660500,-2.745829,-2.091895,-2.1968,4.2967,17.3689,-2.553496,0.000000,0.666881,0
0.6160,-0.662618,-2.741506,-2.074625,-2.1178,4.3233,17.2701,-2.545365,0.000000,0.679703,0
0.6170,-0.664658,-2.737155,-2.057452,-2.0400,4.3510,17.1732,-2.537242,0.000000,0.692401,0
0.6180,-0.666621,-2.732775,-2.040374,-1.9633,4.3797,17.0780,-2.529128,0.000000,0.704977,0
0.6190,-0.668509,-2.728366,-2.023389,-1.8877,4.4094,16.9846,-2.521020,0.000000,0.717430,0
0.6200,-0.670322,-2.723926,-2.006496,-1.8131,4.4401,16.8930,-2.512917,0.000000,0.729761,0
0.6210,-0.672062,-2.719454,-1.989693,-1.7396,4.4716,16.8030,-2.504819,0.000000,0.741972,0
0.6220,-0.673729,-2.714950,-1.972979,-1.6670,4.5040,16.7146,-2.496723,0.000000,0.754062,0
0.6230,-0.675324,-2.710413,-1.956351,-1.5953,4.5370,16.6278,-2.488630,0.000000,0.766034,0
0.6240,-0.676848,-2.705842,-1.939808,-1.5246,4.5708,16.5426,-2.480538,0.000000,0.777888,0
0.6250,-0.678303,-2.701237,-1.923349,-1.4547,4.6052,16.4588,-2.472447,0.000000,0.789624,0
0.6260,-0.679689,-2.696597,-1.906973,-1.3857,4.6402,16.3765,-2.464355,0.000000,0.801244,0
0.6270,-0.681006,-2.691921,-1.890677,-1.3175,4.6757,16.2955,-2.456261,0.000000,0.812748,0
0.6280,-0.682256,-2.687210,-1.874461,-1.2500,4.7117,16.2159,-2.448166,0.000000,0.824138,0
0.6290,-0.683440,-2.682462,-1.858324,-1.1834,4.7482,16.1377,-2.440068,0.000000,0.835413,0
0.6300,-0.684557,-2.677676,-1.842263,-1.1175,4.7851,16.0607,-2.431967,0.000000,0.846576,0
0.6310,-0.685609,-2.672854,-1.826278,-1.0522,4.8223,15.9850,-2.423861,0.000000,0.857627,0
0.6320,-0.686597,-2.667994,-1.810368,-0.9877,4.8599,15.9104,-2.415751,0.000000,0.868566,0
0.6330,-0.687521,-2.663096,-1.794531,-0.9238,4.8978,15.8371,-2.407636,0.000000,0.879395,0
0.6340,-0.688382,-2.658160,-1.778766,-0.8606,4.9360,15.7649,-2.399515,0.000000,0.890114,0
0.6350,-0.689180,-2.653186,-1.763072,-0.7980,4.9744,15.6937,-2.391388,0.000000,0.900725,0
0.6360,-0.689915,-2.648173,-1.747448,-0.7360,5.0130,15.6237,-2.383254,0.000000,0.911228,0
0.6370,-0.690590,-2.643121,-1.731894,-0.6745,5.0518,15.5547,-2.375113,0.000000,0.921624,0
0.6380,-0.691204,-2.638031,-1.716407,-0.6137,5.0907,15.4867,-2.366965,0.000000,0.931914,0
0.6390,-0.691757,-2.632901,-1.700987,-0.5533,5.1297,15.4197,-2.358809,0.000000,0.942098,0
0.6400,-0.692251,-2.627732,-1.685634,-0.4935,5.1688,15.3536,-2.350644,0.000000,0.952179,0
0.6410,-0.692685,-2.622524,-1.670345,-0.4343,5.2080,15.2884,-2.342471,0.000000,0.962156,0
0.6420,-0.693060,-2.617277,-1.655121,-0.3755,5.2472,15.2241,-2.334290,0.000000,0.972030,0
0.6430,-0.693377,-2.611990,-1.639960,-0.3171,5.2864,15.1607,-2.326099,0.000000,0.981802,0
0.6440,-0.693637,-2.606665,-1.624862,-0.2593,5.3256,15.0981,-2.317899,0.000000,0.991474,0
0.6450,-0.693839,-2.601300,-1.609826,-0.2019,5.3648,15.0364,-2.309690,0.000000,1.001045,0
0.6460,-0.693984,-2.595896,-1.594851,-0.1449,5.4039,14.9754,-2.301471,0.000000,1.010518,0
0.6470,-0.694072,-2.590453,-1.579935,-0.0884,5.4430,14.9152,-2.293242,0.000000,1.019891,0
0.6480,-0.694104,-2.584971,-1.565080,-0.0322,5.4819,14.8557,-2.285003,0.000000,1.029167,0
0.6490,-0.694081,-2.579450,-1.550283,0.0235,5.5208,14.7969,-2.276754,0.000000,1.038347,0
0.6500,-0.694002,-2.573891,-1.535544,0.0788,5.5595,14.7388,-2.268495,0.000000,1.047430,0
0.6510,-0.693868,-2.568293,-1.520862,0.1338,5.5980,14.6814,-2.260225,0.000000,1.056419,0
0.6520,-0.693680,-2.562656,-1.506238,0.1884,5.6364,14.6247,-2.251945,0.000000,1.065313,0
0.6530,-0.693437,-2.556982,-1.491669,0.2427,5.6746,14.5685,-2.243655,0.000000,1.074113,0
0.6540,-0.693140,-2.551269,-1.477156,0.2966,5.7126,14.5130,-2.235354,0.000000,1.082821,0
0.6550,-0.692790,-2.545519,-1.462698,0.3501,5.7503,14.4581,-2.227042,0.000000,1.091437,0
0.6560,-0.692387,-2.539731,-1.448294,0.4033,5.7878,14.4037,-2.218720,0.000000,1.099961,0
0.6570,-0.691931,-2.533906,-1.433944,0.4562,5.8251,14.3499,-2.210388,0.000000,1.108396,0
0.6580,-0.691422,-2.528044,-1.419648,0.5088,5.8621,14.2966,-2.202045,0.000000,1.116741,0
0.6590,-0.690861,-2.522145,-1.405404,0.5611,5.8989,14.2439,-2.193692,0.000000,1.124997,0
0.6600,-0.690248,-2.516210,-1.391212,0.6131,5.9353,14.1916,-2.185328,0.000000,1.133166,0
0.6610,-0.689583,-2.510238,-1.377073,0.6648,5.9714,14.1398,-2.176954,0.000000,1.141247,0
0.6620,-0.688867,-2.504231,-1.362984,0.7162,6.0072,14.0885,-2.168570,0.000000,1.149242,0
0.6630,-0.688099,-2.498188,-1.348946,0.7673,6.0427,14.0376,-2.160176,0.000000,1.157151,0
0.6640,-0.687281,-2.492111,-1.334959,0.8181,6.0778,13.9872,-2.151772,0.000000,1.164976,0
0.6650,-0.686413,-2.485998,-1.321022,0.8687,6.1126,13.9372,-2.143358,0.000000,1.172716,0
0.6660,-0.685494,-2.479851,-1.307135,0.9190,6.1470,13.8876,-2.134934,0.000000,1.180374,0
0.6670,-0.684525,-2.473670,-1.293296,0.9690,6.1810,13.8383,-2.126501,0.000000,1.187949,0
0.6680,-0.683506,-2.467455,-1.279507,1.0188,6.2146,13.7895,-2.118059,0.000000,1.195442,0
0.6690,-0.682437,-2.461207,-1.265766,1.0683,6.2479,13.7410,-2.109607,0.000000,1.202854,0
0.6700,-0.681320,-2.454927,-1.252073,1.1176,6.2807,13.6929,-2.101146,0.000000,1.210186,0
0.6710,-0.680153,-2.448614,-1.238428,1.1666,6.3131,13.6451,-2.092677,0.000000,1.217439,0
0.6720,-0.678938,-2.442269,-1.224830,1.2154,6.3450,13.5977,-2.084198,0.000000,1.224613,0
0.6730,-0.677674,-2.435892,-1.211279,1.2639,6.3765,13.5505,-2.075712,0.000000,1.231709,0
0.6740,-0.676362,-2.429485,-1.197776,1.3122,6.4076,13.5037,-2.067217,0.000000,1.238728,0
0.6750,-0.675001,-2.423046,-1.184319,1.3603,6.4382,13.4572,-2.058715,0.000000,1.245670,0
0.6760,-0.673593,-2.416578,-1.170908,1.4081,6.4683,13.4109,-2.050204,0.000000,1.252538,0
0.6770,-0.672137,-2.410080,-1.157543,1.4557,6.4979,13.3650,-2.041687,0.000000,1.259330,0
0.6780,-0.670634,-2.403553,-1.144223,1.5031,6.5271,13.3192,-2.033162,0.000000,1.266048,0
0.6790,-0.669084,-2.396997,-1.130950,1.5502,6.5557,13.2738,-2.024630,0.000000,1.272692,0
0.6800,-0.667487,-2.390414,-1.117721,1.5971,6.5839,13.2286,-2.016092,0.000000,1.279265,0
0.6810,-0.665843,-2.383802,-1.104537,1.6438,6.6115,13.1836,-2.007548,0.000000,1.285765,0
0.6820,-0.664153,-2.377163,-1.091399,1.6902,6.6386,13.1389,-1.998997,0.000000,1.292194,0
0.6830,-0.662417,-2.370498,-1.078304,1.7364,6.6652,13.0943,-1.990441,0.000000,1.298553,0
0.6840,-0.660634,-2.363807,-1.065254,1.7824,6.6912,13.0500,-1.981880,0.000000,1.304842,0
0.6850,-0.658806,-2.357090,-1.052248,1.8282,6.7167,13.0059,-1.973313,0.000000,1.311062,0
0.6860,-0.656932,-2.350349,-1.039286,1.8737,6.7416,12.9620,-1.964742,0.000000,1.317215,0
0.6870,-0.655013,-2.343583,-1.026368,1.9190,6.7659,12.9183,-1.956167,0.000000,1.323300,0
0.6880,-0.653049,-2.336793,-1.013493,1.9641,6.7897,12.8747,-1.947587,0.000000,1.329318,0
0.6890,-0.651040,-2.329980,-1.000662,2.0089,6.8129,12.8313,-1.939004,0.000000,1.335271,0
0.6900,-0.648987,-2.323145,-0.987874,2.0535,6.8356,12.7881,-1.930418,0.000000,1.341158,0
0.6910,-0.646889,-2.316287,-0.975129,2.0979,6.8576,12.7451,-1.921829,0.000000,1.346981,0
0.6920,-0.644747,-2.309408,-0.962427,2.1420,6.8790,12.7022,-1.913237,0.000000,1.352741,0
0.6930,-0.642561,-2.302508,-0.949767,2.1859,6.8999,12.6595,-1.904643,0.000000,1.358438,0
0.6940,-0.640332,-2.295588,-0.937150,2.2296,6.9201,12.6169,-1.896048,0.000000,1.364072,0
0.6950,-0.638059,-2.288648,-0.924576,2.2730,6.9397,12.5744,-1.887451,0.000000,1.369646,0
0.6960,-0.635742,-2.281690,-0.912044,2.3161,6.9587,12.5321,-1.878853,0.000000,1.375159,0
0.6970,-0.633383,-2.274713,-0.899554,2.3591,6.9771,12.4899,-1.870254,0.000000,1.380612,0
0.6980,-0.630982,-2.267718,-0.887106,2.4018,6.9948,12.4479,-1.861656,0.000000,1.386006,0
0.6990,-0.628537,-2.260706,-0.874700,2.4442,7.0119,12.4059,-1.853057,0.000000,1.391342,0
0.7000,-0.626051,-2.253678,-0.862336,2.4864,7.0283,12.3641,-1.844460,0.000000,1.396620,0
0.7010,-0.623523,-2.246634,-0.850014,2.5283,7.0441,12.3224,-1.835863,0.000000,1.401841,0
0.7020,-0.620953,-2.239574,-0.837733,2.5700,7.0592,12.2808,-1.827268,0.000000,1.407007,0
0.7030,-0.618341,-2.232501,-0.825494,2.6114,7.0737,12.2393,-1.818675,0.000000,1.412117,0
0.7040,-0.615689,-2.225413,-0.813296,2.6526,7.0875,12.1979,-1.810085,0.000000,1.417173,0
0.7050,-0.612995,-2.218312,-0.801139,2.6934,7.1006,12.1566,-1.801497,0.000000,1.422175,0
0.7060,-0.610261,-2.211199,-0.789024,2.7340,7.1131,12.1153,-1.792913,0.000000,1.427125,0
0.7070,-0.607487,-2.204075,-0.776950,2.7744,7.1249,12.0742,-1.784332,0.000000,1.432022,0
0.7080,-0.604672,-2.196939,-0.764917,2.8144,7.1359,12.0332,-1.775756,0.000000,1.436868,0
0.7090,-0.601818,-2.189792,-0.752924,2.8542,7.1463,11.9923,-1.767184,0.000000,1.441663,0
0.7100,-0.598924,-2.182636,-0.740973,2.8937,7.1561,11.9514,-1.758618,0.000000,1.446409,0
0.7110,-0.595992,-2.175471,-0.729062,2.9329,7.1651,11.9106,-1.750057,0.000000,1.451105,0
0.7120,-0.593020,-2.168298,-0.717192,2.9718,7.1734,11.8699,-1.741502,0.000000,1.455754,0
0.7130,-0.590009,-2.161117,-0.705363,3.0105,7.1810,11.8293,-1.732954,0.000000,1.460355,0
0.7140,-0.586960,-2.153929,-0.693574,3.0488,7.1879,11.7888,-1.724413,0.000000,1.464909,0
0.7150,-0.583874,-2.146735,-0.681826,3.0868,7.1940,11.7483,-1.715879,0.000000,1.469417,0
0.7160,-0.580749,-2.139535,-0.670118,3.1245,7.1995,11.7079,-1.707354,0.000000,1.473881,0
0.7170,-0.577587,-2.132331,-0.658451,3.1619,7.2042,11.6676,-1.698837,0.000000,1.478300,0
0.7180,-0.574388,-2.125123,-0.646823,3.1990,7.2083,11.6273,-1.690329,0.000000,1.482675,0
0.7190,-0.571152,-2.117911,-0.635236,3.2357,7.2115,11.5871,-1.681830,0.000000,1.487008,0
0.7200,-0.567880,-2.110697,-0.623689,3.2722,7.2141,11.5470,-1.673342,0.000000,1.491299,0
0.7210,-0.564572,-2.103481,-0.612182,3.3083,7.2159,11.5069,-1.664864,0.000000,1.495549,0
0.7220,-0.561228,-2.096264,-0.600715,3.3440,7.2170,11.4670,-1.656397,0.000000,1.499759,0
0.7230,-0.557849,-2.089047,-0.589288,3.3795,7.2174,11.4270,-1.647941,0.000000,1.503929,0
0.7240,-0.554434,-2.081830,-0.577901,3.4146,7.2170,11.3872,-1.639498,0.000000,1.508060,0
0.7250,-0.550985,-2.074614,-0.566554,3.4493,7.2159,11.3474,-1.631067,0.000000,1.512154,0
0.7260,-0.547501,-2.067400,-0.555246,3.4837,7.2140,11.3077,-1.622649,0.000000,1.516211,0
0.7270,-0.543983,-2.060188,-0.543978,3.5177,7.2114,11.2680,-1.614244,0.000000,1.520231,0
0.7280,-0.540432,-2.052980,-0.532749,3.5514,7.2081,11.2284,-1.605854,0.000000,1.524216,0
0.7290,-0.536847,-2.045776,-0.521561,3.5847,7.2040,11.1889,-1.597478,0.000000,1.528166,0
0.7300,-0.533230,-2.038577,-0.510411,3.6176,7.1992,11.1494,-1.589117,0.000000,1.532082,0
0.7310,-0.529579,-2.031384,-0.499301,3.6502,7.1936,11.1100,-1.580771,0.000000,1.535966,0
0.7320,-0.525897,-2.024196,-0.488231,3.6824,7.1872,11.0707,-1.572442,0.000000,1.539817,0
0.7330,-0.522183,-2.017016,-0.477199,3.7142,7.1801,11.0314,-1.564129,0.000000,1.543637,0
0.7340,-0.518437,-2.009844,-0.466207,3.7456,7.1723,10.9922,-1.555833,0.000000,1.547426,0
0.7350,-0.514661,-2.002680,-0.455254,3.7766,7.1637,10.9530,-1.547555,0.000000,1.551186,0
0.7360,-0.510854,-1.995526,-0.444340,3.8072,7.1543,10.9139,-1.539295,0.000000,1.554917,0
0.7370,-0.507016,-1.988382,-0.433465,3.8374,7.1442,10.8749,-1.531053,0.000000,1.558619,0
0.7380,-0.503149,-1.981249,-0.422629,3.8673,7.1333,10.8360,-1.522831,0.000000,1.562295,0
0.7390,-0.499252,-1.974127,-0.411832,3.8967,7.1217,10.7971,-1.514628,0.000000,1.565944,0
0.7400,-0.495327,-1.967018,-0.401074,3.9257,7.1094,10.7583,-1.506446,0.000000,1.569567,0
0.7410,-0.491372,-1.959921,-0.390354,3.9542,7.0962,10.7195,-1.498284,0.000000,1.573165,0
0.7420,-0.487390,-1.952839,-0.379673,3.9824,7.0824,10.6809,-1.490143,0.000000,1.576740,0
0.7430,-0.483380,-1.945771,-0.369031,4.0101,7.0678,10.6423,-1.482024,0.000000,1.580291,0
0.7440,-0.479342,-1.938719,-0.358427,4.0374,7.0524,10.6038,-1.473927,0.000000,1.583820,0
0.7450,-0.475278,-1.931682,-0.347862,4.0643,7.0363,10.5653,-1.465853,0.000000,1.587328,0
0.7460,-0.471187,-1.924663,-0.337335,4.0908,7.0194,10.5269,-1.457802,0.000000,1.590815,0
0.7470,-0.467070,-1.917661,-0.326847,4.1168,7.0018,10.4886,-1.449775,0.000000,1.594282,0
0.7480,-0.462928,-1.910678,-0.316396,4.1423,6.9835,10.4504,-1.441771,0.000000,1.597729,0
0.7490,-0.458761,-1.903713,-0.305984,4.1674,6.9644,10.4123,-1.433793,0.000000,1.601159,0
0.7500,-0.454569,-1.896769,-0.295610,4.1921,6.9446,10.3742,-1.425840,0.000000,1.604571,0
0.7510,-0.450352,-1.889845,-0.285273,4.2163,6.9240,10.3362,-1.417912,0.000000,1.607967,0
0.7520,-0.446112,-1.882942,-0.274975,4.2401,6.9027,10.2983,-1.410011,0.000000,1.611347,0
0.7530,-0.441849,-1.876061,-0.264715,4.2634,6.8807,10.2605,-1.402136,0.000000,1.614711,0
0.7540,-0.437563,-1.869203,-0.254492,4.2862,6.8580,10.2227,-1.394288,0.000000,1.618062,0
0.7550,-0.433254,-1.862369,-0.244307,4.3086,6.8345,10.1851,-1.386468,0.000000,1.621399,0
0.7560,-0.428924,-1.855558,-0.234159,4.3305,6.8103,10.1475,-1.378676,0.000000,1.624724,0
0.7570,-0.424572,-1.848773,-0.224049,4.3519,6.7854,10.1100,-1.370913,0.000000,1.628036,0
0.7580,-0.420199,-1.842013,-0.213977,4.3729,6.7598,10.0726,-1.363179,0.000000,1.631338,0
0.7590,-0.415806,-1.835280,-0.203942,4.3933,6.7335,10.0353,-1.355474,0.000000,1.634630,0
0.7600,-0.411392,-1.828573,-0.193944,4.4134,6.7064,9.9981,-1.347800,0.000000,1.637912,0
0.7610,-0.406959,-1.821895,-0.183983,4.4329,6.6787,9.9609,-1.340156,0.000000,1.641186,0
0.7620,-0.402507,-1.815244,-0.174059,4.4519,6.6503,9.9239,-1.332543,0.000000,1.644451,0
0.7630,-0.398037,-1.808623,-0.164172,4.4705,6.6212,9.8870,-1.324961,0.000000,1.647710,0
0.7640,-0.393548,-1.802032,-0.154322,4.4886,6.5914,9.8501,-1.317411,0.000000,1.650963,0
0.7650,-0.389042,-1.795471,-0.144508,4.5062,6.5609,9.8134,-1.309894,0.000000,1.654210,0
0.7660,-0.384519,-1.788941,-0.134732,4.5233,6.5297,9.7767,-1.302409,0.000000,1.657452,0
0.7670,-0.379979,-1.782443,-0.124991,4.5400,6.4979,9.7401,-1.294957,0.000000,1.660690,0
0.7680,-0.375423,-1.775978,-0.115288,4.5561,6.4654,9.7037,-1.287540,0.000000,1.663925,0
0.7690,-0.370851,-1.769546,-0.105620,4.5717,6.4322,9.6673,-1.280156,0.000000,1.667158,0
0.7700,-0.366264,-1.763147,-0.095989,4.5869,6.3984,9.6310,-1.272807,0.000000,1.670389,0
0.7710,-0.361662,-1.756783,-0.086395,4.6016,6.3640,9.5949,-1.265492,0.000000,1.673619,0
0.7720,-0.357047,-1.750454,-0.076836,4.6158,6.3289,9.5588,-1.258214,0.000000,1.676848,0
0.7730,-0.352417,-1.744161,-0.067313,4.6295,6.2932,9.5228,-1.250970,0.000000,1.680078,0
0.7740,-0.347775,-1.737904,-0.057826,4.6426,6.2568,9.4870,-1.243764,0.000000,1.683310,0
0.7750,-0.343119,-1.731685,-0.048375,4.6554,6.2198,9.4512,-1.236593,0.000000,1.686543,0
0.7760,-0.338452,-1.725502,-0.038959,4.6676,6.1822,9.4156,-1.229460,0.000000,1.689779,0
0.7770,-0.333772,-1.719358,-0.029579,4.6793,6.1440,9.3800,-1.222364,0.000000,1.693019,0
0.7780,-0.329082,-1.713253,-0.020234,4.6905,6.1052,9.3446,-1.215306,0.000000,1.696262,0
0.7790,-0.324381,-1.707187,-0.010925,4.7013,6.0658,9.3092,-1.208287,0.000000,1.699510,0
0.7800,-0.319669,-1.701162,-0.001651,4.7115,6.0258,9.2740,-1.201306,0.000000,1.702764,0
0.7810,-0.314948,-1.695176,0.007588,4.7213,5.9852,9.2388,-1.194363,0.000000,1.706024,0
0.7820,-0.310217,-1.689232,0.016791,4.7306,5.9441,9.2038,-1.187461,0.000000,1.709290,0
0.7830,-0.305478,-1.683330,0.025960,4.7394,5.9024,9.1689,-1.180598,0.000000,1.712564,0
0.7840,-0.300730,-1.677470,0.035094,4.7477,5.8601,9.1341,-1.173775,0.000000,1.715846,0
0.7850,-0.295975,-1.671653,0.044194,4.7555,5.8173,9.0993,-1.166992,0.000000,1.719137,0
0.7860,-0.291212,-1.665879,0.053258,4.7628,5.7739,9.0647,-1.160250,0.000000,1.722437,0
0.7870,-0.286442,-1.660149,0.062289,4.7697,5.7300,9.0302,-1.153549,0.000000,1.725747,0
0.7880,-0.281666,-1.654463,0.071284,4.7761,5.6856,8.9958,-1.146890,0.000000,1.729068,0
0.7890,-0.276884,-1.648822,0.080246,4.7820,5.6407,8.9615,-1.140273,0.000000,1.732400,0
0.7900,-0.272097,-1.643227,0.089173,4.7874,5.5952,8.9273,-1.133698,0.000000,1.735744,0
0.7910,-0.267304,-1.637678,0.098066,4.7924,5.5493,8.8932,-1.127165,0.000000,1.739101,0
0.7920,-0.262507,-1.632175,0.106926,4.7969,5.5029,8.8592,-1.120675,0.000000,1.742470,0
0.7930,-0.257706,-1.626719,0.115751,4.8009,5.4559,8.8253,-1.114228,0.000000,1.745853,0
0.7940,-0.252902,-1.621310,0.124542,4.8045,5.4085,8.7915,-1.107824,0.000000,1.749250,0
0.7950,-0.248094,-1.615950,0.133300,4.8076,5.3607,8.7578,-1.101465,0.000000,1.752662,0
0.7960,-0.243284,-1.610637,0.142024,4.8102,5.3124,8.7242,-1.095149,0.000000,1.756089,0
0.7970,-0.238472,-1.605374,0.150715,4.8124,5.2636,8.6907,-1.088877,0.000000,1.759532,0
0.7980,-0.233658,-1.600159,0.159372,4.8141,5.2144,8.6573,-1.082650,0.000000,1.762991,0
0.7990,-0.228842,-1.594995,0.167996,4.8154,5.1648,8.6239,-1.076468,0.000000,1.766467,0
0.8000,-0.224026,-1.589880,0.176587,4.8163,5.1147,8.5907,-1.070331,0.000000,1.769960,0
0.8010,-0.219209,-1.584816,0.185144,4.8167,5.0642,8.5576,-1.064239,0.000000,1.773471,0
0.8020,-0.214393,-1.579802,0.193669,4.8166,5.0133,8.5245,-1.058193,0.000000,1.777001,0
0.8030,-0.209577,-1.574840,0.202161,4.8161,4.9621,8.4916,-1.052193,0.000000,1.780549,0
0.8040,-0.204761,-1.569930,0.210619,4.8152,4.9104,8.4587,-1.046239,0.000000,1.784117,0
0.8050,-0.199947,-1.565072,0.219045,4.8139,4.8584,8.4259,-1.040331,0.000000,1.787704,0
0.8060,-0.195135,-1.560266,0.227438,4.8122,4.8059,8.3932,-1.034470,0.000000,1.791312,0
0.8070,-0.190325,-1.555512,0.235799,4.8100,4.7532,8.3606,-1.028656,0.000000,1.794940,0
0.8080,-0.185518,-1.550812,0.244127,4.8074,4.7000,8.3281,-1.022889,0.000000,1.798589,0
0.8090,-0.180713,-1.546166,0.252423,4.8044,4.6466,8.2956,-1.017169,0.000000,1.802259,0
0.8100,-0.175912,-1.541573,0.260686,4.8010,4.5928,8.2633,-1.011497,0.000000,1.805951,0
0.8110,-0.171115,-1.537034,0.268917,4.7972,4.5386,8.2309,-1.005872,0.000000,1.809666,0
0.8120,-0.166322,-1.532550,0.277116,4.7930,4.4842,8.1987,-1.000296,0.000000,1.813403,0
0.8130,-0.161534,-1.528121,0.285282,4.7884,4.4294,8.1666,-0.994767,0.000000,1.817163,0
0.8140,-0.156750,-1.523746,0.293417,4.7835,4.3744,8.1345,-0.989287,0.000000,1.820947,0
0.8150,-0.151972,-1.519427,0.301519,4.7781,4.3190,8.1024,-0.983855,0.000000,1.824754,0
0.8160,-0.147200,-1.515164,0.309590,4.7724,4.2634,8.0705,-0.978472,0.000000,1.828585,0
0.8170,-0.142434,-1.510956,0.317628,4.7663,4.2075,8.0386,-0.973137,0.000000,1.832440,0
0.8180,-0.137674,-1.506805,0.325635,4.7598,4.1513,8.0067,-0.967852,0.000000,1.836320,0
0.8190,-0.132921,-1.502710,0.333610,4.7530,4.0949,7.9749,-0.962616,0.000000,1.840225,0
0.8200,-0.128175,-1.498672,0.341553,4.7458,4.0382,7.9432,-0.957429,0.000000,1.844155,0
0.8210,-0.123437,-1.494691,0.349464,4.7382,3.9813,7.9115,-0.952292,0.000000,1.848111,0
0.8220,-0.118706,-1.490766,0.357344,4.7304,3.9242,7.8799,-0.947204,0.000000,1.852092,0
0.8230,-0.113984,-1.486900,0.365193,4.7221,3.8668,7.8483,-0.942167,0.000000,1.856100,0
0.8240,-0.109271,-1.483090,0.373009,4.7136,3.8092,7.8167,-0.937179,0.000000,1.860134,0
0.8250,-0.104566,-1.479339,0.380794,4.7047,3.7514,7.7852,-0.932241,0.000000,1.864194,0
0.8260,-0.099870,-1.475646,0.388548,4.6955,3.6934,7.7537,-0.927353,0.000000,1.868281,0
0.8270,-0.095185,-1.472010,0.396270,4.6859,3.6352,7.7223,-0.922516,0.000000,1.872395,0
0.8280,-0.090508,-1.468434,0.403961,4.6761,3.5768,7.6909,-0.917729,0.000000,1.876536,0
0.8290,-0.085842,-1.464915,0.411621,4.6659,3.5183,7.6595,-0.912993,0.000000,1.880705,0
0.8300,-0.081187,-1.461456,0.419249,4.6555,3.4595,7.6281,-0.908307,0.000000,1.884901,0
0.8310,-0.076542,-1.458055,0.426846,4.6447,3.4006,7.5968,-0.903673,0.000000,1.889125,0
0.8320,-0.071909,-1.454714,0.434411,4.6337,3.3416,7.5655,-0.899089,0.000000,1.893377,0
0.8330,-0.067286,-1.451431,0.441945,4.6224,3.2824,7.5341,-0.894556,0.000000,1.897656,0
0.8340,-0.062676,-1.448208,0.449448,4.6107,3.2231,7.5029,-0.890074,0.000000,1.901964,0
0.8350,-0.058077,-1.445045,0.456920,4.5989,3.1636,7.4716,-0.885643,0.000000,1.906301,0
0.8360,-0.053490,-1.441941,0.464360,4.5867,3.1040,7.4403,-0.881264,0.000000,1.910665,0
0.8370,-0.048916,-1.438896,0.471769,4.5743,3.0442,7.4090,-0.876936,0.000000,1.915059,0
0.8380,-0.044354,-1.435912,0.479147,4.5616,2.9844,7.3777,-0.872659,0.000000,1.919481,0
0.8390,-0.039805,-1.432988,0.486493,4.5487,2.9244,7.3464,-0.868434,0.000000,1.923932,0
0.8400,-0.035270,-1.430123,0.493808,4.5356,2.8644,7.3152,-0.864261,0.000000,1.928411,0
0.8410,-0.030748,-1.427319,0.501092,4.5222,2.8042,7.2839,-0.860139,0.000000,1.932920,0
0.8420,-0.026239,-1.424575,0.508345,4.5085,2.7440,7.2525,-0.856069,0.000000,1.937457,0
0.8430,-0.021744,-1.421891,0.515566,4.4947,2.6836,7.2212,-0.852051,0.000000,1.942024,0
0.8440,-0.017264,-1.419268,0.522756,4.4806,2.6232,7.1898,-0.848085,0.000000,1.946620,0
0.8450,-0.012797,-1.416705,0.529914,4.4663,2.5627,7.1585,-0.844170,0.000000,1.951245,0
0.8460,-0.008346,-1.414203,0.537041,4.4518,2.5022,7.1270,-0.840308,0.000000,1.955899,0
0.8470,-0.003909,-1.411762,0.544137,4.4371,2.4415,7.0956,-0.836497,0.000000,1.960582,0
0.8480,0.000514,-1.409381,0.551201,4.4222,2.3808,7.0641,-0.832739,0.000000,1.965294,0
0.8490,0.004921,-1.407061,0.558234,4.4071,2.3201,7.0326,-0.829033,0.000000,1.970036,0
0.8500,0.009313,-1.404802,0.565235,4.3918,2.2593,7.0010,-0.825379,0.000000,1.974807,0
0.8510,0.013689,-1.402603,0.572204,4.3764,2.1985,6.9694,-0.821777,0.000000,1.979607,0
0.8520,0.018050,-1.400465,0.579142,4.3607,2.1376,6.9378,-0.818228,0.000000,1.984437,0
0.8530,0.022395,-1.398389,0.586048,4.3449,2.0767,6.9061,-0.814731,0.000000,1.989295,0
0.8540,0.026723,-1.396373,0.592922,4.3290,2.0157,6.8743,-0.811286,0.000000,1.994183,0
0.8550,0.031036,-1.394418,0.599765,4.3128,1.9548,6.8425,-0.807894,0.000000,1.999100,0
0.8560,0.035333,-1.392525,0.606575,4.2966,1.8938,6.8106,-0.804554,0.000000,2.004046,0
0.8570,0.039613,-1.390692,0.613354,4.2802,1.8327,6.7787,-0.801267,0.000000,2.009021,0
0.8580,0.043877,-1.388920,0.620101,4.2636,1.7717,6.7466,-0.798032,0.000000,2.014025,0
0.8590,0.048124,-1.387209,0.626815,4.2469,1.7107,6.7145,-0.794849,0.000000,2.019057,0
0.8600,0.052354,-1.385560,0.633498,4.2301,1.6496,6.6824,-0.791719,0.000000,2.024119,0
0.8610,0.056567,-1.383971,0.640148,4.2132,1.5885,6.6501,-0.788642,0.000000,2.029209,0
0.8620,0.060763,-1.382444,0.646766,4.1961,1.5275,6.6178,-0.785618,0.000000,2.034328,0
0.8630,0.064942,-1.380977,0.653351,4.1790,1.4664,6.5853,-0.782646,0.000000,2.039476,0
0.8640,0.069104,-1.379572,0.659904,4.1617,1.4053,6.5528,-0.779726,0.000000,2.044652,0
0.8650,0.073248,-1.378228,0.666424,4.1444,1.3442,6.5202,-0.776860,0.000000,2.049856,0
0.8660,0.077375,-1.376945,0.672911,4.1269,1.2832,6.4875,-0.774046,0.000000,2.055089,0
0.8670,0.081484,-1.375723,0.679366,4.1094,1.2221,6.4547,-0.771285,0.000000,2.060349,0
0.8680,0.085576,-1.374562,0.685788,4.0918,1.1611,6.4218,-0.768576,0.000000,2.065638,0
0.8690,0.089650,-1.373461,0.692177,4.0741,1.1000,6.3888,-0.765921,0.000000,2.070955,0
0.8700,0.093706,-1.372422,0.698532,4.0563,1.0390,6.3556,-0.763318,0.000000,2.076299,0
0.8710,0.097745,-1.371444,0.704855,4.0385,0.9780,6.3224,-0.760768,0.000000,2.081671,0
0.8720,0.101765,-1.370527,0.711144,4.0206,0.9170,6.2890,-0.758271,0.000000,2.087070,0
0.8730,0.105768,-1.369671,0.717399,4.0027,0.8561,6.2555,-0.755827,0.000000,2.092497,0
0.8740,0.109753,-1.368876,0.723621,3.9847,0.7951,6.2219,-0.753436,0.000000,2.097951,0
0.8750,0.113719,-1.368142,0.729809,3.9667,0.7342,6.1882,-0.751097,0.000000,2.103432,0
0.8760,0.117668,-1.367469,0.735964,3.9486,0.6733,6.1543,-0.748812,0.000000,2.108940,0
0.8770,0.121599,-1.366856,0.742084,3.9305,0.6124,6.1203,-0.746580,0.000000,2.114475,0
0.8780,0.125511,-1.366305,0.748170,3.9124,0.5516,6.0862,-0.744400,0.000000,2.120036,0
0.8790,0.129405,-1.365814,0.754222,3.8943,0.4907,6.0519,-0.742274,0.000000,2.125623,0
0.8800,0.133281,-1.365384,0.760239,3.8761,0.4299,6.0175,-0.740201,0.000000,2.131237,0
0.8810,0.137139,-1.365015,0.766222,3.8580,0.3692,5.9829,-0.738180,0.000000,2.136877,0
0.8820,0.140979,-1.364706,0.772170,3.8398,0.3084,5.9482,-0.736213,0.000000,2.142542,0
0.8830,0.144801,-1.364459,0.778084,3.8217,0.2477,5.9133,-0.734299,0.000000,2.148234,0
0.8840,0.148604,-1.364272,0.783962,3.8035,0.1870,5.8783,-0.732438,0.000000,2.153951,0
0.8850,0.152390,-1.364145,0.789805,3.7854,0.1263,5.8431,-0.730631,0.000000,2.159693,0
0.8860,0.156157,-1.364080,0.795613,3.7673,0.0656,5.8077,-0.728876,0.000000,2.165460,0
0.8870,0.159906,-1.364075,0.801385,3.7492,0.0050,5.7722,-0.727175,0.000000,2.171252,0
0.8880,0.163637,-1.364130,0.807122,3.7311,-0.0556,5.7365,-0.725527,0.000000,2.177069,0
0.8890,0.167350,-1.364247,0.812822,3.7131,-0.1162,5.7007,-0.723932,0.000000,2.182910,0
0.8900,0.171046,-1.364423,0.818487,3.6951,-0.1768,5.6646,-0.722391,0.000000,2.188776,0
0.8910,0.174723,-1.364661,0.824115,3.6772,-0.2373,5.6284,-0.720903,0.000000,2.194666,0
0.8920,0.178382,-1.364959,0.829707,3.6593,-0.2978,5.5921,-0.719469,0.000000,2.200580,0
0.8930,0.182024,-1.365317,0.835263,3.6415,-0.3583,5.5555,-0.718088,0.000000,2.206517,0
0.8940,0.185647,-1.365736,0.840782,3.6238,-0.4188,5.5187,-0.716760,0.000000,2.212478,0
0.8950,0.189253,-1.366215,0.846263,3.6061,-0.4793,5.4818,-0.715486,0.000000,2.218463,0
0.8960,0.192842,-1.366755,0.851708,3.5885,-0.5398,5.4447,-0.714266,0.000000,2.224470,0
0.8970,0.196413,-1.367355,0.857115,3.5710,-0.6002,5.4074,-0.713099,0.000000,2.230501,0
0.8980,0.199966,-1.368016,0.862485,3.5535,-0.6607,5.3698,-0.711986,0.000000,2.236554,0
0.8990,0.203503,-1.368737,0.867817,3.5362,-0.7211,5.3321,-0.710927,0.000000,2.242630,0
0.9000,0.207022,-1.369518,0.873112,3.5189,-0.7815,5.2942,-0.709921,0.000000,2.248728,0
0.9010,0.210523,-1.370360,0.878368,3.5018,-0.8419,5.2561,-0.708970,0.000000,2.254848,0
0.9020,0.214008,-1.371263,0.883586,3.4847,-0.9024,5.2178,-0.708072,0.000000,2.260990,0
0.9030,0.217476,-1.372225,0.888765,3.4678,-0.9628,5.1793,-0.707228,0.000000,2.267154,0
0.9040,0.220927,-1.373249,0.893905,3.4510,-1.0232,5.1405,-0.706439,0.000000,2.273339,0
0.9050,0.224361,-1.374332,0.899007,3.4343,-1.0836,5.1016,-0.705703,0.000000,2.279546,0
0.9060,0.227779,-1.375476,0.904069,3.4177,-1.1441,5.0624,-0.705022,0.000000,2.285773,0
0.9070,0.231180,-1.376681,0.909092,3.4013,-1.2045,5.0230,-0.704395,0.000000,2.292022,0
0.9080,0.234565,-1.377946,0.914076,3.3850,-1.2650,4.9834,-0.703822,0.000000,2.298291,0
0.9090,0.237934,-1.379271,0.919019,3.3689,-1.3255,4.9436,-0.703304,0.000000,2.304580,0
0.9100,0.241287,-1.380657,0.923923,3.3529,-1.3860,4.9035,-0.702840,0.000000,2.310890,0
0.9110,0.244624,-1.382104,0.928786,3.3370,-1.4465,4.8633,-0.702430,0.000000,2.317220,0
0.9120,0.247945,-1.383611,0.933609,3.3214,-1.5071,4.8228,-0.702076,0.000000,2.323570,0
0.9130,0.251251,-1.385179,0.938391,3.3059,-1.5677,4.7820,-0.701776,0.000000,2.329939,0
0.9140,0.254542,-1.386807,0.943132,3.2905,-1.6283,4.7411,-0.701531,0.000000,2.336328,0
0.9150,0.257817,-1.388496,0.947832,3.2754,-1.6890,4.6999,-0.701341,0.000000,2.342736,0
0.9160,0.261077,-1.390246,0.952490,3.2604,-1.7497,4.6584,-0.701206,0.000000,2.349163,0
0.9170,0.264323,-1.392056,0.957107,3.2456,-1.8104,4.6167,-0.701126,0.000000,2.355609,0
0.9180,0.267554,-1.393927,0.961682,3.2311,-1.8713,4.5748,-0.701101,0.000000,2.362074,0
0.9190,0.270771,-1.395859,0.966214,3.2167,-1.9321,4.5327,-0.701132,0.000000,2.368557,0
0.9200,0.273973,-1.397853,0.970705,3.2025,-1.9931,4.4903,-0.701218,0.000000,2.375059,0
0.9210,0.277162,-1.399907,0.975152,3.1886,-2.0540,4.4476,-0.701360,0.000000,2.381579,0
0.9220,0.280337,-1.402022,0.979557,3.1748,-2.1151,4.4047,-0.701557,0.000000,2.388117,0
0.9230,0.283498,-1.404198,0.983919,3.1613,-2.1762,4.3615,-0.701811,0.000000,2.394672,0
0.9240,0.286646,-1.406435,0.988237,3.1481,-2.2375,4.3181,-0.702120,0.000000,2.401245,0
0.9250,0.289781,-1.408734,0.992511,3.1350,-2.2988,4.2745,-0.702486,0.000000,2.407836,0
0.9260,0.292903,-1.411094,0.996742,3.1222,-2.3602,4.2306,-0.702907,0.000000,2.414444,0
0.9270,0.296013,-1.413516,1.000928,3.1097,-2.4217,4.1864,-0.703385,0.000000,2.421069,0
0.9280,0.299110,-1.415999,1.005070,3.0974,-2.4833,4.1420,-0.703920,0.000000,2.427712,0
0.9290,0.302196,-1.418544,1.009167,3.0854,-2.5450,4.0973,-0.704511,0.000000,2.434371,0
0.9300,0.305269,-1.421151,1.013220,3.0736,-2.6068,4.0523,-0.705160,0.000000,2.441047,0
0.9310,0.308332,-1.423820,1.017227,3.0621,-2.6687,4.0071,-0.705865,0.000000,2.447739,0
0.9320,0.311383,-1.426550,1.021189,3.0509,-2.7308,3.9616,-0.706627,0.000000,2.454448,0
0.9330,0.314423,-1.429343,1.025104,3.0400,-2.7929,3.9159,-0.707447,0.000000,2.461173,0
0.9340,0.317452,-1.432199,1.028974,3.0294,-2.8553,3.8699,-0.708324,0.000000,2.467914,0
0.9350,0.320471,-1.435116,1.032798,3.0191,-2.9178,3.8236,-0.709259,0.000000,2.474672,0
0.9360,0.323480,-1.438097,1.036575,3.0090,-2.9804,3.7770,-0.710252,0.000000,2.481445,0
0.9370,0.326479,-1.441140,1.040305,2.9993,-3.0432,3.7302,-0.711303,0.000000,2.488234,0
0.9380,0.329469,-1.444246,1.043988,2.9899,-3.1061,3.6831,-0.712412,0.000000,2.495039,0
0.9390,0.332450,-1.447415,1.047624,2.9809,-3.1692,3.6357,-0.713580,0.000000,2.501860,0
0.9400,0.335422,-1.450648,1.051212,2.9722,-3.2325,3.5880,-0.714807,0.000000,2.508696,0
0.9410,0.338386,-1.453944,1.054752,2.9638,-3.2960,3.5401,-0.716092,0.000000,2.515547,0
0.9420,0.341342,-1.457304,1.058244,2.9557,-3.3597,3.4919,-0.717437,0.000000,2.522414,0
0.9430,0.344290,-1.460727,1.061687,2.9480,-3.4236,3.4434,-0.718841,0.000000,2.529297,0
0.9440,0.347231,-1.464215,1.065082,2.9407,-3.4877,3.3946,-0.720304,0.000000,2.536194,0
0.9450,0.350164,-1.467767,1.068428,2.9338,-3.5520,3.3456,-0.721827,0.000000,2.543107,0
0.9460,0.353092,-1.471383,1.071724,2.9272,-3.6166,3.2962,-0.723411,0.000000,2.550035,0
0.9470,0.356013,-1.475065,1.074970,2.9210,-3.6814,3.2466,-0.725055,0.000000,2.556978,0
0.9480,0.358928,-1.478811,1.078167,2.9152,-3.7464,3.1966,-0.726759,0.000000,2.563936,0
0.9490,0.361838,-1.482623,1.081313,2.9098,-3.8117,3.1464,-0.728524,0.000000,2.570910,0
0.9500,0.364742,-1.486500,1.084409,2.9048,-3.8773,3.0959,-0.730350,0.000000,2.577898,0
0.9510,0.367642,-1.490443,1.087454,2.9002,-3.9431,3.0452,-0.732238,0.000000,2.584901,0
0.9520,0.370538,-1.494453,1.090449,2.8960,-4.0093,2.9941,-0.734188,0.000000,2.591920,0
0.9530,0.373431,-1.498528,1.093391,2.8923,-4.0757,2.9427,-0.736199,0.000000,2.598953,0
0.9540,0.376320,-1.502671,1.096282,2.8890,-4.1424,2.8910,-0.738273,0.000000,2.606002,0
0.9550,0.379206,-1.506880,1.099121,2.8861,-4.2095,2.8391,-0.740409,0.000000,2.613065,0
0.9560,0.382090,-1.511157,1.101908,2.8837,-4.2769,2.7868,-0.742609,0.000000,2.620144,0
0.9570,0.384971,-1.515502,1.104642,2.8818,-4.3446,2.7343,-0.744871,0.000000,2.627238,0
0.9580,0.387852,-1.519915,1.107324,2.8803,-4.4127,2.6814,-0.747197,0.000000,2.634348,0
0.9590,0.390731,-1.524396,1.109952,2.8794,-4.4812,2.6283,-0.749588,0.000000,2.641473,0
0.9600,0.393610,-1.528946,1.112527,2.8789,-4.5500,2.5748,-0.752042,0.000000,2.648613,0
0.9610,0.396489,-1.533565,1.115048,2.8789,-4.6192,2.5211,-0.754561,0.000000,2.655769,0
0.9620,0.399368,-1.538254,1.117515,2.8794,-4.6889,2.4670,-0.757145,0.000000,2.662940,0
0.9630,0.402249,-1.543013,1.119928,2.8805,-4.7589,2.4127,-0.759795,0.000000,2.670128,0
0.9640,0.405131,-1.547842,1.122286,2.8821,-4.8294,2.3580,-0.762511,0.000000,2.677331,0
0.9650,0.408015,-1.552743,1.124589,2.8842,-4.9004,2.3030,-0.765292,0.000000,2.684551,0
0.9660,0.410902,-1.557714,1.126836,2.8869,-4.9718,2.2478,-0.768141,0.000000,2.691787,0
0.9670,0.413792,-1.562758,1.129029,2.8901,-5.0436,2.1922,-0.771056,0.000000,2.699039,0
0.9680,0.416686,-1.567874,1.131165,2.8939,-5.1160,2.1364,-0.774039,0.000000,2.706308,0
0.9690,0.419584,-1.573063,1.133245,2.8983,-5.1889,2.0802,-0.777090,0.000000,2.713594,0
0.9700,0.422488,-1.578325,1.135269,2.9033,-5.2623,2.0237,-0.780209,0.000000,2.720897,0
0.9710,0.425397,-1.583662,1.137236,2.9089,-5.3363,1.9670,-0.783398,0.000000,2.728218,0
0.9720,0.428312,-1.589072,1.139146,2.9151,-5.4108,1.9099,-0.786655,0.000000,2.735556,0
0.9730,0.431234,-1.594558,1.140998,2.9220,-5.4859,1.8525,-0.789983,0.000000,2.742913,0
0.9740,0.434163,-1.600120,1.142793,2.9294,-5.5616,1.7948,-0.793381,0.000000,2.750288,0
0.9750,0.437101,-1.605758,1.144530,2.9376,-5.6379,1.7368,-0.796850,0.000000,2.757681,0
0.9760,0.440047,-1.611473,1.146208,2.9464,-5.7149,1.6785,-0.800390,0.000000,2.765093,0
0.9770,0.443003,-1.617265,1.147828,2.9559,-5.7925,1.6200,-0.804002,0.000000,2.772525,0
0.9780,0.445969,-1.623136,1.149389,2.9661,-5.8708,1.5611,-0.807687,0.000000,2.779977,0
0.9790,0.448946,-1.629086,1.150891,2.9770,-5.9498,1.5019,-0.811445,0.000000,2.787449,0
0.9800,0.451935,-1.635115,1.152334,2.9886,-6.0295,1.4424,-0.815277,0.000000,2.794941,0
0.9810,0.454936,-1.641225,1.153716,3.0010,-6.1099,1.3827,-0.819183,0.000000,2.802455,0
0.9820,0.457950,-1.647416,1.155039,3.0141,-6.1911,1.3226,-0.823165,0.000000,2.809991,0
0.9830,0.460978,-1.653689,1.156301,3.0280,-6.2732,1.2622,-0.827222,0.000000,2.817548,0
0.9840,0.464021,-1.660045,1.157503,3.0427,-6.3560,1.2016,-0.831355,0.000000,2.825129,0
0.9850,0.467079,-1.666485,1.158644,3.0582,-6.4396,1.1407,-0.835565,0.000000,2.832732,0
0.9860,0.470153,-1.673009,1.159723,3.0745,-6.5242,1.0795,-0.839853,0.000000,2.840360,0
0.9870,0.473245,-1.679619,1.160741,3.0917,-6.6096,1.0181,-0.844219,0.000000,2.848012,0
0.9880,0.476355,-1.686315,1.161698,3.1097,-6.6959,0.9564,-0.848664,0.000000,2.855690,0
0.9890,0.479483,-1.693098,1.162592,3.1285,-6.7831,0.8944,-0.853189,0.000000,2.863393,0
0.9900,0.482632,-1.699969,1.163424,3.1483,-6.8714,0.8322,-0.857795,0.000000,2.871123,0
0.9910,0.485801,-1.706930,1.164194,3.1690,-6.9606,0.7697,-0.862482,0.000000,2.878881,0
0.9920,0.488991,-1.713981,1.164901,3.1906,-7.0509,0.7070,-0.867251,0.000000,2.886668,0
0.9930,0.492204,-1.721123,1.165545,3.2131,-7.1422,0.6441,-0.872103,0.000000,2.894483,0
0.9940,0.495441,-1.728357,1.166126,3.2366,-7.2345,0.5810,-0.877039,0.000000,2.902329,0
0.9950,0.498702,-1.735685,1.166644,3.2611,-7.3280,0.5176,-0.882059,0.000000,2.910206,0
0.9960,0.501989,-1.743108,1.167098,3.2866,-7.4227,0.4541,-0.887165,0.000000,2.918115,0
0.9970,0.505302,-1.750626,1.167488,3.3131,-7.5184,0.3905,-0.892357,0.000000,2.926057,0
0.9980,0.508642,-1.758242,1.167815,3.3407,-7.6154,0.3267,-0.897637,0.000000,2.934033,0
0.9990,0.512012,-1.765955,1.168078,3.3694,-7.7136,0.2627,-0.903005,0.000000,2.942045,0
1.0000,0.515411,-1.773769,1.168276,3.3991,-7.8131,0.1987,-0.908461,0.000000,2.950093,0
1.0010,0.518841,-1.781682,1.168411,3.4299,-7.9139,0.1345,-0.914008,0.000000,2.958179,0
1.0020,0.522303,-1.789698,1.168481,3.4619,-8.0159,0.0704,-0.919646,0.000000,2.966305,0
1.0030,0.525798,-1.797818,1.168487,3.4950,-8.1193,0.0062,-0.925375,0.000000,2.974471,0
1.0040,0.529327,-1.806042,1.168429,3.5293,-8.2240,-0.0580,-0.931197,0.000000,2.982679,0
1.0050,0.532892,-1.814372,1.168307,3.5648,-8.3301,-0.1221,-0.937113,0.000000,2.990930,0
1.0060,0.536493,-1.822809,1.168121,3.6015,-8.4376,-0.1862,-0.943124,0.000000,2.999227,0
1.0070,0.540133,-1.831356,1.167871,3.6394,-8.5466,-0.2501,-0.949230,0.000000,3.007570,0
1.0080,0.543811,-1.840013,1.167557,3.6785,-8.6570,-0.3138,-0.955433,0.000000,3.015962,0
1.0090,0.547530,-1.848782,1.167180,3.7189,-8.7688,-0.3772,-0.961734,0.000000,3.024403,0
1.0100,0.551291,-1.857664,1.166739,3.7606,-8.8820,-0.4404,-0.968133,0.000000,3.032897,0
1.0110,0.555094,-1.866660,1.166236,3.8036,-8.9968,-0.5031,-0.974632,0.000000,3.041444,0
1.0120,0.558942,-1.875773,1.165671,3.8478,-9.1129,-0.5654,-0.981231,0.000000,3.050048,0
1.0130,0.562836,-1.885004,1.165044,3.8934,-9.2306,-0.6272,-0.987931,0.000000,3.058709,0
1.0140,0.566776,-1.894354,1.164355,3.9403,-9.3496,-0.6883,-0.994733,0.000000,3.067430,0
1.0150,0.570764,-1.903824,1.163607,3.9884,-9.4701,-0.7487,-1.001638,0.000000,3.076214,0
1.0160,0.574802,-1.913416,1.162798,4.0379,-9.5919,-0.8083,-1.008647,0.000000,3.085062,0
1.0170,0.578891,-1.923131,1.161932,4.0886,-9.7151,-0.8668,-1.015759,0.000000,3.093978,0
1.0180,0.583031,-1.932970,1.161007,4.1406,-9.8395,-0.9243,-1.022977,0.000000,3.102962,0
1.0190,0.587225,-1.942935,1.160027,4.1938,-9.9651,-0.9804,-1.030299,0.000000,3.112019,0
1.0200,0.591473,-1.953027,1.158992,4.2483,-10.0919,-1.0352,-1.037728,0.000000,3.121150,0
1.0210,0.595777,-1.963247,1.157903,4.3039,-10.2196,-1.0883,-1.045262,0.000000,3.130359,0
1.0220,0.600138,-1.973595,1.156764,4.3606,-10.3482,-1.1397,-1.052901,0.000000,3.139647,0
1.0230,0.604556,-1.984073,1.155575,4.4184,-10.4776,-1.1890,-1.060647,0.000000,3.149019,0
1.0240,0.609033,-1.994680,1.154339,4.4771,-10.6075,-1.2361,-1.068498,0.000000,3.158476,0
1.0250,0.613570,-2.005418,1.153058,4.5367,-10.7378,-1.2807,-1.076454,0.000000,3.168021,0
1.0260,0.618167,-2.016286,1.151735,4.5971,-10.8681,-1.3225,-1.084515,0.000000,3.177658,0
1.0270,0.622825,-2.027284,1.150374,4.6582,-10.9984,-1.3613,-1.092679,0.000000,3.187390,0
1.0280,0.627545,-2.038413,1.148977,4.7197,-11.1282,-1.3967,-1.100945,0.000000,3.197219,0
1.0290,0.632327,-2.049670,1.147549,4.7816,-11.2572,-1.4284,-1.109311,0.000000,3.207148,0
1.0300,0.637170,-2.061055,1.146093,4.8436,-11.3851,-1.4560,-1.117776,0.000000,3.217180,0
1.0310,0.642076,-2.072566,1.144614,4.9056,-11.5114,-1.4791,-1.126337,0.000000,3.227318,0
1.0320,0.647043,-2.084202,1.143116,4.9672,-11.6357,-1.4975,-1.134991,0.000000,3.237565,0
1.0330,0.652071,-2.095960,1.141606,5.0283,-11.7575,-1.5106,-1.143734,0.000000,3.247924,0
1.0340,0.657160,-2.107836,1.140088,5.0886,-11.8762,-1.5180,-1.152564,0.000000,3.258395,0
1.0350,0.662308,-2.119827,1.138568,5.1477,-11.9912,-1.5193,-1.161475,0.000000,3.268983,0
1.0360,0.667513,-2.131929,1.137054,5.2053,-12.1019,-1.5141,-1.170463,0.000000,3.279689,0
1.0370,0.672774,-2.144137,1.135553,5.2611,-12.2077,-1.5019,-1.179522,0.000000,3.290515,0
1.0380,0.678089,-2.156444,1.134070,5.3147,-12.3078,-1.4822,-1.188646,0.000000,3.301461,0
1.0390,0.683454,-2.168846,1.132616,5.3657,-12.4015,-1.4548,-1.197828,0.000000,3.312530,0
1.0400,0.688868,-2.181334,1.131196,5.4136,-12.4880,-1.4191,-1.207060,0.000000,3.323722,0
1.0410,0.694326,-2.193901,1.129822,5.4582,-12.5668,-1.3749,-1.216335,0.000000,3.335037,0
1.0420,0.699825,-2.206538,1.128500,5.4990,-12.6369,-1.3218,-1.225644,0.000000,3.346475,0
1.0430,0.705361,-2.219235,1.127240,5.5355,-12.6978,-1.2596,-1.234978,0.000000,3.358036,0
1.0440,0.710928,-2.231984,1.126052,5.5675,-12.7487,-1.1882,-1.244326,0.000000,3.369718,0
1.0450,0.716523,-2.244773,1.124945,5.5945,-12.7891,-1.1074,-1.253680,0.000000,3.381519,0
1.0460,0.722139,-2.257591,1.123927,5.6163,-12.8184,-1.0172,-1.263027,0.000000,3.393437,0
1.0470,0.727772,-2.270428,1.123010,5.6326,-12.8363,-0.9177,-1.272358,0.000000,3.405470,0
1.0480,0.733415,-2.283270,1.122200,5.6432,-12.8423,-0.8092,-1.281661,0.000000,3.417615,0
1.0490,0.739063,-2.296106,1.121509,5.6479,-12.8363,-0.6919,-1.290925,0.000000,3.429867,0
1.0500,0.744709,-2.308925,1.120942,5.6466,-12.8183,-0.5662,-1.300140,0.000000,3.442222,0
1.0510,0.750349,-2.321713,1.120510,5.6393,-12.7882,-0.4327,-1.309294,0.000000,3.454677,0
1.0520,0.755975,-2.334459,1.120218,5.6260,-12.7463,-0.2919,-1.318378,0.000000,3.467225,0
1.0530,0.761582,-2.347152,1.120073,5.6068,-12.6929,-0.1445,-1.327380,0.000000,3.479862,0
1.0540,0.767163,-2.359780,1.120082,5.5819,-12.6284,0.0088,-1.336292,0.000000,3.492583,0
1.0550,0.772715,-2.372334,1.120249,5.5514,-12.5535,0.1671,-1.345104,0.000000,3.505381,0
1.0560,0.778230,-2.384803,1.120579,5.5156,-12.4687,0.3297,-1.353808,0.000000,3.518252,0
1.0570,0.783705,-2.397177,1.121074,5.4748,-12.3748,0.4957,-1.362397,0.000000,3.531189,0
1.0580,0.789135,-2.409450,1.121739,5.4294,-12.2726,0.6643,-1.370865,0.000000,3.544186,0
1.0590,0.794514,-2.421613,1.122573,5.3797,-12.1630,0.8347,-1.379205,0.000000,3.557239,0
1.0600,0.799840,-2.433660,1.123579,5.3260,-12.0467,1.0060,-1.387413,0.000000,3.570341,0
1.0610,0.805109,-2.445584,1.124757,5.2687,-11.9248,1.1775,-1.395484,0.000000,3.583488,0
1.0620,0.810317,-2.457382,1.126105,5.2082,-11.7979,1.3484,-1.403415,0.000000,3.596673,0
1.0630,0.815462,-2.469050,1.127624,5.1448,-11.6671,1.5182,-1.411205,0.000000,3.609892,0
1.0640,0.820541,-2.480583,1.129310,5.0790,-11.5331,1.6862,-1.418850,0.000000,3.623141,0
1.0650,0.825552,-2.491979,1.131162,5.0111,-11.3966,1.8519,-1.426350,0.000000,3.636414,0
1.0660,0.830493,-2.503238,1.133176,4.9413,-11.2583,2.0148,-1.433704,0.000000,3.649708,0
1.0670,0.835363,-2.514357,1.135351,4.8699,-11.1190,2.1746,-1.440913,0.000000,3.663018,0
1.0680,0.840161,-2.525336,1.137682,4.7974,-10.9792,2.3309,-1.447978,0.000000,3.676340,0
1.0690,0.844884,-2.536175,1.140165,4.7238,-10.8394,2.4834,-1.454899,0.000000,3.689672,0
1.0700,0.849534,-2.546875,1.142797,4.6494,-10.7001,2.6318,-1.461677,0.000000,3.703010,0
1.0710,0.854108,-2.557437,1.145573,4.5745,-10.5618,2.7761,-1.468316,0.000000,3.716351,0
1.0720,0.858608,-2.567862,1.148489,4.4992,-10.4247,2.9161,-1.474817,0.000000,3.729692,0
1.0730,0.863031,-2.578151,1.151541,4.4237,-10.2893,3.0516,-1.481183,0.000000,3.743031,0
1.0740,0.867380,-2.588307,1.154724,4.3481,-10.1557,3.1827,-1.487415,0.000000,3.756364,0
1.0750,0.871652,-2.598331,1.158033,4.2726,-10.0243,3.3094,-1.493518,0.000000,3.769691,0
1.0760,0.875849,-2.608226,1.161465,4.1972,-9.8952,3.4315,-1.499494,0.000000,3.783009,0
1.0770,0.879971,-2.617995,1.165014,4.1221,-9.7685,3.5492,-1.505345,0.000000,3.796315,0
1.0780,0.884019,-2.627639,1.168676,4.0474,-9.6443,3.6625,-1.511076,0.000000,3.809610,0
1.0790,0.887992,-2.637162,1.172448,3.9730,-9.5228,3.7714,-1.516688,0.000000,3.822890,0
1.0800,0.891891,-2.646566,1.176324,3.8991,-9.4041,3.8762,-1.522187,0.000000,3.836155,0
1.0810,0.895717,-2.655854,1.180301,3.8257,-9.2881,3.9767,-1.527573,0.000000,3.849403,0
1.0820,0.899469,-2.665029,1.184374,3.7528,-9.1748,4.0732,-1.532852,0.000000,3.862633,0
1.0830,0.903150,-2.674093,1.188540,3.6805,-9.0644,4.1657,-1.538025,0.000000,3.875844,0
1.0840,0.906759,-2.683050,1.192794,3.6089,-8.9567,4.2544,-1.543096,0.000000,3.889035,0
1.0850,0.910297,-2.691902,1.197133,3.5378,-8.8519,4.3394,-1.548068,0.000000,3.902206,0
1.0860,0.913764,-2.700652,1.201554,3.4673,-8.7497,4.4208,-1.552944,0.000000,3.915355,0
1.0870,0.917161,-2.709302,1.206053,3.3975,-8.6503,4.4986,-1.557727,0.000000,3.928481,0
1.0880,0.920490,-2.717855,1.210626,3.3283,-8.5535,4.5731,-1.562420,0.000000,3.941585,0
1.0890,0.923749,-2.726315,1.215270,3.2597,-8.4593,4.6443,-1.567025,0.000000,3.954665,0
1.0900,0.926941,-2.734682,1.219983,3.1917,-8.3676,4.7124,-1.571546,0.000000,3.967721,0
1.0910,0.930065,-2.742961,1.224760,3.1244,-8.2785,4.7774,-1.575984,0.000000,3.980752,0
1.0920,0.933123,-2.751152,1.229600,3.0577,-8.1918,4.8396,-1.580343,0.000000,3.993758,0
1.0930,0.936115,-2.759260,1.234498,2.9915,-8.1074,4.8989,-1.584625,0.000000,4.006739,0
1.0940,0.939041,-2.767285,1.239454,2.9260,-8.0254,4.9555,-1.588833,0.000000,4.019694,0
1.0950,0.941902,-2.775231,1.244464,2.8610,-7.9456,5.0095,-1.592968,0.000000,4.032624,0
1.0960,0.944698,-2.783099,1.249525,2.7966,-7.8680,5.0611,-1.597033,0.000000,4.045526,0
1.0970,0.947431,-2.790891,1.254635,2.7328,-7.7925,5.1102,-1.601031,0.000000,4.058402,0
1.0980,0.950101,-2.798611,1.259792,2.6695,-7.7191,5.1570,-1.604963,0.000000,4.071252,0
1.0990,0.952707,-2.806258,1.264993,2.6067,-7.6476,5.2016,-1.608831,0.000000,4.084074,0
1.1000,0.955252,-2.813836,1.270238,2.5445,-7.5780,5.2441,-1.612638,0.000000,4.096869,0
1.1010,0.957734,-2.821346,1.275522,2.4827,-7.5103,5.2846,-1.616385,0.000000,4.109636,0
1.1020,0.960156,-2.828791,1.280845,2.4214,-7.4444,5.3231,-1.620074,0.000000,4.122376,0
1.1030,0.962516,-2.836171,1.286205,2.3606,-7.3803,5.3598,-1.623708,0.000000,4.135089,0
1.1040,0.964817,-2.843489,1.291600,2.3002,-7.3178,5.3946,-1.627286,0.000000,4.147773,0
1.1050,0.967057,-2.850746,1.297027,2.2402,-7.2569,5.4277,-1.630813,0.000000,4.160430,0
1.1060,0.969238,-2.857944,1.302486,2.1807,-7.1976,5.4591,-1.634288,0.000000,4.173059,0
1.1070,0.971359,-2.865083,1.307975,2.1216,-7.1398,5.4890,-1.637713,0.000000,4.185660,0
1.1080,0.973422,-2.872167,1.313493,2.0629,-7.0835,5.5173,-1.641090,0.000000,4.198232,0
1.1090,0.975427,-2.879195,1.319037,2.0046,-7.0285,5.5442,-1.644421,0.000000,4.210777,0
1.1100,0.977373,-2.886170,1.324607,1.9466,-6.9749,5.5697,-1.647706,0.000000,4.223293,0
1.1110,0.979262,-2.893093,1.330201,1.8890,-6.9226,5.5938,-1.650948,0.000000,4.235782,0
1.1120,0.981094,-2.899964,1.335817,1.8317,-6.8716,5.6167,-1.654146,0.000000,4.248242,0
1.1130,0.982869,-2.906786,1.341455,1.7748,-6.8217,5.6383,-1.657303,0.000000,4.260673,0
1.1140,0.984587,-2.913559,1.347114,1.7182,-6.7730,5.6587,-1.660420,0.000000,4.273077,0
1.1150,0.986249,-2.920285,1.352792,1.6619,-6.7255,5.6780,-1.663497,0.000000,4.285452,0
1.1160,0.987855,-2.926964,1.358488,1.6059,-6.6790,5.6962,-1.666537,0.000000,4.297799,0
1.1170,0.989405,-2.933597,1.364202,1.5502,-6.6336,5.7133,-1.669539,0.000000,4.310117,0
1.1180,0.990900,-2.940186,1.369931,1.4948,-6.5891,5.7294,-1.672505,0.000000,4.322408,0
1.1190,0.992339,-2.946732,1.375676,1.4397,-6.5456,5.7446,-1.675436,0.000000,4.334669,0
1.1200,0.993724,-2.953235,1.381434,1.3848,-6.5030,5.7589,-1.678332,0.000000,4.346903,0
1.1210,0.995054,-2.959696,1.387207,1.3301,-6.4613,5.7722,-1.681195,0.000000,4.359108,0
1.1220,0.996330,-2.966117,1.392992,1.2757,-6.4205,5.7848,-1.684026,0.000000,4.371285,0
1.1230,0.997552,-2.972497,1.398788,1.2216,-6.3804,5.7965,-1.686825,0.000000,4.383434,0
1.1240,0.998719,-2.978838,1.404595,1.1677,-6.3412,5.8074,-1.689593,0.000000,4.395554,0
1.1250,0.999833,-2.985141,1.410413,1.1140,-6.3027,5.8176,-1.692331,0.000000,4.407646,0
1.1260,1.000894,-2.991406,1.416240,1.0605,-6.2649,5.8271,-1.695039,0.000000,4.419710,0
1.1270,1.001901,-2.997634,1.422076,1.0072,-6.2278,5.8359,-1.697719,0.000000,4.431745,0
1.1280,1.002855,-3.003825,1.427920,0.9541,-6.1914,5.8440,-1.700371,0.000000,4.443752,0
1.1290,1.003756,-3.009981,1.433771,0.9012,-6.1555,5.8515,-1.702995,0.000000,4.455731,0
1.1300,1.004605,-3.016101,1.439630,0.8485,-6.1203,5.8584,-1.705592,0.000000,4.467681,0
1.1310,1.005401,-3.022187,1.445494,0.7960,-6.0857,5.8647,-1.708163,0.000000,4.479603,0
1.1320,1.006144,-3.028238,1.451365,0.7437,-6.0516,5.8705,-1.710708,0.000000,4.491497,0
1.1330,1.006836,-3.034256,1.457241,0.6915,-6.0181,5.8757,-1.713228,0.000000,4.503362,0
1.1340,1.007476,-3.040241,1.463121,0.6395,-5.9850,5.8804,-1.715723,0.000000,4.515199,0
1.1350,1.008063,-3.046194,1.469006,0.5877,-5.9524,5.8847,-1.718194,0.000000,4.527008,0
1.1360,1.008599,-3.052114,1.474894,0.5361,-5.9203,5.8884,-1.720641,0.000000,4.538788,0
1.1370,1.009084,-3.058003,1.480786,0.4845,-5.8886,5.8918,-1.723065,0.000000,4.550540,0
1.1380,1.009517,-3.063860,1.486681,0.4332,-5.8573,5.8947,-1.725466,0.000000,4.562264,0
1.1390,1.009899,-3.069686,1.492578,0.3820,-5.8264,5.8972,-1.727844,0.000000,4.573959,0
1.1400,1.010230,-3.075482,1.498477,0.3309,-5.7958,5.8993,-1.730200,0.000000,4.585626,0
1.1410,1.010510,-3.081248,1.504378,0.2800,-5.7656,5.9011,-1.732534,0.000000,4.597264,0
1.1420,1.010739,-3.086983,1.510281,0.2292,-5.7357,5.9025,-1.734847,0.000000,4.608874,0
1.1430,1.010918,-3.092689,1.516184,0.1786,-5.7062,5.9035,-1.737138,0.000000,4.620455,0
1.1440,1.011046,-3.098366,1.522088,0.1281,-5.6769,5.9043,-1.739409,0.000000,4.632007,0
1.1450,1.011124,-3.104014,1.527993,0.0777,-5.6478,5.9047,-1.741659,0.000000,4.643531,0
1.1460,1.011151,-3.109633,1.533898,0.0275,-5.6191,5.9049,-1.743889,0.000000,4.655027,0
1.1470,1.011128,-3.115224,1.539803,-0.0227,-5.5905,5.9048,-1.746098,0.000000,4.666493,0
1.1480,1.011056,-3.120786,1.545707,-0.0727,-5.5622,5.9044,-1.748288,0.000000,4.677931,0
1.1490,1.010933,-3.126320,1.551611,-0.1225,-5.5341,5.9038,-1.750458,0.000000,4.689340,0
1.1500,1.010761,-3.131826,1.557514,-0.1723,-5.5062,5.9029,-1.752609,0.000000,4.700720,0
1.1510,1.010539,-3.137305,1.563416,-0.2219,-5.4784,5.9018,-1.754740,0.000000,4.712072,0
1.1520,1.010268,3.140430,1.569316,-0.2714,-5.4508,5.9005,2.678338,0.000000,4.723394,0
1.1530,1.009947,3.135007,1.575215,-0.3208,-5.4233,5.8990,2.676244,0.000000,4.734687,0
1.1540,1.009577,3.129611,1.581113,-0.3701,-5.3959,5.8973,2.674170,0.000000,4.745951,0
1.1550,1.009157,3.124242,1.587008,-0.4193,-5.3687,5.8955,2.672114,0.000000,4.757186,0
1.1560,1.008689,3.118900,1.592902,-0.4683,-5.3415,5.8935,2.670077,0.000000,4.768392,0
1.1570,1.008172,3.113586,1.598793,-0.5172,-5.3144,5.8913,2.668059,0.000000,4.779568,0
1.1580,1.007606,3.108299,1.604682,-0.5661,-5.2874,5.8890,2.666058,0.000000,4.790715,0
1.1590,1.006991,3.103038,1.610568,-0.6148,-5.2604,5.8865,2.664076,0.000000,4.801833,0
1.1600,1.006328,3.097805,1.616452,-0.6634,-5.2335,5.8839,2.662113,0.000000,4.812921,0
1.1610,1.005616,3.092598,1.622333,-0.7118,-5.2066,5.8812,2.660167,0.000000,4.823979,0
1.1620,1.004856,3.087419,1.628212,-0.7602,-5.1797,5.8784,2.658240,0.000000,4.835007,0
1.1630,1.004047,3.082266,1.634087,-0.8085,-5.1528,5.8756,2.656331,0.000000,4.846005,0
1.1640,1.003191,3.077140,1.639960,-0.8566,-5.1258,5.8726,2.654440,0.000000,4.856974,0
1.1650,1.002286,3.072041,1.645830,-0.9046,-5.0989,5.8695,2.652567,0.000000,4.867912,0
1.1660,1.001333,3.066969,1.651696,-0.9526,-5.0719,5.8664,2.650712,0.000000,4.878820,0
1.1670,1.000333,3.061924,1.657559,-1.0004,-5.0449,5.8632,2.648876,0.000000,4.889698,0
1.1680,0.999285,3.056906,1.663419,-1.0481,-5.0178,5.8599,2.647057,0.000000,4.900545,0
1.1690,0.998189,3.051916,1.669276,-1.0957,-4.9907,5.8566,2.645257,0.000000,4.911362,0
1.1700,0.997046,3.046952,1.675129,-1.1431,-4.9634,5.8533,2.643475,0.000000,4.922148,0
1.1710,0.995856,3.042016,1.680979,-1.1905,-4.9361,5.8499,2.641711,0.000000,4.932903,0
1.1720,0.994618,3.037108,1.686825,-1.2377,-4.9087,5.8465,2.639966,0.000000,4.943627,0
1.1730,0.993333,3.032226,1.692668,-1.2849,-4.8811,5.8431,2.638239,0.000000,4.954321,0
1.1740,0.992001,3.027373,1.698508,-1.3319,-4.8535,5.8397,2.636530,0.000000,4.964982,0
1.1750,0.990622,3.022547,1.704344,-1.3788,-4.8257,5.8362,2.634841,0.000000,4.975613,0
1.1760,0.989197,3.017749,1.710177,-1.4256,-4.7977,5.8328,2.633169,0.000000,4.986212,0
1.1770,0.987724,3.012980,1.716007,-1.4723,-4.7696,5.8294,2.631517,0.000000,4.996779,0
1.1780,0.986206,3.008238,1.721833,-1.5188,-4.7414,5.8260,2.629884,0.000000,5.007315,0
1.1790,0.984640,3.003525,1.727655,-1.5653,-4.7130,5.8226,2.628270,0.000000,5.017819,0
1.1800,0.983029,2.998841,1.733474,-1.6116,-4.6844,5.8193,2.626674,0.000000,5.028290,0
1.1810,0.981371,2.994185,1.739290,-1.6578,-4.6556,5.8159,2.625099,0.000000,5.038730,0
1.1820,0.979667,2.989559,1.745103,-1.7039,-4.6266,5.8127,2.623542,0.000000,5.049136,0
1.1830,0.977917,2.984961,1.750913,-1.7499,-4.5974,5.8094,2.622006,0.000000,5.059511,0
1.1840,0.976121,2.980393,1.756719,-1.7957,-4.5680,5.8063,2.620489,0.000000,5.069852,0
1.1850,0.974280,2.975855,1.762522,-1.8415,-4.5384,5.8032,2.618992,0.000000,5.080161,0
1.1860,0.972393,2.971346,1.768322,-1.8871,-4.5086,5.8001,2.617516,0.000000,5.090437,0
1.1870,0.970460,2.966868,1.774119,-1.9325,-4.4785,5.7971,2.616059,0.000000,5.100679,0
1.1880,0.968482,2.962420,1.779913,-1.9779,-4.4482,5.7942,2.614624,0.000000,5.110888,0
1.1890,0.966459,2.958002,1.785705,-2.0231,-4.4176,5.7914,2.613209,0.000000,5.121064,0
1.1900,0.964391,2.953615,1.791493,-2.0683,-4.3868,5.7887,2.611815,0.000000,5.131205,0
1.1910,0.962278,2.949260,1.797280,-2.1133,-4.3557,5.7860,2.610442,0.000000,5.141313,0
1.1920,0.960120,2.944935,1.803063,-2.1581,-4.3243,5.7835,2.609091,0.000000,5.151387,0
1.1930,0.957917,2.940643,1.808844,-2.2029,-4.2926,5.7811,2.607761,0.000000,5.161426,0
1.1940,0.955669,2.936382,1.814623,-2.2475,-4.2607,5.7787,2.606453,0.000000,5.171431,0
1.1950,0.953377,2.932154,1.820399,-2.2920,-4.2285,5.7765,2.605167,0.000000,5.181402,0
1.1960,0.951041,2.927958,1.826174,-2.3363,-4.1959,5.7745,2.603904,0.000000,5.191337,0
1.1970,0.948660,2.923795,1.831946,-2.3806,-4.1631,5.7725,2.602663,0.000000,5.201238,0
1.1980,0.946236,2.919665,1.837717,-2.4247,-4.1299,5.7707,2.601445,0.000000,5.211103,0
1.1990,0.943767,2.915568,1.843486,-2.4687,-4.0965,5.7690,2.600250,0.000000,5.220933,0
1.2000,0.941255,2.911506,1.849254,-2.5125,-4.0627,5.7675,2.599078,0.000000,5.230728,0
1.2010,0.938698,2.907477,1.855020,-2.5562,-4.0285,5.7661,2.597931,0.000000,5.240487,0
1.2020,0.936099,2.903483,1.860784,-2.5998,-3.9941,5.7648,2.596807,0.000000,5.250210,0
1.2030,0.933455,2.899524,1.866548,-2.6433,-3.9593,5.7638,2.595707,0.000000,5.259897,0
1.2040,0.930769,2.895599,1.872311,-2.6866,-3.9241,5.7629,2.594632,0.000000,5.269548,0
1.2050,0.928039,2.891711,1.878073,-2.7299,-3.8886,5.7621,2.593582,0.000000,5.279162,0
1.2060,0.925266,2.887858,1.883835,-2.7730,-3.8528,5.7616,2.592557,0.000000,5.288740,0
1.2070,0.922450,2.884042,1.889596,-2.8159,-3.8166,5.7612,2.591558,0.000000,5.298281,0
1.2080,0.919591,2.880262,1.895357,-2.8588,-3.7800,5.7610,2.590584,0.000000,5.307785,0
1.2090,0.916690,2.876519,1.901118,-2.9015,-3.7430,5.7610,2.589636,0.000000,5.317252,0
1.2100,0.913746,2.872813,1.906879,-2.9441,-3.7057,5.7612,2.588715,0.000000,5.326681,0
1.2110,0.910759,2.869145,1.912641,-2.9865,-3.6680,5.7616,2.587820,0.000000,5.336073,0
1.2120,0.907730,2.865515,1.918403,-3.0289,-3.6299,5.7622,2.586953,0.000000,5.345428,0
1.2130,0.904659,2.861924,1.924166,-3.0711,-3.5914,5.7631,2.586113,0.000000,5.354744,0
1.2140,0.901546,2.858371,1.929930,-3.1132,-3.5525,5.7641,2.585300,0.000000,5.364023,0
1.2150,0.898391,2.854858,1.935696,-3.1551,-3.5132,5.7654,2.584516,0.000000,5.373263,0
1.2160,0.895194,2.851384,1.941462,-3.1970,-3.4735,5.7669,2.583760,0.000000,5.382465,0
1.2170,0.891955,2.847951,1.947231,-3.2387,-3.4334,5.7686,2.583033,0.000000,5.391629,0
1.2180,0.888675,2.844558,1.953002,-3.2804,-3.3929,5.7706,2.582336,0.000000,5.400754,0
1.2190,0.885353,2.841206,1.958775,-3.3219,-3.3520,5.7729,2.581667,0.000000,5.409840,0
1.2200,0.881990,2.837895,1.964550,-3.3633,-3.3107,5.7754,2.581029,0.000000,5.418887,0
1.2210,0.878585,2.834627,1.970328,-3.4046,-3.2689,5.7781,2.580421,0.000000,5.427895,0
1.2220,0.875139,2.831400,1.976109,-3.4458,-3.2267,5.7811,2.579844,0.000000,5.436863,0
1.2230,0.871652,2.828216,1.981894,-3.4868,-3.1841,5.7844,2.579297,0.000000,5.445792,0
1.2240,0.868125,2.825075,1.987682,-3.5278,-3.1411,5.7880,2.578783,0.000000,5.454682,0
1.2250,0.864556,2.821977,1.993473,-3.5687,-3.0976,5.7918,2.578300,0.000000,5.463531,0
1.2260,0.860946,2.818923,1.999269,-3.6095,-3.0537,5.7960,2.577849,0.000000,5.472341,0
1.2270,0.857296,2.815914,2.005070,-3.6501,-3.0093,5.8004,2.577430,0.000000,5.481111,0
1.2280,0.853605,2.812950,2.010875,-3.6907,-2.9645,5.8051,2.577045,0.000000,5.489840,0
1.2290,0.849874,2.810030,2.016685,-3.7312,-2.9192,5.8102,2.576693,0.000000,5.498529,0
1.2300,0.846103,2.807157,2.022501,-3.7716,-2.8735,5.8155,2.576376,0.000000,5.507178,0
1.2310,0.842291,2.804329,2.028322,-3.8120,-2.8274,5.8212,2.576092,0.000000,5.515786,0
1.2320,0.838438,2.801549,2.034149,-3.8522,-2.7807,5.8272,2.575843,0.000000,5.524353,0
1.2330,0.834546,2.798815,2.039983,-3.8924,-2.7337,5.8335,2.575629,0.000000,5.532879,0
1.2340,0.830613,2.796129,2.045823,-3.9325,-2.6861,5.8402,2.575451,0.000000,5.541364,0
1.2350,0.826641,2.793491,2.051670,-3.9726,-2.6381,5.8472,2.575308,0.000000,5.549809,0
1.2360,0.822628,2.790901,2.057525,-4.0126,-2.5896,5.8546,2.575202,0.000000,5.558212,0
1.2370,0.818576,2.788361,2.063387,-4.0525,-2.5406,5.8623,2.575133,0.000000,5.566573,0
1.2380,0.814483,2.785869,2.069257,-4.0924,-2.4912,5.8704,2.575101,0.000000,5.574893,0
1.2390,0.810351,2.783428,2.075136,-4.1322,-2.4413,5.8789,2.575107,0.000000,5.583172,0
1.2400,0.806179,2.781037,2.081024,-4.1720,-2.3909,5.8877,2.575151,0.000000,5.591409,0
1.2410,0.801968,2.778697,2.086921,-4.2117,-2.3400,5.8969,2.575234,0.000000,5.599604,0
1.2420,0.797716,2.776409,2.092827,-4.2514,-2.2886,5.9065,2.575355,0.000000,5.607757,0
1.2430,0.793425,2.774172,2.098744,-4.2911,-2.2367,5.9165,2.575517,0.000000,5.615868,0
1.2440,0.789094,2.771988,2.104671,-4.3308,-2.1843,5.9269,2.575718,0.000000,5.623937,0
1.2450,0.784724,2.769856,2.110608,-4.3705,-2.1314,5.9378,2.575960,0.000000,5.631965,0
1.2460,0.780313,2.767778,2.116557,-4.4102,-2.0780,5.9490,2.576243,0.000000,5.639949,0
1.2470,0.775864,2.765754,2.122518,-4.4498,-2.0241,5.9607,2.576567,0.000000,5.647892,0
1.2480,0.771374,2.763784,2.128491,-4.4895,-1.9697,5.9728,2.576933,0.000000,5.655792,0
1.2490,0.766845,2.761870,2.134476,-4.5292,-1.9148,5.9854,2.577342,0.000000,5.663650,0
1.2500,0.762276,2.760010,2.140475,-4.5689,-1.8594,5.9984,2.577794,0.000000,5.671465,0
1.2510,0.757667,2.758207,2.146486,-4.6087,-1.8034,6.0118,2.578289,0.000000,5.679238,0
1.2520,0.753019,2.756460,2.152512,-4.6484,-1.7469,6.0257,2.578828,0.000000,5.686968,0
1.2530,0.748331,2.754770,2.158552,-4.6883,-1.6898,6.0402,2.579412,0.000000,5.694655,0
1.2540,0.743603,2.753138,2.164607,-4.7282,-1.6323,6.0550,2.580041,0.000000,5.702299,0
1.2550,0.738834,2.751564,2.170678,-4.7681,-1.5741,6.0704,2.580715,0.000000,5.709901,0
1.2560,0.734026,2.750048,2.176764,-4.8082,-1.5155,6.0863,2.581435,0.000000,5.717460,0
1.2570,0.729178,2.748592,2.182867,-4.8483,-1.4562,6.1027,2.582202,0.000000,5.724976,0
1.2580,0.724289,2.747196,2.188986,-4.8885,-1.3964,6.1196,2.583016,0.000000,5.732449,0
1.2590,0.719361,2.745859,2.195123,-4.9288,-1.3361,6.1370,2.583878,0.000000,5.739879,0
1.2600,0.714391,2.744584,2.201278,-4.9693,-1.2752,6.1550,2.584789,0.000000,5.747267,0
1.2610,0.709381,2.743371,2.207452,-5.0098,-1.2136,6.1735,2.585748,0.000000,5.754611,0
1.2620,0.704331,2.742219,2.213645,-5.0506,-1.1515,6.1926,2.586756,0.000000,5.761912,0
1.2630,0.699240,2.741130,2.219857,-5.0914,-1.0889,6.2123,2.587815,0.000000,5.769170,0
1.2640,0.694107,2.740105,2.226089,-5.1324,-1.0256,6.2325,2.588924,0.000000,5.776385,0
1.2650,0.688933,2.739143,2.232343,-5.1736,-0.9617,6.2533,2.590084,0.000000,5.783557,0
1.2660,0.683718,2.738246,2.238617,-5.2150,-0.8972,6.2747,2.591296,0.000000,5.790686,0
1.2670,0.678462,2.737414,2.244914,-5.2566,-0.8320,6.2967,2.592561,0.000000,5.797771,0
1.2680,0.673163,2.736648,2.251234,-5.2984,-0.7662,6.3194,2.593879,0.000000,5.804814,0
1.2690,0.667823,2.735948,2.257576,-5.3404,-0.6998,6.3427,2.595250,0.000000,5.811813,0
1.2700,0.662440,2.735315,2.263943,-5.3827,-0.6327,6.3666,2.596676,0.000000,5.818769,0
1.2710,0.657015,2.734750,2.270334,-5.4253,-0.5650,6.3912,2.598157,0.000000,5.825682,0
1.2720,0.651547,2.734254,2.276750,-5.4681,-0.4966,6.4165,2.599694,0.000000,5.832552,0
1.2730,0.646036,2.733826,2.283193,-5.5112,-0.4275,6.4424,2.601287,0.000000,5.839379,0
1.2740,0.640481,2.733468,2.289662,-5.5546,-0.3577,6.4691,2.602937,0.000000,5.846163,0
1.2750,0.634883,2.733181,2.296158,-5.5983,-0.2872,6.4964,2.604645,0.000000,5.852903,0
1.2760,0.629241,2.732965,2.302683,-5.6424,-0.2160,6.5245,2.606412,0.000000,5.859601,0
1.2770,0.623554,2.732821,2.309236,-5.6868,-0.1440,6.5534,2.608237,0.000000,5.866255,0
1.2780,0.617822,2.732750,2.315819,-5.7316,-0.0713,6.5830,2.610123,0.000000,5.872866,0
1.2790,0.612045,2.732752,2.322433,-5.7768,0.0021,6.6134,2.612070,0.000000,5.879434,0
1.2800,0.606223,2.732828,2.329077,-5.8225,0.0764,6.6445,2.614078,0.000000,5.885959,0
1.2810,0.600354,2.732980,2.335754,-5.8685,0.1514,6.6765,2.616149,0.000000,5.892441,0
1.2820,0.594439,2.733207,2.342463,-5.9151,0.2273,6.7093,2.618282,0.000000,5.898880,0
1.2830,0.588477,2.733511,2.349206,-5.9621,0.3040,6.7430,2.620480,0.000000,5.905276,0
1.2840,0.582468,2.733893,2.355984,-6.0096,0.3815,6.7775,2.622743,0.000000,5.911629,0
1.2850,0.576410,2.734353,2.362797,-6.0576,0.4600,6.8129,2.625071,0.000000,5.917939,0
1.2860,0.570304,2.734892,2.369646,-6.1062,0.5393,6.8493,2.627466,0.000000,5.924206,0
1.2870,0.564148,2.735511,2.376532,-6.1554,0.6195,6.8865,2.629929,0.000000,5.930430,0
1.2880,0.557943,2.736212,2.383457,-6.2052,0.7006,6.9247,2.632460,0.000000,5.936612,0
1.2890,0.551687,2.736995,2.390421,-6.2556,0.7827,6.9639,2.635061,0.000000,5.942750,0
1.2900,0.545381,2.737860,2.397425,-6.3067,0.8658,7.0040,2.637732,0.000000,5.948845,0
1.2910,0.539022,2.738810,2.404470,-6.3585,0.9499,7.0452,2.640475,0.000000,5.954898,0
1.2920,0.532611,2.739845,2.411558,-6.4109,1.0350,7.0875,2.643290,0.000000,5.960907,0
1.2930,0.526147,2.740966,2.418688,-6.4642,1.1212,7.1308,2.646179,0.000000,5.966874,0
1.2940,0.519629,2.742175,2.425864,-6.5182,1.2085,7.1752,2.649142,0.000000,5.972798,0
1.2950,0.513056,2.743472,2.433084,-6.5730,1.2969,7.2207,2.652181,0.000000,5.978679,0
1.2960,0.506427,2.744858,2.440352,-6.6287,1.3864,7.2674,2.655297,0.000000,5.984517,0
1.2970,0.499742,2.746335,2.447667,-6.6852,1.4771,7.3153,2.658492,0.000000,5.990313,0
1.2980,0.492999,2.747904,2.455032,-6.7427,1.5691,7.3645,2.661765,0.000000,5.996065,0
1.2990,0.486198,2.749567,2.462446,-6.8012,1.6623,7.4148,2.665120,0.000000,6.001775,0
1.3000,0.479338,2.751323,2.469913,-6.8606,1.7568,7.4665,2.668556,0.000000,6.007442,0
1.3010,0.472416,2.753176,2.477432,-6.9211,1.8526,7.5195,2.672075,0.000000,6.013066,0
1.3020,0.465434,2.755126,2.485006,-6.9827,1.9498,7.5738,2.675679,0.000000,6.018647,0
1.3030,0.458388,2.757174,2.492636,-7.0453,2.0485,7.6296,2.679369,0.000000,6.024185,0
1.3040,0.451279,2.759323,2.500323,-7.1092,2.1485,7.6868,2.683146,0.000000,6.029680,0
1.3050,0.444105,2.761573,2.508068,-7.1743,2.2501,7.7454,2.687013,0.000000,6.035133,0
1.3060,0.436864,2.763926,2.515874,-7.2406,2.3533,7.8056,2.690970,0.000000,6.040542,0
1.3070,0.429556,2.766384,2.523741,-7.3083,2.4580,7.8674,2.695019,0.000000,6.045908,0
1.3080,0.422179,2.768949,2.531672,-7.3773,2.5644,7.9308,2.699161,0.000000,6.051232,0
1.3090,0.414731,2.771621,2.539668,-7.4477,2.6725,7.9958,2.703400,0.000000,6.056512,0
1.3100,0.407211,2.774404,2.547730,-7.5196,2.7824,8.0626,2.707735,0.000000,6.061749,0
1.3110,0.399618,2.777298,2.555861,-7.5931,2.8941,8.1311,2.712169,0.000000,6.066943,0
1.3120,0.391950,2.780305,2.564063,-7.6681,3.0077,8.2015,2.716705,0.000000,6.072093,0
1.3130,0.384206,2.783429,2.572337,-7.7448,3.1232,8.2737,2.721343,0.000000,6.077200,0
1.3140,0.376382,2.786669,2.580684,-7.8231,3.2407,8.3478,2.726086,0.000000,6.082264,0
1.3150,0.368479,2.790030,2.589108,-7.9033,3.3603,8.4239,2.730935,0.000000,6.087284,0
1.3160,0.360494,2.793512,2.597610,-7.9852,3.4820,8.5020,2.735894,0.000000,6.092260,0
1.3170,0.352425,2.797117,2.606192,-8.0691,3.6059,8.5822,2.740963,0.000000,6.097193,0
1.3180,0.344270,2.800849,2.614857,-8.1549,3.7320,8.6646,2.746146,0.000000,6.102082,0
1.3190,0.336027,2.804710,2.623606,-8.2427,3.8605,8.7492,2.751444,0.000000,6.106926,0
1.3200,0.327695,2.808701,2.632442,-8.3326,3.9913,8.8360,2.756860,0.000000,6.111727,0
1.3210,0.319270,2.812826,2.641368,-8.4246,4.1247,8.9252,2.762397,0.000000,6.116483,0
1.3220,0.310751,2.817086,2.650384,-8.5189,4.2605,9.0168,2.768056,0.000000,6.121195,0
1.3230,0.302136,2.821485,2.659495,-8.6154,4.3989,9.1108,2.773841,0.000000,6.125862,0
1.3240,0.293422,2.826025,2.668702,-8.7142,4.5400,9.2073,2.779754,0.000000,6.130485,0
1.3250,0.284606,2.830709,2.678009,-8.8153,4.6837,9.3063,2.785797,0.000000,6.135063,0
1.3260,0.275687,2.835539,2.687417,-8.9189,4.8302,9.4079,2.791974,0.000000,6.139595,0
1.3270,0.266662,2.840519,2.696929,-9.0249,4.9795,9.5122,2.798286,0.000000,6.144083,0
1.3280,0.257529,2.845650,2.706548,-9.1334,5.1315,9.6191,2.804738,0.000000,6.148525,0
1.3290,0.248285,2.850937,2.716277,-9.2444,5.2864,9.7287,2.811331,0.000000,6.152922,0
1.3300,0.238927,2.856381,2.726118,-9.3578,5.4442,9.8411,2.818068,0.000000,6.157274,0
1.3310,0.229453,2.861985,2.736074,-9.4738,5.6047,9.9561,2.824953,0.000000,6.161579,0
1.3320,0.219861,2.867753,2.746148,-9.5922,5.7680,10.0738,2.831987,0.000000,6.165839,0
1.3330,0.210148,2.873688,2.756342,-9.7130,5.9341,10.1941,2.839174,0.000000,6.170054,0
1.3340,0.200312,2.879790,2.766659,-9.8361,6.1028,10.3171,2.846516,0.000000,6.174222,0
1.3350,0.190351,2.886064,2.777101,-9.9613,6.2740,10.4425,2.854016,0.000000,6.178345,0
1.3360,0.180262,2.892512,2.787672,-10.0887,6.4476,10.5703,2.861677,0.000000,6.182422,0
1.3370,0.170044,2.899135,2.798372,-10.2178,6.6233,10.7003,2.869499,0.000000,6.186453,0
1.3380,0.159695,2.905936,2.809204,-10.3486,6.8008,10.8324,2.877486,0.000000,6.190440,0
1.3390,0.149215,2.912916,2.820170,-10.4807,6.9799,10.9662,2.885638,0.000000,6.194381,0
1.3400,0.138601,2.920076,2.831272,-10.6136,7.1601,11.1015,2.893957,0.000000,6.198278,0
1.3410,0.127854,2.927417,2.842510,-10.7471,7.3410,11.2379,2.902444,0.000000,6.202131,0
1.3420,0.116974,2.934939,2.853885,-10.8805,7.5219,11.3749,2.911100,0.000000,6.205941,0
1.3430,0.105960,2.942641,2.865397,-11.0133,7.7022,11.5120,2.919922,0.000000,6.209708,0
1.3440,0.094816,2.950522,2.877045,-11.1448,7.8812,11.6486,2.928912,0.000000,6.213434,0
1.3450,0.083541,2.958580,2.888829,-11.2741,8.0579,11.7840,2.938065,0.000000,6.217120,0
1.3460,0.072141,2.966812,2.900747,-11.4005,8.2313,11.9174,2.947381,0.000000,6.220768,0
1.3470,0.060618,2.975212,2.912794,-11.5229,8.4003,12.0479,2.956854,0.000000,6.224379,0
1.3480,0.048978,2.983776,2.924969,-11.6403,8.5638,12.1746,2.966480,0.000000,6.227955,0
1.3490,0.037226,2.992496,2.937265,-11.7516,8.7202,12.2963,2.976252,0.000000,6.231498,0
1.3500,0.025371,3.001364,2.949677,-11.8556,8.8684,12.4119,2.986162,0.000000,6.235012,0
1.3510,0.013420,3.010371,2.962197,-11.9510,9.0066,12.5202,2.996202,0.000000,6.238498,0
1.3520,0.001383,3.019505,2.974817,-12.0368,9.1336,12.6199,3.006361,0.000000,6.241960,0
1.3530,-0.010729,3.028752,2.987527,-12.1117,9.2476,12.7099,3.016627,0.000000,6.245402,0
1.3540,-0.022904,3.038099,3.000316,-12.1746,9.3473,12.7888,3.026987,0.000000,6.248826,0
1.3550,-0.035128,3.047531,3.013171,-12.2245,9.4313,12.8555,3.037425,0.000000,6.252236,0
1.3560,-0.047389,3.057029,3.026080,-12.2607,9.4984,12.9089,3.047927,0.000000,6.255637,0
1.3570,-0.059671,3.066577,3.039029,-12.2824,9.5475,12.9482,3.058474,0.000000,6.259032,0
1.3580,-0.071961,3.076155,3.052001,-12.2893,9.5780,12.9727,3.069051,0.000000,6.262424,0
1.3590,-0.084242,3.085744,3.064983,-12.2812,9.5893,12.9817,3.079638,0.000000,6.265818,0
1.3600,-0.096500,3.095325,3.077958,-12.2582,9.5812,12.9752,3.090217,0.000000,6.269217,0
1.3610,-0.108721,3.104879,3.090911,-12.2206,9.5540,12.9530,3.100771,0.000000,6.272625,0
1.3620,-0.120890,3.114387,3.103827,-12.1690,9.5080,12.9155,3.111281,0.000000,6.276044,0
1.3630,-0.132994,3.123831,3.116690,-12.1041,9.4440,12.8631,3.121731,0.000000,6.279477,0
1.3640,-0.145021,3.133194,3.129486,-12.0270,9.3630,12.7965,3.132104,0.000000,6.282928,0
1.3650,-0.156959,-3.140725,-3.140983,-11.9386,9.2663,12.7166,-3.140801,0.000000,6.286397,0
1.3660,-0.168800,-3.131569,-3.128358,-11.8403,9.1553,12.6244,-3.130625,0.000000,6.289886,0
1.3670,-0.180533,-3.122538,-3.115837,-11.7331,9.0315,12.5212,-3.120567,0.000000,6.293398,0
1.3680,-0.192151,-3.113642,-3.103429,-11.6184,8.8964,12.4080,-3.110638,0.000000,6.296932,0
1.3690,-0.203648,-3.104890,-3.091143,-11.4973,8.7517,12.2861,-3.100847,0.000000,6.300490,0
1.3700,-0.215019,-3.096291,-3.078986,-11.3710,8.5988,12.1568,-3.091201,0.000000,6.304072,0
1.3710,-0.226260,-3.087852,-3.066965,-11.2407,8.4394,12.0211,-3.081709,0.000000,6.307677,0
1.3720,-0.237367,-3.079577,-3.055085,-11.1072,8.2747,11.8803,-3.072373,0.000000,6.311307,0
1.3730,-0.248339,-3.071471,-3.043350,-10.9716,8.1060,11.7353,-3.063200,0.000000,6.314959,0
1.3740,-0.259174,-3.063536,-3.031762,-10.8347,7.9346,11.5871,-3.054191,0.000000,6.318634,0
1.3750,-0.269871,-3.055775,-3.020326,-10.6972,7.7615,11.4366,-3.045349,0.000000,6.322331,0
1.3760,-0.280431,-3.048187,-3.009041,-10.5597,7.5875,11.2845,-3.036674,0.000000,6.326049,0
1.3770,-0.290853,-3.040774,-2.997910,-10.4228,7.4135,11.1316,-3.028167,0.000000,6.329788,0
1.3780,-0.301140,-3.033534,-2.986931,-10.2869,7.2402,10.9784,-3.019827,0.000000,6.333545,0
1.3790,-0.311293,-3.026465,-2.976106,-10.1525,7.0681,10.8253,-3.011654,0.000000,6.337320,0
1.3800,-0.321313,-3.019568,-2.965433,-10.0198,6.8978,10.6730,-3.003646,0.000000,6.341112,0
1.3810,-0.331202,-3.012838,-2.954911,-9.8890,6.7295,10.5216,-2.995801,0.000000,6.344920,0
1.3820,-0.340962,-3.006274,-2.944540,-9.7605,6.5638,10.3716,-2.988117,0.000000,6.348742,0
1.3830,-0.350596,-2.999874,-2.934317,-9.6343,6.4007,10.2231,-2.980592,0.000000,6.352578,0
1.3840,-0.360107,-2.993633,-2.924240,-9.5106,6.2405,10.0764,-2.973223,0.000000,6.356426,0
1.3850,-0.369497,-2.987550,-2.914309,-9.3895,6.0834,9.9317,-2.966008,0.000000,6.360286,0
1.3860,-0.378767,-2.981620,-2.904520,-9.2709,5.9294,9.7890,-2.958944,0.000000,6.364156,0
1.3870,-0.387923,-2.975842,-2.894871,-9.1551,5.7787,9.6485,-2.952027,0.000000,6.368035,0
1.3880,-0.396964,-2.970210,-2.885361,-9.0418,5.6312,9.5101,-2.945255,0.000000,6.371922,0
1.3890,-0.405896,-2.964723,-2.875987,-8.9312,5.4870,9.3741,-2.938624,0.000000,6.375816,0
1.3900,-0.414719,-2.959377,-2.866747,-8.8233,5.3461,9.2403,-2.932133,0.000000,6.379717,0
1.3910,-0.423437,-2.954169,-2.857638,-8.7179,5.2084,9.1089,-2.925777,0.000000,6.383622,0
1.3920,-0.432052,-2.949095,-2.848658,-8.6151,5.0739,8.9797,-2.919555,0.000000,6.387533,0
1.3930,-0.440567,-2.944153,-2.839805,-8.5148,4.9425,8.8529,-2.913462,0.000000,6.391447,0
1.3940,-0.448984,-2.939338,-2.831077,-8.4170,4.8142,8.7283,-2.907497,0.000000,6.395364,0
1.3950,-0.457305,-2.934649,-2.822471,-8.3216,4.6890,8.6059,-2.901656,0.000000,6.399283,0
1.3960,-0.465534,-2.930083,-2.813985,-8.2285,4.5667,8.4858,-2.895936,0.000000,6.403203,0
1.3970,-0.473672,-2.925635,-2.805617,-8.1377,4.4473,8.3678,-2.890336,0.000000,6.407125,0
1.3980,-0.481721,-2.921305,-2.797365,-8.0490,4.3307,8.2519,-2.884852,0.000000,6.411046,0
1.3990,-0.489683,-2.917088,-2.789227,-7.9626,4.2168,8.1381,-2.879482,0.000000,6.414967,0
1.4000,-0.497561,-2.912982,-2.781201,-7.8782,4.1055,8.0264,-2.874223,0.000000,6.418887,0
1.4010,-0.505357,-2.908986,-2.773284,-7.7958,3.9968,7.9166,-2.869073,0.000000,6.422805,0
1.4020,-0.513073,-2.905095,-2.765476,-7.7154,3.8906,7.8087,-2.864030,0.000000,6.426721,0
1.4030,-0.520709,-2.901308,-2.757773,-7.6369,3.7868,7.7027,-2.859092,0.000000,6.430634,0
1.4040,-0.528270,-2.897623,-2.750174,-7.5602,3.6853,7.5985,-2.854256,0.000000,6.434544,0
1.4050,-0.535755,-2.894037,-2.742678,-7.4852,3.5861,7.4962,-2.849519,0.000000,6.438450,0
1.4060,-0.543167,-2.890548,-2.735283,-7.4120,3.4890,7.3955,-2.844881,0.000000,6.442353,0
1.4070,-0.550507,-2.887153,-2.727986,-7.3404,3.3941,7.2965,-2.840340,0.000000,6.446251,0
1.4080,-0.557778,-2.883852,-2.720787,-7.2704,3.3012,7.1992,-2.835892,0.000000,6.450144,0
1.4090,-0.564980,-2.880642,-2.713683,-7.2020,3.2102,7.1035,-2.831537,0.000000,6.454032,0
1.4100,-0.572115,-2.877521,-2.706674,-7.1350,3.1212,7.0093,-2.827272,0.000000,6.457915,0
1.4110,-0.579184,-2.874487,-2.699758,-7.0695,3.0339,6.9165,-2.823096,0.000000,6.461791,0
1.4120,-0.586190,-2.871538,-2.692932,-7.0054,2.9485,6.8253,-2.819007,0.000000,6.465662,0
1.4130,-0.593132,-2.868674,-2.686197,-6.9425,2.8648,6.7355,-2.815004,0.000000,6.469526,0
1.4140,-0.600013,-2.865891,-2.679550,-6.8810,2.7827,6.6470,-2.811085,0.000000,6.473384,0
1.4150,-0.606834,-2.863189,-2.672990,-6.8207,2.7022,6.5599,-2.807248,0.000000,6.477235,0
1.4160,-0.613596,-2.860565,-2.666516,-6.7617,2.6233,6.4740,-2.803492,0.000000,6.481078,0
1.4170,-0.620299,-2.858020,-2.660126,-6.7037,2.5459,6.3895,-2.799816,0.000000,6.484915,0
1.4180,-0.626946,-2.855550,-2.653820,-6.6469,2.4699,6.3061,-2.796217,0.000000,6.488743,0
1.4190,-0.633538,-2.853154,-2.647596,-6.5912,2.3954,6.2239,-2.792696,0.000000,6.492564,0
1.4200,-0.640074,-2.850832,-2.641454,-6.5366,2.3221,6.1429,-2.789250,0.000000,6.496377,0
1.4210,-0.646557,-2.848582,-2.635390,-6.4829,2.2502,6.0630,-2.785879,0.000000,6.500181,0
1.4220,-0.652987,-2.846402,-2.629406,-6.4302,2.1796,5.9843,-2.782580,0.000000,6.503978,0
1.4230,-0.659366,-2.844292,-2.623500,-6.3785,2.1102,5.9065,-2.779353,0.000000,6.507765,0
1.4240,-0.665693,-2.842250,-2.617670,-6.3276,2.0420,5.8298,-2.776197,0.000000,6.511545,0
1.4250,-0.671971,-2.840275,-2.611916,-6.2776,1.9750,5.7541,-2.773111,0.000000,6.515315,0
1.4260,-0.678199,-2.838366,-2.606236,-6.2285,1.9090,5.6794,-2.770093,0.000000,6.519077,0
1.4270,-0.684380,-2.836522,-2.600631,-6.1802,1.8442,5.6057,-2.767142,0.000000,6.522829,0
1.4280,-0.690512,-2.834741,-2.595098,-6.1327,1.7804,5.5329,-2.764258,0.000000,6.526572,0
1.4290,-0.696598,-2.833024,-2.589637,-6.0860,1.7176,5.4609,-2.761439,0.000000,6.530306,0
1.4300,-0.702638,-2.831368,-2.584247,-6.0399,1.6559,5.3899,-2.758685,0.000000,6.534031,0
1.4310,-0.708633,-2.829773,-2.578927,-5.9946,1.5951,5.3197,-2.755995,0.000000,6.537746,0
1.4320,-0.714583,-2.828238,-2.573677,-5.9500,1.5352,5.2504,-2.753367,0.000000,6.541452,0
1.4330,-0.720489,-2.826761,-2.568495,-5.9061,1.4762,5.1818,-2.750801,0.000000,6.545148,0
1.4340,-0.726352,-2.825343,-2.563381,-5.8628,1.4181,5.1141,-2.748296,0.000000,6.548834,0
1.4350,-0.732172,-2.823982,-2.558334,-5.8201,1.3609,5.0472,-2.745850,0.000000,6.552510,0
1.4360,-0.737950,-2.822678,-2.553353,-5.7780,1.3045,4.9810,-2.743465,0.000000,6.556177,0
1.4370,-0.743686,-2.821429,-2.548437,-5.7365,1.2490,4.9155,-2.741137,0.000000,6.559834,0
1.4380,-0.749382,-2.820235,-2.543586,-5.6956,1.1942,4.8508,-2.738868,0.000000,6.563480,0
1.4390,-0.755037,-2.819095,-2.538800,-5.6552,1.1402,4.7868,-2.736655,0.000000,6.567117,0
1.4400,-0.760653,-2.818008,-2.534076,-5.6153,1.0869,4.7234,-2.734498,0.000000,6.570743,0
1.4410,-0.766228,-2.816973,-2.529415,-5.5759,1.0344,4.6608,-2.732397,0.000000,6.574359,0
1.4420,-0.771766,-2.815991,-2.524817,-5.5371,0.9825,4.5988,-2.730351,0.000000,6.577965,0
1.4430,-0.777264,-2.815059,-2.520279,-5.4986,0.9314,4.5374,-2.728359,0.000000,6.581561,0
1.4440,-0.782725,-2.814178,-2.515803,-5.4607,0.8810,4.4767,-2.726421,0.000000,6.585146,0
1.4450,-0.788148,-2.813347,-2.511386,-5.4232,0.8312,4.4166,-2.724535,0.000000,6.588722,0
1.4460,-0.793534,-2.812565,-2.507029,-5.3861,0.7821,4.3571,-2.722702,0.000000,6.592286,0
1.4470,-0.798884,-2.811832,-2.502731,-5.3494,0.7336,4.2982,-2.720920,0.000000,6.595840,0
1.4480,-0.804197,-2.811146,-2.498491,-5.3132,0.6857,4.2398,-2.719189,0.000000,6.599384,0
1.4490,-0.809474,-2.810508,-2.494309,-5.2773,0.6384,4.1821,-2.717508,0.000000,6.602917,0
1.4500,-0.814716,-2.809916,-2.490184,-5.2417,0.5917,4.1248,-2.715877,0.000000,6.606440,0
1.4510,-0.819922,-2.809370,-2.486116,-5.2066,0.5456,4.0682,-2.714295,0.000000,6.609952,0
1.4520,-0.825094,-2.808870,-2.482104,-5.1718,0.5000,4.0120,-2.712762,0.000000,6.613453,0
1.4530,-0.830231,-2.808415,-2.478147,-5.1373,0.4550,3.9564,-2.711278,0.000000,6.616944,0
1.4540,-0.835335,-2.808005,-2.474246,-5.1031,0.4106,3.9013,-2.709840,0.000000,6.620424,0
1.4550,-0.840404,-2.807638,-2.470399,-5.0693,0.3666,3.8467,-2.708450,0.000000,6.623893,0
1.4560,-0.845440,-2.807315,-2.466607,-5.0357,0.3232,3.7926,-2.707107,0.000000,6.627352,0
1.4570,-0.850442,-2.807034,-2.462868,-5.0025,0.2803,3.7390,-2.705809,0.000000,6.630800,0
1.4580,-0.855411,-2.806797,-2.459182,-4.9695,0.2379,3.6859,-2.704557,0.000000,6.634237,0
1.4590,-0.860348,-2.806601,-2.455549,-4.9368,0.1960,3.6332,-2.703350,0.000000,6.637664,0
1.4600,-0.865253,-2.806446,-2.451968,-4.9043,0.1546,3.5810,-2.702188,0.000000,6.641079,0
1.4610,-0.870125,-2.806332,-2.448438,-4.8721,0.1137,3.5292,-2.701069,0.000000,6.644484,0
1.4620,-0.874965,-2.806259,-2.444960,-4.8402,0.0732,3.4779,-2.699995,0.000000,6.647878,0
1.4630,-0.879773,-2.806226,-2.441533,-4.8084,0.0332,3.4270,-2.698963,0.000000,6.651261,0
1.4640,-0.884550,-2.806232,-2.438157,-4.7769,-0.0064,3.3766,-2.697975,0.000000,6.654633,0
1.4650,-0.889296,-2.806278,-2.434830,-4.7456,-0.0455,3.3266,-2.697029,0.000000,6.657994,0
1.4660,-0.894010,-2.806362,-2.431553,-4.7146,-0.0842,3.2769,-2.696124,0.000000,6.661344,0
1.4670,-0.898694,-2.806485,-2.428326,-4.6837,-0.1225,3.2277,-2.695261,0.000000,6.664684,0
1.4680,-0.903347,-2.806645,-2.425147,-4.6530,-0.1603,3.1789,-2.694439,0.000000,6.668012,0
1.4690,-0.907970,-2.806843,-2.422016,-4.6225,-0.1978,3.1305,-2.693658,0.000000,6.671329,0
1.4700,-0.912562,-2.807077,-2.418934,-4.5921,-0.2348,3.0825,-2.692917,0.000000,6.674635,0
1.4710,-0.917124,-2.807349,-2.415899,-4.5620,-0.2714,3.0349,-2.692216,0.000000,6.677931,0
1.4720,-0.921656,-2.807656,-2.412911,-4.5320,-0.3076,2.9876,-2.691555,0.000000,6.681215,0
1.4730,-0.926158,-2.808000,-2.409970,-4.5021,-0.3434,2.9407,-2.690932,0.000000,6.684488,0
1.4740,-0.930630,-2.808379,-2.407076,-4.4724,-0.3788,2.8942,-2.690348,0.000000,6.687750,0
1.4750,-0.935073,-2.808792,-2.404228,-4.4429,-0.4139,2.8481,-2.689803,0.000000,6.691001,0
1.4760,-0.939487,-2.809241,-2.401426,-4.4135,-0.4486,2.8022,-2.689295,0.000000,6.694240,0
1.4770,-0.943871,-2.809724,-2.398669,-4.3842,-0.4828,2.7568,-2.688825,0.000000,6.697469,0
1.4780,-0.948226,-2.810241,-2.395957,-4.3550,-0.5168,2.7117,-2.688393,0.000000,6.700686,0
1.4790,-0.952552,-2.810791,-2.393290,-4.3260,-0.5503,2.6669,-2.687997,0.000000,6.703892,0
1.4800,-0.956849,-2.811374,-2.390668,-4.2971,-0.5835,2.6225,-2.687637,0.000000,6.707087,0
1.4810,-0.961117,-2.811991,-2.388089,-4.2682,-0.6164,2.5784,-2.687314,0.000000,6.710270,0
1.4820,-0.965357,-2.812640,-2.385555,-4.2395,-0.6489,2.5347,-2.687027,0.000000,6.713442,0
1.4830,-0.969567,-2.813321,-2.383064,-4.2109,-0.6810,2.4912,-2.686774,0.000000,6.716603,0
1.4840,-0.973750,-2.814033,-2.380615,-4.1824,-0.7128,2.4481,-2.686558,0.000000,6.719753,0
1.4850,-0.977904,-2.814778,-2.378210,-4.1539,-0.7442,2.4053,-2.686375,0.000000,6.722891,0
1.4860,-0.982029,-2.815553,-2.375847,-4.1256,-0.7753,2.3628,-2.686228,0.000000,6.726018,0
1.4870,-0.986127,-2.816359,-2.373527,-4.0973,-0.8061,2.3206,-2.686114,0.000000,6.729133,0
1.4880,-0.990196,-2.817196,-2.371248,-4.0691,-0.8366,2.2788,-2.686035,0.000000,6.732237,0
1.4890,-0.994237,-2.818062,-2.369011,-4.0410,-0.8667,2.2372,-2.685988,0.000000,6.735329,0
1.4900,-0.998250,-2.818959,-2.366815,-4.0129,-0.8964,2.1959,-2.685975,0.000000,6.738410,0
1.4910,-1.002235,-2.819885,-2.364660,-3.9849,-0.9259,2.1549,-2.685995,0.000000,6.741479,0
1.4920,-1.006192,-2.820840,-2.362546,-3.9570,-0.9550,2.1143,-2.686047,0.000000,6.744537,0
1.4930,-1.010121,-2.821824,-2.360472,-3.9291,-0.9839,2.0739,-2.686132,0.000000,6.747583,0
1.4940,-1.014022,-2.822836,-2.358438,-3.9012,-1.0124,2.0337,-2.686248,0.000000,6.750618,0
1.4950,-1.017895,-2.823877,-2.356444,-3.8734,-1.0406,1.9939,-2.686396,0.000000,6.753641,0
1.4960,-1.021741,-2.824945,-2.354490,-3.8457,-1.0684,1.9543,-2.686576,0.000000,6.756652,0
1.4970,-1.025559,-2.826041,-2.352575,-3.8180,-1.0960,1.9151,-2.686786,0.000000,6.759651,0
1.4980,-1.029349,-2.827164,-2.350699,-3.7903,-1.1233,1.8761,-2.687027,0.000000,6.762638,0
1.4990,-1.033112,-2.828315,-2.348861,-3.7626,-1.1502,1.8373,-2.687299,0.000000,6.765614,0
1.5000,-1.036847,-2.829491,-2.347062,-3.7350,-1.1769,1.7989,-2.687601,0.000000,6.768578,0
1.5010,-1.040554,-2.830695,-2.345302,-3.7074,-1.2032,1.7607,-2.687932,0.000000,6.771530,0
1.5020,-1.044234,-2.831924,-2.343579,-3.6798,-1.2293,1.7227,-2.688293,0.000000,6.774470,0
1.5030,-1.047886,-2.833179,-2.341894,-3.6523,-1.2551,1.6850,-2.688683,0.000000,6.777398,0
1.5040,-1.051511,-2.834460,-2.340246,-3.6248,-1.2805,1.6476,-2.689103,0.000000,6.780315,0
1.5050,-1.055108,-2.835765,-2.338636,-3.5972,-1.3057,1.6104,-2.689551,0.000000,6.783219,0
1.5060,-1.058678,-2.837096,-2.337063,-3.5697,-1.3306,1.5735,-2.690027,0.000000,6.786111,0
1.5070,-1.062220,-2.838451,-2.335526,-3.5422,-1.3552,1.5369,-2.690532,0.000000,6.788991,0
1.5080,-1.065735,-2.839831,-2.334025,-3.5148,-1.3795,1.5004,-2.691064,0.000000,6.791858,0
1.5090,-1.069222,-2.841234,-2.332561,-3.4873,-1.4035,1.4643,-2.691624,0.000000,6.794714,0
1.5100,-1.072682,-2.842661,-2.331133,-3.4598,-1.4273,1.4283,-2.692212,0.000000,6.797557,0
1.5110,-1.076114,-2.844112,-2.329740,-3.4323,-1.4507,1.3926,-2.692826,0.000000,6.800388,0
1.5120,-1.079519,-2.845586,-2.328383,-3.4048,-1.4739,1.3572,-2.693467,0.000000,6.803207,0
1.5130,-1.082897,-2.847083,-2.327061,-3.3773,-1.4968,1.3220,-2.694135,0.000000,6.806014,0
1.5140,-1.086246,-2.848602,-2.325774,-3.3498,-1.5194,1.2870,-2.694829,0.000000,6.808808,0
1.5150,-1.089569,-2.850144,-2.324522,-3.3223,-1.5418,1.2522,-2.695549,0.000000,6.811589,0
1.5160,-1.092864,-2.851708,-2.323304,-3.2948,-1.5639,1.2177,-2.696295,0.000000,6.814358,0
1.5170,-1.096131,-2.853294,-2.322121,-3.2673,-1.5857,1.1834,-2.697066,0.000000,6.817115,0
1.5180,-1.099371,-2.854901,-2.320971,-3.2397,-1.6072,1.1493,-2.697863,0.000000,6.819859,0
1.5190,-1.102583,-2.856529,-2.319856,-3.2122,-1.6285,1.1155,-2.698684,0.000000,6.822590,0
1.5200,-1.105767,-2.858179,-2.318774,-3.1846,-1.6495,1.0819,-2.699530,0.000000,6.825309,0
1.5210,-1.108924,-2.859849,-2.317725,-3.1570,-1.6703,1.0485,-2.700401,0.000000,6.828015,0
1.5220,-1.112054,-2.861540,-2.316710,-3.1294,-1.6907,1.0153,-2.701296,0.000000,6.830708,0
1.5230,-1.115155,-2.863251,-2.315728,-3.1017,-1.7110,0.9823,-2.702215,0.000000,6.833389,0
1.5240,-1.118230,-2.864982,-2.314778,-3.0741,-1.7309,0.9496,-2.703157,0.000000,6.836057,0
1.5250,-1.121276,-2.866732,-2.313861,-3.0464,-1.7506,0.9171,-2.704123,0.000000,6.838711,0
1.5260,-1.124295,-2.868502,-2.312976,-3.0187,-1.7701,0.8847,-2.705112,0.000000,6.841353,0
1.5270,-1.127285,-2.870292,-2.312124,-2.9909,-1.7892,0.8526,-2.706125,0.000000,6.843982,0
1.5280,-1.130249,-2.872100,-2.311303,-2.9632,-1.8082,0.8207,-2.707160,0.000000,6.846598,0
1.5290,-1.133184,-2.873927,-2.310514,-2.9353,-1.8269,0.7890,-2.708217,0.000000,6.849201,0
1.5300,-1.136091,-2.875772,-2.309756,-2.9075,-1.8453,0.7575,-2.709297,0.000000,6.851791,0
1.5310,-1.138971,-2.877635,-2.309030,-2.8796,-1.8635,0.7262,-2.710399,0.000000,6.854367,0
1.5320,-1.141823,-2.879517,-2.308335,-2.8517,-1.8814,0.6951,-2.711522,0.000000,6.856930,0
1.5330,-1.144647,-2.881416,-2.307671,-2.8238,-1.8991,0.6643,-2.712667,0.000000,6.859481,0
1.5340,-1.147443,-2.883332,-2.307037,-2.7958,-1.9166,0.6336,-2.713834,0.000000,6.862017,0
1.5350,-1.150210,-2.885266,-2.306434,-2.7678,-1.9338,0.6031,-2.715022,0.000000,6.864541,0
1.5360,-1.152950,-2.887217,-2.305861,-2.7398,-1.9507,0.5728,-2.716230,0.000000,6.867051,0
1.5370,-1.155662,-2.889184,-2.305319,-2.7117,-1.9675,0.5427,-2.717459,0.000000,6.869548,0
1.5380,-1.158345,-2.891168,-2.304806,-2.6836,-1.9840,0.5127,-2.718709,0.000000,6.872031,0
1.5390,-1.161001,-2.893169,-2.304323,-2.6554,-2.0002,0.4830,-2.719979,0.000000,6.874501,0
1.5400,-1.163628,-2.895185,-2.303869,-2.6272,-2.0163,0.4535,-2.721269,0.000000,6.876957,0
1.5410,-1.166227,-2.897217,-2.303445,-2.5990,-2.0321,0.4241,-2.722578,0.000000,6.879400,0
1.5420,-1.168798,-2.899265,-2.303050,-2.5707,-2.0476,0.3950,-2.723907,0.000000,6.881829,0
1.5430,-1.171340,-2.901328,-2.302684,-2.5423,-2.0630,0.3660,-2.725256,0.000000,6.884244,0
1.5440,-1.173854,-2.903406,-2.302347,-2.5140,-2.0781,0.3372,-2.726624,0.000000,6.886645,0
1.5450,-1.176339,-2.905499,-2.302039,-2.4856,-2.0930,0.3086,-2.728010,0.000000,6.889033,0
1.5460,-1.178797,-2.907606,-2.301758,-2.4571,-2.1076,0.2802,-2.729416,0.000000,6.891407,0
1.5470,-1.181225,-2.909728,-2.301506,-2.4286,-2.1221,0.2519,-2.730840,0.000000,6.893767,0
1.5480,-1.183625,-2.911865,-2.301283,-2.4000,-2.1363,0.2238,-2.732282,0.000000,6.896113,0
1.5490,-1.185997,-2.914015,-2.301087,-2.3715,-2.1503,0.1959,-2.733742,0.000000,6.898446,0
1.5500,-1.188339,-2.916179,-2.300919,-2.3428,-2.1641,0.1682,-2.735220,0.000000,6.900764,0
1.5510,-1.190654,-2.918357,-2.300778,-2.3141,-2.1777,0.1406,-2.736716,0.000000,6.903068,0
1.5520,-1.192939,-2.920548,-2.300665,-2.2854,-2.1911,0.1132,-2.738229,0.000000,6.905359,0
1.5530,-1.195196,-2.922752,-2.300579,-2.2566,-2.2042,0.0860,-2.739760,0.000000,6.907635,0
1.5540,-1.197423,-2.924969,-2.300520,-2.2278,-2.2172,0.0590,-2.741308,0.000000,6.909897,0
1.5550,-1.199622,-2.927199,-2.300488,-2.1989,-2.2300,0.0321,-2.742872,0.000000,6.912145,0
1.5560,-1.201792,-2.929442,-2.300482,-2.1700,-2.2425,0.0054,-2.744454,0.000000,6.914378,0
1.5570,-1.203934,-2.931697,-2.300504,-2.1411,-2.2549,-0.0212,-2.746052,0.000000,6.916598,0
1.5580,-1.206046,-2.933964,-2.300551,-2.1121,-2.2670,-0.0476,-2.747666,0.000000,6.918803,0
1.5590,-1.208129,-2.936243,-2.300625,-2.0830,-2.2790,-0.0738,-2.749296,0.000000,6.920994,0
1.5600,-1.210182,-2.938533,-2.300725,-2.0539,-2.2908,-0.0999,-2.750943,0.000000,6.923170,0
1.5610,-1.212207,-2.940836,-2.300851,-2.0248,-2.3023,-0.1258,-2.752605,0.000000,6.925332,0
1.5620,-1.214203,-2.943149,-2.301002,-1.9956,-2.3137,-0.1516,-2.754283,0.000000,6.927480,0
1.5630,-1.216169,-2.945474,-2.301180,-1.9663,-2.3249,-0.1772,-2.755976,0.000000,6.929613,0
1.5640,-1.218106,-2.947810,-2.301382,-1.9370,-2.3359,-0.2027,-2.757684,0.000000,6.931732,0
1.5650,-1.220014,-2.950157,-2.301610,-1.9077,-2.3468,-0.2280,-2.759408,0.000000,6.933836,0
1.5660,-1.221892,-2.952515,-2.301863,-1.8783,-2.3574,-0.2532,-2.761147,0.000000,6.935926,0
1.5670,-1.223741,-2.954882,-2.302142,-1.8489,-2.3679,-0.2782,-2.762900,0.000000,6.938001,0
1.5680,-1.225561,-2.957261,-2.302445,-1.8194,-2.3782,-0.3030,-2.764668,0.000000,6.940062,0
1.5690,-1.227350,-2.959649,-2.302772,-1.7899,-2.3884,-0.3278,-2.766450,0.000000,6.942108,0
1.5700,-1.229111,-2.962047,-2.303125,-1.7603,-2.3983,-0.3523,-2.768247,0.000000,6.944139,0
1.5710,-1.230842,-2.964455,-2.303501,-1.7307,-2.4081,-0.3768,-2.770057,0.000000,6.946156,0
1.5720,-1.232543,-2.966873,-2.303903,-1.7011,-2.4177,-0.4011,-2.771882,0.000000,6.948158,0
1.5730,-1.234214,-2.969300,-2.304328,-1.6713,-2.4272,-0.4252,-2.773720,0.000000,6.950145,0
1.5740,-1.235856,-2.971737,-2.304777,-1.6416,-2.4365,-0.4492,-2.775572,0.000000,6.952118,0
1.5750,-1.237467,-2.974183,-2.305250,-1.6118,-2.4457,-0.4731,-2.777438,0.000000,6.954076,0
1.5760,-1.239049,-2.976637,-2.305747,-1.5820,-2.4547,-0.4969,-2.779317,0.000000,6.956019,0
1.5770,-1.240601,-2.979101,-2.306267,-1.5521,-2.4635,-0.5205,-2.781209,0.000000,6.957947,0
1.5780,-1.242123,-2.981573,-2.306811,-1.5221,-2.4722,-0.5440,-2.783114,0.000000,6.959860,0
1.5790,-1.243616,-2.984054,-2.307379,-1.4921,-2.4807,-0.5674,-2.785032,0.000000,6.961759,0
1.5800,-1.245078,-2.986543,-2.307969,-1.4621,-2.4891,-0.5906,-2.786962,0.000000,6.963642,0
1.5810,-1.246510,-2.989040,-2.308583,-1.4321,-2.4974,-0.6137,-2.788906,0.000000,6.965511,0
1.5820,-1.247912,-2.991546,-2.309220,-1.4019,-2.5055,-0.6367,-2.790862,0.000000,6.967365,0
1.5830,-1.249283,-2.994059,-2.309879,-1.3718,-2.5135,-0.6596,-2.792830,0.000000,6.969204,0
1.5840,-1.250625,-2.996580,-2.310562,-1.3416,-2.5213,-0.6823,-2.794810,0.000000,6.971028,0
1.5850,-1.251936,-2.999109,-2.311267,-1.3113,-2.5290,-0.7049,-2.796803,0.000000,6.972837,0
1.5860,-1.253217,-3.001646,-2.311994,-1.2811,-2.5366,-0.7274,-2.798807,0.000000,6.974632,0
1.5870,-1.254468,-3.004190,-2.312744,-1.2507,-2.5441,-0.7498,-2.800824,0.000000,6.976411,0
1.5880,-1.255689,-3.006742,-2.313516,-1.2204,-2.5514,-0.7721,-2.802852,0.000000,6.978175,0
1.5890,-1.256879,-3.009300,-2.314310,-1.1899,-2.5587,-0.7943,-2.804891,0.000000,6.979925,0
1.5900,-1.258038,-3.011866,-2.315127,-1.1595,-2.5658,-0.8164,-2.806943,0.000000,6.981659,0
1.5910,-1.259167,-3.014439,-2.315965,-1.1290,-2.5727,-0.8383,-2.809005,0.000000,6.983379,0
1.5920,-1.260265,-3.017018,-2.316825,-1.0985,-2.5796,-0.8602,-2.811079,0.000000,6.985083,0
1.5930,-1.261333,-3.019605,-2.317707,-1.0679,-2.5864,-0.8819,-2.813164,0.000000,6.986773,0
1.5940,-1.262371,-3.022198,-2.318611,-1.0372,-2.5931,-0.9035,-2.815260,0.000000,6.988447,0
1.5950,-1.263377,-3.024798,-2.319536,-1.0066,-2.5996,-0.9251,-2.817368,0.000000,6.990107,0
1.5960,-1.264353,-3.027404,-2.320482,-0.9759,-2.6061,-0.9465,-2.819486,0.000000,6.991751,0
1.5970,-1.265298,-3.030016,-2.321450,-0.9451,-2.6125,-0.9679,-2.821614,0.000000,6.993381,0
1.5980,-1.266213,-3.032635,-2.322439,-0.9144,-2.6187,-0.9891,-2.823754,0.000000,6.994996,0
1.5990,-1.267096,-3.035260,-2.323450,-0.8835,-2.6249,-1.0103,-2.825904,0.000000,6.996595,0
1.6000,-1.267949,-3.037891,-2.324481,-0.8527,-2.6310,-1.0314,-2.828064,0.000000,6.998180,0
1.6010,-1.268771,-3.040528,-2.325533,-0.8218,-2.6370,-1.0524,-2.830235,0.000000,6.999750,0
1.6020,-1.269561,-3.043171,-2.326607,-0.7908,-2.6430,-1.0733,-2.832417,0.000000,7.001304,0
1.6030,-1.270321,-3.045820,-2.327701,-0.7599,-2.6488,-1.0941,-2.834608,0.000000,7.002844,0
1.6040,-1.271050,-3.048474,-2.328815,-0.7288,-2.6546,-1.1148,-2.836810,0.000000,7.004369,0
1.6050,-1.271748,-3.051134,-2.329951,-0.6978,-2.6603,-1.1355,-2.839022,0.000000,7.005879,0
1.6060,-1.272414,-3.053800,-2.331107,-0.6667,-2.6659,-1.1560,-2.841243,0.000000,7.007374,0
1.6070,-1.273050,-3.056472,-2.332283,-0.6356,-2.6715,-1.1765,-2.843475,0.000000,7.008854,0
1.6080,-1.273654,-3.059149,-2.333480,-0.6044,-2.6770,-1.1969,-2.845717,0.000000,7.010319,0
1.6090,-1.274228,-3.061831,-2.334698,-0.5732,-2.6824,-1.2173,-2.847968,0.000000,7.011769,0
1.6100,-1.274770,-3.064519,-2.335935,-0.5419,-2.6878,-1.2376,-2.850230,0.000000,7.013205,0
1.6110,-1.275280,-3.067212,-2.337193,-0.5106,-2.6932,-1.2578,-2.852501,0.000000,7.014625,0
1.6120,-1.275759,-3.069911,-2.338471,-0.4793,-2.6985,-1.2780,-2.854781,0.000000,7.016031,0
1.6130,-1.276207,-3.072614,-2.339769,-0.4480,-2.7037,-1.2980,-2.857072,0.000000,7.017422,0
1.6140,-1.276624,-3.075323,-2.341087,-0.4166,-2.7089,-1.3181,-2.859372,0.000000,7.018798,0
1.6150,-1.277009,-3.078037,-2.342425,-0.3851,-2.7141,-1.3380,-2.861681,0.000000,7.020159,0
1.6160,-1.277363,-3.080757,-2.343783,-0.3537,-2.7192,-1.3580,-2.864000,0.000000,7.021505,0
1.6170,-1.277685,-3.083481,-2.345161,-0.3222,-2.7243,-1.3778,-2.866328,0.000000,7.022837,0
1.6180,-1.277976,-3.086210,-2.346559,-0.2906,-2.7293,-1.3976,-2.868666,0.000000,7.024154,0
1.6190,-1.278235,-3.088945,-2.347976,-0.2590,-2.7344,-1.4174,-2.871013,0.000000,7.025456,0
1.6200,-1.278462,-3.091684,-2.349413,-0.2274,-2.7394,-1.4371,-2.873369,0.000000,7.026744,0
1.6210,-1.278658,-3.094428,-2.350870,-0.1958,-2.7443,-1.4568,-2.875735,0.000000,7.028017,0
1.6220,-1.278822,-3.097178,-2.352346,-0.1641,-2.7493,-1.4764,-2.878110,0.000000,7.029275,0
1.6230,-1.278954,-3.099932,-2.353842,-0.1323,-2.7543,-1.4960,-2.880494,0.000000,7.030518,0
1.6240,-1.279055,-3.102691,-2.355358,-0.1006,-2.7592,-1.5156,-2.882887,0.000000,7.031748,0
1.6250,-1.279124,-3.105455,-2.356893,-0.0688,-2.7641,-1.5351,-2.885290,0.000000,7.032962,0
1.6260,-1.279160,-3.108224,-2.358448,-0.0369,-2.7691,-1.5546,-2.887702,0.000000,7.034162,0
1.6270,-1.279166,-3.110998,-2.360022,-0.0051,-2.7740,-1.5741,-2.890123,0.000000,7.035347,0
1.6280,-1.279139,-3.113777,-2.361615,0.0269,-2.7789,-1.5935,-2.892553,0.000000,7.036518,0
1.6290,-1.279080,-3.116561,-2.363228,0.0588,-2.7839,-1.6129,-2.894993,0.000000,7.037675,0
1.6300,-1.278989,-3.119350,-2.364860,0.0908,-2.7888,-1.6323,-2.897441,0.000000,7.038817,0
1.6310,-1.278866,-3.122144,-2.366512,0.1228,-2.7938,-1.6517,-2.899899,0.000000,7.039945,0
1.6320,-1.278711,-3.124942,-2.368183,0.1549,-2.7988,-1.6711,-2.902366,0.000000,7.041058,0
1.6330,-1.278524,-3.127746,-2.369874,0.1870,-2.8038,-1.6904,-2.904843,0.000000,7.042157,0
1.6340,-1.278305,-3.130555,-2.371583,0.2192,-2.8088,-1.7098,-2.907328,0.000000,7.043242,0
1.6350,-1.278054,-3.133369,-2.373313,0.2514,-2.8138,-1.7291,-2.909823,0.000000,7.044312,0
1.6360,-1.277770,-3.136188,-2.375061,0.2836,-2.8189,-1.7485,-2.912327,0.000000,7.045368,0
1.6370,-1.277454,-3.139012,-2.376829,0.3159,-2.8240,-1.7678,-2.914840,0.000000,7.046410,0
1.6380,-1.277106,3.141344,-2.378616,0.3482,-2.8292,-1.7872,1.517827,0.000000,7.047438,0
1.6390,-1.276726,3.138510,-2.380422,0.3805,-2.8343,-1.8065,1.515295,0.000000,7.048452,0
1.6400,-1.276313,3.135670,-2.382248,0.4129,-2.8396,-1.8259,1.512753,0.000000,7.049451,0
1.6410,-1.275867,3.132826,-2.384094,0.4454,-2.8449,-1.8452,1.510202,0.000000,7.050437,0
1.6420,-1.275389,3.129975,-2.385958,0.4778,-2.8502,-1.8646,1.507642,0.000000,7.051408,0
1.6430,-1.274879,3.127120,-2.387842,0.5104,-2.8556,-1.8841,1.505072,0.000000,7.052366,0
1.6440,-1.274336,3.124259,-2.389746,0.5429,-2.8610,-1.9035,1.502493,0.000000,7.053310,0
1.6450,-1.273761,3.121392,-2.391669,0.5756,-2.8665,-1.9229,1.499904,0.000000,7.054239,0
1.6460,-1.273152,3.118520,-2.393611,0.6082,-2.8721,-1.9424,1.497305,0.000000,7.055155,0
1.6470,-1.272511,3.115643,-2.395573,0.6409,-2.8777,-1.9620,1.494697,0.000000,7.056057,0
1.6480,-1.271838,3.112759,-2.397555,0.6737,-2.8834,-1.9815,1.492079,0.000000,7.056945,0
1.6490,-1.271131,3.109870,-2.399556,0.7065,-2.8892,-2.0011,1.489451,0.000000,7.057819,0
1.6500,-1.270392,3.106975,-2.401576,0.7393,-2.8951,-2.0208,1.486813,0.000000,7.058680,0
1.6510,-1.269620,3.104074,-2.403617,0.7722,-2.9010,-2.0405,1.484165,0.000000,7.059527,0
1.6520,-1.268814,3.101167,-2.405677,0.8052,-2.9070,-2.0602,1.481507,0.000000,7.060360,0
1.6530,-1.267976,3.098254,-2.407757,0.8382,-2.9132,-2.0800,1.478839,0.000000,7.061179,0
1.6540,-1.267105,3.095334,-2.409857,0.8712,-2.9194,-2.0998,1.476160,0.000000,7.061985,0
1.6550,-1.266201,3.092409,-2.411977,0.9044,-2.9257,-2.1198,1.473472,0.000000,7.062778,0
1.6560,-1.265263,3.089476,-2.414116,0.9375,-2.9321,-2.1397,1.470773,0.000000,7.063557,0
1.6570,-1.264292,3.086538,-2.416276,0.9707,-2.9386,-2.1598,1.468063,0.000000,7.064322,0
1.6580,-1.263288,3.083593,-2.418456,1.0040,-2.9453,-2.1799,1.465343,0.000000,7.065074,0
1.6590,-1.262251,3.080641,-2.420656,1.0374,-2.9520,-2.2001,1.462612,0.000000,7.065812,0
1.6600,-1.261180,3.077682,-2.422877,1.0708,-2.9588,-2.2204,1.459870,0.000000,7.066537,0
1.6610,-1.260076,3.074716,-2.425118,1.1042,-2.9658,-2.2408,1.457118,0.000000,7.067249,0
1.6620,-1.258938,3.071743,-2.427379,1.1377,-2.9729,-2.2613,1.454354,0.000000,7.067947,0
1.6630,-1.257767,3.068763,-2.429661,1.1713,-2.9801,-2.2818,1.451579,0.000000,7.068632,0
1.6640,-1.256562,3.065775,-2.431963,1.2050,-2.9875,-2.3025,1.448793,0.000000,7.069304,0
1.6650,-1.255323,3.062780,-2.434286,1.2387,-2.9950,-2.3233,1.445996,0.000000,7.069962,0
1.6660,-1.254051,3.059778,-2.436631,1.2725,-3.0026,-2.3441,1.443187,0.000000,7.070608,0
1.6670,-1.252745,3.056767,-2.438996,1.3063,-3.0104,-2.3651,1.440366,0.000000,7.071240,0
1.6680,-1.251404,3.053749,-2.441382,1.3402,-3.0183,-2.3862,1.437534,0.000000,7.071859,0
1.6690,-1.250030,3.050723,-2.443789,1.3742,-3.0264,-2.4075,1.434690,0.000000,7.072464,0
1.6700,-1.248622,3.047688,-2.446218,1.4083,-3.0346,-2.4288,1.431833,0.000000,7.073057,0
1.6710,-1.247179,3.044645,-2.448669,1.4425,-3.0430,-2.4503,1.428965,0.000000,7.073637,0
1.6720,-1.245703,3.041593,-2.451141,1.4767,-3.0515,-2.4720,1.426083,0.000000,7.074203,0
1.6730,-1.244192,3.038533,-2.453634,1.5110,-3.0603,-2.4937,1.423190,0.000000,7.074757,0
1.6740,-1.242646,3.035464,-2.456150,1.5454,-3.0691,-2.5157,1.420283,0.000000,7.075297,0
1.6750,-1.241066,3.032386,-2.458688,1.5799,-3.0782,-2.5377,1.417364,0.000000,7.075825,0
1.6760,-1.239452,3.029298,-2.461248,1.6144,-3.0874,-2.5600,1.414432,0.000000,7.076339,0
1.6770,-1.237803,3.026202,-2.463830,1.6491,-3.0968,-2.5824,1.411486,0.000000,7.076840,0
1.6780,-1.236119,3.023095,-2.466435,1.6838,-3.1065,-2.6050,1.408527,0.000000,7.077329,0
1.6790,-1.234400,3.019979,-2.469063,1.7187,-3.1162,-2.6277,1.405555,0.000000,7.077805,0
1.6800,-1.232647,3.016853,-2.471713,1.7536,-3.1262,-2.6507,1.402568,0.000000,7.078267,0
1.6810,-1.230858,3.013716,-2.474387,1.7887,-3.1364,-2.6738,1.399568,0.000000,7.078717,0
1.6820,-1.229034,3.010569,-2.477084,1.8238,-3.1468,-2.6971,1.396554,0.000000,7.079154,0
1.6830,-1.227175,3.007412,-2.479805,1.8590,-3.1574,-2.7207,1.393525,0.000000,7.079577,0
1.6840,-1.225281,3.004244,-2.482549,1.8944,-3.1682,-2.7444,1.390481,0.000000,7.079988,0
1.6850,-1.223351,3.001064,-2.485318,1.9298,-3.1793,-2.7683,1.387423,0.000000,7.080386,0
1.6860,-1.221385,2.997874,-2.488110,1.9654,-3.1905,-2.7925,1.384349,0.000000,7.080771,0
1.6870,-1.219384,2.994672,-2.490927,2.0011,-3.2020,-2.8169,1.381260,0.000000,7.081144,0
1.6880,-1.217347,2.991458,-2.493769,2.0369,-3.2137,-2.8415,1.378156,0.000000,7.081503,0
1.6890,-1.215275,2.988233,-2.496635,2.0728,-3.2256,-2.8664,1.375036,0.000000,7.081849,0
1.6900,-1.213166,2.984995,-2.499527,2.1089,-3.2378,-2.8915,1.371900,0.000000,7.082182,0
1.6910,-1.211021,2.981745,-2.502444,2.1451,-3.2502,-2.9169,1.368748,0.000000,7.082503,0
1.6920,-1.208839,2.978482,-2.505386,2.1814,-3.2629,-2.9426,1.365579,0.000000,7.082810,0
1.6930,-1.206621,2.975206,-2.508355,2.2178,-3.2758,-2.9685,1.362394,0.000000,7.083104,0
1.6940,-1.204367,2.971917,-2.511349,2.2544,-3.2890,-2.9947,1.359191,0.000000,7.083386,0
1.6950,-1.202076,2.968614,-2.514371,2.2911,-3.3025,-3.0212,1.355972,0.000000,7.083654,0
1.6960,-1.199748,2.965298,-2.517419,2.3280,-3.3162,-3.0480,1.352734,0.000000,7.083909,0
1.6970,-1.197383,2.961968,-2.520494,2.3650,-3.3302,-3.0751,1.349479,0.000000,7.084151,0
1.6980,-1.194981,2.958624,-2.523596,2.4022,-3.3444,-3.1025,1.346206,0.000000,7.084379,0
1.6990,-1.192541,2.955265,-2.526727,2.4395,-3.3590,-3.1303,1.342914,0.000000,7.084595,0
1.7000,-1.190064,2.951891,-2.529885,2.4770,-3.3738,-3.1583,1.339604,0.000000,7.084797,0
1.7010,-1.187549,2.948502,-2.533072,2.5147,-3.3889,-3.1867,1.336274,0.000000,7.084986,0
1.7020,-1.184997,2.945098,-2.536287,2.5525,-3.4043,-3.2155,1.332926,0.000000,7.085161,0
1.7030,-1.182406,2.941678,-2.539532,2.5906,-3.4201,-3.2447,1.329557,0.000000,7.085323,0
1.7040,-1.179777,2.938242,-2.542806,2.6288,-3.4361,-3.2742,1.326169,0.000000,7.085472,0
1.7050,-1.177110,2.934789,-2.546110,2.6671,-3.4524,-3.3040,1.322760,0.000000,7.085606,0
1.7060,-1.174405,2.931320,-2.549444,2.7057,-3.4691,-3.3343,1.319330,0.000000,7.085727,0
1.7070,-1.171660,2.927834,-2.552809,2.7445,-3.4861,-3.3650,1.315880,0.000000,7.085835,0
1.7080,-1.168877,2.924331,-2.556205,2.7834,-3.5034,-3.3961,1.312408,0.000000,7.085928,0
1.7090,-1.166054,2.920809,-2.559633,2.8226,-3.5211,-3.4277,1.308915,0.000000,7.086007,0
1.7100,-1.163192,2.917270,-2.563093,2.8620,-3.5390,-3.4596,1.305399,0.000000,7.086073,0
1.7110,-1.160291,2.913713,-2.566585,2.9016,-3.5574,-3.4921,1.301861,0.000000,7.086124,0
1.7120,-1.157349,2.910137,-2.570110,2.9414,-3.5761,-3.5250,1.298300,0.000000,7.086161,0
1.7130,-1.154368,2.906542,-2.573668,2.9815,-3.5951,-3.5583,1.294715,0.000000,7.086183,0
1.7140,-1.151346,2.902927,-2.577260,3.0218,-3.6145,-3.5922,1.291107,0.000000,7.086191,0
1.7150,-1.148283,2.899293,-2.580887,3.0623,-3.6343,-3.6266,1.287475,0.000000,7.086184,0
1.7160,-1.145180,2.895638,-2.584548,3.1031,-3.6545,-3.6615,1.283819,0.000000,7.086162,0
1.7170,-1.142036,2.891963,-2.588245,3.1441,-3.6750,-3.6969,1.280137,0.000000,7.086125,0
1.7180,-1.138851,2.888267,-2.591978,3.1855,-3.6960,-3.7328,1.276431,0.000000,7.086073,0
1.7190,-1.135624,2.884550,-2.595747,3.2270,-3.7173,-3.7694,1.272698,0.000000,7.086006,0
1.7200,-1.132355,2.880811,-2.599554,3.2689,-3.7390,-3.8065,1.268939,0.000000,7.085922,0
1.7210,-1.129044,2.877050,-2.603398,3.3110,-3.7611,-3.8442,1.265154,0.000000,7.085824,0
1.7220,-1.125690,2.873266,-2.607281,3.3534,-3.7837,-3.8826,1.261341,0.000000,7.085709,0
1.7230,-1.122294,2.869460,-2.611202,3.3961,-3.8066,-3.9215,1.257500,0.000000,7.085578,0
1.7240,-1.118855,2.865630,-2.615163,3.4392,-3.8300,-3.9611,1.253632,0.000000,7.085430,0
1.7250,-1.115373,2.861776,-2.619165,3.4825,-3.8539,-4.0014,1.249735,0.000000,7.085266,0
1.7260,-1.111846,2.857898,-2.623207,3.5262,-3.8781,-4.0424,1.245808,0.000000,7.085085,0
1.7270,-1.108276,2.853995,-2.627291,3.5702,-3.9028,-4.0840,1.241852,0.000000,7.084886,0
1.7280,-1.104662,2.850067,-2.631418,3.6145,-3.9280,-4.1264,1.237866,0.000000,7.084670,0
1.7290,-1.101002,2.846113,-2.635587,3.6592,-3.9536,-4.1696,1.233849,0.000000,7.084436,0
1.7300,-1.097298,2.842134,-2.639801,3.7043,-3.9797,-4.2135,1.229800,0.000000,7.084184,0
1.7310,-1.093549,2.838127,-2.644059,3.7497,-4.0062,-4.2582,1.225720,0.000000,7.083914,0
1.7320,-1.089753,2.834094,-2.648363,3.7955,-4.0332,-4.3037,1.221607,0.000000,7.083624,0
1.7330,-1.085911,2.830033,-2.652713,3.8417,-4.0608,-4.3501,1.217461,0.000000,7.083316,0
1.7340,-1.082023,2.825945,-2.657110,3.8882,-4.0888,-4.3973,1.213282,0.000000,7.082988,0
1.7350,-1.078088,2.821827,-2.661555,3.9352,-4.1173,-4.4454,1.209068,0.000000,7.082640,0
1.7360,-1.074105,2.817681,-2.666050,3.9826,-4.1463,-4.4944,1.204819,0.000000,7.082271,0
1.7370,-1.070075,2.813505,-2.670594,4.0305,-4.1758,-4.5444,1.200535,0.000000,7.081882,0
1.7380,-1.065996,2.809300,-2.675189,4.0788,-4.2058,-4.5953,1.196215,0.000000,7.081471,0
1.7390,-1.061869,2.805063,-2.679837,4.1275,-4.2364,-4.6472,1.191857,0.000000,7.081038,0
1.7400,-1.057692,2.800796,-2.684537,4.1767,-4.2675,-4.7002,1.187463,0.000000,7.080583,0
1.7410,-1.053466,2.796497,-2.689291,4.2263,-4.2991,-4.7542,1.183030,0.000000,7.080105,0
1.7420,-1.049189,2.792165,-2.694100,4.2765,-4.3312,-4.8092,1.178558,0.000000,7.079603,0
1.7430,-1.044862,2.787802,-2.698966,4.3271,-4.3639,-4.8654,1.174046,0.000000,7.079078,0
1.7440,-1.040484,2.783404,-2.703888,4.3783,-4.3972,-4.9228,1.169495,0.000000,7.078527,0
1.7450,-1.036054,2.778973,-2.708870,4.4300,-4.4310,-4.9814,1.164902,0.000000,7.077952,0
1.7460,-1.031572,2.774508,-2.713911,4.4822,-4.4653,-5.0411,1.160267,0.000000,7.077350,0
1.7470,-1.027037,2.770008,-2.719013,4.5350,-4.5002,-5.1022,1.155590,0.000000,7.076721,0
1.7480,-1.022448,2.765472,-2.724178,4.5883,-4.5357,-5.1645,1.150869,0.000000,7.076065,0
1.7490,-1.017806,2.760900,-2.729406,4.6422,-4.5718,-5.2281,1.146104,0.000000,7.075380,0
1.7500,-1.013109,2.756292,-2.734699,4.6966,-4.6084,-5.2932,1.141295,0.000000,7.074666,0
1.7510,-1.008358,2.751646,-2.740059,4.7517,-4.6456,-5.3596,1.136439,0.000000,7.073922,0
1.7520,-1.003550,2.746963,-2.745486,4.8074,-4.6834,-5.4276,1.131537,0.000000,7.073146,0
1.7530,-0.998687,2.742241,-2.750983,4.8637,-4.7217,-5.4970,1.126587,0.000000,7.072339,0
1.7540,-0.993766,2.737481,-2.756551,4.9207,-4.7606,-5.5680,1.121589,0.000000,7.071498,0
1.7550,-0.988788,2.732681,-2.762192,4.9782,-4.8001,-5.6405,1.116542,0.000000,7.070624,0
1.7560,-0.983751,2.727840,-2.767906,5.0365,-4.8401,-5.7148,1.111444,0.000000,7.069714,0
1.7570,-0.978656,2.722960,-2.773697,5.0954,-4.8807,-5.7907,1.106296,0.000000,7.068767,0
1.7580,-0.973501,2.718038,-2.779565,5.1550,-4.9219,-5.8684,1.101096,0.000000,7.067783,0
1.7590,-0.968285,2.713074,-2.785513,5.2153,-4.9636,-5.9478,1.095843,0.000000,7.066760,0
1.7600,-0.963009,2.708068,-2.791542,5.2763,-5.0059,-6.0291,1.090536,0.000000,7.065696,0
1.7610,-0.957671,2.703020,-2.797655,5.3380,-5.0486,-6.1123,1.085174,0.000000,7.064591,0
1.7620,-0.952271,2.697928,-2.803852,5.4005,-5.0919,-6.1975,1.079757,0.000000,7.063442,0
1.7630,-0.946807,2.692792,-2.810137,5.4636,-5.1357,-6.2847,1.074284,0.000000,7.062248,0
1.7640,-0.941279,2.687612,-2.816511,5.5276,-5.1800,-6.3740,1.068752,0.000000,7.061007,0
1.7650,-0.935687,2.682387,-2.822976,5.5922,-5.2247,-6.4654,1.063163,0.000000,7.059718,0
1.7660,-0.930030,2.677118,-2.829535,5.6576,-5.2698,-6.5590,1.057514,0.000000,7.058378,0
1.7670,-0.924306,2.671802,-2.836190,5.7238,-5.3154,-6.6548,1.051805,0.000000,7.056987,0
1.7680,-0.918515,2.666441,-2.842943,5.7907,-5.3613,-6.7530,1.046034,0.000000,7.055541,0
1.7690,-0.912657,2.661033,-2.849797,5.8583,-5.4076,-6.8535,1.040201,0.000000,7.054038,0
1.7700,-0.906730,2.655579,-2.856753,5.9267,-5.4542,-6.9565,1.034305,0.000000,7.052477,0
1.7710,-0.900734,2.650078,-2.863815,5.9959,-5.5010,-7.0620,1.028345,0.000000,7.050855,0
1.7720,-0.894668,2.644530,-2.870985,6.0658,-5.5481,-7.1700,1.022320,0.000000,7.049170,0
1.7730,-0.888532,2.638935,-2.878266,6.1364,-5.5952,-7.2807,1.016229,0.000000,7.047418,0
1.7740,-0.882324,2.633292,-2.885660,6.2077,-5.6425,-7.3940,1.010071,0.000000,7.045598,0
1.7750,-0.876045,2.627602,-2.893170,6.2797,-5.6898,-7.5100,1.003846,0.000000,7.043707,0
1.7760,-0.869692,2.621865,-2.900799,6.3524,-5.7371,-7.6288,0.997552,0.000000,7.041740,0
1.7770,-0.863266,2.616081,-2.908549,6.4257,-5.7842,-7.7505,0.991190,0.000000,7.039696,0
1.7780,-0.856767,2.610250,-2.916424,6.4996,-5.8310,-7.8750,0.984758,0.000000,7.037571,0
1.7790,-0.850193,2.604373,-2.924427,6.5741,-5.8776,-8.0024,0.978255,0.000000,7.035362,0
1.7800,-0.843544,2.598449,-2.932559,6.6491,-5.9237,-8.1328,0.971682,0.000000,7.033065,0
1.7810,-0.836819,2.592480,-2.940826,6.7245,-5.9692,-8.2662,0.965037,0.000000,7.030677,0
1.7820,-0.830019,2.586466,-2.949228,6.8003,-6.0141,-8.4026,0.958320,0.000000,7.028193,0
1.7830,-0.823142,2.580407,-2.957770,6.8765,-6.0581,-8.5420,0.951532,0.000000,7.025610,0
1.7840,-0.816189,2.574306,-2.966455,6.9530,-6.1012,-8.6844,0.944671,0.000000,7.022923,0
1.7850,-0.809160,2.568163,-2.975284,7.0296,-6.1431,-8.8299,0.937737,0.000000,7.020128,0
1.7860,-0.802054,2.561979,-2.984263,7.1063,-6.1837,-8.9783,0.930732,0.000000,7.017221,0
1.7870,-0.794871,2.555757,-2.993392,7.1829,-6.2227,-9.1297,0.923654,0.000000,7.014198,0
1.7880,-0.787611,2.549497,-3.002676,7.2594,-6.2601,-9.2840,0.916505,0.000000,7.011052,0
1.7890,-0.780276,2.543201,-3.012118,7.3356,-6.2955,-9.4412,0.909284,0.000000,7.007779,0
1.7900,-0.772864,2.536873,-3.021719,7.4114,-6.3287,-9.6011,0.901993,0.000000,7.004375,0
1.7910,-0.765378,2.530513,-3.031482,7.4866,-6.3595,-9.7636,0.894632,0.000000,7.000834,0
1.7920,-0.757817,2.524125,-3.041411,7.5611,-6.3877,-9.9287,0.887203,0.000000,6.997151,0
1.7930,-0.750182,2.517712,-3.051507,7.6347,-6.4129,-10.0961,0.879707,0.000000,6.993320,0
1.7940,-0.742475,2.511278,-3.061773,7.7071,-6.4349,-10.2657,0.872145,0.000000,6.989336,0
1.7950,-0.734696,2.504824,-3.072210,7.7783,-6.4534,-10.4373,0.864520,0.000000,6.985194,0
1.7960,-0.726849,2.498356,-3.082821,7.8479,-6.4681,-10.6106,0.856834,0.000000,6.980887,0
1.7970,-0.718933,2.491877,-3.093606,7.9158,-6.4787,-10.7854,0.849088,0.000000,6.976410,0
1.7980,-0.710951,2.485393,-3.104567,7.9818,-6.4848,-10.9613,0.841287,0.000000,6.971759,0
1.7990,-0.702905,2.478906,-3.115706,8.0455,-6.4863,-11.1380,0.833432,0.000000,6.966926,0
1.8000,-0.694799,2.472424,-3.127021,8.1068,-6.4827,-11.3152,0.825528,0.000000,6.961907,0
1.8010,-0.686633,2.465950,-3.138513,8.1653,-6.4738,-11.4925,0.817578,0.000000,6.956697,0
1.8020,-0.678412,2.459491,3.133003,8.2210,-6.4592,-11.6693,2.657583,0.000000,6.951291,0
1.8030,-0.670139,2.453052,3.121157,8.2734,-6.4388,-11.8454,2.649554,0.000000,6.945683,0
1.8040,-0.661817,2.446640,3.109137,8.3223,-6.4121,-12.0201,2.641492,0.000000,6.939869,0
1.8050,-0.653449,2.440261,3.096944,8.3676,-6.3791,-12.1931,2.633403,0.000000,6.933845,0
1.8060,-0.645040,2.433921,3.084581,8.4090,-6.3395,-12.3637,2.625292,0.000000,6.927606,0
1.8070,-0.636594,2.427628,3.072049,8.4463,-6.2930,-12.5314,2.617164,0.000000,6.921150,0
1.8080,-0.628114,2.421389,3.059353,8.4792,-6.2397,-12.6957,2.609025,0.000000,6.914473,0
1.8090,-0.619607,2.415209,3.046497,8.5076,-6.1792,-12.8560,2.600882,0.000000,6.907573,0
1.8100,-0.611075,2.409098,3.033486,8.5314,-6.1117,-13.0118,2.592741,0.000000,6.900448,0
1.8110,-0.602525,2.403061,3.020323,8.5504,-6.0370,-13.1626,2.584608,0.000000,6.893095,0
1.8120,-0.593961,2.397105,3.007015,8.5645,-5.9553,-13.3078,2.576491,0.000000,6.885515,0
1.8130,-0.585387,2.391239,2.993568,8.5736,-5.8665,-13.4468,2.568395,0.000000,6.877706,0
1.8140,-0.576809,2.385468,2.979989,8.5777,-5.7708,-13.5793,2.560327,0.000000,6.869670,0
1.8150,-0.568232,2.379800,2.966284,8.5768,-5.6684,-13.7048,2.552295,0.000000,6.861407,0
1.8160,-0.559662,2.374240,2.952462,8.5709,-5.5594,-13.8228,2.544305,0.000000,6.852918,0
1.8170,-0.551102,2.368796,2.938529,8.5600,-5.4443,-13.9330,2.536364,0.000000,6.844206,0
1.8180,-0.542557,2.363473,2.924493,8.5442,-5.3232,-14.0352,2.528479,0.000000,6.835273,0
1.8190,-0.534034,2.358276,2.910364,8.5236,-5.1966,-14.1290,2.520655,0.000000,6.826124,0
1.8200,-0.525535,2.353212,2.896150,8.4984,-5.0647,-14.2141,2.512899,0.000000,6.816762,0
1.8210,-0.517067,2.348283,2.881860,8.4687,-4.9281,-14.2906,2.505218,0.000000,6.807190,0
1.8220,-0.508632,2.343496,2.867502,8.4346,-4.7871,-14.3582,2.497616,0.000000,6.797416,0
1.8230,-0.500236,2.338854,2.853085,8.3965,-4.6422,-14.4168,2.490098,0.000000,6.787443,0
1.8240,-0.491881,2.334360,2.838618,8.3544,-4.4938,-14.4666,2.482671,0.000000,6.777278,0
1.8250,-0.483573,2.330018,2.824111,8.3086,-4.3424,-14.5075,2.475339,0.000000,6.766927,0
1.8260,-0.475313,2.325829,2.809571,8.2594,-4.1885,-14.5397,2.468106,0.000000,6.756396,0
1.8270,-0.467106,2.321797,2.795008,8.2069,-4.0325,-14.5632,2.460977,0.000000,6.745693,0
1.8280,-0.458955,2.317922,2.780429,8.1514,-3.8750,-14.5782,2.453954,0.000000,6.734824,0
1.8290,-0.450862,2.314206,2.765845,8.0932,-3.7162,-14.5849,2.447041,0.000000,6.723797,0
1.8300,-0.442829,2.310649,2.751261,8.0325,-3.5567,-14.5837,2.440241,0.000000,6.712619,0
1.8310,-0.434860,2.307252,2.736686,7.9696,-3.3968,-14.5746,2.433556,0.000000,6.701298,0
1.8320,-0.426955,2.304015,2.722128,7.9046,-3.2369,-14.5580,2.426990,0.000000,6.689841,0
1.8330,-0.419117,2.300938,2.707594,7.8377,-3.0775,-14.5343,2.420543,0.000000,6.678256,0
1.8340,-0.411348,2.298019,2.693090,7.7693,-2.9187,-14.5036,2.414217,0.000000,6.666551,0
1.8350,-0.403649,2.295258,2.678624,7.6996,-2.7610,-14.4664,2.408013,0.000000,6.654733,0
1.8360,-0.396020,2.292654,2.664201,7.6286,-2.6046,-14.4229,2.401932,0.000000,6.642809,0
1.8370,-0.388463,2.290204,2.649828,7.5566,-2.4498,-14.3734,2.395975,0.000000,6.630788,0
1.8380,-0.380979,2.287907,2.635509,7.4839,-2.2968,-14.3184,2.390143,0.000000,6.618676,0
1.8390,-0.373569,2.285761,2.621251,7.4105,-2.1459,-14.2580,2.384435,0.000000,6.606480,0
1.8400,-0.366232,2.283764,2.607058,7.3366,-1.9971,-14.1927,2.378851,0.000000,6.594208,0
1.8410,-0.358970,2.281913,2.592936,7.2623,-1.8507,-14.1228,2.373390,0.000000,6.581866,0
1.8420,-0.351782,2.280206,2.578887,7.1879,-1.7068,-14.0485,2.368054,0.000000,6.569461,0
1.8430,-0.344669,2.278641,2.564917,7.1134,-1.5655,-13.9701,2.362840,0.000000,6.557000,0
1.8440,-0.337630,2.277214,2.551029,7.0389,-1.4270,-13.8880,2.357748,0.000000,6.544489,0
1.8450,-0.330665,2.275923,2.537227,6.9646,-1.2912,-13.8024,2.352777,0.000000,6.531934,0
1.8460,-0.323775,2.274764,2.523513,6.8905,-1.1584,-13.7136,2.347926,0.000000,6.519341,0
1.8470,-0.316958,2.273736,2.509891,6.8168,-1.0284,-13.6218,2.343193,0.000000,6.506715,0
1.8480,-0.310215,2.272835,2.496364,6.7435,-0.9014,-13.5273,2.338578,0.000000,6.494062,0
1.8490,-0.303544,2.272057,2.482934,6.6706,-0.7774,-13.4303,2.334080,0.000000,6.481387,0
1.8500,-0.296946,2.271401,2.469603,6.5984,-0.6564,-13.3310,2.329695,0.000000,6.468696,0
1.8510,-0.290419,2.270862,2.456373,6.5267,-0.5383,-13.2297,2.325424,0.000000,6.455993,0
1.8520,-0.283963,2.270439,2.443246,6.4557,-0.4233,-13.1264,2.321265,0.000000,6.443282,0
1.8530,-0.277578,2.270128,2.430225,6.3854,-0.3111,-13.0215,2.317215,0.000000,6.430569,0
1.8540,-0.271262,2.269926,2.417310,6.3159,-0.2019,-12.9151,2.313274,0.000000,6.417857,0
1.8550,-0.265015,2.269830,2.404502,6.2471,-0.0956,-12.8074,2.309440,0.000000,6.405151,0
1.8560,-0.258836,2.269838,2.391804,6.1792,0.0078,-12.6984,2.305711,0.000000,6.392454,0
1.8570,-0.252723,2.269947,2.379216,6.1121,0.1085,-12.5884,2.302085,0.000000,6.379770,0
1.8580,-0.246677,2.270153,2.366738,6.0459,0.2064,-12.4776,2.298560,0.000000,6.367103,0
1.8590,-0.240697,2.270455,2.354372,5.9806,0.3016,-12.3659,2.295136,0.000000,6.354455,0
1.8600,-0.234781,2.270849,2.342119,5.9162,0.3942,-12.2535,2.291811,0.000000,6.341830,0
1.8610,-0.228928,2.271333,2.329978,5.8527,0.4842,-12.1406,2.288582,0.000000,6.329231,0
1.8620,-0.223138,2.271905,2.317951,5.7901,0.5717,-12.0273,2.285448,0.000000,6.316661,0
1.8630,-0.217410,2.272562,2.306037,5.7284,0.6567,-11.9136,2.282407,0.000000,6.304122,0
1.8640,-0.211742,2.273301,2.294237,5.6677,0.7394,-11.7996,2.279459,0.000000,6.291616,0
1.8650,-0.206134,2.274121,2.282552,5.6079,0.8197,-11.6855,2.276600,0.000000,6.279148,0
1.8660,-0.200585,2.275018,2.270981,5.5490,0.8978,-11.5712,2.273831,0.000000,6.266717,0
1.8670,-0.195094,2.275992,2.259524,5.4911,0.9736,-11.4569,2.271149,0.000000,6.254327,0
1.8680,-0.189660,2.277040,2.248181,5.4341,1.0474,-11.3426,2.268552,0.000000,6.241979,0
1.8690,-0.184282,2.278159,2.236953,5.3780,1.1191,-11.2284,2.266039,0.000000,6.229676,0
1.8700,-0.178959,2.279348,2.225838,5.3229,1.1888,-11.1144,2.263610,0.000000,6.217419,0
1.8710,-0.173690,2.280604,2.214838,5.2686,1.2567,-11.0005,2.261261,0.000000,6.205210,0
1.8720,-0.168475,2.281927,2.203951,5.2153,1.3226,-10.8868,2.258993,0.000000,6.193049,0
1.8730,-0.163312,2.283314,2.193178,5.1628,1.3868,-10.7735,2.256803,0.000000,6.180940,0
1.8740,-0.158201,2.284763,2.182517,5.1112,1.4492,-10.6604,2.254691,0.000000,6.168882,0
1.8750,-0.153141,2.286273,2.171970,5.0605,1.5100,-10.5477,2.252654,0.000000,6.156877,0
1.8760,-0.148130,2.287842,2.161534,5.0107,1.5692,-10.4353,2.250693,0.000000,6.144927,0
1.8770,-0.143168,2.289469,2.151211,4.9616,1.6269,-10.3234,2.248805,0.000000,6.133032,0
1.8780,-0.138255,2.291152,2.140999,4.9135,1.6831,-10.2119,2.246989,0.000000,6.121194,0
1.8790,-0.133389,2.292890,2.130898,4.8661,1.7378,-10.1008,2.245245,0.000000,6.109412,0
1.8800,-0.128569,2.294681,2.120908,4.8195,1.7912,-9.9902,2.243571,0.000000,6.097689,0
1.8810,-0.123795,2.296524,2.111028,4.7737,1.8433,-9.8801,2.241967,0.000000,6.086024,0
1.8820,-0.119067,2.298419,2.101257,4.7287,1.8942,-9.7705,2.240430,0.000000,6.074419,0
1.8830,-0.114382,2.300362,2.091596,4.6845,1.9438,-9.6614,2.238961,0.000000,6.062874,0
1.8840,-0.109741,2.302355,2.082043,4.6410,1.9923,-9.5529,2.237557,0.000000,6.051389,0
1.8850,-0.105143,2.304394,2.072598,4.5982,2.0397,-9.4448,2.236219,0.000000,6.039966,0
1.8860,-0.100587,2.306480,2.063261,4.5561,2.0860,-9.3374,2.234945,0.000000,6.028604,0
1.8870,-0.096072,2.308612,2.054030,4.5148,2.1314,-9.2305,2.233735,0.000000,6.017304,0
1.8880,-0.091598,2.310788,2.044906,4.4741,2.1757,-9.1241,2.232587,0.000000,6.006067,0
1.8890,-0.087164,2.313007,2.035888,4.4341,2.2192,-9.0183,2.231501,0.000000,5.994892,0
1.8900,-0.082769,2.315268,2.026975,4.3947,2.2618,-8.9131,2.230476,0.000000,5.983780,0
1.8910,-0.078413,2.317572,2.018167,4.3560,2.3035,-8.8084,2.229512,0.000000,5.972731,0
1.8920,-0.074095,2.319916,2.009462,4.3179,2.3445,-8.7043,2.228606,0.000000,5.961746,0
1.8930,-0.069815,2.322301,2.000862,4.2804,2.3847,-8.6007,2.227760,0.000000,5.950824,0
1.8940,-0.065572,2.324725,1.992364,4.2435,2.4241,-8.4978,2.226972,0.000000,5.939966,0
1.8950,-0.061364,2.327188,1.983969,4.2071,2.4629,-8.3953,2.226241,0.000000,5.929171,0
1.8960,-0.057193,2.329689,1.975675,4.1714,2.5011,-8.2935,2.225567,0.000000,5.918440,0
1.8970,-0.053057,2.332228,1.967483,4.1361,2.5386,-8.1922,2.224950,0.000000,5.907773,0
1.8980,-0.048956,2.334803,1.959391,4.1014,2.5756,-8.0915,2.224388,0.000000,5.897170,0
1.8990,-0.044888,2.337415,1.951400,4.0673,2.6120,-7.9913,2.223881,0.000000,5.886631,0
1.9000,-0.040855,2.340063,1.943509,4.0336,2.6479,-7.8916,2.223430,0.000000,5.876155,0
1.9010,-0.036854,2.342747,1.935716,4.0004,2.6833,-7.7925,2.223032,0.000000,5.865743,0
1.9020,-0.032887,2.345465,1.928022,3.9677,2.7182,-7.6939,2.222688,0.000000,5.855394,0
1.9030,-0.028951,2.348217,1.920426,3.9354,2.7527,-7.5958,2.222397,0.000000,5.845109,0
1.9040,-0.025048,2.351004,1.912928,3.9036,2.7868,-7.4983,2.222158,0.000000,5.834887,0
1.9050,-0.021175,2.353825,1.905527,3.8723,2.8205,-7.4012,2.221972,0.000000,5.824729,0
1.9060,-0.017334,2.356679,1.898222,3.8413,2.8538,-7.3047,2.221838,0.000000,5.814633,0
1.9070,-0.013523,2.359565,1.891013,3.8108,2.8868,-7.2086,2.221756,0.000000,5.804601,0
1.9080,-0.009743,2.362485,1.883900,3.7806,2.9195,-7.1131,2.221725,0.000000,5.794631,0
1.9090,-0.005992,2.365437,1.876882,3.7509,2.9519,-7.0180,2.221744,0.000000,5.784724,0
1.9100,-0.002270,2.368421,1.869959,3.7215,2.9840,-6.9234,2.221814,0.000000,5.774878,0
1.9110,0.001422,2.371437,1.863130,3.6924,3.0159,-6.8292,2.221935,0.000000,5.765095,0
1.9120,0.005086,2.374484,1.856394,3.6638,3.0475,-6.7355,2.222105,0.000000,5.755374,0
1.9130,0.008721,2.377563,1.849752,3.6354,3.0789,-6.6423,2.222324,0.000000,5.745715,0
1.9140,0.012329,2.380673,1.843203,3.6074,3.1101,-6.5494,2.222593,0.000000,5.736117,0
1.9150,0.015908,2.383814,1.836745,3.5797,3.1411,-6.4570,2.222912,0.000000,5.726580,0
1.9160,0.019461,2.386986,1.830380,3.5522,3.1719,-6.3650,2.223278,0.000000,5.717104,0
1.9170,0.022986,2.390189,1.824107,3.5251,3.2026,-6.2735,2.223694,0.000000,5.707688,0
1.9180,0.026484,2.393422,1.817925,3.4983,3.2332,-6.1823,2.224158,0.000000,5.698333,0
1.9190,0.029956,2.396685,1.811833,3.4717,3.2636,-6.0915,2.224670,0.000000,5.689038,0
1.9200,0.033401,2.399979,1.805832,3.4453,3.2939,-6.0010,2.225230,0.000000,5.679803,0
1.9210,0.036820,2.403303,1.799921,3.4193,3.3241,-5.9110,2.225838,0.000000,5.670628,0
1.9220,0.040214,2.406658,1.794100,3.3934,3.3542,-5.8213,2.226494,0.000000,5.661511,0
1.9230,0.043581,2.410042,1.788368,3.3678,3.3843,-5.7319,2.227197,0.000000,5.652454,0
1.9240,0.046924,2.413456,1.782725,3.3424,3.4143,-5.6429,2.227947,0.000000,5.643456,0
1.9250,0.050241,2.416900,1.777171,3.3172,3.4442,-5.5542,2.228745,0.000000,5.634516,0
1.9260,0.053533,2.420375,1.771705,3.2922,3.4741,-5.4658,2.229589,0.000000,5.625634,0
1.9270,0.056801,2.423879,1.766327,3.2674,3.5040,-5.3778,2.230481,0.000000,5.616810,0
1.9280,0.060043,2.427412,1.761037,3.2427,3.5338,-5.2900,2.231420,0.000000,5.608044,0
1.9290,0.063261,2.430976,1.755835,3.2182,3.5637,-5.2025,2.232405,0.000000,5.599335,0
1.9300,0.066455,2.434570,1.750720,3.1939,3.5935,-5.1153,2.233437,0.000000,5.590684,0
1.9310,0.069625,2.438193,1.745691,3.1698,3.6233,-5.0284,2.234516,0.000000,5.582089,0
1.9320,0.072771,2.441846,1.740749,3.1458,3.6532,-4.9418,2.235641,0.000000,5.573550,0
1.9330,0.075893,2.445529,1.735894,3.1219,3.6830,-4.8553,2.236813,0.000000,5.565068,0
1.9340,0.078991,2.449242,1.731125,3.0981,3.7129,-4.7692,2.238031,0.000000,5.556642,0
1.9350,0.082065,2.452985,1.726442,3.0745,3.7428,-4.6832,2.239296,0.000000,5.548272,0
1.9360,0.085116,2.456758,1.721844,3.0510,3.7728,-4.5975,2.240607,0.000000,5.539957,0
1.9370,0.088144,2.460560,1.717332,3.0275,3.8028,-4.5120,2.241964,0.000000,5.531697,0
1.9380,0.091148,2.464393,1.712905,3.0042,3.8328,-4.4268,2.243367,0.000000,5.523493,0
1.9390,0.094129,2.468256,1.708564,2.9809,3.8629,-4.3417,2.244817,0.000000,5.515343,0
1.9400,0.097087,2.472149,1.704307,2.9578,3.8931,-4.2568,2.246313,0.000000,5.507247,0
1.9410,0.100022,2.476073,1.700135,2.9347,3.9233,-4.1720,2.247856,0.000000,5.499206,0
1.9420,0.102933,2.480026,1.696047,2.9116,3.9536,-4.0875,2.249444,0.000000,5.491219,0
1.9430,0.105822,2.484010,1.692044,2.8887,3.9840,-4.0031,2.251079,0.000000,5.483286,0
1.9440,0.108688,2.488025,1.688125,2.8657,4.0145,-3.9188,2.252760,0.000000,5.475406,0
1.9450,0.111530,2.492070,1.684291,2.8429,4.0450,-3.8347,2.254488,0.000000,5.467580,0
1.9460,0.114351,2.496145,1.680540,2.8200,4.0757,-3.7508,2.256261,0.000000,5.459806,0
1.9470,0.117148,2.500252,1.676873,2.7972,4.1064,-3.6669,2.258082,0.000000,5.452086,0
1.9480,0.119922,2.504389,1.673290,2.7744,4.1372,-3.5832,2.259948,0.000000,5.444418,0
1.9490,0.122674,2.508557,1.669790,2.7516,4.1682,-3.4996,2.261861,0.000000,5.436803,0
1.9500,0.125403,2.512756,1.666374,2.7289,4.1992,-3.4160,2.263821,0.000000,5.429240,0
1.9510,0.128109,2.516987,1.663042,2.7061,4.2303,-3.3326,2.265826,0.000000,5.421729,0
1.9520,0.130792,2.521248,1.659792,2.6834,4.2615,-3.2492,2.267879,0.000000,5.414271,0
1.9530,0.133453,2.525541,1.656626,2.6606,4.2929,-3.1659,2.269978,0.000000,5.406864,0
1.9540,0.136090,2.529866,1.653544,2.6378,4.3243,-3.0827,2.272124,0.000000,5.399508,0
1.9550,0.138705,2.534221,1.650544,2.6150,4.3559,-2.9996,2.274316,0.000000,5.392204,0
1.9560,0.141298,2.538609,1.647628,2.5922,4.3876,-2.9164,2.276556,0.000000,5.384951,0
1.9570,0.143867,2.543028,1.644794,2.5693,4.4194,-2.8334,2.278842,0.000000,5.377750,0
1.9580,0.146413,2.547480,1.642044,2.5464,4.4513,-2.7503,2.281175,0.000000,5.370599,0
1.9590,0.148937,2.551963,1.639377,2.5235,4.4833,-2.6673,2.283555,0.000000,5.363499,0
1.9600,0.151437,2.556478,1.636793,2.5005,4.5155,-2.5843,2.285983,0.000000,5.356450,0
1.9610,0.153915,2.561026,1.634291,2.4775,4.5478,-2.5012,2.288457,0.000000,5.349452,0
1.9620,0.156369,2.565606,1.631873,2.4544,4.5802,-2.4182,2.290979,0.000000,5.342504,0
1.9630,0.158800,2.570219,1.629538,2.4312,4.6127,-2.3352,2.293548,0.000000,5.335607,0
1.9640,0.161208,2.574865,1.627286,2.4080,4.6454,-2.2521,2.296165,0.000000,5.328759,0
1.9650,0.163593,2.579543,1.625117,2.3847,4.6782,-2.1690,2.298829,0.000000,5.321962,0
1.9660,0.165954,2.584254,1.623031,2.3613,4.7111,-2.0859,2.301541,0.000000,5.315215,0
1.9670,0.168292,2.588998,1.621028,2.3378,4.7441,-2.0028,2.304301,0.000000,5.308519,0
1.9680,0.170606,2.593775,1.619108,2.3143,4.7773,-1.9195,2.307109,0.000000,5.301872,0
1.9690,0.172897,2.598586,1.617272,2.2907,4.8106,-1.8363,2.309964,0.000000,5.295275,0
1.9700,0.175164,2.603430,1.615519,2.2669,4.8441,-1.7529,2.312868,0.000000,5.288728,0
1.9710,0.177407,2.608308,1.613850,2.2431,4.8776,-1.6695,2.315820,0.000000,5.282230,0
1.9720,0.179626,2.613219,1.612264,2.2191,4.9113,-1.5860,2.318820,0.000000,5.275783,0
1.9730,0.181821,2.618164,1.610762,2.1951,4.9451,-1.5023,2.321869,0.000000,5.269385,0
1.9740,0.183992,2.623143,1.609343,2.1709,4.9791,-1.4186,2.324967,0.000000,5.263037,0
1.9750,0.186139,2.628156,1.608008,2.1467,5.0132,-1.3348,2.328113,0.000000,5.256739,0
1.9760,0.188261,2.633204,1.606757,2.1222,5.0474,-1.2508,2.331308,0.000000,5.250491,0
1.9770,0.190359,2.638285,1.605591,2.0977,5.0817,-1.1667,2.334552,0.000000,5.244292,0
1.9780,0.192432,2.643402,1.604508,2.0731,5.1162,-1.0825,2.337845,0.000000,5.238143,0
1.9790,0.194480,2.648552,1.603510,2.0483,5.1508,-0.9982,2.341187,0.000000,5.232044,0
1.9800,0.196504,2.653738,1.602596,2.0233,5.1856,-0.9136,2.344579,0.000000,5.225994,0
1.9810,0.198502,2.658958,1.601767,1.9983,5.2204,-0.8289,2.348020,0.000000,5.219995,0
1.9820,0.200475,2.664214,1.601023,1.9731,5.2554,-0.7441,2.351511,0.000000,5.214045,0
1.9830,0.202423,2.669504,1.600364,1.9477,5.2905,-0.6590,2.355051,0.000000,5.208146,0
1.9840,0.204345,2.674830,1.599790,1.9222,5.3258,-0.5738,2.358642,0.000000,5.202296,0
1.9850,0.206241,2.680191,1.599302,1.8965,5.3611,-0.4884,2.362283,0.000000,5.196497,0
1.9860,0.208112,2.685588,1.598899,1.8707,5.3966,-0.4028,2.365974,0.000000,5.190748,0
1.9870,0.209957,2.691020,1.598582,1.8447,5.4322,-0.3169,2.369715,0.000000,5.185049,0
1.9880,0.211775,2.696488,1.598352,1.8185,5.4680,-0.2308,2.373507,0.000000,5.179400,0
1.9890,0.213567,2.701992,1.598207,1.7922,5.5038,-0.1445,2.377349,0.000000,5.173803,0
1.9900,0.215333,2.707532,1.598149,1.7657,5.5398,-0.0580,2.381243,0.000000,5.168256,0
1.9910,0.217072,2.713108,1.598178,1.7390,5.5759,0.0288,2.385187,0.000000,5.162759,0
1.9920,0.218784,2.718720,1.598294,1.7122,5.6121,0.1159,2.389183,0.000000,5.157314,0
1.9930,0.220469,2.724368,1.598497,1.6852,5.6484,0.2032,2.393230,0.000000,5.151920,0
1.9940,0.222127,2.730053,1.598788,1.6579,5.6849,0.2908,2.397328,0.000000,5.146577,0
1.9950,0.223758,2.735774,1.599167,1.6305,5.7214,0.3787,2.401478,0.000000,5.141286,0
1.9960,0.225361,2.741532,1.599633,1.6030,5.7581,0.4669,2.405680,0.000000,5.136047,0
1.9970,0.226936,2.747327,1.600189,1.5752,5.7948,0.5554,2.409934,0.000000,5.130859,0
1.9980,0.228483,2.753159,1.600833,1.5472,5.8317,0.6442,2.414240,0.000000,5.125724,0
1.9990,0.230002,2.759028,1.601566,1.5190,5.8687,0.7334,2.418598,0.000000,5.120641,0
2.0000,0.231493,2.764933,1.602389,1.4907,5.9058,0.8228,2.423009,0.000000,5.115611,0
2.0100,0.244795,2.826051,1.615619,1.1957,6.2815,1.7382,2.470041,0.000000,5.068267,0
2.0200,0.255029,2.890964,1.638241,0.8791,6.6636,2.6983,2.522516,0.000000,5.026557,0
2.0300,0.261976,2.959709,1.670760,0.5405,7.0466,3.7140,2.580606,0.000000,4.990971,0
2.0400,0.265421,3.032246,1.713794,0.1813,7.4210,4.7965,2.644466,0.000000,4.962184,0
2.0500,0.265179,3.108413,1.768066,-0.1943,7.7716,5.9554,2.714193,0.000000,4.941110,0
2.0600,0.261127,-3.095340,1.834375,-0.5782,8.0740,7.1959,-1.645424,0.000000,4.928940,0
2.0700,0.253252,-3.013313,1.913523,-0.9565,8.2921,8.5134,-1.564243,0.000000,4.927177,0
2.0800,0.241718,-2.929793,2.006173,-1.3090,8.3767,9.8854,-1.478039,0.000000,4.937615,0
2.0900,0.226916,-2.846426,2.112636,-1.6106,8.2713,11.2654,-1.387878,0.000000,4.962215,0
2.1000,0.209503,-2.765405,2.232622,-1.8349,7.9243,12.5828,-1.295397,0.000000,5.002860,0
2.1100,0.190375,-2.689326,2.365048,-1.9605,7.3083,13.7543,-1.202746,0.000000,5.061002,0
2.1200,0.170597,-2.620855,2.508026,-1.9747,6.4338,14.7048,-1.112360,0.000000,5.137333,0
2.1300,0.151313,-2.562334,2.659048,-1.8732,5.3499,15.3844,-1.026634,0.000000,5.231585,0
2.1400,0.133673,-2.515454,2.815272,-1.6580,4.1330,15.7734,-0.947593,0.000000,5.342514,0
2.1500,0.118781,-2.481067,2.973799,-1.3358,2.8702,15.8759,-0.876695,0.000000,5.467992,0
2.1600,0.107644,-2.459164,3.131858,-0.9191,1.6455,15.7103,-0.814746,0.000000,5.605174,0
2.1700,0.101104,-2.448965,-2.996277,-0.4278,0.5285,15.3029,-2.609939,0.000000,5.750698,0
2.1800,0.099763,-2.449109,-2.846486,0.1110,-0.4330,14.6852,-2.565985,0.000000,5.900941,0
2.1900,0.103926,-2.457898,-2.703862,0.6661,-1.2165,13.8935,-2.530240,0.000000,6.052313,0
2.2000,0.113585,-2.473544,-2.569924,1.2070,-1.8242,12.9678,-2.501891,0.000000,6.201550,0
2.2100,0.128458,-2.494391,-2.445791,1.7094,-2.2766,11.9485,-2.480097,0.000000,6.345942,0
2.2200,0.148065,-2.519047,-2.332194,2.1573,-2.6041,10.8718,-2.464090,0.000000,6.483432,0
2.2300,0.171814,-2.546443,-2.229541,2.5435,-2.8389,9.7665,-2.453236,0.000000,6.612601,0
2.2400,0.199078,-2.575810,-2.138003,2.8669,-3.0087,8.6524,-2.447043,0.000000,6.732557,0
2.2500,0.229243,-2.606617,-2.057591,3.1301,-3.1341,7.5422,-2.445139,0.000000,6.842788,0
2.2600,0.261726,-2.638494,-1.988223,3.3368,-3.2273,6.4435,-2.447238,0.000000,6.943025,0
2.2700,0.295980,-2.671152,-1.929753,3.4902,-3.2933,5.3619,-2.453093,0.000000,7.033137,0
2.2800,0.331487,-2.704320,-1.881979,3.5925,-3.3316,4.3033,-2.462455,0.000000,7.113059,0
2.2900,0.367742,-2.737698,-1.844625,3.6452,-3.3376,3.2761,-2.475029,0.000000,7.182770,0
2.3000,0.404256,-2.770932,-1.817321,3.6491,-3.3056,2.2912,-2.490458,0.000000,7.242292,0
2.3100,0.440547,-2.803613,-1.799573,3.6059,-3.2306,1.3616,-2.508307,0.000000,7.291718,0
2.3200,0.476158,-2.835294,-1.790754,3.5181,-3.1101,0.5006,-2.528076,0.000000,7.331239,0
2.3300,0.510667,-2.865524,-1.790115,3.3901,-2.9454,-0.2808,-2.549227,0.000000,7.361167,0
2.3400,0.543699,-2.893882,-1.796815,3.2273,-2.7407,-0.9751,-2.571215,0.000000,7.381931,0
2.3500,0.574938,-2.920005,-1.809964,3.0355,-2.5029,-1.5795,-2.593523,0.000000,7.394069,0
2.3600,0.604128,-2.943606,-1.828669,2.8206,-2.2400,-2.0956,-2.615683,0.000000,7.398193,0
2.3700,0.631067,-2.964475,-1.852070,2.5877,-1.9596,-2.5282,-2.637297,0.000000,7.394954,0
2.3800,0.655596,-2.982477,-1.879370,2.3407,-1.6686,-2.8843,-2.658034,0.000000,7.385015,0
2.3900,0.677593,-2.997538,-1.909848,2.0829,-1.3728,-3.1719,-2.677629,0.000000,7.369021,0
2.4000,0.696961,-3.009634,-1.942864,1.8162,-1.0763,-3.3991,-2.695878,0.000000,7.347584,0
2.4100,0.713621,-3.018778,-1.977856,1.5421,-0.7825,-3.5738,-2.712624,0.000000,7.321272,0
2.4200,0.727504,-3.025007,-2.014339,1.2616,-0.4931,-3.7029,-2.727752,0.000000,7.290605,0
2.4300,0.738548,-3.028373,-2.051892,0.9750,-0.2094,-3.7928,-2.741173,0.000000,7.256048,0
2.4400,0.746695,-3.028934,-2.090154,0.6826,0.0685,-3.8489,-2.752822,0.000000,7.218017,0
2.4500,0.751886,-3.026747,-2.128813,0.3845,0.3408,-3.8759,-2.762649,0.000000,7.176874,0
2.4600,0.754064,-3.021863,-2.167602,0.0805,0.6086,-3.8778,-2.770610,0.000000,7.132934,0
2.4700,0.753169,-3.014320,-2.206288,-0.2295,0.8730,-3.8580,-2.776664,0.000000,7.086464,0
2.4800,0.749140,-3.004144,-2.244669,-0.5458,1.1358,-3.8191,-2.780769,0.000000,7.037685,0
2.4900,0.741913,-2.991342,-2.282567,-0.8685,1.3986,-3.7636,-2.782879,0.000000,6.986778,0
2.5000,0.731423,-2.975904,-2.319828,-1.1976,1.6631,-3.6933,-2.782940,0.000000,6.933886,0
2.5100,0.717606,-2.957804,-2.356312,-1.5332,1.9306,-3.6099,-2.780895,0.000000,6.879119,0
2.5200,0.700403,-2.937011,-2.391897,-1.8743,2.2014,-3.5147,-2.776683,0.000000,6.822567,0
2.5300,0.679764,-2.913496,-2.426470,-2.2193,2.4744,-3.4089,-2.770253,0.000000,6.764312,0
2.5400,0.655670,-2.887258,-2.459933,-2.5648,2.7454,-3.2938,-2.761574,0.000000,6.704456,0
2.5500,0.628145,-2.858356,-2.492200,-2.9047,3.0061,-3.1707,-2.750663,0.000000,6.643152,0
2.5600,0.597295,-2.826970,-2.523199,-3.2291,3.2420,-3.0411,-2.737625,0.000000,6.580665,0
2.5700,0.563351,-2.793460,-2.552875,-3.5238,3.4312,-2.9070,-2.722699,0.000000,6.517430,0
2.5800,0.526708,-2.758446,-2.581199,-3.7706,3.5453,-2.7714,-2.706314,0.000000,6.454123,0
2.5900,0.487949,-2.722845,-2.608174,-3.9510,3.5546,-2.6378,-2.689118,0.000000,6.391682,0
2.6000,0.447816,-2.687833,-2.633845,-4.0520,3.4376,-2.5106,-2.671954,0.000000,6.331256,0
2.6100,0.407123,-2.654713,-2.658302,-4.0718,3.1903,-2.3946,-2.655769,0.000000,6.274053,0
2.6200,0.366636,-2.624717,-2.681681,-4.0202,2.8282,-2.2940,-2.641471,0.000000,6.221150,0
2.6300,0.326981,-2.598844,-2.704154,-3.9141,2.3796,-2.2122,-2.629818,0.000000,6.173339,0
2.6400,0.288603,-2.577789,-2.725925,-3.7710,1.8751,-2.1515,-2.621358,0.000000,6.131080,0
2.6500,0.251793,-2.561963,-2.747207,-3.6049,1.3403,-2.1126,-2.616446,0.000000,6.094545,0
2.6600,0.216725,-2.551563,-2.768222,-3.4249,0.7935,-2.0956,-2.615286,0.000000,6.063692,0
2.6700,0.183508,-2.546642,-2.789184,-3.2361,0.2458,-2.0997,-2.617978,0.000000,6.038351,0
2.6800,0.152218,-2.547172,-2.810296,-3.0404,-0.2963,-2.1236,-2.624561,0.000000,6.018284,0
0.0010,0.000000,0.087266,0.087266,0.0000,0.0000,0.0000,0.087266,0.000000,0.000000,1
0.0020,0.000010,0.087266,0.087266,0.0102,0.0000,0.0000,0.087266,0.004684,-0.000009,1
0.0030,-0.000058,0.087282,0.087274,-0.0687,0.0160,0.0075,0.087280,0.018735,0.000586,1
0.0040,-0.000475,0.087026,0.087612,-0.4163,-0.2560,0.3383,0.087199,0.042153,0.003615,1
0.0050,-0.001687,0.085633,0.089248,-1.2122,-1.3933,1.6357,0.086696,0.074939,0.012124,1
0.0060,-0.004329,0.081663,0.093786,-2.6420,-3.9706,4.5386,0.085228,0.117093,0.030371,1
0.0070,-0.009239,0.073094,0.103465,-4.9097,-8.5684,9.6790,0.082027,0.168614,0.063829,1
0.0080,-0.017493,0.057308,0.121137,-8.2539,-15.7863,17.6718,0.076081,0.229502,0.119158,1
0.0090,-0.030446,0.031059,0.150217,-12.9532,-26.2488,29.0796,0.066105,0.299758,0.204020,1
0.0100,-0.049723,-0.009498,0.194523,-19.2775,-40.5567,44.3058,0.050508,0.379381,0.326411,1
0.0110,-0.077027,-0.068567,0.257843,-27.3033,-59.0696,63.3208,0.027436,0.468372,0.492926,1
0.0120,-0.113593,-0.149935,0.342990,-36.5664,-81.3680,85.1470,-0.004957,0.557362,0.705839,1
0.0130,-0.159267,-0.255458,0.450381,-45.6740,-105.5226,107.3909,-0.047858,0.636985,0.959972,1
0.0140,-0.212133,-0.383166,0.576806,-52.8659,-127.7082,126.4244,-0.100821,0.707241,1.244579,1
0.0150,-0.269188,-0.527628,0.716951,-57.0554,-144.4616,140.1449,-0.161575,0.768129,1.549719,1
0.0160,-0.327070,-0.682610,0.867110,-57.8817,-154.9816,150.1587,-0.226810,0.819650,1.869966,1
0.0170,-0.382573,-0.842415,1.027551,-55.5027,-159.8047,160.4411,-0.292425,0.861804,2.204910,1
0.0180,-0.433844,-1.001312,1.203598,-51.2711,-158.8972,176.0471,-0.352809,0.894590,2.559436,1
0.0190,-0.483264,-1.153072,1.406363,-49.4196,-151.7598,202.7649,-0.400297,0.918008,2.944698,1
0.0200,-0.540158,-1.293868,1.650830,-56.8944,-140.7956,244.4664,-0.427780,0.932059,3.377767,1
0.0210,-0.615793,-1.431218,1.946549,-75.6354,-137.3493,295.7184,-0.437757,0.936743,3.878725,2
0.0220,-0.710633,-1.590008,2.288718,-94.8398,-158.7901,342.1680,-0.449206,0.936743,4.471056,2
0.0230,-0.807575,-1.798921,2.672135,-96.9414,-208.9133,383.4168,-0.483904,0.936743,5.186995,2
0.0240,-0.864029,-2.076424,3.110571,-56.4546,-277.5037,438.4355,-0.550838,0.936743,6.059064,2
0.0250,-0.805682,-2.429620,-2.653741,58.3468,-353.1959,518.8732,-2.495538,0.936743,7.047085,2
0.0260,-0.605079,-2.831449,-2.067549,200.6033,-401.8290,586.1920,-2.606773,0.936743,8.019038,2
0.0270,-0.305280,3.049024,-1.498309,299.7987,-402.7118,569.2405,1.711573,0.936743,8.931567,2
0.0280,-0.038599,2.599396,-1.035408,266.6810,-449.6261,462.9007,1.530336,0.936743,9.641717,2
0.0290,0.125063,2.167814,-0.756840,163.6626,-431.5638,278.5685,1.307621,0.936743,10.288503,2
0.0300,0.288664,1.930648,-0.347219,163.6003,-237.1576,409.6080,1.260687,0.936743,11.001271,2
0.0310,0.437214,1.695885,0.130785,148.5508,-234.7579,477.9986,1.235561,0.936743,11.831786,2
0.0320,0.503477,1.399016,0.664432,66.2629,-296.8636,533.6452,1.182962,0.936743,12.867832,2
0.0330,0.349070,0.961118,1.262579,-154.4077,-437.8949,598.1471,1.049783,0.936743,14.038567,2
0.0340,0.099249,0.294468,1.766664,-249.8203,-666.6487,504.0858,0.727467,0.936743,14.830476,2
0.0350,0.061315,-0.445416,1.818689,-37.9348,-739.8756,52.0167,0.220497,0.936743,15.223892,2
0.0360,0.226696,-1.059697,1.597824,165.3809,-614.2548,-220.8571,-0.278073,0.936743,15.498314,2
0.0370,0.505591,-1.533387,1.398557,278.8951,-473.6702,-199.2592,-0.671050,0.936743,15.858666,2
0.0380,0.954795,-2.052852,1.239443,449.2042,-519.4498,-159.1043,-1.084530,0.936743,16.535591,2
0.0390,1.149726,-2.768688,1.200532,194.9309,-715.8277,-38.9030,-1.601270,0.936743,17.357863,2
0.0400,1.301755,-2.837945,1.953547,152.0295,-69.2625,752.9683,-1.428683,0.936743,18.358866,2
0.0410,1.317938,-3.036174,2.756321,16.1827,-198.2081,802.7711,-1.332499,0.936743,19.551107,2
0.0420,1.156412,2.980576,-2.601058,-161.5256,-266.4277,925.7960,1.338919,0.936743,20.657640,2
0.0430,1.015239,2.890178,-1.584923,-141.1729,-90.4019,1016.1136,1.573972,0.936743,21.537406,2
0.0440,1.081592,-3.069559,-0.381709,66.3523,323.4389,1203.1908,-2.279015,0.936743,22.475887,2
0.0450,1.295789,-2.552038,1.074294,214.1969,517.5257,1456.0033,-1.485470,0.936743,23.683350,2
0.0460,1.426756,-2.735936,2.097858,130.9672,-183.8954,1023.5557,-1.314232,0.936743,25.168684,2
0.0470,1.225858,3.077064,3.113006,-200.8977,-470.1803,1015.1452,3.087635,0.936743,26.780619,2
0.0480,0.915018,2.604151,-2.031157,-310.8399,-472.9127,1139.0216,1.240825,0.936743,28.040848,2
0.0490,0.923012,2.618700,-0.756379,7.9933,14.5492,1274.7767,1.626030,0.936743,29.230945,2
0.0500,1.033054,2.971230,0.786248,110.0429,352.5297,1542.6258,2.328589,0.936743,30.852029,2
0.0510,0.781223,2.419862,1.855965,-251.8312,-551.3679,1069.7151,2.254010,0.936743,32.904321,2
0.0520,0.077260,1.512848,3.001242,-703.9636,-907.0133,1145.2732,1.950611,0.936743,34.596142,2
0.0530,-0.591376,0.625926,-2.477043,-668.6355,-886.9195,804.8919,-0.286712,0.936743,36.011286,2
0.0540,-1.085634,0.168577,-1.519249,-494.2576,-457.3459,957.7793,-0.327843,0.936743,37.107161,2
0.0550,-1.598660,-0.056343,-0.648293,-513.0268,-224.9077,870.8314,-0.230446,0.936743,38.261901,2
0.0560,-2.304415,-0.186567,0.376222,-705.7544,-130.2823,1024.4377,-0.021041,0.936743,39.223575,2
0.0570,-3.197125,0.140254,1.664717,-892.7100,326.5435,1288.0425,0.588625,0.936743,38.811569,2
0.0580,-3.146250,1.549572,2.662029,50.8744,1409.2600,997.2815,1.876765,0.936743,37.890598,2
0.0590,-2.647534,2.536302,2.727788,498.7168,984.3955,65.7299,2.592622,0.936743,36.721492,2
0.0600,-2.212737,-2.368358,2.937208,434.7968,1378.3848,209.3950,-0.807897,0.936743,37.305354,2
0.0610,-3.106022,-1.284613,-1.678371,-893.2852,1081.0939,1663.5616,-1.400424,0.936743,39.326811,2
0.0620,-3.918188,-1.752637,-0.124938,-812.1666,-466.8848,1554.5432,-1.273902,0.936743,40.060377,2
0.0630,-3.615084,-0.194861,2.166404,303.1044,1557.0939,2290.3925,0.499629,0.936743,40.363389,2
0.0640,-3.289369,0.401856,3.066132,325.7149,597.2882,898.2562,1.185466,0.936743,40.350896,2
0.0650,-2.678057,1.416431,-2.214970,611.3119,1010.4739,998.0127,0.348372,0.936743,39.969683,2
0.0660,-1.959266,2.751041,-1.261573,718.7913,1323.5628,945.9789,1.570860,0.936743,39.253539,2
0.0670,-2.183700,-2.330049,-0.775622,-224.4336,1183.4134,486.7101,-1.872865,0.936743,39.430873,2
0.0680,4.753792,-3.059158,-1.327397,6937.4915,-719.5310,-542.3716,-2.549816,0.936743,53.506343,2
0.0010,59.886448,-0.546947,2.693913,55132.6556,7375.1717,5968.4187,0.406247,0.936743,-54.682627,2
0.0020,0.000000,-0.000000,-0.000000,0.0000,0.0000,0.0000,-0.000000,0.936743,0.000000,2
0.0030,-0.018513,-0.000000,-0.000000,-18.5125,0.0000,0.0000,-0.000000,0.936743,0.122796,2
0.0040,-0.054977,-0.058582,0.064214,-36.4643,-58.5821,64.2139,-0.022466,0.936743,0.365046,2
0.0050,-0.105354,-0.174044,0.191002,-50.3771,-115.4622,126.7879,-0.066678,0.936743,0.704469,2
0.0060,-0.160558,-0.334643,0.369825,-55.2039,-160.5991,178.8235,-0.127447,0.936743,1.093656,2
0.0070,-0.212462,-0.514721,0.578935,-51.9041,-180.0770,209.1096,-0.193057,0.936743,1.496090,2
0.0080,-0.257672,-0.692265,0.803825,-45.2106,-177.5434,224.8899,-0.252238,0.936743,1.902772,2
0.0090,-0.296928,-0.856854,1.045918,-39.2553,-164.5883,242.0919,-0.297215,0.936743,2.320269,2
0.0100,-0.336643,-1.003295,1.316974,-39.7152,-146.4406,271.0553,-0.320863,0.936743,2.763907,2
0.0110,-0.392060,-1.130637,1.633270,-55.4176,-127.3419,316.2955,-0.317723,0.936743,3.256288,2
0.0120,-0.480076,-1.253173,2.003115,-88.0151,-122.5364,369.8433,-0.295441,0.936743,3.823232,2
0.0130,-0.596827,-1.412197,2.411035,-116.7511,-159.0241,407.9200,-0.287717,0.936743,4.491983,2
0.0140,-0.712249,-1.647037,2.844946,-115.4221,-234.8404,433.9102,-0.325866,0.936743,5.299677,2
0.0150,-0.764664,-1.969128,-2.952637,-52.4155,-322.0908,485.6023,-2.258395,0.936743,6.276690,2
0.0160,-0.665045,-2.373225,-2.379720,99.6196,-404.0970,572.9164,-2.375135,0.936743,7.334656,2
0.0170,-0.418154,-2.806270,-1.754800,246.8903,-433.0453,624.9203,-2.497014,0.936743,8.339499,2
0.0180,-0.081728,3.051880,-1.174991,336.4266,-425.0344,579.8086,1.808683,0.936743,9.264464,2
0.0190,0.121346,2.549028,-0.752879,203.0735,-502.8477,422.1124,1.577879,0.936743,9.964907,2
0.0200,0.302475,2.255124,-0.346340,181.1288,-293.8896,406.5267,1.489988,0.936743,10.701912,2
0.0210,0.478919,2.026876,0.162417,176.4446,-228.2411,508.7452,1.478505,0.936743,11.539917,2
0.0220,0.597465,1.751812,0.725358,118.5460,-275.0563,562.9390,1.449914,0.936743,12.553585,2
0.0230,0.529648,1.368600,1.355814,-67.8176,-383.2070,630.4551,1.364839,0.936743,13.772708,2
0.0240,0.245791,0.787456,1.993794,-283.8562,-581.1405,637.9812,1.142261,0.936743,14.824643,2
0.0250,-0.023751,0.054159,2.312432,-269.5427,-733.2960,318.6356,0.718357,0.936743,15.557491,2
0.0260,0.103039,-0.791463,2.199657,126.7906,-845.6051,-112.7780,0.088278,0.936743,16.032837,2
0.0270,0.327758,-1.239262,2.227204,224.7191,-447.7781,27.5465,-0.219714,0.936743,16.570777,2
0.0280,0.620169,-1.627136,2.377270,292.4106,-387.8597,150.0638,-0.449370,0.936743,17.301377,2
0.0290,0.971997,-2.086377,2.648630,351.8278,-459.2284,271.3641,-0.693728,0.936743,18.499434,2
0.0300,1.005745,-2.681500,-3.031623,33.7486,-595.1176,602.9377,-2.784478,0.936743,19.941453,2
0.0310,0.886642,-3.037998,-1.946101,-119.1031,-356.5000,1085.4585,-2.716852,0.936743,20.912898,2
0.0320,0.874726,-2.902462,-0.839120,-11.9166,135.5029,1106.8801,-2.295597,0.936743,21.762906,2
0.0330,0.991559,-2.425105,0.488246,116.8333,477.3467,1327.3164,-1.568237,0.936743,22.830326,2
0.0340,0.908143,-1.838667,2.142103,-83.4159,586.4587,1653.8769,-0.667853,0.936743,24.099821,2
0.0350,0.813855,-1.899681,-2.932601,-94.2881,-61.0192,1208.4591,-2.203481,0.936743,26.066825,2
0.0360,0.865651,-2.439163,-1.505079,51.7959,-539.4758,1427.5278,-2.164432,0.936743,26.937215,2
0.0370,0.972242,-2.492620,-0.688147,106.5912,-53.5015,816.7891,-1.961893,0.936743,27.719873,2
0.0380,1.165250,-2.375761,0.211371,193.0082,116.8702,899.4542,-1.614840,0.936743,28.651234,2
0.0390,1.405677,-2.106580,1.411912,240.4265,269.2144,1200.5524,-1.071729,0.936743,29.629783,2
0.0400,1.619810,-2.236231,2.260811,214.1336,-129.6410,848.9032,-0.913572,0.936743,30.795799,2
0.0410,1.652951,-2.572255,3.090803,33.1405,-336.0210,829.9913,-0.906650,0.936743,32.188640,2
0.0420,1.455357,-2.950484,-2.177771,-197.5937,-378.2297,1014.6110,-2.723216,0.936743,33.411440,2
0.0430,1.323235,-3.074124,-1.078611,-132.1220,-123.6399,1099.1578,-2.487208,0.936743,34.384249,2
0.0440,1.488083,-2.718224,0.250098,164.8482,355.8967,1328.7013,-1.845188,0.936743,35.571041,2
0.0450,1.691803,-2.385692,1.769422,203.7197,332.5332,1519.3248,-1.163599,0.936743,37.124347,2
0.0460,1.575245,-2.922012,2.786408,-116.5576,-536.3151,1016.9819,-1.243065,0.936743,39.017692,2
0.0470,1.105131,2.639780,-2.324825,-470.1140,-721.3921,1171.9480,1.179602,0.936743,40.584948,2
0.0480,0.836326,2.151440,-1.245909,-268.8055,-488.3407,1078.9137,1.152220,0.936743,41.827099,2
0.0490,0.727625,2.285165,0.129967,-108.7004,133.7220,1375.8677,1.651284,0.936743,43.315735,2
0.0500,0.327032,1.903269,1.236707,-400.5933,-381.8951,1106.7372,1.707221,0.936743,45.263856,2
0.0510,-0.471723,1.076055,2.357615,-798.7551,-827.2120,1120.9087,1.452985,0.936743,46.873246,2
0.0520,-1.009269,0.405839,-2.986398,-537.5457,-670.2161,939.1697,-0.591878,0.936743,47.795178,2
0.0530,-1.413996,0.889608,-1.580696,-404.7268,483.7389,1405.6227,0.163048,0.936743,48.795945,2
0.0540,-2.053014,1.240214,-0.229323,-639.0180,350.5096,1351.1556,0.807997,0.936743,50.353142,2
0.0550,-2.099079,1.322430,1.410090,-46.0653,82.1798,1639.3540,1.348212,0.936743,51.973638,2
0.0560,-2.090278,0.762191,2.470347,8.8004,-560.2152,1059.9328,1.264590,0.936743,53.046228,2
0.0570,-1.990229,0.504372,-2.998069,100.0495,-257.7691,814.5429,-0.525758,0.936743,54.227875,2
0.0580,-1.825830,0.286075,-2.034718,164.3992,-218.1922,963.2921,-0.396511,0.936743,55.595866,2
0.0590,-1.885507,-0.288087,-1.240889,-59.6769,-574.0792,793.8247,-0.568323,0.936743,57.305874,2
0.0600,-2.442457,-1.072306,-0.315100,-556.9507,-784.1906,925.7657,-0.849598,0.936743,58.967185,2
0.0610,-3.302918,-2.095777,0.322740,-860.4605,-1023.4623,637.8452,-1.384449,0.936743,60.514446,2
0.0620,-3.919217,2.841927,0.524520,-616.2992,-1345.4795,201.7801,2.160337,0.936743,62.493537,2
0.0630,-4.099017,1.985938,1.647622,-179.7998,-855.9859,1123.0972,1.886434,0.936743,64.674697,2
0.0640,-4.090936,1.258331,3.101175,8.0813,-727.6013,1453.5419,1.800344,0.936743,66.160708,2
0.0650,-4.713083,1.408306,-1.546024,-622.1472,149.9737,1635.9756,0.539386,0.936743,68.204662,2
0.0660,-4.883224,0.532860,-0.377517,-170.1409,-875.4489,1168.5027,0.265102,0.936743,70.855430,2
0.0670,-4.214920,-0.874441,0.865950,668.3032,-1407.2941,1243.4570,-0.362561,0.936743,72.714595,2
0.0680,-4.963359,-2.582329,1.017228,-748.4389,-1707.6679,151.3522,-1.523636,0.936743,74.424319,2
0.0690,-6.013974,2.925970,1.952066,-1050.6143,-774.9502,934.5230,2.639528,0.936743,76.291606,2
0.0700,-7.817131,2.565197,-2.824607,-1803.1578,-360.9947,1505.7867,0.979960,0.936743,75.704418,2
0.0710,-9.374939,-1.628995,-1.322801,-1557.8075,2088.3378,1501.2604,-1.538938,0.936743,75.325650,2
0.0720,-4.656617,0.525674,0.453100,4718.3219,2018.3327,1653.2905,0.504329,0.936743,77.603318,2
0.0730,-9.953536,2.796618,-1.281473,-5296.9194,164.8867,1356.6888,1.597179,0.936743,44.710276,2
0.0010,55.465314,0.888119,1.616098,65418.8505,7817.8006,29513.9279,1.102230,0.936743,-1160.957743,2
0.0020,0.000000,-0.000000,-0.000000,0.0000,0.0000,0.0000,-0.000000,0.936743,0.000000,2
0.0030,-0.018513,-0.000000,-0.000000,-18.5125,0.0000,0.0000,-0.000000,0.936743,0.122796,2
0.0040,-0.054977,-0.058582,0.064214,-36.4643,-58.5821,64.2139,-0.022466,0.936743,0.365046,2
0.0050,-0.105354,-0.174044,0.191002,-50.3771,-115.4622,126.7879,-0.066678,0.936743,0.704469,2
0.0060,-0.160558,-0.334643,0.369825,-55.2039,-160.5991,178.8235,-0.127447,0.936743,1.093656,2
0.0070,-0.212462,-0.514721,0.578935,-51.9041,-180.0770,209.1096,-0.193057,0.936743,1.496090,2
0.0080,-0.257672,-0.692265,0.803825,-45.2106,-177.5434,224.8899,-0.252238,0.936743,1.902772,2
0.0090,-0.296928,-0.856854,1.045918,-39.2553,-164.5883,242.0919,-0.297215,0.936743,2.320269,2
0.0100,-0.336643,-1.003295,1.316974,-39.7152,-146.4406,271.0553,-0.320863,0.936743,2.763907,2
0.0110,-0.392060,-1.130637,1.633270,-55.4176,-127.3419,316.2955,-0.317723,0.936743,3.256288,2
0.0120,-0.480076,-1.253173,2.003115,-88.0151,-122.5364,369.8433,-0.295441,0.936743,3.823232,2
0.0130,-0.596827,-1.412197,2.411035,-116.7511,-159.0241,407.9200,-0.287717,0.936743,4.491983,2
0.0140,-0.712249,-1.647037,2.844946,-115.4221,-234.8404,433.9102,-0.325866,0.936743,5.299677,2
0.0150,-0.764664,-1.969128,-2.952637,-52.4155,-322.0908,485.6023,-2.258395,0.936743,6.276690,2
0.0160,-0.665045,-2.373225,-2.379720,99.6196,-404.0970,572.9164,-2.375135,0.936743,7.334656,2
0.0170,-0.418154,-2.806270,-1.754800,246.8903,-433.0453,624.9203,-2.497014,0.936743,8.339499,2
0.0180,-0.081728,3.051880,-1.174991,336.4266,-425.0344,579.8086,1.808683,0.936743,9.264464,2
0.0190,0.121346,2.549028,-0.752879,203.0735,-502.8477,422.1124,1.577879,0.936743,9.964907,2
0.0200,0.302475,2.255124,-0.346340,181.1288,-293.8896,406.5267,1.489988,0.936743,10.701912,2
0.0210,0.478919,2.026876,0.162417,176.4446,-228.2411,508.7452,1.478505,0.936743,11.539917,2
0.0220,0.597465,1.751812,0.725358,118.5460,-275.0563,562.9390,1.449914,0.936743,12.553585,2
0.0230,0.529648,1.368600,1.355814,-67.8176,-383.2070,630.4551,1.364839,0.936743,13.772708,2
0.0240,0.245791,0.787456,1.993794,-283.8562,-581.1405,637.9812,1.142261,0.936743,14.824643,2
0.0250,-0.023751,0.054159,2.312432,-269.5427,-733.2960,318.6356,0.718357,0.936743,15.557491,2
0.0260,0.103039,-0.791463,2.199657,126.7906,-845.6051,-112.7780,0.088278,0.936743,16.032837,2
0.0270,0.327758,-1.239262,2.227204,224.7191,-447.7781,27.5465,-0.219714,0.936743,16.570777,2
0.0280,0.620169,-1.627136,2.377270,292.4106,-387.8597,150.0638,-0.449370,0.936743,17.301377,2
0.0290,0.971997,-2.086377,2.648630,351.8278,-459.2284,271.3641,-0.693728,0.936743,18.499434,2
0.0300,1.005745,-2.681500,-3.031623,33.7486,-595.1176,602.9377,-2.784478,0.936743,19.941453,2
0.0310,0.886642,-3.037998,-1.946101,-119.1031,-356.5000,1085.4585,-2.716852,0.936743,20.912898,2
0.0320,0.874726,-2.902462,-0.839120,-11.9166,135.5029,1106.8801,-2.295597,0.936743,21.762906,2
0.0330,0.991559,-2.425105,0.488246,116.8333,477.3467,1327.3164,-1.568237,0.936743,22.830326,2
0.0340,0.908143,-1.838667,2.142103,-83.4159,586.4587,1653.8769,-0.667853,0.936743,24.099821,2
0.0350,0.813855,-1.899681,-2.932601,-94.2881,-61.0192,1208.4591,-2.203481,0.936743,26.066825,2
0.0360,0.865651,-2.439163,-1.505079,51.7959,-539.4758,1427.5278,-2.164432,0.936743,26.937215,2
0.0370,0.972242,-2.492620,-0.688147,106.5912,-53.5015,816.7891,-1.961893,0.936743,27.719873,2
0.0380,1.165250,-2.375761,0.211371,193.0082,116.8702,899.4542,-1.614840,0.936743,28.651234,2
0.0390,1.405677,-2.106580,1.411912,240.4265,269.2144,1200.5524,-1.071729,0.936743,29.629783,2
0.0400,1.619810,-2.236231,2.260811,214.1336,-129.6410,848.9032,-0.913572,0.936743,30.795799,2
0.0410,1.652951,-2.572255,3.090803,33.1405,-336.0210,829.9913,-0.906650,0.936743,32.188640,2
0.0420,1.455357,-2.950484,-2.177771,-197.5937,-378.2297,1014.6110,-2.723216,0.936743,33.411440,2
0.0430,1.323235,-3.074124,-1.078611,-132.1220,-123.6399,1099.1578,-2.487208,0.936743,34.384249,2
0.0440,1.488083,-2.718224,0.250098,164.8482,355.8967,1328.7013,-1.845188,0.936743,35.571041,2
0.0450,1.691803,-2.385692,1.769422,203.7197,332.5332,1519.3248,-1.163599,0.936743,37.124347,2
0.0460,1.575245,-2.922012,2.786408,-116.5576,-536.3151,1016.9819,-1.243065,0.936743,39.017692,2
0.0470,1.105131,2.639780,-2.324825,-470.1140,-721.3921,1171.9480,1.179602,0.936743,40.584948,2
0.0480,0.836326,2.151440,-1.245909,-268.8055,-488.3407,1078.9137,1.152220,0.936743,41.827099,2
0.0490,0.727625,2.285165,0.129967,-108.7004,133.7220,1375.8677,1.651284,0.936743,43.315735,2
0.0500,0.327032,1.903269,1.236707,-400.5933,-381.8951,1106.7372,1.707221,0.936743,45.263856,2
0.0510,-0.471723,1.076055,2.357615,-798.7551,-827.2120,1120.9087,1.452985,0.936743,46.873246,2
0.0520,-1.009269,0.405839,-2.986398,-537.5457,-670.2161,939.1697,-0.591878,0.936743,47.795178,2
0.0530,-1.413996,0.889608,-1.580696,-404.7268,483.7389,1405.6227,0.163048,0.936743,48.795945,2
0.0540,-2.053014,1.240214,-0.229323,-639.0180,350.5096,1351.1556,0.807997,0.936743,50.353142,2
0.0550,-2.099079,1.322430,1.410090,-46.0653,82.1798,1639.3540,1.348212,0.936743,51.973638,2
0.0560,-2.090278,0.762191,2.470347,8.8004,-560.2152,1059.9328,1.264590,0.936743,53.046228,2
0.0570,-1.990229,0.504372,-2.998069,100.0495,-257.7691,814.5429,-0.525758,0.936743,54.227875,2
0.0580,-1.825830,0.286075,-2.034718,164.3992,-218.1922,963.2921,-0.396511,0.936743,55.595866,2
0.0590,-1.885507,-0.288087,-1.240889,-59.6769,-574.0792,793.8247,-0.568323,0.936743,57.305874,2
0.0600,-2.442457,-1.072306,-0.315100,-556.9507,-784.1906,925.7657,-0.849598,0.936743,58.967185,2
0.0610,-3.302918,-2.095777,0.322740,-860.4605,-1023.4623,637.8452,-1.384449,0.936743,60.514446,2
0.0620,-3.919217,2.841927,0.524520,-616.2992,-1345.4795,201.7801,2.160337,0.936743,62.493537,2
0.0630,-4.099017,1.985938,1.647622,-179.7998,-855.9859,1123.0972,1.886434,0.936743,64.674697,2
0.0640,-4.090936,1.258331,3.101175,8.0813,-727.6013,1453.5419,1.800344,0.936743,66.160708,2
0.0650,-4.713083,1.408306,-1.546024,-622.1472,149.9737,1635.9756,0.539386,0.936743,68.204662,2
0.0660,-4.883224,0.532860,-0.377517,-170.1409,-875.4489,1168.5027,0.265102,0.936743,70.855430,2
0.0670,-4.214920,-0.874441,0.865950,668.3032,-1407.2941,1243.4570,-0.362561,0.936743,72.714595,2
0.0680,-4.963359,-2.582329,1.017228,-748.4389,-1707.6679,151.3522,-1.523636,0.936743,74.424319,2
0.0690,-6.013974,2.925970,1.952066,-1050.6143,-774.9502,934.5230,2.639528,0.936743,76.291606,2
0.0700,-7.817131,2.565197,-2.824607,-1803.1578,-360.9947,1505.7867,0.979960,0.936743,75.704418,2
0.0710,-9.374939,-1.628995,-1.322801,-1557.8075,2088.3378,1501.2604,-1.538938,0.936743,75.325650,2
0.0720,-4.656617,0.525674,0.453100,4718.3219,2018.3327,1653.2905,0.504329,0.936743,77.603318,2
0.0730,-9.953536,2.796618,-1.281473,-5296.9194,164.8867,1356.6888,1.597179,0.936743,44.710276,2
0.0010,55.465314,0.888119,1.616098,65418.8505,7817.8006,29513.9279,1.102230,0.936743,-1160.957743,2
0.0020,0.000000,-0.000000,-0.000000,0.0000,0.0000,0.0000,-0.000000,0.936743,0.000000,2
0.0030,-0.018513,-0.000000,-0.000000,-18.5125,0.0000,0.0000,-0.000000,0.936743,0.122796,2
0.0040,-0.054977,-0.058582,0.064214,-36.4643,-58.5821,64.2139,-0.022466,0.936743,0.365046,2
0.0050,-0.105354,-0.174044,0.191002,-50.3771,-115.4622,126.7879,-0.066678,0.936743,0.704469,2
0.0060,-0.160558,-0.334643,0.369825,-55.2039,-160.5991,178.8235,-0.127447,0.936743,1.093656,2
0.0070,-0.212462,-0.514721,0.578935,-51.9041,-180.0770,209.1096,-0.193057,0.936743,1.496090,2
0.0080,-0.257672,-0.692265,0.803825,-45.2106,-177.5434,224.8899,-0.252238,0.936743,1.902772,2
0.0090,-0.296928,-0.856854,1.045918,-39.2553,-164.5883,242.0919,-0.297215,0.936743,2.320269,2
0.0100,-0.336643,-1.003295,1.316974,-39.7152,-146.4406,271.0553,-0.320863,0.936743,2.763907,2
0.0110,-0.392060,-1.130637,1.633270,-55.4176,-127.3419,316.2955,-0.317723,0.936743,3.256288,2
0.0120,-0.480076,-1.253173,2.003115,-88.0151,-122.5364,369.8433,-0.295441,0.936743,3.823232,2
0.0130,-0.596827,-1.412197,2.411035,-116.7511,-159.0241,407.9200,-0.287717,0.936743,4.491983,2
0.0140,-0.712249,-1.647037,2.844946,-115.4221,-234.8404,433.9102,-0.325866,0.936743,5.299677,2
0.0150,-0.764664,-1.969128,-2.952637,-52.4155,-322.0908,485.6023,-2.258395,0.936743,6.276690,2
0.0160,-0.665045,-2.373225,-2.379720,99.6196,-404.0970,572.9164,-2.375135,0.936743,7.334656,2
0.0170,-0.418154,-2.806270,-1.754800,246.8903,-433.0453,624.9203,-2.497014,0.936743,8.339499,2
0.0180,-0.081728,3.051880,-1.174991,336.4266,-425.0344,579.8086,1.808683,0.936743,9.264464,2
0.0190,0.121346,2.549028,-0.752879,203.0735,-502.8477,422.1124,1.577879,0.936743,9.964907,2
0.0200,0.302475,2.255124,-0.346340,181.1288,-293.8896,406.5267,1.489988,0.936743,10.701912,2
0.0210,0.478919,2.026876,0.162417,176.4446,-228.2411,508.7452,1.478505,0.936743,11.539917,2
0.0220,0.597465,1.751812,0.725358,118.5460,-275.0563,562.9390,1.449914,0.936743,12.553585,2
0.0230,0.529648,1.368600,1.355814,-67.8176,-383.2070,630.4551,1.364839,0.936743,13.772708,2
0.0240,0.245791,0.787456,1.993794,-283.8562,-581.1405,637.9812,1.142261,0.936743,14.824643,2
0.0250,-0.023751,0.054159,2.312432,-269.5427,-733.2960,318.6356,0.718357,0.936743,15.557491,2
0.0260,0.103039,-0.791463,2.199657,126.7906,-845.6051,-112.7780,0.088278,0.936743,16.032837,2
0.0270,0.327758,-1.239262,2.227204,224.7191,-447.7781,27.5465,-0.219714,0.936743,16.570777,2
0.0280,0.620169,-1.627136,2.377270,292.4106,-387.8597,150.0638,-0.449370,0.936743,17.301377,2
0.0290,0.971997,-2.086377,2.648630,351.8278,-459.2284,271.3641,-0.693728,0.936743,18.499434,2
0.0300,1.005745,-2.681500,-3.031623,33.7486,-595.1176,602.9377,-2.784478,0.936743,19.941453,2
0.0310,0.886642,-3.037998,-1.946101,-119.1031,-356.5000,1085.4585,-2.716852,0.936743,20.912898,2
0.0320,0.874726,-2.902462,-0.839120,-11.9166,135.5029,1106.8801,-2.295597,0.936743,21.762906,2
0.0330,0.991559,-2.425105,0.488246,116.8333,477.3467,1327.3164,-1.568237,0.936743,22.830326,2
0.0340,0.908143,-1.838667,2.142103,-83.4159,586.4587,1653.8769,-0.667853,0.936743,24.099821,2
0.0350,0.813855,-1.899681,-2.932601,-94.2881,-61.0192,1208.4591,-2.203481,0.936743,26.066825,2
0.0360,0.865651,-2.439163,-1.505079,51.7959,-539.4758,1427.5278,-2.164432,0.936743,26.937215,2
0.0370,0.972242,-2.492620,-0.688147,106.5912,-53.5015,816.7891,-1.961893,0.936743,27.719873,2
0.0380,1.165250,-2.375761,0.211371,193.0082,116.8702,899.4542,-1.614840,0.936743,28.651234,2
0.0390,1.405677,-2.106580,1.411912,240.4265,269.2144,1200.5524,-1.071729,0.936743,29.629783,2
0.0400,1.619810,-2.236231,2.260811,214.1336,-129.6410,848.9032,-0.913572,0.936743,30.795799,2
0.0410,1.652951,-2.572255,3.090803,33.1405,-336.0210,829.9913,-0.906650,0.936743,32.188640,2
0.0420,1.455357,-2.950484,-2.177771,-197.5937,-378.2297,1014.6110,-2.723216,0.936743,33.411440,2
0.0430,1.323235,-3.074124,-1.078611,-132.1220,-123.6399,1099.1578,-2.487208,0.936743,34.384249,2
0.0440,1.488083,-2.718224,0.250098,164.8482,355.8967,1328.7013,-1.845188,0.936743,35.571041,2
0.0450,1.691803,-2.385692,1.769422,203.7197,332.5332,1519.3248,-1.163599,0.936743,37.124347,2
0.0460,1.575245,-2.922012,2.786408,-116.5576,-536.3151,1016.9819,-1.243065,0.936743,39.017692,2
0.0470,1.105131,2.639780,-2.324825,-470.1140,-721.3921,1171.9480,1.179602,0.936743,40.584948,2
0.0480,0.836326,2.151440,-1.245909,-268.8055,-488.3407,1078.9137,1.152220,0.936743,41.827099,2
0.0490,0.727625,2.285165,0.129967,-108.7004,133.7220,1375.8677,1.651284,0.936743,43.315735,2
0.0500,0.327032,1.903269,1.236707,-400.5933,-381.8951,1106.7372,1.707221,0.936743,45.263856,2
0.0510,-0.471723,1.076055,2.357615,-798.7551,-827.2120,1120.9087,1.452985,0.936743,46.873246,2
0.0520,-1.009269,0.405839,-2.986398,-537.5457,-670.2161,939.1697,-0.591878,0.936743,47.795178,2
0.0530,-1.413996,0.889608,-1.580696,-404.7268,483.7389,1405.6227,0.163048,0.936743,48.795945,2
0.0540,-2.053014,1.240214,-0.229323,-639.0180,350.5096,1351.1556,0.807997,0.936743,50.353142,2
0.0550,-2.099079,1.322430,1.410090,-46.0653,82.1798,1639.3540,1.348212,0.936743,51.973638,2
0.0560,-2.090278,0.762191,2.470347,8.8004,-560.2152,1059.9328,1.264590,0.936743,53.046228,2
0.0570,-1.990229,0.504372,-2.998069,100.0495,-257.7691,814.5429,-0.525758,0.936743,54.227875,2
0.0580,-1.825830,0.286075,-2.034718,164.3992,-218.1922,963.2921,-0.396511,0.936743,55.595866,2
0.0590,-1.885507,-0.288087,-1.240889,-59.6769,-574.0792,793.8247,-0.568323,0.936743,57.305874,2
0.0600,-2.442457,-1.072306,-0.315100,-556.9507,-784.1906,925.7657,-0.849598,0.936743,58.967185,2
0.0610,-3.302918,-2.095777,0.322740,-860.4605,-1023.4623,637.8452,-1.384449,0.936743,60.514446,2
0.0620,-3.919217,2.841927,0.524520,-616.2992,-1345.4795,201.7801,2.160337,0.936743,62.493537,2
0.0630,-4.099017,1.985938,1.647622,-179.7998,-855.9859,1123.0972,1.886434,0.936743,64.674697,2
0.0640,-4.090936,1.258331,3.101175,8.0813,-727.6013,1453.5419,1.800344,0.936743,66.160708,2
0.0650,-4.713083,1.408306,-1.546024,-622.1472,149.9737,1635.9756,0.539386,0.936743,68.204662,2
0.0660,-4.883224,0.532860,-0.377517,-170.1409,-875.4489,1168.5027,0.265102,0.936743,70.855430,2
0.0670,-4.214920,-0.874441,0.865950,668.3032,-1407.2941,1243.4570,-0.362561,0.936743,72.714595,3
0.0680,-4.963359,-2.582329,1.017228,-748.4389,-1707.6679,151.3522,-1.523636,0.932059,74.424319,3
0.0690,-6.014028,2.925970,1.952066,-1050.6684,-774.9502,934.5230,2.639528,0.918008,76.291160,3
0.0700,-7.817288,2.565308,-2.824941,-1803.2605,-360.8830,1505.4528,0.979941,0.894590,75.702389,3
0.0710,-9.374109,-1.628724,-1.324559,-1556.8206,2088.4970,1499.8373,-1.539264,0.861804,75.316075,3
0.0720,-4.659694,0.529154,0.447006,4714.4148,2021.4888,1649.1673,0.504993,0.819650,77.686063,3
0.0730,-8.668768,2.779446,-1.215900,-4009.0737,143.9779,1386.1163,1.604344,0.768129,48.738692,3
0.0010,12.602235,2.554347,1.027556,21271.0027,4631.4653,15711.3938,2.105291,0.707241,1193.439575,3
0.0020,0.000000,-0.000000,-0.000000,0.0000,0.0000,0.0000,-0.000000,0.636985,0.000000,3
0.0030,-0.012589,-0.000000,-0.000000,-12.5885,0.0000,0.0000,-0.000000,0.557362,0.083501,3
0.0040,-0.035987,-0.039836,0.043665,-23.3980,-39.8358,43.6655,-0.015277,0.468372,0.238777,3
0.0050,-0.067362,-0.113888,0.124889,-31.3759,-74.0519,81.2235,-0.043659,0.379381,0.448189,3
0.0060,-0.102691,-0.213465,0.234725,-35.3289,-99.5769,109.8356,-0.081644,0.299758,0.687897,3
0.0070,-0.138095,-0.326539,0.361359,-35.4038,-113.0740,126.6342,-0.124216,0.229502,0.935941,3
0.0080,-0.171150,-0.441805,0.494136,-33.0551,-115.2665,132.7769,-0.166529,0.168614,1.179174,3
0.0090,-0.200912,-0.552294,0.626880,-29.7615,-110.4886,132.7439,-0.205478,0.117093,1.412532,3
0.0100,-0.227331,-0.655103,0.757429,-26.4189,-102.8087,130.5497,-0.239652,0.074939,1.635261,3
0.0110,-0.250820,-0.749551,0.885710,-23.4897,-94.4481,128.2808,-0.268592,0.042153,1.848361,3
0.0120,-0.272046,-0.835936,1.012425,-21.2253,-86.3852,126.7145,-0.292301,0.018735,2.053444,3
0.0130,-0.291821,-0.915013,1.138431,-19.7757,-79.0768,126.0057,-0.311059,0.004684,2.252293,3
0.0140,-0.311039,-0.987834,1.264459,-19.2176,-72.8211,126.0284,-0.325395,0.000000,2.446709,4
0.0150,-0.330584,-1.055723,1.390986,-19.5447,-67.8886,126.5273,-0.336102,0.000000,2.638464,4
0.0160,-0.351229,-1.120252,1.518212,-20.6450,-64.5297,127.2252,-0.344234,0.000000,2.829102,4
0.0170,-0.373507,-1.183179,1.645922,-22.2786,-62.9272,127.7107,-0.351091,0.000000,3.019762,4
0.0180,-0.397592,-1.246332,1.773430,-24.0843,-63.1527,127.5073,-0.358167,0.000000,3.211237,4
0.0190,-0.423252,-1.311380,1.899857,-25.6602,-65.0474,126.4278,-0.366898,0.000000,3.404075,4
0.0200,-0.449929,-1.379573,2.024502,-26.6776,-68.1936,124.6444,-0.378375,0.000000,3.598707,4
0.0210,-0.476875,-1.451627,2.147080,-26.9454,-72.0537,122.5779,-0.393184,0.000000,3.795555,4
0.0220,-0.503270,-1.527790,2.267765,-26.3954,-76.1631,120.6855,-0.411450,0.000000,3.995095,4
0.0230,-0.528296,-1.608028,2.387067,-25.0256,-80.2382,119.3015,-0.433000,0.000000,4.197862,4
0.0240,-0.551143,-1.692200,2.505662,-22.8475,-84.1717,118.5955,-0.457535,0.000000,4.404438,4
0.0250,-0.570998,-1.780172,2.624266,-19.8545,-87.9722,118.6036,-0.484749,0.000000,4.615415,4
0.0260,-0.587007,-1.871877,2.743538,-16.0096,-91.7051,119.2720,-0.514402,0.000000,4.831351,4
0.0270,-0.598253,-1.967330,2.864021,-11.2452,-95.4533,120.4830,-0.546345,0.000000,5.052707,4
0.0280,-0.603725,-2.066627,2.986079,-5.4722,-99.2967,122.0588,-0.580537,0.000000,5.279757,4
0.0290,-0.602322,-2.169931,3.109827,1.4032,-103.3037,123.7471,-0.617061,0.000000,5.512486,4
0.0300,-0.592868,-2.277463,-3.048162,9.4537,-107.5316,125.1965,-2.504139,0.000000,5.750453,4
0.0310,-0.574167,-2.389500,-2.922232,18.7010,-112.0374,125.9304,-2.546186,0.000000,5.992684,4
0.0320,-0.545073,-2.506402,-2.796903,29.0939,-116.9023,125.3284,-2.591844,0.000000,6.237577,4
0.0330,-0.504562,-2.628676,-2.674284,40.5111,-122.2735,122.6189,-2.642090,0.000000,6.482844,4
0.0340,-0.451778,-2.757085,-2.557426,52.7843,-128.4089,116.8586,-2.698362,0.000000,6.725376,4
0.0350,-0.386101,-2.892770,-2.450579,65.6764,-135.6854,106.8465,-2.762714,0.000000,6.960765,4
0.0360,-0.307483,-3.037236,-2.359657,78.6183,-144.4662,90.9225,-2.837948,0.000000,7.182120,4
0.0370,-0.217604,3.091375,-2.292875,89.8794,-154.5736,66.7818,1.507772,0.000000,7.378211,4
0.0380,-0.121994,2.927465,-2.260695,95.6098,-163.9099,32.1807,1.401536,0.000000,7.533803,4
0.0390,-0.029501,2.760612,-2.271956,92.4924,-166.8529,-11.2614,1.280445,0.000000,7.638647,4
0.0400,0.053944,2.602571,-2.325152,83.4458,-158.0403,-53.1963,1.153241,0.000000,7.697069,0
0.0410,0.127764,2.461543,-2.407759,73.8199,-141.0285,-82.6060,1.029395,0.000000,7.721102,1
0.0420,0.193579,2.338289,-2.506979,65.8144,-123.2533,-99.2203,0.913210,0.055249,7.721132,1
0.0430,0.252504,2.230395,-2.614844,58.9248,-107.8939,-107.8644,0.805325,0.220996,7.707904,1
0.0440,0.303748,2.134862,-2.723605,51.2449,-95.5330,-108.7608,0.705901,0.497242,7.698713,1
0.0450,0.344336,2.047668,-2.819989,40.5872,-87.1933,-96.3844,0.616004,0.883986,7.720096,1
0.0460,0.368841,1.962251,-2.884024,24.5051,-85.4172,-64.0344,0.536876,1.381228,7.808320,1
0.0470,0.368834,1.868929,-2.889121,-0.0071,-93.3221,-5.0976,0.469503,1.988968,8.005970,1
0.0480,0.333188,1.757369,-2.803031,-35.6460,-111.5596,86.0904,0.416075,2.707206,8.353127,1
0.0490,0.255493,1.624731,-2.588513,-77.6943,-132.6386,214.5173,0.385541,3.535943,8.874453,1
0.0500,0.167583,1.493843,-2.198074,-87.9108,-130.8875,390.4382,0.407985,4.475178,9.548952,1
0.0510,0.162032,1.435070,-1.582349,-5.5509,-58.7735,615.7237,0.547594,5.524911,10.355200,1
0.0520,0.246332,1.454412,-0.756758,84.3003,19.3419,825.5874,0.804068,6.574644,11.411627,1
0.0530,0.259785,1.290817,0.136073,13.4528,-163.5949,892.8278,0.951186,7.513879,12.960431,1
0.0540,-0.201706,0.764434,1.158494,-461.4913,-526.3817,1022.4200,0.880334,8.342616,14.881247,1
0.0550,-0.850272,-0.228717,2.086159,-648.5653,-993.1434,927.6536,0.452129,9.060854,16.585985,1
0.0560,-1.081972,-1.435491,2.584123,-231.7005,-1206.7246,497.9305,-0.253252,9.668594,18.803154,1
0.0570,-0.525650,-2.287262,-2.333664,556.3227,-851.7773,1365.3544,-2.300910,10.165836,21.158611,1
0.0580,0.171826,-2.953769,-0.644714,697.4759,-666.4466,1688.9141,-2.274635,10.552580,23.443995,1
0.0590,0.491829,3.119098,1.430353,320.0029,-210.3277,2075.0322,2.622408,10.828826,27.096908,1
0.0600,0.514169,1.938218,-2.380800,22.3396,-1180.7763,2471.7924,0.667919,10.994573,29.092567,1
0.0610,0.763052,2.981445,0.658086,248.8836,1043.0435,3038.3952,2.298104,11.049822,32.506240,2
0.0620,0.147988,0.727912,1.818226,-615.0644,-2253.4542,1160.1960,1.048592,11.049822,30.839605,2
0.0630,6.446381,-1.870805,-2.447127,6298.3929,-2593.3064,-4255.0382,-2.040312,11.049822,36.320648,2
0.0640,-8.768973,1.056237,-0.322226,-15215.3543,-9637.9212,-4157.2168,0.650807,11.049822,60.972509,2
0.0010,407.729348,1.153933,-0.705411,416498.3210,-39770.3791,-62981.8816,0.607067,11.049822,1140.750660,2
0.0020,0.000000,-0.000000,-0.000000,0.0000,0.0000,0.0000,-0.000000,11.049822,0.000000,2
0.0030,-0.062055,-0.000000,-0.000000,-62.0547,0.0000,0.0000,-0.000000,11.049822,0.411617,2
0.0040,-0.170249,-0.196369,0.215248,-108.1938,-196.3694,215.2475,-0.075306,11.049822,1.146735,2
0.0050,-0.263355,-0.542681,0.604054,-93.1061,-346.3104,388.8061,-0.205406,11.049822,1.913857,2
0.0060,-0.327688,-0.873320,1.040537,-64.3329,-330.6344,436.4789,-0.310421,11.049822,2.702258,2
0.0070,-0.415762,-1.136764,1.565495,-88.0746,-263.4374,524.9501,-0.341982,11.049822,3.625542,2
0.0080,-0.611479,-1.356398,2.269144,-195.7164,-219.6320,703.6375,-0.290062,11.049822,4.839299,2
0.0090,-0.764461,-1.764634,3.074665,-152.9820,-408.2356,805.5116,-0.341310,11.049822,6.555268,2
0.0100,-0.445546,-2.466891,-2.194809,318.9147,-702.2571,1013.7049,-2.386867,11.049822,8.433172,2
0.0110,0.127469,3.060001,-1.073197,573.0149,-756.2934,1121.6088,1.844355,11.049822,10.171976,2
0.0120,0.450862,2.237163,-0.157231,323.3933,-822.8219,915.9598,1.532930,11.049822,12.051616,2
0.0130,0.304271,1.912087,1.397333,-146.5908,-325.0561,1554.4495,1.760689,11.049822,14.672555,2
0.0140,0.047451,1.106549,-3.070451,-256.8202,-805.5000,1815.3674,-0.121980,11.049822,16.788667,2
0.0150,0.145222,1.322127,-0.738763,97.7705,215.5622,2331.5778,0.715983,11.049822,19.833644,2
0.0160,1.059889,-0.178091,0.805997,914.6674,-1500.1903,1544.7344,0.111347,11.049822,19.309803,2
0.0170,1.688627,0.288472,0.748718,628.7375,466.5845,-56.7898,0.423838,11.049822,19.782533,2
0.0180,2.600441,-0.348946,0.584031,911.8139,-635.6012,-163.3620,-0.074541,11.049822,20.488267,2
0.0190,2.749708,-1.415476,0.223235,149.2670,-1063.2550,-358.5114,-0.933503,11.049822,18.928364,2
0.0200,2.312984,-1.262660,-1.183852,-436.7235,159.1379,-1369.7395,-1.239481,11.049822,17.413741,2
0.0210,1.987803,-0.400876,-1.836692,-325.1815,847.9367,-653.9210,-0.823175,11.049822,17.339645,2
0.0220,1.730124,-0.023890,-1.533801,-257.6786,369.8287,296.3930,-0.467982,11.049822,17.724337,2
0.0230,1.489007,0.112538,-1.012682,-241.1169,130.6107,511.2014,-0.218409,11.049822,18.600139,2
0.0240,1.303161,-0.109765,-0.359182,-185.8460,-224.4463,647.1363,-0.183123,11.049822,19.924359,2
0.0250,1.310406,-0.595859,0.478943,7.2446,-485.6810,837.9257,-0.279741,11.049822,21.309064,2
0.0260,1.309517,-0.952356,1.507153,-0.8890,-356.3393,1027.9004,-0.228971,11.049822,22.769821,2
0.0270,1.012037,-0.962497,2.957768,-297.4792,-10.0875,1450.4866,0.190522,11.049822,24.385979,2
0.0280,0.985887,-1.396153,-2.142916,-26.1505,-433.6380,1182.4535,-1.615789,11.049822,27.054165,2
0.0290,0.806331,-2.604395,-0.682971,-179.5563,-1208.1776,1459.8388,-2.039270,11.049822,28.098909,2
0.0300,0.523814,3.133721,-0.183297,-282.5167,-545.0827,499.3342,2.158127,11.049822,29.106167,2
0.0310,0.242216,2.774852,0.465092,-281.5980,-358.8038,648.1943,2.095511,11.049822,30.357785,2
0.0320,-0.173628,2.433924,1.375782,-415.8443,-340.8348,910.6530,2.122705,11.049822,32.107941,2
0.0330,-1.041348,1.928522,2.620536,-867.7192,-505.3673,1244.7178,2.132055,11.049822,33.449789,2
0.0340,-1.610704,2.140384,-2.108938,-569.3567,211.8057,1553.5496,0.890584,11.049822,33.969027,2
0.0350,-2.064261,2.520644,-1.209441,-453.5565,379.7712,898.7704,1.423560,11.049822,34.872004,2
0.0360,-2.687861,2.549854,-0.277254,-623.6005,29.0076,931.7635,1.718352,11.049822,36.250610,2
0.0370,-3.302991,2.109353,0.660850,-615.1300,-440.4760,937.9450,1.683323,11.049822,38.496001,2
0.0380,-2.905407,0.837779,1.634669,397.5842,-1271.0179,972.9882,1.072158,11.049822,40.427577,2
0.0390,-4.271905,-1.021041,1.707424,-1366.4982,-1858.5446,72.6756,-0.218551,11.049822,41.040927,2
0.0400,-6.489945,-2.478856,0.862959,-2218.0399,-1456.5433,-844.7778,-1.495969,11.049822,39.821771,2
0.0410,-8.122363,-1.064866,1.057793,-1632.4179,1184.1331,46.3057,-0.440555,11.049822,47.754192,2
0.0010,-134.211041,0.307509,-2.203782,-126088.6782,-4232.7802,1923.0721,-0.431106,11.049822,-307.431388,2
0.0020,0.000000,-0.000000,-0.000000,0.0000,0.0000,0.0000,-0.000000,11.049822,0.000000,2
0.0030,-0.062055,-0.000000,-0.000000,-62.0547,0.0000,0.0000,-0.000000,11.049822,0.411617,2
0.0040,-0.170249,-0.196369,0.215248,-108.1938,-196.3694,215.2475,-0.075306,11.049822,1.146735,2
0.0050,-0.263355,-0.542681,0.604054,-93.1061,-346.3104,388.8061,-0.205406,11.049822,1.913857,2
0.0060,-0.327688,-0.873320,1.040537,-64.3329,-330.6344,436.4789,-0.310421,11.049822,2.702258,2
0.0070,-0.415762,-1.136764,1.565495,-88.0746,-263.4374,524.9501,-0.341982,11.049822,3.625542,2
0.0080,-0.611479,-1.356398,2.269144,-195.7164,-219.6320,703.6375,-0.290062,11.049822,4.839299,2
0.0090,-0.764461,-1.764634,3.074665,-152.9820,-408.2356,805.5116,-0.341310,11.049822,6.555268,2
0.0100,-0.445546,-2.466891,-2.194809,318.9147,-702.2571,1013.7049,-2.386867,11.049822,8.433172,2
0.0110,0.127469,3.060001,-1.073197,573.0149,-756.2934,1121.6088,1.844355,11.049822,10.171976,2
0.0120,0.450862,2.237163,-0.157231,323.3933,-822.8219,915.9598,1.532930,11.049822,12.051616,2
0.0130,0.304271,1.912087,1.397333,-146.5908,-325.0561,1554.4495,1.760689,11.049822,14.672555,2
0.0140,0.047451,1.106549,-3.070451,-256.8202,-805.5000,1815.3674,-0.121980,11.049822,16.788667,2
0.0150,0.145222,1.322127,-0.738763,97.7705,215.5622,2331.5778,0.715983,11.049822,19.833644,2
0.0160,1.059889,-0.178091,0.805997,914.6674,-1500.1903,1544.7344,0.111347,11.049822,19.309803,2
0.0170,1.688627,0.288472,0.748718,628.7375,466.5845,-56.7898,0.423838,11.049822,19.782533,2
0.0180,2.600441,-0.348946,0.584031,911.8139,-635.6012,-163.3620,-0.074541,11.049822,20.488267,2
0.0190,2.749708,-1.415476,0.223235,149.2670,-1063.2550,-358.5114,-0.933503,11.049822,18.928364,2
0.0200,2.312984,-1.262660,-1.183852,-436.7235,159.1379,-1369.7395,-1.239481,11.049822,17.413741,2
0.0210,1.987803,-0.400876,-1.836692,-325.1815,847.9367,-653.9210,-0.823175,11.049822,17.339645,2
0.0220,1.730124,-0.023890,-1.533801,-257.6786,369.8287,296.3930,-0.467982,11.049822,17.724337,2
0.0230,1.489007,0.112538,-1.012682,-241.1169,130.6107,511.2014,-0.218409,11.049822,18.600139,2
0.0240,1.303161,-0.109765,-0.359182,-185.8460,-224.4463,647.1363,-0.183123,11.049822,19.924359,2
0.0250,1.310406,-0.595859,0.478943,7.2446,-485.6810,837.9257,-0.279741,11.049822,21.309064,2
0.0260,1.309517,-0.952356,1.507153,-0.8890,-356.3393,1027.9004,-0.228971,11.049822,22.769821,2
0.0270,1.012037,-0.962497,2.957768,-297.4792,-10.0875,1450.4866,0.190522,11.049822,24.385979,2
0.0280,0.985887,-1.396153,-2.142916,-26.1505,-433.6380,1182.4535,-1.615789,11.049822,27.054165,2
0.0290,0.806331,-2.604395,-0.682971,-179.5563,-1208.1776,1459.8388,-2.039270,11.049822,28.098909,2
0.0300,0.523814,3.133721,-0.183297,-282.5167,-545.0827,499.3342,2.158127,11.049822,29.106167,2
0.0310,0.242216,2.774852,0.465092,-281.5980,-358.8038,648.1943,2.095511,11.049822,30.357785,2
0.0320,-0.173628,2.433924,1.375782,-415.8443,-340.8348,910.6530,2.122705,11.049822,32.107941,2
0.0330,-1.041348,1.928522,2.620536,-867.7192,-505.3673,1244.7178,2.132055,11.049822,33.449789,2
0.0340,-1.610704,2.140384,-2.108938,-569.3567,211.8057,1553.5496,0.890584,11.049822,33.969027,2
0.0350,-2.064261,2.520644,-1.209441,-453.5565,379.7712,898.7704,1.423560,11.049822,34.872004,2
0.0360,-2.687861,2.549854,-0.277254,-623.6005,29.0076,931.7635,1.718352,11.049822,36.250610,2
0.0370,-3.302991,2.109353,0.660850,-615.1300,-440.4760,937.9450,1.683323,11.049822,38.496001,2
0.0380,-2.905407,0.837779,1.634669,397.5842,-1271.0179,972.9882,1.072158,11.049822,40.427577,2
0.0390,-4.271905,-1.021041,1.707424,-1366.4982,-1858.5446,72.6756,-0.218551,11.049822,41.040927,2
0.0400,-6.489945,-2.478856,0.862959,-2218.0399,-1456.5433,-844.7778,-1.495969,11.049822,39.821771,2
0.0410,-8.122363,-1.064866,1.057793,-1632.4179,1184.1331,46.3057,-0.440555,11.049822,47.754192,2
0.0010,-134.211041,0.307509,-2.203782,-126088.6782,-4232.7802,1923.0721,-0.431106,11.049822,-307.431388,2
0.0020,0.000000,-0.000000,-0.000000,0.0000,0.0000,0.0000,-0.000000,11.049822,0.000000,2
0.0030,-0.062055,-0.000000,-0.000000,-62.0547,0.0000,0.0000,-0.000000,11.049822,0.411617,2
0.0040,-0.170249,-0.196369,0.215248,-108.1938,-196.3694,215.2475,-0.075306,11.049822,1.146735,2
0.0050,-0.263355,-0.542681,0.604054,-93.1061,-346.3104,388.8061,-0.205406,11.049822,1.913857,2
0.0060,-0.327688,-0.873320,1.040537,-64.3329,-330.6344,436.4789,-0.310421,11.049822,2.702258,2
0.0070,-0.415762,-1.136764,1.565495,-88.0746,-263.4374,524.9501,-0.341982,11.049822,3.625542,2
0.0080,-0.611479,-1.356398,2.269144,-195.7164,-219.6320,703.6375,-0.290062,11.049822,4.839299,2
0.0090,-0.764461,-1.764634,3.074665,-152.9820,-408.2356,805.5116,-0.341310,11.049822,6.555268,2
0.0100,-0.445546,-2.466891,-2.194809,318.9147,-702.2571,1013.7049,-2.386867,11.049822,8.433172,2
0.0110,0.127469,3.060001,-1.073197,573.0149,-756.2934,1121.6088,1.844355,11.049822,10.171976,2
0.0120,0.450862,2.237163,-0.157231,323.3933,-822.8219,915.9598,1.532930,11.049822,12.051616,2
0.0130,0.304271,1.912087,1.397333,-146.5908,-325.0561,1554.4495,1.760689,11.049822,14.672555,2
0.0140,0.047451,1.106549,-3.070451,-256.8202,-805.5000,1815.3674,-0.121980,11.049822,16.788667,2
0.0150,0.145222,1.322127,-0.738763,97.7705,215.5622,2331.5778,0.715983,11.049822,19.833644,2
0.0160,1.059889,-0.178091,0.805997,914.6674,-1500.1903,1544.7344,0.111347,11.049822,19.309803,2
0.0170,1.688627,0.288472,0.748718,628.7375,466.5845,-56.7898,0.423838,11.049822,19.782533,2
0.0180,2.600441,-0.348946,0.584031,911.8139,-635.6012,-163.3620,-0.074541,11.049822,20.488267,2
0.0190,2.749708,-1.415476,0.223235,149.2670,-1063.2550,-358.5114,-0.933503,11.049822,18.928364,2
0.0200,2.312984,-1.262660,-1.183852,-436.7235,159.1379,-1369.7395,-1.239481,11.049822,17.413741,2
0.0210,1.987803,-0.400876,-1.836692,-325.1815,847.9367,-653.9210,-0.823175,11.049822,17.339645,2
0.0220,1.730124,-0.023890,-1.533801,-257.6786,369.8287,296.3930,-0.467982,11.049822,17.724337,2
0.0230,1.489007,0.112538,-1.012682,-241.1169,130.6107,511.2014,-0.218409,11.049822,18.600139,2
0.0240,1.303161,-0.109765,-0.359182,-185.8460,-224.4463,647.1363,-0.183123,11.049822,19.924359,2
0.0250,1.310406,-0.595859,0.478943,7.2446,-485.6810,837.9257,-0.279741,11.049822,21.309064,2
0.0260,1.309517,-0.952356,1.507153,-0.8890,-356.3393,1027.9004,-0.228971,11.049822,22.769821,2
0.0270,1.012037,-0.962497,2.957768,-297.4792,-10.0875,1450.4866,0.190522,11.049822,24.385979,2
0.0280,0.985887,-1.396153,-2.142916,-26.1505,-433.6380,1182.4535,-1.615789,11.049822,27.054165,2
0.0290,0.806331,-2.604395,-0.682971,-179.5563,-1208.1776,1459.8388,-2.039270,11.049822,28.098909,2
0.0300,0.523814,3.133721,-0.183297,-282.5167,-545.0827,499.3342,2.158127,11.049822,29.106167,2
0.0310,0.242216,2.774852,0.465092,-281.5980,-358.8038,648.1943,2.095511,11.049822,30.357785,2
0.0320,-0.173628,2.433924,1.375782,-415.8443,-340.8348,910.6530,2.122705,11.049822,32.107941,2
0.0330,-1.041348,1.928522,2.620536,-867.7192,-505.3673,1244.7178,2.132055,11.049822,33.449789,2
0.0340,-1.610704,2.140384,-2.108938,-569.3567,211.8057,1553.5496,0.890584,11.049822,33.969027,2
0.0350,-2.064261,2.520644,-1.209441,-453.5565,379.7712,898.7704,1.423560,11.049822,34.872004,2
0.0360,-2.687861,2.549854,-0.277254,-623.6005,29.0076,931.7635,1.718352,11.049822,36.250610,2
0.0370,-3.302991,2.109353,0.660850,-615.1300,-440.4760,937.9450,1.683323,11.049822,38.496001,2
0.0380,-2.905407,0.837779,1.634669,397.5842,-1271.0179,972.9882,1.072158,11.049822,40.427577,2
0.0390,-4.271905,-1.021041,1.707424,-1366.4982,-1858.5446,72.6756,-0.218551,11.049822,41.040927,2
0.0400,-6.489945,-2.478856,0.862959,-2218.0399,-1456.5433,-844.7778,-1.495969,11.049822,39.821771,2
0.0410,-8.122363,-1.064866,1.057793,-1632.4179,1184.1331,46.3057,-0.440555,11.049822,47.754192,2
0.0010,-134.211041,0.307509,-2.203782,-126088.6782,-4232.7802,1923.0721,-0.431106,11.049822,-307.431388,2
0.0020,0.000000,-0.000000,-0.000000,0.0000,0.0000,0.0000,-0.000000,11.049822,0.000000,2
0.0030,-0.062055,-0.000000,-0.000000,-62.0547,0.0000,0.0000,-0.000000,11.049822,0.411617,2
0.0040,-0.170249,-0.196369,0.215248,-108.1938,-196.3694,215.2475,-0.075306,11.049822,1.146735,2
0.0050,-0.263355,-0.542681,0.604054,-93.1061,-346.3104,388.8061,-0.205406,11.049822,1.913857,2
0.0060,-0.327688,-0.873320,1.040537,-64.3329,-330.6344,436.4789,-0.310421,11.049822,2.702258,2
0.0070,-0.415762,-1.136764,1.565495,-88.0746,-263.4374,524.9501,-0.341982,11.049822,3.625542,2
0.0080,-0.611479,-1.356398,2.269144,-195.7164,-219.6320,703.6375,-0.290062,11.049822,4.839299,2
0.0090,-0.764461,-1.764634,3.074665,-152.9820,-408.2356,805.5116,-0.341310,11.049822,6.555268,2
0.0100,-0.445546,-2.466891,-2.194809,318.9147,-702.2571,1013.7049,-2.386867,11.049822,8.433172,2
0.0110,0.127469,3.060001,-1.073197,573.0149,-756.2934,1121.6088,1.844355,11.049822,10.171976,2
0.0120,0.450862,2.237163,-0.157231,323.3933,-822.8219,915.9598,1.532930,11.049822,12.051616,2
0.0130,0.304271,1.912087,1.397333,-146.5908,-325.0561,1554.4495,1.760689,11.049822,14.672555,2
0.0140,0.047451,1.106549,-3.070451,-256.8202,-805.5000,1815.3674,-0.121980,11.049822,16.788667,2
0.0150,0.145222,1.322127,-0.738763,97.7705,215.5622,2331.5778,0.715983,11.049822,19.833644,2
0.0160,1.059889,-0.178091,0.805997,914.6674,-1500.1903,1544.7344,0.111347,11.049822,19.309803,2
0.0170,1.688627,0.288472,0.748718,628.7375,466.5845,-56.7898,0.423838,11.049822,19.782533,2
0.0180,2.600441,-0.348946,0.584031,911.8139,-635.6012,-163.3620,-0.074541,11.049822,20.488267,2
0.0190,2.749708,-1.415476,0.223235,149.2670,-1063.2550,-358.5114,-0.933503,11.049822,18.928364,2
0.0200,2.312984,-1.262660,-1.183852,-436.7235,159.1379,-1369.7395,-1.239481,11.049822,17.413741,2
0.0210,1.987803,-0.400876,-1.836692,-325.1815,847.9367,-653.9210,-0.823175,11.049822,17.339645,2
0.0220,1.730124,-0.023890,-1.533801,-257.6786,369.8287,296.3930,-0.467982,11.049822,17.724337,2
0.0230,1.489007,0.112538,-1.012682,-241.1169,130.6107,511.2014,-0.218409,11.049822,18.600139,2
0.0240,1.303161,-0.109765,-0.359182,-185.8460,-224.4463,647.1363,-0.183123,11.049822,19.924359,2
0.0250,1.310406,-0.595859,0.478943,7.2446,-485.6810,837.9257,-0.279741,11.049822,21.309064,2
0.0260,1.309517,-0.952356,1.507153,-0.8890,-356.3393,1027.9004,-0.228971,11.049822,22.769821,2
0.0270,1.012037,-0.962497,2.957768,-297.4792,-10.0875,1450.4866,0.190522,11.049822,24.385979,2
0.0280,0.985887,-1.396153,-2.142916,-26.1505,-433.6380,1182.4535,-1.615789,11.049822,27.054165,2
0.0290,0.806331,-2.604395,-0.682971,-179.5563,-1208.1776,1459.8388,-2.039270,11.049822,28.098909,2
0.0300,0.523814,3.133721,-0.183297,-282.5167,-545.0827,499.3342,2.158127,11.049822,29.106167,2
0.0310,0.242216,2.774852,0.465092,-281.5980,-358.8038,648.1943,2.095511,11.049822,30.357785,2
0.0320,-0.173628,2.433924,1.375782,-415.8443,-340.8348,910.6530,2.122705,11.049822,32.107941,2
0.0330,-1.041348,1.928522,2.620536,-867.7192,-505.3673,1244.7178,2.132055,11.049822,33.449789,2
0.0340,-1.610704,2.140384,-2.108938,-569.3567,211.8057,1553.5496,0.890584,11.049822,33.969027,2
0.0350,-2.064261,2.520644,-1.209441,-453.5565,379.7712,898.7704,1.423560,11.049822,34.872004,2
0.0360,-2.687861,2.549854,-0.277254,-623.6005,29.0076,931.7635,1.718352,11.049822,36.250610,2
0.0370,-3.302991,2.109353,0.660850,-615.1300,-440.4760,937.9450,1.683323,11.049822,38.496001,2
0.0380,-2.905407,0.837779,1.634669,397.5842,-1271.0179,972.9882,1.072158,11.049822,40.427577,2
0.0390,-4.271905,-1.021041,1.707424,-1366.4982,-1858.5446,72.6756,-0.218551,11.049822,41.040927,2
0.0400,-6.489945,-2.478856,0.862959,-2218.0399,-1456.5433,-844.7778,-1.495969,11.049822,39.821771,2
0.0410,-8.122363,-1.064866,1.057793,-1632.4179,1184.1331,46.3057,-0.440555,11.049822,47.754192,2
0.0010,-134.211041,0.307509,-2.203782,-126088.6782,-4232.7802,1923.0721,-0.431106,11.049822,-307.431388,2
0.0020,0.000000,-0.000000,-0.000000,0.0000,0.0000,0.0000,-0.000000,11.049822,0.000000,2
0.0030,-0.062055,-0.000000,-0.000000,-62.0547,0.0000,0.0000,-0.000000,11.049822,0.411617,2
0.0040,-0.170249,-0.196369,0.215248,-108.1938,-196.3694,215.2475,-0.075306,11.049822,1.146735,2
0.0050,-0.263355,-0.542681,0.604054,-93.1061,-346.3104,388.8061,-0.205406,11.049822,1.913857,2
0.0060,-0.327688,-0.873320,1.040537,-64.3329,-330.6344,436.4789,-0.310421,11.049822,2.702258,2
0.0070,-0.415762,-1.136764,1.565495,-88.0746,-263.4374,524.9501,-0.341982,11.049822,3.625542,2
0.0080,-0.611479,-1.356398,2.269144,-195.7164,-219.6320,703.6375,-0.290062,11.049822,4.839299,2
0.0090,-0.764461,-1.764634,3.074665,-152.9820,-408.2356,805.5116,-0.341310,11.049822,6.555268,2
0.0100,-0.445546,-2.466891,-2.194809,318.9147,-702.2571,1013.7049,-2.386867,11.049822,8.433172,2
0.0110,0.127469,3.060001,-1.073197,573.0149,-756.2934,1121.6088,1.844355,11.049822,10.171976,2
0.0120,0.450862,2.237163,-0.157231,323.3933,-822.8219,915.9598,1.532930,11.049822,12.051616,2
0.0130,0.304271,1.912087,1.397333,-146.5908,-325.0561,1554.4495,1.760689,11.049822,14.672555,2
0.0140,0.047451,1.106549,-3.070451,-256.8202,-805.5000,1815.3674,-0.121980,11.049822,16.788667,2
0.0150,0.145222,1.322127,-0.738763,97.7705,215.5622,2331.5778,0.715983,11.049822,19.833644,2
0.0160,1.059889,-0.178091,0.805997,914.6674,-1500.1903,1544.7344,0.111347,11.049822,19.309803,2
0.0170,1.688627,0.288472,0.748718,628.7375,466.5845,-56.7898,0.423838,11.049822,19.782533,2
0.0180,2.600441,-0.348946,0.584031,911.8139,-635.6012,-163.3620,-0.074541,11.049822,20.488267,2
0.0190,2.749708,-1.415476,0.223235,149.2670,-1063.2550,-358.5114,-0.933503,11.049822,18.928364,2
0.0200,2.312984,-1.262660,-1.183852,-436.7235,159.1379,-1369.7395,-1.239481,11.049822,17.413741,2
0.0210,1.987803,-0.400876,-1.836692,-325.1815,847.9367,-653.9210,-0.823175,11.049822,17.339645,2
0.0220,1.730124,-0.023890,-1.533801,-257.6786,369.8287,296.3930,-0.467982,11.049822,17.724337,2
0.0230,1.489007,0.112538,-1.012682,-241.1169,130.6107,511.2014,-0.218409,11.049822,18.600139,2
0.0240,1.303161,-0.109765,-0.359182,-185.8460,-224.4463,647.1363,-0.183123,11.049822,19.924359,2
0.0250,1.310406,-0.595859,0.478943,7.2446,-485.6810,837.9257,-0.279741,11.049822,21.309064,2
0.0260,1.309517,-0.952356,1.507153,-0.8890,-356.3393,1027.9004,-0.228971,11.049822,22.769821,2
0.0270,1.012037,-0.962497,2.957768,-297.4792,-10.0875,1450.4866,0.190522,11.049822,24.385979,2
0.0280,0.985887,-1.396153,-2.142916,-26.1505,-433.6380,1182.4535,-1.615789,11.049822,27.054165,2
0.0290,0.806331,-2.604395,-0.682971,-179.5563,-1208.1776,1459.8388,-2.039270,11.049822,28.098909,2
0.0300,0.523814,3.133721,-0.183297,-282.5167,-545.0827,499.3342,2.158127,11.049822,29.106167,2
0.0310,0.242216,2.774852,0.465092,-281.5980,-358.8038,648.1943,2.095511,11.049822,30.357785,2
0.0320,-0.173628,2.433924,1.375782,-415.8443,-340.8348,910.6530,2.122705,11.049822,32.107941,2
0.0330,-1.041348,1.928522,2.620536,-867.7192,-505.3673,1244.7178,2.132055,11.049822,33.449789,2
0.0340,-1.610704,2.140384,-2.108938,-569.3567,211.8057,1553.5496,0.890584,11.049822,33.969027,2
0.0350,-2.064261,2.520644,-1.209441,-453.5565,379.7712,898.7704,1.423560,11.049822,34.872004,2
0.0360,-2.687861,2.549854,-0.277254,-623.6005,29.0076,931.7635,1.718352,11.049822,36.250610,2
0.0370,-3.302991,2.109353,0.660850,-615.1300,-440.4760,937.9450,1.683323,11.049822,38.496001,2
0.0380,-2.905407,0.837779,1.634669,397.5842,-1271.0179,972.9882,1.072158,11.049822,40.427577,2
0.0390,-4.271905,-1.021041,1.707424,-1366.4982,-1858.5446,72.6756,-0.218551,11.049822,41.040927,2
0.0400,-6.489945,-2.478856,0.862959,-2218.0399,-1456.5433,-844.7778,-1.495969,11.049822,39.821771,2
0.0410,-8.122363,-1.064866,1.057793,-1632.4179,1184.1331,46.3057,-0.440555,11.049822,47.754192,2
0.0010,-134.211041,0.307509,-2.203782,-126088.6782,-4232.7802,1923.0721,-0.431106,11.049822,-307.431388,2
0.0020,0.000000,-0.000000,-0.000000,0.0000,0.0000,0.0000,-0.000000,11.049822,0.000000,2
0.0030,-0.062055,-0.000000,-0.000000,-62.0547,0.0000,0.0000,-0.000000,11.049822,0.411617,2
0.0040,-0.170249,-0.196369,0.215248,-108.1938,-196.3694,215.2475,-0.075306,11.049822,1.146735,2
0.0050,-0.263355,-0.542681,0.604054,-93.1061,-346.3104,388.8061,-0.205406,11.049822,1.913857,2
0.0060,-0.327688,-0.873320,1.040537,-64.3329,-330.6344,436.4789,-0.310421,11.049822,2.702258,2
0.0070,-0.415762,-1.136764,1.565495,-88.0746,-263.4374,524.9501,-0.341982,11.049822,3.625542,2
0.0080,-0.611479,-1.356398,2.269144,-195.7164,-219.6320,703.6375,-0.290062,11.049822,4.839299,2
0.0090,-0.764461,-1.764634,3.074665,-152.9820,-408.2356,805.5116,-0.341310,11.049822,6.555268,2
0.0100,-0.445546,-2.466891,-2.194809,318.9147,-702.2571,1013.7049,-2.386867,11.049822,8.433172,2
0.0110,0.127469,3.060001,-1.073197,573.0149,-756.2934,1121.6088,1.844355,11.049822,10.171976,2
0.0120,0.450862,2.237163,-0.157231,323.3933,-822.8219,915.9598,1.532930,11.049822,12.051616,2
0.0130,0.304271,1.912087,1.397333,-146.5908,-325.0561,1554.4495,1.760689,11.049822,14.672555,2
0.0140,0.047451,1.106549,-3.070451,-256.8202,-805.5000,1815.3674,-0.121980,11.049822,16.788667,2
0.0150,0.145222,1.322127,-0.738763,97.7705,215.5622,2331.5778,0.715983,11.049822,19.833644,2
0.0160,1.059889,-0.178091,0.805997,914.6674,-1500.1903,1544.7344,0.111347,11.049822,19.309803,2
0.0170,1.688627,0.288472,0.748718,628.7375,466.5845,-56.7898,0.423838,11.049822,19.782533,2
0.0180,2.600441,-0.348946,0.584031,911.8139,-635.6012,-163.3620,-0.074541,11.049822,20.488267,2
0.0190,2.749708,-1.415476,0.223235,149.2670,-1063.2550,-358.5114,-0.933503,11.049822,18.928364,2
0.0200,2.312984,-1.262660,-1.183852,-436.7235,159.1379,-1369.7395,-1.239481,11.049822,17.413741,2
0.0210,1.987803,-0.400876,-1.836692,-325.1815,847.9367,-653.9210,-0.823175,11.049822,17.339645,2
0.0220,1.730124,-0.023890,-1.533801,-257.6786,369.8287,296.3930,-0.467982,11.049822,17.724337,2
0.0230,1.489007,0.112538,-1.012682,-241.1169,130.6107,511.2014,-0.218409,11.049822,18.600139,2
0.0240,1.303161,-0.109765,-0.359182,-185.8460,-224.4463,647.1363,-0.183123,11.049822,19.924359,2
0.0250,1.310406,-0.595859,0.478943,7.2446,-485.6810,837.9257,-0.279741,11.049822,21.309064,2
0.0260,1.309517,-0.952356,1.507153,-0.8890,-356.3393,1027.9004,-0.228971,11.049822,22.769821,2
0.0270,1.012037,-0.962497,2.957768,-297.4792,-10.0875,1450.4866,0.190522,11.049822,24.385979,2
0.0280,0.985887,-1.396153,-2.142916,-26.1505,-433.6380,1182.4535,-1.615789,11.049822,27.054165,2
0.0290,0.806331,-2.604395,-0.682971,-179.5563,-1208.1776,1459.8388,-2.039270,11.049822,28.098909,2
0.0300,0.523814,3.133721,-0.183297,-282.5167,-545.0827,499.3342,2.158127,11.049822,29.106167,2
0.0310,0.242216,2.774852,0.465092,-281.5980,-358.8038,648.1943,2.095511,11.049822,30.357785,2
0.0320,-0.173628,2.433924,1.375782,-415.8443,-340.8348,910.6530,2.122705,11.049822,32.107941,2
0.0330,-1.041348,1.928522,2.620536,-867.7192,-505.3673,1244.7178,2.132055,11.049822,33.449789,2
0.0340,-1.610704,2.140384,-2.108938,-569.3567,211.8057,1553.5496,0.890584,11.049822,33.969027,2
0.0350,-2.064261,2.520644,-1.209441,-453.5565,379.7712,898.7704,1.423560,11.049822,34.872004,2
0.0360,-2.687861,2.549854,-0.277254,-623.6005,29.0076,931.7635,1.718352,11.049822,36.250610,2
0.0370,-3.302991,2.109353,0.660850,-615.1300,-440.4760,937.9450,1.683323,11.049822,38.496001,2
0.0380,-2.905407,0.837779,1.634669,397.5842,-1271.0179,972.9882,1.072158,11.049822,40.427577,2
0.0390,-4.271905,-1.021041,1.707424,-1366.4982,-1858.5446,72.6756,-0.218551,11.049822,41.040927,2
0.0400,-6.489945,-2.478856,0.862959,-2218.0399,-1456.5433,-844.7778,-1.495969,11.049822,39.821771,2
0.0410,-8.122363,-1.064866,1.057793,-1632.4179,1184.1331,46.3057,-0.440555,11.049822,47.754192,2
0.0010,-134.211041,0.307509,-2.203782,-126088.6782,-4232.7802,1923.0721,-0.431106,11.049822,-307.431388,2
0.0020,0.000000,-0.000000,-0.000000,0.0000,0.0000,0.0000,-0.000000,11.049822,0.000000,2
0.0030,-0.062055,-0.000000,-0.000000,-62.0547,0.0000,0.0000,-0.000000,11.049822,0.411617,2
0.0040,-0.170249,-0.196369,0.215248,-108.1938,-196.3694,215.2475,-0.075306,11.049822,1.146735,2
0.0050,-0.263355,-0.542681,0.604054,-93.1061,-346.3104,388.8061,-0.205406,11.049822,1.913857,2
0.0060,-0.327688,-0.873320,1.040537,-64.3329,-330.6344,436.4789,-0.310421,11.049822,2.702258,2
0.0070,-0.415762,-1.136764,1.565495,-88.0746,-263.4374,524.9501,-0.341982,11.049822,3.625542,2
0.0080,-0.611479,-1.356398,2.269144,-195.7164,-219.6320,703.6375,-0.290062,11.049822,4.839299,2
0.0090,-0.764461,-1.764634,3.074665,-152.9820,-408.2356,805.5116,-0.341310,11.049822,6.555268,2
0.0100,-0.445546,-2.466891,-2.194809,318.9147,-702.2571,1013.7049,-2.386867,11.049822,8.433172,2
0.0110,0.127469,3.060001,-1.073197,573.0149,-756.2934,1121.6088,1.844355,11.049822,10.171976,3
0.0120,0.450862,2.237163,-0.157231,323.3933,-822.8219,915.9598,1.532930,10.994573,12.051616,3
0.0130,0.304271,1.912087,1.397333,-146.5908,-325.0561,1554.4495,1.760689,10.828826,14.672555,3
0.0140,0.047451,1.106549,-3.070451,-256.8202,-805.5000,1815.3674,-0.121980,10.552580,16.788667,3
0.0150,0.145222,1.322127,-0.738763,97.7705,215.5622,2331.5778,0.715983,10.165836,19.833644,3
0.0160,1.059889,-0.178091,0.805997,914.6674,-1500.1903,1544.7344,0.111347,9.668594,19.309803,3
0.0170,1.688627,0.288472,0.748718,628.7375,466.5845,-56.7898,0.423838,9.060854,19.782533,3
0.0180,2.600441,-0.348946,0.584031,911.8139,-635.6012,-163.3620,-0.074541,8.342616,20.488267,3
0.0190,2.749708,-1.415476,0.223235,149.2670,-1063.2550,-358.5114,-0.933503,7.513879,18.928364,3
0.0200,2.312984,-1.262660,-1.183852,-436.7235,159.1379,-1369.7395,-1.239481,6.574644,17.413741,3
0.0210,1.987803,-0.400876,-1.836692,-325.1815,847.9367,-653.9210,-0.823175,5.524911,17.339645,3
0.0220,1.730124,-0.023890,-1.533801,-257.6786,369.8287,296.3930,-0.467982,4.475178,17.724337,3
0.0230,1.489007,0.112538,-1.012682,-241.1169,130.6107,511.2014,-0.218409,3.535943,18.600139,3
0.0240,1.303161,-0.109765,-0.359182,-185.8460,-224.4463,647.1363,-0.183123,2.707206,19.924359,3
0.0250,1.304824,-0.595859,0.478943,1.6628,-485.6810,837.9257,-0.279741,1.988968,21.267731,3
0.0260,1.292458,-0.941080,1.477095,-12.3661,-345.0715,997.8511,-0.229852,1.381228,22.613691,3
0.0270,0.993769,-0.954978,2.809158,-298.6885,-13.8481,1331.9320,0.152121,0.883986,23.945233,3
0.0280,0.807623,-1.238324,-2.425832,-186.1458,-283.3329,1048.1459,-1.587591,0.497242,25.920277,3
0.0290,1.071105,-2.088728,-1.301192,263.4818,-850.3772,1124.6038,-1.857100,0.220996,27.032478,3
0.0300,0.967454,-3.016189,-1.116452,-103.6513,-927.2658,184.6767,-2.457443,0.055249,27.358041,3
0.0310,0.688093,2.610942,-1.446943,-279.3610,-655.9333,-330.4577,1.417447,0.000000,27.507232,4
0.0320,0.260059,1.966188,-1.942506,-428.0342,-644.6526,-495.4915,0.816572,0.000000,27.484798,4
0.0330,-0.237923,1.386389,-2.544740,-497.9814,-579.7120,-602.1439,0.230175,0.000000,27.198311,0
0.0340,-0.727344,1.092877,-3.124738,-489.4218,-293.4871,-579.9652,-0.147598,0.000000,26.586303,1
0.0350,-1.293199,1.267111,2.720673,-565.8541,174.2231,-437.7704,1.694629,-0.007922,25.591209,1
0.0360,-1.760531,1.833663,2.292131,-467.3320,566.4656,-428.5427,1.968507,-0.031687,23.952398,1
0.0370,-1.889027,2.465412,1.285069,-128.4962,631.1033,-1006.9125,2.118253,-0.071296,23.228076,1
0.0380,-2.052213,2.256222,0.351557,-163.1864,-209.1689,-933.2624,1.696026,-0.126749,22.743842,1
0.0390,-2.247581,1.728039,-0.660860,-195.3677,-528.0934,-1012.2808,1.025422,-0.198045,22.478050,1
0.0400,-2.473628,0.950055,-1.704636,-226.0467,-777.9397,-1043.7185,0.169264,-0.285185,22.495799,1
0.0410,-2.938043,0.112746,-2.524196,-464.4157,-837.2751,-819.5276,-0.662825,-0.388168,22.538814,1
0.0420,-3.581533,-0.400487,-2.994414,-643.4898,-513.2088,-470.1982,-1.163406,-0.506995,22.478975,1
0.0430,-4.247513,-0.448170,-3.101936,-665.9798,-47.6803,-107.5150,-1.228689,-0.641665,22.757993,1
0.0440,-4.763216,-0.215895,-2.590643,-515.7031,232.1797,511.1613,-0.914350,-0.792179,23.773393,1
0.0450,-5.112211,-0.588361,-1.947709,-348.9948,-372.5505,642.6851,-0.988169,-0.942693,25.346148,1
0.0460,-4.891174,-1.518934,-1.305527,221.0365,-930.5295,641.9797,-1.456167,-1.077364,26.669342,1
0.0470,-5.489287,-2.929797,-1.393196,-598.1123,-1410.1911,-87.5565,-2.477856,-1.196191,26.643672,1
0.0480,-6.523042,2.365482,-2.406773,-1033.7551,-987.8734,-1013.5340,0.961878,-1.299174,25.540723,1
0.0490,-8.418344,2.232010,2.639992,-1895.3024,-133.4404,-1236.1341,2.352004,-1.386314,22.763305,1
0.0500,-10.922392,-2.240923,1.672827,-2504.0483,1809.3033,-967.5160,-1.089820,-1.457610,19.278121,1
0.0510,-17.609797,3.043777,-2.810843,-6687.4042,-999.0258,-4482.6599,1.321829,-1.513062,10.464603,1
0.0010,-118.532273,-1.051752,3.129666,-100922.4767,7190.0805,-892.4865,0.178077,-1.552671,80.542280,1
0.0020,0.000000,-0.000000,-0.000000,0.0000,0.0000,0.0000,-0.000000,-1.576437,0.000000,1
0.0030,0.031155,-0.000000,-0.000000,31.1546,0.0000,0.0000,-0.000000,-1.584359,-0.206652,2
0.0040,0.091297,0.098587,-0.108065,60.1426,98.5873,-108.0650,0.037807,-1.584359,-0.607710,2
0.0050,0.164908,0.289357,-0.318353,73.6104,190.7699,-210.2877,0.110619,-1.584359,-1.120032,2
0.0060,0.232044,0.527914,-0.592117,67.1364,238.5564,-273.7642,0.198493,-1.584359,-1.651775,2
0.0070,0.286255,0.760354,-0.891421,54.2112,232.4381,-299.3024,0.274538,-1.584359,-2.189977,2
0.0080,0.334323,0.965780,-1.224197,48.0682,205.4243,-332.7743,0.321669,-1.584359,-2.760570,2
0.0090,0.404844,1.137099,-1.623471,70.5206,171.3183,-399.2711,0.325167,-1.584359,-3.410070,2
0.0100,0.531642,1.296495,-2.113575,126.7981,159.3957,-490.1011,0.293533,-1.584359,-4.194740,2
0.0110,0.686700,1.534041,-2.660699,155.0579,237.5462,-547.1216,0.300294,-1.584359,-5.182212,2
0.0120,0.763772,1.914526,3.015500,77.0720,380.4849,-606.9856,2.238342,-1.584359,-6.450555,2
0.0130,0.582309,2.439128,2.271758,-181.4633,524.6019,-743.7410,2.389901,-1.584359,-7.814348,2
0.0140,0.202038,2.995651,1.464488,-380.2712,556.5236,-807.2693,2.545309,-1.584359,-9.075096,2
0.0150,-0.141355,-2.725159,0.766115,-343.3927,562.3733,-698.3725,-1.698314,-1.584359,-10.123366,2
0.0160,-0.390337,-2.219223,0.223782,-248.9819,505.9020,-542.3164,-1.500692,-1.584359,-11.229309,2
0.0170,-0.579373,-1.920489,-0.583427,-189.0356,298.7175,-807.1724,-1.527236,-1.584359,-12.598535,2
0.0180,-0.454121,-1.453199,-1.485363,125.2512,467.2706,-901.9353,-1.462659,-1.584359,-14.282960,2
0.0190,-0.044570,-0.700473,-2.417063,409.5516,752.7179,-931.7016,-1.205353,-1.584359,-15.703023,2
0.0200,0.169857,0.201465,-2.935188,214.4268,901.9356,-518.1238,-0.721080,-1.584359,-17.033100,2
0.0210,0.263144,0.820941,2.637398,93.2867,619.4511,-710.5665,1.355193,-1.584359,-18.675589,2
0.0220,-0.081599,1.482101,1.656068,-344.7429,661.1429,-981.2979,1.533268,-1.584359,-20.429672,2
0.0230,-0.679397,2.061601,0.481485,-597.7978,579.4803,-1174.5458,1.596861,-1.584359,-21.986655,2
0.0240,-1.300821,2.453895,-0.683205,-621.4239,392.2870,-1164.6846,1.531218,-1.584359,-23.656322,2
0.0250,-1.695454,2.869812,-1.936954,-394.6328,415.8948,-1253.7309,1.456058,-1.584359,-25.690270,2
0.0260,-1.538465,-3.014897,2.710760,156.9885,398.4159,-1635.4118,-1.330880,-1.584359,-27.496304,2
0.0270,-1.809495,-3.058573,0.861050,-271.0292,-43.6674,-1849.6919,-1.905742,-1.584359,-28.850554,2
0.0280,-2.206000,2.004963,-1.712850,-396.5056,-1219.6499,-2573.8990,0.911489,-1.584359,-31.081735,2
0.0290,-1.885656,2.475609,2.809800,320.3447,470.5711,-1760.4855,2.573901,-1.584359,-33.871503,2
0.0300,-1.887342,-3.031245,0.796364,-1.6861,776.3541,-2013.3997,-1.905478,-1.584359,-35.896546,2
0.0310,-1.626316,2.524491,-1.956128,261.0256,-727.4477,-2752.4896,1.206662,-1.584359,-39.543490,2
0.0320,-0.108378,-1.706185,2.732622,1517.9380,2052.4943,-1594.4196,-0.400653,-1.584359,-40.332577,2
0.0330,-4.533201,2.011014,-0.622451,-4424.8229,3715.0692,2926.7863,1.236466,-1.584359,-42.339729,2
0.0340,39.310979,-0.242198,1.400370,43844.1796,10312.8564,8305.7313,0.240910,-1.584359,-80.625611,2
0.0010,2859.740036,-0.714005,0.341792,2820429.0578,150.7623,-26337.9834,-0.403476,-1.584359,-6014.233267,2
0.0020,0.000000,-0.000000,-0.000000,0.0000,0.0000,0.0000,-0.000000,-1.584359,0.000000,2
0.0030,0.031311,-0.000000,-0.000000,31.3111,0.0000,0.0000,-0.000000,-1.584359,-0.207691,2
0.0040,0.091583,0.099083,-0.108608,60.2716,99.0827,-108.6080,0.037997,-1.584359,-0.609634,2
0.0050,0.165220,0.290268,-0.319366,73.6378,191.1851,-210.7579,0.110964,-1.584359,-1.122319,2
0.0060,0.232314,0.528956,-0.593362,67.0939,238.6879,-273.9959,0.198863,-1.584359,-1.654160,2
0.0070,0.286475,0.761345,-0.892816,54.1604,232.3867,-299.4524,0.274827,-1.584359,-2.192491,2
0.0080,0.334561,0.966649,-1.225843,48.0863,205.3025,-333.0251,0.321798,-1.584359,-2.763374,2
0.0090,0.405289,1.137837,-1.625537,70.7279,171.1867,-399.6921,0.325079,-1.584359,-3.413413,2
0.0100,0.532347,1.297357,-2.116056,127.0584,159.5208,-490.5156,0.293412,-1.584359,-4.198897,2
0.0110,0.687354,1.535518,-2.663380,155.0069,238.1603,-547.3213,0.300548,-1.584359,-5.187578,2
0.0120,0.763601,1.916729,3.012336,76.2468,381.2115,-607.4684,2.238966,-1.584359,-6.457275,2
0.0130,0.580770,2.441926,2.267836,-182.8306,525.1968,-744.4988,2.390723,-1.584359,-7.820530,2
0.0140,0.199807,2.998203,1.460859,-380.9637,556.2780,-806.9770,2.546043,-1.584359,-9.080844,2
0.0150,-0.141590,-2.722033,0.763493,-341.3962,562.9468,-697.3649,-1.696878,-1.584359,-10.127634,2
0.0160,-0.391021,-2.220200,0.218537,-249.4310,501.7991,-544.9393,-1.502924,-1.584359,-11.234295,2
0.0170,-0.579773,-1.920280,-0.588204,-188.7530,299.9041,-806.7042,-1.528493,-1.584359,-12.604733,2
0.0180,-0.453346,-1.452185,-1.490548,126.4273,468.0744,-902.3439,-1.463469,-1.584359,-14.288498,2
0.0190,-0.043674,-0.699376,-2.421504,409.6717,752.8016,-930.9569,-1.205884,-1.584359,-15.709280,2
0.0200,0.170481,0.202497,-2.940413,214.1554,901.8706,-518.9083,-0.721888,-1.584359,-17.044080,2
0.0210,0.264350,0.819082,2.624558,93.8687,616.5605,-718.1808,1.350105,-1.584359,-18.694638,2
0.0220,-0.085804,1.483791,1.638710,-350.1532,664.6922,-985.8173,1.529356,-1.584359,-20.446050,2
0.0230,-0.683618,2.057795,0.461302,-597.8143,573.9841,-1177.3710,1.588238,-1.584359,-22.004697,2
0.0240,-1.303057,2.442456,-0.712685,-619.4389,384.6541,-1173.9816,1.514473,-1.584359,-23.687519,2
0.0250,-1.683621,2.859397,-1.978566,-380.5647,416.9192,-1265.8644,1.436466,-1.584359,-25.752220,2
0.0260,-1.512128,-3.015466,2.648241,171.4936,408.2661,-1656.3189,-1.349670,-1.584359,-27.528409,2
0.0270,-1.796213,-3.110175,0.777343,-284.0848,-94.7006,-1870.8769,-1.966788,-1.584359,-28.890603,2
0.0280,-2.131881,1.942659,-1.815203,-335.6687,-1230.3510,-2592.5447,0.837406,-1.584359,-31.130888,2
0.0290,-1.733191,2.442802,2.727840,398.6902,500.0793,-1740.0951,2.526637,-1.584359,-33.876139,2
0.0300,-1.710930,-3.126993,0.695980,22.2616,713.4122,-2031.8350,-2.002589,-1.584359,-35.838222,2
0.0310,-1.390439,2.353123,-2.069173,320.4904,-803.0667,-2765.1410,1.052447,-1.584359,-39.280487,2
0.0320,0.647556,-2.080889,2.620921,2037.9949,1849.1691,-1593.0821,-0.698003,-1.584359,-41.724348,2
0.0330,1.653988,0.836234,3.094183,1006.4323,2917.0188,473.3435,1.500337,-1.584359,-45.838746,2
0.0340,1.957936,2.477216,0.620767,303.9484,1640.9989,-2473.2504,1.931202,-1.584359,-48.115160,2
0.0350,2.659296,2.231142,-1.901721,701.3599,-239.0278,-2497.5558,1.015594,-1.584359,-51.459476,2
0.0360,-0.107210,-0.865152,-2.059146,-2766.5060,3161.1788,-146.0899,-1.216326,-1.584359,-48.911596,2
0.0370,-13.798002,0.402393,1.756279,-13690.7925,6792.9657,9152.8266,0.800595,-1.584359,-111.482959,2
0.0010,677.525834,1.886563,-2.782246,691323.8363,5648.7967,-20220.9909,0.513384,-1.584359,-3149.524414,2
0.0020,0.000000,-0.000000,-0.000000,0.0000,0.0000,0.0000,-0.000000,-1.584359,0.000000,2
0.0030,0.031311,-0.000000,-0.000000,31.3111,0.0000,0.0000,-0.000000,-1.584359,-0.207691,2
0.0040,0.091583,0.099083,-0.108608,60.2716,99.0827,-108.6080,0.037997,-1.584359,-0.609634,2
0.0050,0.165220,0.290268,-0.319366,73.6378,191.1851,-210.7579,0.110964,-1.584359,-1.122319,2
0.0060,0.232314,0.528956,-0.593362,67.0939,238.6879,-273.9959,0.198863,-1.584359,-1.654160,2
0.0070,0.286475,0.761345,-0.892816,54.1604,232.3867,-299.4524,0.274827,-1.584359,-2.192491,2
0.0080,0.334561,0.966649,-1.225843,48.0863,205.3025,-333.0251,0.321798,-1.584359,-2.763374,2
0.0090,0.405289,1.137837,-1.625537,70.7279,171.1867,-399.6921,0.325079,-1.584359,-3.413413,2
0.0100,0.532347,1.297357,-2.116056,127.0584,159.5208,-490.5156,0.293412,-1.584359,-4.198897,2
0.0110,0.687354,1.535518,-2.663380,155.0069,238.1603,-547.3213,0.300548,-1.584359,-5.187578,2
0.0120,0.763601,1.916729,3.012336,76.2468,381.2115,-607.4684,2.238966,-1.584359,-6.457275,2
0.0130,0.580770,2.441926,2.267836,-182.8306,525.1968,-744.4988,2.390723,-1.584359,-7.820530,2
0.0140,0.199807,2.998203,1.460859,-380.9637,556.2780,-806.9770,2.546043,-1.584359,-9.080844,2
0.0150,-0.141590,-2.722033,0.763493,-341.3962,562.9468,-697.3649,-1.696878,-1.584359,-10.127634,2
0.0160,-0.391021,-2.220200,0.218537,-249.4310,501.7991,-544.9393,-1.502924,-1.584359,-11.234295,2
0.0170,-0.579773,-1.920280,-0.588204,-188.7530,299.9041,-806.7042,-1.528493,-1.584359,-12.604733,2
0.0180,-0.453346,-1.452185,-1.490548,126.4273,468.0744,-902.3439,-1.463469,-1.584359,-14.288498,2
0.0190,-0.043674,-0.699376,-2.421504,409.6717,752.8016,-930.9569,-1.205884,-1.584359,-15.709280,2
0.0200,0.170481,0.202497,-2.940413,214.1554,901.8706,-518.9083,-0.721888,-1.584359,-17.044080,2
0.0210,0.264350,0.819082,2.624558,93.8687,616.5605,-718.1808,1.350105,-1.584359,-18.694638,2
0.0220,-0.085804,1.483791,1.638710,-350.1532,664.6922,-985.8173,1.529356,-1.584359,-20.446050,2
0.0230,-0.683618,2.057795,0.461302,-597.8143,573.9841,-1177.3710,1.588238,-1.584359,-22.004697,2
0.0240,-1.303057,2.442456,-0.712685,-619.4389,384.6541,-1173.9816,1.514473,-1.584359,-23.687519,2
0.0250,-1.683621,2.859397,-1.978566,-380.5647,416.9192,-1265.8644,1.436466,-1.584359,-25.752220,2
0.0260,-1.512128,-3.015466,2.648241,171.4936,408.2661,-1656.3189,-1.349670,-1.584359,-27.528409,2
0.0270,-1.796213,-3.110175,0.777343,-284.0848,-94.7006,-1870.8769,-1.966788,-1.584359,-28.890603,2
0.0280,-2.131881,1.942659,-1.815203,-335.6687,-1230.3510,-2592.5447,0.837406,-1.584359,-31.130888,2
0.0290,-1.733191,2.442802,2.727840,398.6902,500.0793,-1740.0951,2.526637,-1.584359,-33.876139,2
0.0300,-1.710930,-3.126993,0.695980,22.2616,713.4122,-2031.8350,-2.002589,-1.584359,-35.838222,2
0.0310,-1.390439,2.353123,-2.069173,320.4904,-803.0667,-2765.1410,1.052447,-1.584359,-39.280487,2
0.0320,0.647556,-2.080889,2.620921,2037.9949,1849.1691,-1593.0821,-0.698003,-1.584359,-41.724348,2
0.0330,1.653988,0.836234,3.094183,1006.4323,2917.0188,473.3435,1.500337,-1.584359,-45.838746,2
0.0340,1.957936,2.477216,0.620767,303.9484,1640.9989,-2473.2504,1.931202,-1.584359,-48.115160,2
0.0350,2.659296,2.231142,-1.901721,701.3599,-239.0278,-2497.5558,1.015594,-1.584359,-51.459476,2
0.0360,-0.107210,-0.865152,-2.059146,-2766.5060,3161.1788,-146.0899,-1.216326,-1.584359,-48.911596,2
0.0370,-13.798002,0.402393,1.756279,-13690.7925,6792.9657,9152.8266,0.800595,-1.584359,-111.482959,2
0.0010,677.525834,1.886563,-2.782246,691323.8363,5648.7967,-20220.9909,0.513384,-1.584359,-3149.524414,2
0.0020,0.000000,-0.000000,-0.000000,0.0000,0.0000,0.0000,-0.000000,-1.584359,0.000000,2
0.0030,0.031311,-0.000000,-0.000000,31.3111,0.0000,0.0000,-0.000000,-1.584359,-0.207691,2
0.0040,0.091583,0.099083,-0.108608,60.2716,99.0827,-108.6080,0.037997,-1.584359,-0.609634,2
0.0050,0.165220,0.290268,-0.319366,73.6378,191.1851,-210.7579,0.110964,-1.584359,-1.122319,2
0.0060,0.232314,0.528956,-0.593362,67.0939,238.6879,-273.9959,0.198863,-1.584359,-1.654160,2
0.0070,0.286475,0.761345,-0.892816,54.1604,232.3867,-299.4524,0.274827,-1.584359,-2.192491,2
0.0080,0.334561,0.966649,-1.225843,48.0863,205.3025,-333.0251,0.321798,-1.584359,-2.763374,2
0.0090,0.405289,1.137837,-1.625537,70.7279,171.1867,-399.6921,0.325079,-1.584359,-3.413413,2
0.0100,0.532347,1.297357,-2.116056,127.0584,159.5208,-490.5156,0.293412,-1.584359,-4.198897,2
0.0110,0.687354,1.535518,-2.663380,155.0069,238.1603,-547.3213,0.300548,-1.584359,-5.187578,2
0.0120,0.763601,1.916729,3.012336,76.2468,381.2115,-607.4684,2.238966,-1.584359,-6.457275,2
0.0130,0.580770,2.441926,2.267836,-182.8306,525.1968,-744.4988,2.390723,-1.584359,-7.820530,2
0.0140,0.199807,2.998203,1.460859,-380.9637,556.2780,-806.9770,2.546043,-1.584359,-9.080844,2
0.0150,-0.141590,-2.722033,0.763493,-341.3962,562.9468,-697.3649,-1.696878,-1.584359,-10.127634,2
0.0160,-0.391021,-2.220200,0.218537,-249.4310,501.7991,-544.9393,-1.502924,-1.584359,-11.234295,2
0.0170,-0.579773,-1.920280,-0.588204,-188.7530,299.9041,-806.7042,-1.528493,-1.584359,-12.604733,2
0.0180,-0.453346,-1.452185,-1.490548,126.4273,468.0744,-902.3439,-1.463469,-1.584359,-14.288498,2
0.0190,-0.043674,-0.699376,-2.421504,409.6717,752.8016,-930.9569,-1.205884,-1.584359,-15.709280,2
0.0200,0.170481,0.202497,-2.940413,214.1554,901.8706,-518.9083,-0.721888,-1.584359,-17.044080,2
0.0210,0.264350,0.819082,2.624558,93.8687,616.5605,-718.1808,1.350105,-1.584359,-18.694638,2
0.0220,-0.085804,1.483791,1.638710,-350.1532,664.6922,-985.8173,1.529356,-1.584359,-20.446050,2
0.0230,-0.683618,2.057795,0.461302,-597.8143,573.9841,-1177.3710,1.588238,-1.584359,-22.004697,2
0.0240,-1.303057,2.442456,-0.712685,-619.4389,384.6541,-1173.9816,1.514473,-1.584359,-23.687519,2
0.0250,-1.683621,2.859397,-1.978566,-380.5647,416.9192,-1265.8644,1.436466,-1.584359,-25.752220,2
0.0260,-1.512128,-3.015466,2.648241,171.4936,408.2661,-1656.3189,-1.349670,-1.584359,-27.528409,2
0.0270,-1.796213,-3.110175,0.777343,-284.0848,-94.7006,-1870.8769,-1.966788,-1.584359,-28.890603,2
0.0280,-2.131881,1.942659,-1.815203,-335.6687,-1230.3510,-2592.5447,0.837406,-1.584359,-31.130888,2
0.0290,-1.733191,2.442802,2.727840,398.6902,500.0793,-1740.0951,2.526637,-1.584359,-33.876139,2
0.0300,-1.710930,-3.126993,0.695980,22.2616,713.4122,-2031.8350,-2.002589,-1.584359,-35.838222,2
0.0310,-1.390439,2.353123,-2.069173,320.4904,-803.0667,-2765.1410,1.052447,-1.584359,-39.280487,2
0.0320,0.647556,-2.080889,2.620921,2037.9949,1849.1691,-1593.0821,-0.698003,-1.584359,-41.724348,2
0.0330,1.653988,0.836234,3.094183,1006.4323,2917.0188,473.3435,1.500337,-1.584359,-45.838746,2
0.0340,1.957936,2.477216,0.620767,303.9484,1640.9989,-2473.2504,1.931202,-1.584359,-48.115160,2
0.0350,2.659296,2.231142,-1.901721,701.3599,-239.0278,-2497.5558,1.015594,-1.584359,-51.459476,2
0.0360,-0.107210,-0.865152,-2.059146,-2766.5060,3161.1788,-146.0899,-1.216326,-1.584359,-48.911596,2
0.0370,-13.798002,0.402393,1.756279,-13690.7925,6792.9657,9152.8266,0.800595,-1.584359,-111.482959,2
0.0010,677.525834,1.886563,-2.782246,691323.8363,5648.7967,-20220.9909,0.513384,-1.584359,-3149.524414,2
0.0020,0.000000,-0.000000,-0.000000,0.0000,0.0000,0.0000,-0.000000,-1.584359,0.000000,2
0.0030,0.031311,-0.000000,-0.000000,31.3111,0.0000,0.0000,-0.000000,-1.584359,-0.207691,2
0.0040,0.091583,0.099083,-0.108608,60.2716,99.0827,-108.6080,0.037997,-1.584359,-0.609634,2
0.0050,0.165220,0.290268,-0.319366,73.6378,191.1851,-210.7579,0.110964,-1.584359,-1.122319,2
0.0060,0.232314,0.528956,-0.593362,67.0939,238.6879,-273.9959,0.198863,-1.584359,-1.654160,2
0.0070,0.286475,0.761345,-0.892816,54.1604,232.3867,-299.4524,0.274827,-1.584359,-2.192491,2
0.0080,0.334561,0.966649,-1.225843,48.0863,205.3025,-333.0251,0.321798,-1.584359,-2.763374,2
0.0090,0.405289,1.137837,-1.625537,70.7279,171.1867,-399.6921,0.325079,-1.584359,-3.413413,2
0.0100,0.532347,1.297357,-2.116056,127.0584,159.5208,-490.5156,0.293412,-1.584359,-4.198897,2
0.0110,0.687354,1.535518,-2.663380,155.0069,238.1603,-547.3213,0.300548,-1.584359,-5.187578,2
0.0120,0.763601,1.916729,3.012336,76.2468,381.2115,-607.4684,2.238966,-1.584359,-6.457275,2
0.0130,0.580770,2.441926,2.267836,-182.8306,525.1968,-744.4988,2.390723,-1.584359,-7.820530,2
0.0140,0.199807,2.998203,1.460859,-380.9637,556.2780,-806.9770,2.546043,-1.584359,-9.080844,2
0.0150,-0.141590,-2.722033,0.763493,-341.3962,562.9468,-697.3649,-1.696878,-1.584359,-10.127634,2
0.0160,-0.391021,-2.220200,0.218537,-249.4310,501.7991,-544.9393,-1.502924,-1.584359,-11.234295,2
0.0170,-0.579773,-1.920280,-0.588204,-188.7530,299.9041,-806.7042,-1.528493,-1.584359,-12.604733,2
0.0180,-0.453346,-1.452185,-1.490548,126.4273,468.0744,-902.3439,-1.463469,-1.584359,-14.288498,2
0.0190,-0.043674,-0.699376,-2.421504,409.6717,752.8016,-930.9569,-1.205884,-1.584359,-15.709280,2
0.0200,0.170481,0.202497,-2.940413,214.1554,901.8706,-518.9083,-0.721888,-1.584359,-17.044080,2
0.0210,0.264350,0.819082,2.624558,93.8687,616.5605,-718.1808,1.350105,-1.584359,-18.694638,2
0.0220,-0.085804,1.483791,1.638710,-350.1532,664.6922,-985.8173,1.529356,-1.584359,-20.446050,2
0.0230,-0.683618,2.057795,0.461302,-597.8143,573.9841,-1177.3710,1.588238,-1.584359,-22.004697,2
0.0240,-1.303057,2.442456,-0.712685,-619.4389,384.6541,-1173.9816,1.514473,-1.584359,-23.687519,2
0.0250,-1.683621,2.859397,-1.978566,-380.5647,416.9192,-1265.8644,1.436466,-1.584359,-25.752220,2
0.0260,-1.512128,-3.015466,2.648241,171.4936,408.2661,-1656.3189,-1.349670,-1.584359,-27.528409,2
0.0270,-1.796213,-3.110175,0.777343,-284.0848,-94.7006,-1870.8769,-1.966788,-1.584359,-28.890603,2
0.0280,-2.131881,1.942659,-1.815203,-335.6687,-1230.3510,-2592.5447,0.837406,-1.584359,-31.130888,2
0.0290,-1.733191,2.442802,2.727840,398.6902,500.0793,-1740.0951,2.526637,-1.584359,-33.876139,2
0.0300,-1.710930,-3.126993,0.695980,22.2616,713.4122,-2031.8350,-2.002589,-1.584359,-35.838222,2
0.0310,-1.390439,2.353123,-2.069173,320.4904,-803.0667,-2765.1410,1.052447,-1.584359,-39.280487,2
0.0320,0.647556,-2.080889,2.620921,2037.9949,1849.1691,-1593.0821,-0.698003,-1.584359,-41.724348,2
0.0330,1.653988,0.836234,3.094183,1006.4323,2917.0188,473.3435,1.500337,-1.584359,-45.838746,2
0.0340,1.957936,2.477216,0.620767,303.9484,1640.9989,-2473.2504,1.931202,-1.584359,-48.115160,2
0.0350,2.659296,2.231142,-1.901721,701.3599,-239.0278,-2497.5558,1.015594,-1.584359,-51.459476,2
0.0360,-0.107210,-0.865152,-2.059146,-2766.5060,3161.1788,-146.0899,-1.216326,-1.584359,-48.911596,2
0.0370,-13.798002,0.402393,1.756279,-13690.7925,6792.9657,9152.8266,0.800595,-1.584359,-111.482959,2
0.0010,677.525834,1.886563,-2.782246,691323.8363,5648.7967,-20220.9909,0.513384,-1.584359,-3149.524414,2
0.0020,0.000000,-0.000000,-0.000000,0.0000,0.0000,0.0000,-0.000000,-1.584359,0.000000,2
0.0030,0.031311,-0.000000,-0.000000,31.3111,0.0000,0.0000,-0.000000,-1.584359,-0.207691,2
0.0040,0.091583,0.099083,-0.108608,60.2716,99.0827,-108.6080,0.037997,-1.584359,-0.609634,2
0.0050,0.165220,0.290268,-0.319366,73.6378,191.1851,-210.7579,0.110964,-1.584359,-1.122319,2
0.0060,0.232314,0.528956,-0.593362,67.0939,238.6879,-273.9959,0.198863,-1.584359,-1.654160,2
0.0070,0.286475,0.761345,-0.892816,54.1604,232.3867,-299.4524,0.274827,-1.584359,-2.192491,2
0.0080,0.334561,0.966649,-1.225843,48.0863,205.3025,-333.0251,0.321798,-1.584359,-2.763374,2
0.0090,0.405289,1.137837,-1.625537,70.7279,171.1867,-399.6921,0.325079,-1.584359,-3.413413,2
0.0100,0.532347,1.297357,-2.116056,127.0584,159.5208,-490.5156,0.293412,-1.584359,-4.198897,2
0.0110,0.687354,1.535518,-2.663380,155.0069,238.1603,-547.3213,0.300548,-1.584359,-5.187578,2
0.0120,0.763601,1.916729,3.012336,76.2468,381.2115,-607.4684,2.238966,-1.584359,-6.457275,2
0.0130,0.580770,2.441926,2.267836,-182.8306,525.1968,-744.4988,2.390723,-1.584359,-7.820530,2
0.0140,0.199807,2.998203,1.460859,-380.9637,556.2780,-806.9770,2.546043,-1.584359,-9.080844,2
0.0150,-0.141590,-2.722033,0.763493,-341.3962,562.9468,-697.3649,-1.696878,-1.584359,-10.127634,2
0.0160,-0.391021,-2.220200,0.218537,-249.4310,501.7991,-544.9393,-1.502924,-1.584359,-11.234295,2
0.0170,-0.579773,-1.920280,-0.588204,-188.7530,299.9041,-806.7042,-1.528493,-1.584359,-12.604733,2
0.0180,-0.453346,-1.452185,-1.490548,126.4273,468.0744,-902.3439,-1.463469,-1.584359,-14.288498,2
0.0190,-0.043674,-0.699376,-2.421504,409.6717,752.8016,-930.9569,-1.205884,-1.584359,-15.709280,2
0.0200,0.170481,0.202497,-2.940413,214.1554,901.8706,-518.9083,-0.721888,-1.584359,-17.044080,2
0.0210,0.264350,0.819082,2.624558,93.8687,616.5605,-718.1808,1.350105,-1.584359,-18.694638,2
0.0220,-0.085804,1.483791,1.638710,-350.1532,664.6922,-985.8173,1.529356,-1.584359,-20.446050,2
0.0230,-0.683618,2.057795,0.461302,-597.8143,573.9841,-1177.3710,1.588238,-1.584359,-22.004697,2
0.0240,-1.303057,2.442456,-0.712685,-619.4389,384.6541,-1173.9816,1.514473,-1.584359,-23.687519,2
0.0250,-1.683621,2.859397,-1.978566,-380.5647,416.9192,-1265.8644,1.436466,-1.584359,-25.752220,2
0.0260,-1.512128,-3.015466,2.648241,171.4936,408.2661,-1656.3189,-1.349670,-1.584359,-27.528409,2
0.0270,-1.796213,-3.110175,0.777343,-284.0848,-94.7006,-1870.8769,-1.966788,-1.584359,-28.890603,2
0.0280,-2.131881,1.942659,-1.815203,-335.6687,-1230.3510,-2592.5447,0.837406,-1.584359,-31.130888,2
0.0290,-1.733191,2.442802,2.727840,398.6902,500.0793,-1740.0951,2.526637,-1.584359,-33.876139,2
0.0300,-1.710930,-3.126993,0.695980,22.2616,713.4122,-2031.8350,-2.002589,-1.584359,-35.838222,2
0.0310,-1.390439,2.353123,-2.069173,320.4904,-803.0667,-2765.1410,1.052447,-1.584359,-39.280487,2
0.0320,0.647556,-2.080889,2.620921,2037.9949,1849.1691,-1593.0821,-0.698003,-1.584359,-41.724348,2
0.0330,1.653988,0.836234,3.094183,1006.4323,2917.0188,473.3435,1.500337,-1.584359,-45.838746,2
0.0340,1.957936,2.477216,0.620767,303.9484,1640.9989,-2473.2504,1.931202,-1.584359,-48.115160,2
0.0350,2.659296,2.231142,-1.901721,701.3599,-239.0278,-2497.5558,1.015594,-1.584359,-51.459476,2
0.0360,-0.107210,-0.865152,-2.059146,-2766.5060,3161.1788,-146.0899,-1.216326,-1.584359,-48.911596,2
0.0370,-13.798002,0.402393,1.756279,-13690.7925,6792.9657,9152.8266,0.800595,-1.584359,-111.482959,2
0.0010,677.525834,1.886563,-2.782246,691323.8363,5648.7967,-20220.9909,0.513384,-1.584359,-3149.524414,2
0.0020,0.000000,-0.000000,-0.000000,0.0000,0.0000,0.0000,-0.000000,-1.584359,0.000000,2
0.0030,0.031311,-0.000000,-0.000000,31.3111,0.0000,0.0000,-0.000000,-1.584359,-0.207691,2
0.0040,0.091583,0.099083,-0.108608,60.2716,99.0827,-108.6080,0.037997,-1.584359,-0.609634,2
0.0050,0.165220,0.290268,-0.319366,73.6378,191.1851,-210.7579,0.110964,-1.584359,-1.122319,2
0.0060,0.232314,0.528956,-0.593362,67.0939,238.6879,-273.9959,0.198863,-1.584359,-1.654160,2
0.0070,0.286475,0.761345,-0.892816,54.1604,232.3867,-299.4524,0.274827,-1.584359,-2.192491,2
0.0080,0.334561,0.966649,-1.225843,48.0863,205.3025,-333.0251,0.321798,-1.584359,-2.763374,2
0.0090,0.405289,1.137837,-1.625537,70.7279,171.1867,-399.6921,0.325079,-1.584359,-3.413413,2
0.0100,0.532347,1.297357,-2.116056,127.0584,159.5208,-490.5156,0.293412,-1.584359,-4.198897,2
0.0110,0.687354,1.535518,-2.663380,155.0069,238.1603,-547.3213,0.300548,-1.584359,-5.187578,2
0.0120,0.763601,1.916729,3.012336,76.2468,381.2115,-607.4684,2.238966,-1.584359,-6.457275,2
0.0130,0.580770,2.441926,2.267836,-182.8306,525.1968,-744.4988,2.390723,-1.584359,-7.820530,2
0.0140,0.199807,2.998203,1.460859,-380.9637,556.2780,-806.9770,2.546043,-1.584359,-9.080844,2
0.0150,-0.141590,-2.722033,0.763493,-341.3962,562.9468,-697.3649,-1.696878,-1.584359,-10.127634,2
0.0160,-0.391021,-2.220200,0.218537,-249.4310,501.7991,-544.9393,-1.502924,-1.584359,-11.234295,2
0.0170,-0.579773,-1.920280,-0.588204,-188.7530,299.9041,-806.7042,-1.528493,-1.584359,-12.604733,2
0.0180,-0.453346,-1.452185,-1.490548,126.4273,468.0744,-902.3439,-1.463469,-1.584359,-14.288498,2
0.0190,-0.043674,-0.699376,-2.421504,409.6717,752.8016,-930.9569,-1.205884,-1.584359,-15.709280,2
0.0200,0.170481,0.202497,-2.940413,214.1554,901.8706,-518.9083,-0.721888,-1.584359,-17.044080,2
0.0210,0.264350,0.819082,2.624558,93.8687,616.5605,-718.1808,1.350105,-1.584359,-18.694638,2
0.0220,-0.085804,1.483791,1.638710,-350.1532,664.6922,-985.8173,1.529356,-1.584359,-20.446050,2
0.0230,-0.683618,2.057795,0.461302,-597.8143,573.9841,-1177.3710,1.588238,-1.584359,-22.004697,2
0.0240,-1.303057,2.442456,-0.712685,-619.4389,384.6541,-1173.9816,1.514473,-1.584359,-23.687519,2
0.0250,-1.683621,2.859397,-1.978566,-380.5647,416.9192,-1265.8644,1.436466,-1.584359,-25.752220,2
0.0260,-1.512128,-3.015466,2.648241,171.4936,408.2661,-1656.3189,-1.349670,-1.584359,-27.528409,2
0.0270,-1.796213,-3.110175,0.777343,-284.0848,-94.7006,-1870.8769,-1.966788,-1.584359,-28.890603,2
0.0280,-2.131881,1.942659,-1.815203,-335.6687,-1230.3510,-2592.5447,0.837406,-1.584359,-31.130888,2
0.0290,-1.733191,2.442802,2.727840,398.6902,500.0793,-1740.0951,2.526637,-1.584359,-33.876139,2
0.0300,-1.710930,-3.126993,0.695980,22.2616,713.4122,-2031.8350,-2.002589,-1.584359,-35.838222,2
0.0310,-1.390439,2.353123,-2.069173,320.4904,-803.0667,-2765.1410,1.052447,-1.584359,-39.280487,2
0.0320,0.647556,-2.080889,2.620921,2037.9949,1849.1691,-1593.0821,-0.698003,-1.584359,-41.724348,2
0.0330,1.653988,0.836234,3.094183,1006.4323,2917.0188,473.3435,1.500337,-1.584359,-45.838746,2
0.0340,1.957936,2.477216,0.620767,303.9484,1640.9989,-2473.2504,1.931202,-1.584359,-48.115160,2
0.0350,2.659296,2.231142,-1.901721,701.3599,-239.0278,-2497.5558,1.015594,-1.584359,-51.459476,2
0.0360,-0.107210,-0.865152,-2.059146,-2766.5060,3161.1788,-146.0899,-1.216326,-1.584359,-48.911596,2
0.0370,-13.798002,0.402393,1.756279,-13690.7925,6792.9657,9152.8266,0.800595,-1.584359,-111.482959,2
0.0010,677.525834,1.886563,-2.782246,691323.8363,5648.7967,-20220.9909,0.513384,-1.584359,-3149.524414,2
0.0020,0.000000,-0.000000,-0.000000,0.0000,0.0000,0.0000,-0.000000,-1.584359,0.000000,2
0.0030,0.031311,-0.000000,-0.000000,31.3111,0.0000,0.0000,-0.000000,-1.584359,-0.207691,2
0.0040,0.091583,0.099083,-0.108608,60.2716,99.0827,-108.6080,0.037997,-1.584359,-0.609634,2
0.0050,0.165220,0.290268,-0.319366,73.6378,191.1851,-210.7579,0.110964,-1.584359,-1.122319,2
0.0060,0.232314,0.528956,-0.593362,67.0939,238.6879,-273.9959,0.198863,-1.584359,-1.654160,2
0.0070,0.286475,0.761345,-0.892816,54.1604,232.3867,-299.4524,0.274827,-1.584359,-2.192491,3
0.0080,0.334561,0.966649,-1.225843,48.0863,205.3025,-333.0251,0.321798,-1.576437,-2.763374,3
0.0090,0.405269,1.137837,-1.625537,70.7084,171.1867,-399.6921,0.325079,-1.552671,-3.413024,3
0.0100,0.531901,1.297394,-2.115630,126.6317,159.5576,-490.0893,0.293564,-1.513062,-4.196108,3
0.0110,0.685158,1.535471,-2.660637,153.2571,238.0771,-545.0049,0.301322,-1.457610,-5.176038,3
0.0120,0.760030,1.914439,3.021586,74.8717,378.9679,-600.9608,2.240070,-1.386314,-6.421897,3
0.0130,0.585241,2.431837,2.293126,-174.7893,517.3987,-728.4591,2.391040,-1.299174,-7.750882,3
0.0140,0.217132,2.979834,1.512137,-368.1082,547.9973,-780.9883,2.548159,-1.196191,-8.960837,3
0.0150,-0.128562,-2.749322,0.856211,-345.6943,554.0270,-655.9261,-1.688871,-1.077364,-9.909680,3
0.0160,-0.331125,-2.203733,0.452958,-202.5628,545.5551,-403.2448,-1.422353,-0.942693,-10.811866,3
0.0170,-0.519001,-1.944226,-0.189721,-187.8763,259.4933,-642.6460,-1.428195,-0.792179,-11.845014,3
0.0180,-0.580035,-1.594268,-0.872911,-61.0335,349.9396,-683.1889,-1.382104,-0.641665,-13.118682,3
0.0190,-0.339652,-1.057766,-1.610078,240.3821,536.4932,-737.1666,-1.220211,-0.506995,-14.393441,3
0.0200,-0.006352,-0.289066,-2.116136,333.3009,768.6970,-506.0614,-0.826439,-0.388168,-15.238103,3
0.0210,-0.085229,0.623416,-2.048317,-78.8776,912.4710,67.8241,-0.162388,-0.285185,-15.594155,3
0.0220,-0.342371,1.209208,-1.818577,-257.1420,585.7602,229.7280,0.318683,-0.198045,-15.904069,3
0.0230,-0.730747,1.693598,-1.644100,-388.3757,484.3681,174.4674,0.711923,-0.126749,-16.389593,3
0.0240,-1.150123,2.304656,-1.518566,-419.3761,611.0396,125.5199,1.180179,-0.071296,-17.377324,3
0.0250,-1.406896,2.748596,-2.062357,-256.7729,443.9166,-543.7774,1.333610,-0.031687,-18.498470,3
0.0260,-1.467548,2.971733,-2.960366,-60.6526,223.1054,-897.9791,1.226998,-0.007922,-19.686579,3
0.0270,-1.375672,-3.128734,2.317429,91.8761,182.7075,-1005.3818,-1.526921,0.000000,-20.635446,4
0.0280,-1.317185,3.065077,1.279187,58.4871,-89.3694,-1038.2206,2.539815,0.000000,-21.301986,4
0.0290,-1.358237,2.571737,0.119307,-41.0520,-493.3325,-1159.8628,1.850434,0.000000,-21.834464,4
0.0300,-1.422208,1.805536,-1.179372,-63.9708,-766.1990,-1298.6736,0.927622,0.000000,-22.330961,4
0.0310,-1.485373,0.948975,-2.532430,-63.1649,-856.5619,-1353.0591,-0.074968,0.000000,-23.033453,4
0.0320,-1.559928,0.321807,2.421095,-74.5548,-627.1674,-1329.6584,0.939244,0.000000,-24.225414,4
0.0330,-1.824072,0.280390,1.187717,-264.1445,-41.4173,-1233.3736,0.547250,0.000000,-25.825300,4
0.0340,-2.446891,0.723738,0.031179,-622.8183,443.3392,-1156.5316,0.520044,0.000000,-27.053423,4
0.0350,-2.943825,1.201143,-0.719538,-496.9338,477.3431,-750.7298,0.636237,0.000000,-27.238558,4
0.0360,-3.357323,1.213973,-0.891844,-413.4980,12.7362,-172.3692,0.594615,0.000000,-27.004916,4
0.0370,-3.683680,0.877585,-0.994589,-326.3572,-336.3451,-102.7234,0.326945,0.000000,-26.434394,4
0.0380,-3.844104,0.283159,-1.018493,-160.4238,-594.4398,-23.9212,-0.099680,0.000000,-25.412860,4
0.0390,-3.899607,-0.553769,-0.833887,-55.5037,-836.9055,184.6061,-0.636157,0.000000,-23.984886,4
0.0400,-4.399179,-1.585743,-0.437888,-499.5714,-1031.6230,396.0002,-1.248139,0.000000,-23.545026,4
0.0410,-5.084876,-2.121213,-0.533497,-685.6971,-535.4776,-95.7702,-1.654238,0.000000,-23.798249,4
0.0420,-5.806353,-2.237712,-0.903220,-721.4772,-116.8240,-369.9850,-1.845214,0.000000,-25.057804,4
0.0430,-5.964578,-2.070062,-1.995125,-158.2256,167.6302,-1091.8247,-2.048021,0.000000,-26.124108,4
0.0440,-6.312222,-2.703642,2.588177,-347.6434,-633.5270,-1699.7027,-1.147225,0.000000,-25.547303,4
0.0450,-7.753801,2.200496,1.785934,-1441.5789,-1378.4117,-801.9330,2.078566,0.000000,-24.597232,4
0.0460,-9.411807,1.481697,2.017206,-1658.0060,-719.4718,229.5985,1.639199,0.000000,-27.272633,4
0.0470,-11.966931,2.196185,0.056293,-2555.1246,706.5547,-1960.0655,1.566805,0.000000,-26.578691,4
0.0480,-24.913808,1.609135,0.163185,-12946.8762,-6221.1268,-5643.3191,1.183856,0.000000,-4.867133,4
0.0010,-156.772775,-3.069411,-1.653359,-131858.9679,-12777.4790,-12589.9223,-2.652925,0.000000,-392.498257,4
0.0020,0.000000,-0.000000,-0.000000,0.0000,0.0000,0.0000,-0.000000,0.000000,0.000000,4
0.0030,0.000000,-0.000000,-0.000000,0.0000,0.0000,0.0000,-0.000000,0.000000,0.000000,4
0.0040,0.000000,-0.000000,-0.000000,0.0000,0.0000,0.0000,-0.000000,0.000000,0.000000,4
0.0050,0.000000,-0.000000,-0.000000,0.0000,0.0000,0.0000,-0.000000,0.000000,0.000000,4
0.0060,0.000000,-0.000000,-0.000000,0.0000,0.0000,0.0000,-0.000000,0.000000,0.000000,4
0.0070,0.000000,-0.000000,-0.000000,0.0000,0.0000,0.0000,-0.000000,0.000000,0.000000,4
0.0080,0.000000,-0.000000,-0.000000,0.0000,0.0000,0.0000,-0.000000,0.000000,0.000000,4
0.0090,0.000000,-0.000000,-0.000000,0.0000,0.0000,0.0000,-0.000000,0.000000,0.000000,4
0.0100,0.000000,-0.000000,-0.000000,0.0000,0.0000,0.0000,-0.000000,0.000000,0.000000,4
0.0110,0.000000,-0.000000,-0.000000,0.0000,0.0000,0.0000,-0.000000,0.000000,0.000000,4
0.0120,0.000000,-0.000000,-0.000000,0.0000,0.0000,0.0000,-0.000000,0.000000,0.000000,4
0.0130,0.000000,-0.000000,-0.000000,0.0000,0.0000,0.0000,-0.000000,0.000000,0.000000,4
0.0140,0.000000,-0.000000,-0.000000,0.0000,0.0000,0.0000,-0.000000,0.000000,0.000000,4
0.0150,0.000000,-0.000000,-0.000000,0.0000,0.0000,0.0000,-0.000000,0.000000,0.000000,4
0.0160,0.000000,-0.000000,-0.000000,0.0000,0.0000,0.0000,-0.000000,0.000000,0.000000,4
0.0170,0.000000,-0.000000,-0.000000,0.0000,0.0000,0.0000,-0.000000,0.000000,0.000000,4
0.0180,0.000000,-0.000000,-0.000000,0.0000,0.0000,0.0000,-0.000000,0.000000,0.000000,4
0.0190,0.000000,-0.000000,-0.000000,0.0000,0.0000,0.0000,-0.000000,0.000000,0.000000,4
0.0200,0.000000,-0.000000,-0.000000,0.0000,0.0000,0.0000,-0.000000,0.000000,0.000000,4
0.0210,0.000000,-0.000000,-0.000000,0.0000,0.0000,0.0000,-0.000000,0.000000,0.000000,4
0.0220,0.000000,-0.000000,-0.000000,0.0000,0.0000,0.0000,-0.000000,0.000000,0.000000,4
0.0230,0.000000,-0.000000,-0.000000,0.0000,0.0000,0.0000,-0.000000,0.000000,0.000000,4
0.0240,0.000000,-0.000000,-0.000000,0.0000,0.0000,0.0000,-0.000000,0.000000,0.000000,4
0.0250,0.000000,-0.000000,-0.000000,0.0000,0.0000,0.0000,-0.000000,0.000000,0.000000,4
0.0260,0.000000,-0.000000,-0.000000,0.0000,0.0000,0.0000,-0.000000,0.000000,0.000000,4
0.0270,0.000000,-0.000000,-0.000000,0.0000,0.0000,0.0000,-0.000000,0.000000,0.000000,4
0.0280,0.000000,-0.000000,-0.000000,0.0000,0.0000,0.0000,-0.000000,0.000000,0.000000,4
0.0290,0.000000,-0.000000,-0.000000,0.0000,0.0000,0.0000,-0.000000,0.000000,0.000000,4
0.0300,0.000000,-0.000000,-0.000000,0.0000,0.0000,0.0000,-0.000000,0.000000,0.000000,4
0.0310,0.000000,-0.000000,-0.000000,0.0000,0.0000,0.0000,-0.000000,0.000000,0.000000,4
0.0320,0.000000,-0.000000,-0.000000,0.0000,0.0000,0.0000,-0.000000,0.000000,0.000000,4
0.0330,0.000000,-0.000000,-0.000000,0.0000,0.0000,0.0000,-0.000000,0.000000,0.000000,4
0.0340,0.000000,-0.000000,-0.000000,0.0000,0.0000,0.0000,-0.000000,0.000000,0.000000,4
0.0350,0.000000,-0.000000,-0.000000,0.0000,0.0000,0.0000,-0.000000,0.000000,0.000000,4
0.0360,0.000000,-0.000000,-0.000000,0.0000,0.0000,0.0000,-0.000000,0.000000,0.000000,4
0.0370,0.000000,-0.000000,-0.000000,0.0000,0.0000,0.0000,-0.000000,0.000000,0.000000,4
0.0380,0.000000,-0.000000,-0.000000,0.0000,0.0000,0.0000,-0.000000,0.000000,0.000000,4
0.0390,0.000000,-0.000000,-0.000000,0.0000,0.0000,0.0000,-0.000000,0.000000,0.000000,4
0.0400,0.000000,-0.000000,-0.000000,0.0000,0.0000,0.0000,-0.000000,0.000000,0.000000,4
0.0410,0.000000,-0.000000,-0.000000,0.0000,0.0000,0.0000,-0.000000,0.000000,0.000000,4
0.0420,0.000000,-0.000000,-0.000000,0.0000,0.0000,0.0000,-0.000000,0.000000,0.000000,4
0.0430,0.000000,-0.000000,-0.000000,0.0000,0.0000,0.0000,-0.000000,0.000000,0.000000,4
0.0440,0.000000,-0.000000,-0.000000,0.0000,0.0000,0.0000,-0.000000,0.000000,0.000000,4
0.0450,0.000000,-0.000000,-0.000000,0.0000,0.0000,0.0000,-0.000000,0.000000,0.000000,4
0.0460,0.000000,-0.000000,-0.000000,0.0000,0.0000,0.0000,-0.000000,0.000000,0.000000,4
0.0470,0.000000,-0.000000,-0.000000,0.0000,0.0000,0.0000,-0.000000,0.000000,0.000000,4
0.0480,0.000000,-0.000000,-0.000000,0.0000,0.0000,0.0000,-0.000000,0.000000,0.000000,4
0.0490,0.000000,-0.000000,-0.000000,0.0000,0.0000,0.0000,-0.000000,0.000000,0.000000,4
0.0500,0.000000,-0.000000,-0.000000,0.0000,0.0000,0.0000,-0.000000,0.000000,0.000000,4
0.0510,0.000000,-0.000000,-0.000000,0.0000,0.0000,0.0000,-0.000000,0.000000,0.000000,4
0.0520,0.000000,-0.000000,-0.000000,0.0000,0.0000,0.0000,-0.000000,0.000000,0.000000,4
0.0530,0.000000,-0.000000,-0.000000,0.0000,0.0000,0.0000,-0.000000,0.000000,0.000000,4
0.0540,0.000000,-0.000000,-0.000000,0.0000,0.0000,0.0000,-0.000000,0.000000,0.000000,4
0.0550,0.000000,-0.000000,-0.000000,0.0000,0.0000,0.0000,-0.000000,0.000000,0.000000,4
0.0560,0.000000,-0.000000,-0.000000,0.0000,0.0000,0.0000,-0.000000,0.000000,0.000000,4
0.0570,0.000000,-0.000000,-0.000000,0.0000,0.0000,0.0000,-0.000000,0.000000,0.000000,4
0.0580,0.000000,-0.000000,-0.000000,0.0000,0.0000,0.0000,-0.000000,0.000000,0.000000,4
0.0590,0.000000,-0.000000,-0.000000,0.0000,0.0000,0.0000,-0.000000,0.000000,0.000000,4
0.0600,0.000000,-0.000000,-0.000000,0.0000,0.0000,0.0000,-0.000000,0.000000,0.000000,4
0.0610,0.000000,-0.000000,-0.000000,0.0000,0.0000,0.0000,-0.000000,0.000000,0.000000,4
0.0620,0.000000,-0.000000,-0.000000,0.0000,0.0000,0.0000,-0.000000,0.000000,0.000000,4
0.0630,0.000000,-0.000000,-0.000000,0.0000,0.0000,0.0000,-0.000000,0.000000,0.000000,4
0.0640,0.000000,-0.000000,-0.000000,0.0000,0.0000,0.0000,-0.000000,0.000000,0.000000,4
0.0650,0.000000,-0.000000,-0.000000,0.0000,0.0000,0.0000,-0.000000,0.000000,0.000000,4
0.0660,0.000000,-0.000000,-0.000000,0.0000,0.0000,0.0000,-0.000000,0.000000,0.000000,4
0.0670,0.000000,-0.000000,-0.000000,0.0000,0.0000,0.0000,-0.000000,0.000000,0.000000,4
0.0680,0.000000,-0.000000,-0.000000,0.0000,0.0000,0.0000,-0.000000,0.000000,0.000000,4
0.0690,0.000000,-0.000000,-0.000000,0.0000,0.0000,0.0000,-0.000000,0.000000,0.000000,4
0.0700,0.000000,-0.000000,-0.000000,0.0000,0.0000,0.0000,-0.000000,0.000000,0.000000,4
0.0710,0.000000,-0.000000,-0.000000,0.0000,0.0000,0.0000,-0.000000,0.000000,0.000000,4
0.0720,0.000000,-0.000000,-0.000000,0.0000,0.0000,0.0000,-0.000000,0.000000,0.000000,4
0.0730,0.000000,-0.000000,-0.000000,0.0000,0.0000,0.0000,-0.000000,0.000000,0.000000,4
0.0740,0.000000,-0.000000,-0.000000,0.0000,0.0000,0.0000,-0.000000,0.000000,0.000000,4
0.0750,0.000000,-0.000000,-0.000000,0.0000,0.0000,0.0000,-0.000000,0.000000,0.000000,4
0.0760,0.000000,-0.000000,-0.000000,0.0000,0.0000,0.0000,-0.000000,0.000000,0.000000,4
0.0770,0.000000,-0.000000,-0.000000,0.0000,0.0000,0.0000,-0.000000,0.000000,0.000000,4
0.0780,0.000000,-0.000000,-0.000000,0.0000,0.0000,0.0000,-0.000000,0.000000,0.000000,4
0.0790,0.000000,-0.000000,-0.000000,0.0000,0.0000,0.0000,-0.000000,0.000000,0.000000,4
0.0800,0.000000,-0.000000,-0.000000,0.0000,0.0000,0.0000,-0.000000,0.000000,0.000000,4
0.0810,0.000000,-0.000000,-0.000000,0.0000,0.0000,0.0000,-0.000000,0.000000,0.000000,4
0.0820,0.000000,-0.000000,-0.000000,0.0000,0.0000,0.0000,-0.000000,0.000000,0.000000,4
0.0830,0.000000,-0.000000,-0.000000,0.0000,0.0000,0.0000,-0.000000,0.000000,0.000000,4
0.0840,0.000000,-0.000000,-0.000000,0.0000,0.0000,0.0000,-0.000000,0.000000,0.000000,4
0.0850,0.000000,-0.000000,-0.000000,0.0000,0.0000,0.0000,-0.000000,0.000000,0.000000,4
0.0860,0.000000,-0.000000,-0.000000,0.0000,0.0000,0.0000,-0.000000,0.000000,0.000000,4
0.0870,0.000000,-0.000000,-0.000000,0.0000,0.0000,0.0000,-0.000000,0.000000,0.000000,4
0.0880,0.000000,-0.000000,-0.000000,0.0000,0.0000,0.0000,-0.000000,0.000000,0.000000,4
0.0890,0.000000,-0.000000,-0.000000,0.0000,0.0000,0.0000,-0.000000,0.000000,0.000000,4
0.0900,0.000000,-0.000000,-0.000000,0.0000,0.0000,0.0000,-0.000000,0.000000,0.000000,4
0.0910,0.000000,-0.000000,-0.000000,0.0000,0.0000,0.0000,-0.000000,0.000000,0.000000,4
0.0920,0.000000,-0.000000,-0.000000,0.0000,0.0000,0.0000,-0.000000,0.000000,0.000000,4
0.0930,0.000000,-0.000000,-0.000000,0.0000,0.0000,0.0000,-0.000000,0.000000,0.000000,4
0.0940,0.000000,-0.000000,-0.000000,0.0000,0.0000,0.0000,-0.000000,0.000000,0.000000,4
0.0950,0.000000,-0.000000,-0.000000,0.0000,0.0000,0.0000,-0.000000,0.000000,0.000000,4
0.0960,0.000000,-0.000000,-0.000000,0.0000,0.0000,0.0000,-0.000000,0.000000,0.000000,4
0.0970,0.000000,-0.000000,-0.000000,0.0000,0.0000,0.0000,-0.000000,0.000000,0.000000,4
0.0980,0.000000,-0.000000,-0.000000,0.0000,0.0000,0.0000,-0.000000,0.000000,0.000000,4
0.0990,0.000000,-0.000000,-0.000000,0.0000,0.0000,0.0000,-0.000000,0.000000,0.000000,4
0.1000,0.000000,-0.000000,-0.000000,0.0000,0.0000,0.0000,-0.000000,0.000000,0.000000,4
0.1010,0.000000,-0.000000,-0.000000,0.0000,0.0000,0.0000,-0.000000,0.000000,0.000000,4
0.1020,0.000000,-0.000000,-0.000000,0.0000,0.0000,0.0000,-0.000000,0.000000,0.000000,4
0.1030,0.000000,-0.000000,-0.000000,0.0000,0.0000,0.0000,-0.000000,0.000000,0.000000,4
0.1040,0.000000,-0.000000,-0.000000,0.0000,0.0000,0.0000,-0.000000,0.000000,0.000000,4
0.1050,0.000000,-0.000000,-0.000000,0.0000,0.0000,0.0000,-0.000000,0.000000,0.000000,4
0.1060,0.000000,-0.000000,-0.000000,0.0000,0.0000,0.0000,-0.000000,0.000000,0.000000,4
0.1070,0.000000,-0.000000,-0.000000,0.0000,0.0000,0.0000,-0.000000,0.000000,0.000000,4
0.1080,0.000000,-0.000000,-0.000000,0.0000,0.0000,0.0000,-0.000000,0.000000,0.000000,4
0.1090,0.000000,-0.000000,-0.000000,0.0000,0.0000,0.0000,-0.000000,0.000000,0.000000,4
0.1100,0.000000,-0.000000,-0.000000,0.0000,0.0000,0.0000,-0.000000,0.000000,0.000000,4
0.1110,0.000000,-0.000000,-0.000000,0.0000,0.0000,0.0000,-0.000000,0.000000,0.000000,4
0.1120,0.000000,-0.000000,-0.000000,0.0000,0.0000,0.0000,-0.000000,0.000000,0.000000,4
0.1130,0.000000,-0.000000,-0.000000,0.0000,0.0000,0.0000,-0.000000,0.000000,0.000000,4
0.1140,0.000000,-0.000000,-0.000000,0.0000,0.0000,0.0000,-0.000000,0.000000,0.000000,4
0.1150,0.000000,-0.000000,-0.000000,0.0000,0.0000,0.0000,-0.000000,0.000000,0.000000,4
0.1160,0.000000,-0.000000,-0.000000,0.0000,0.0000,0.0000,-0.000000,0.000000,0.000000,4
0.1170,0.000000,-0.000000,-0.000000,0.0000,0.0000,0.0000,-0.000000,0.000000,0.000000,4
0.1180,0.000000,-0.000000,-0.000000,0.0000,0.0000,0.0000,-0.000000,0.000000,0.000000,4
0.1190,0.000000,-0.000000,-0.000000,0.0000,0.0000,0.0000,-0.000000,0.000000,0.000000,4
0.1200,0.000000,-0.000000,-0.000000,0.0000,0.0000,0.0000,-0.000000,0.000000,0.000000,4
0.1210,0.000000,-0.000000,-0.000000,0.0000,0.0000,0.0000,-0.000000,0.000000,0.000000,4
0.1220,0.000000,-0.000000,-0.000000,0.0000,0.0000,0.0000,-0.000000,0.000000,0.000000,4
0.1230,0.000000,-0.000000,-0.000000,0.0000,0.0000,0.0000,-0.000000,0.000000,0.000000,4
0.1240,0.000000,-0.000000,-0.000000,0.0000,0.0000,0.0000,-0.000000,0.000000,0.000000,4
0.1250,0.000000,-0.000000,-0.000000,0.0000,0.0000,0.0000,-0.000000,0.000000,0.000000,4
0.1260,0.000000,-0.000000,-0.000000,0.0000,0.0000,0.0000,-0.000000,0.000000,0.000000,4
0.1270,0.000000,-0.000000,-0.000000,0.0000,0.0000,0.0000,-0.000000,0.000000,0.000000,4
0.1280,0.000000,-0.000000,-0.000000,0.0000,0.0000,0.0000,-0.000000,0.000000,0.000000,4
0.1290,0.000000,-0.000000,-0.000000,0.0000,0.0000,0.0000,-0.000000,0.000000,0.000000,4
0.1300,0.000000,-0.000000,-0.000000,0.0000,0.0000,0.0000,-0.000000,0.000000,0.000000,4
0.1310,0.000000,-0.000000,-0.000000,0.0000,0.0000,0.0000,-0.000000,0.000000,0.000000,4
0.1320,0.000000,-0.000000,-0.000000,0.0000,0.0000,0.0000,-0.000000,0.000000,0.000000,4
0.1330,0.000000,-0.000000,-0.000000,0.0000,0.0000,0.0000,-0.000000,0.000000,0.000000,4
0.1340,0.000000,-0.000000,-0.000000,0.0000,0.0000,0.0000,-0.000000,0.000000,0.000000,4
0.1350,0.000000,-0.000000,-0.000000,0.0000,0.0000,0.0000,-0.000000,0.000000,0.000000,4
0.1360,0.000000,-0.000000,-0.000000,0.0000,0.0000,0.0000,-0.000000,0.000000,0.000000,4
0.1370,0.000000,-0.000000,-0.000000,0.0000,0.0000,0.0000,-0.000000,0.000000,0.000000,4
0.1380,0.000000,-0.000000,-0.000000,0.0000,0.0000,0.0000,-0.000000,0.000000,0.000000,4
0.1390,0.000000,-0.000000,-0.000000,0.0000,0.0000,0.0000,-0.000000,0.000000,0.000000,4
0.1400,0.000000,-0.000000,-0.000000,0.0000,0.0000,0.0000,-0.000000,0.000000,0.000000,4
0.1410,0.000000,-0.000000,-0.000000,0.0000,0.0000,0.0000,-0.000000,0.000000,0.000000,4
0.1420,0.000000,-0.000000,-0.000000,0.0000,0.0000,0.0000,-0.000000,0.000000,0.000000,4
0.1430,0.000000,-0.000000,-0.000000,0.0000,0.0000,0.0000,-0.000000,0.000000,0.000000,4
0.1440,0.000000,-0.000000,-0.000000,0.0000,0.0000,0.0000,-0.000000,0.000000,0.000000,4
0.1450,0.000000,-0.000000,-0.000000,0.0000,0.0000,0.0000,-0.000000,0.000000,0.000000,4
0.1460,0.000000,-0.000000,-0.000000,0.0000,0.0000,0.0000,-0.000000,0.000000,0.000000,4
0.1470,0.000000,-0.000000,-0.000000,0.0000,0.0000,0.0000,-0.000000,0.000000,0.000000,4
0.1480,0.000000,-0.000000,-0.000000,0.0000,0.0000,0.0000,-0.000000,0.000000,0.000000,4
0.1490,0.000000,-0.000000,-0.000000,0.0000,0.0000,0.0000,-0.000000,0.000000,0.000000,4
0.1500,0.000000,-0.000000,-0.000000,0.0000,0.0000,0.0000,-0.000000,0.000000,0.000000,4
0.1510,0.000000,-0.000000,-0.000000,0.0000,0.0000,0.0000,-0.000000,0.000000,0.000000,4
0.1520,0.000000,-0.000000,-0.000000,0.0000,0.0000,0.0000,-0.000000,0.000000,0.000000,4
0.1530,0.000000,-0.000000,-0.000000,0.0000,0.0000,0.0000,-0.000000,0.000000,0.000000,4
0.1540,0.000000,-0.000000,-0.000000,0.0000,0.0000,0.0000,-0.000000,0.000000,0.000000,4
0.1550,0.000000,-0.000000,-0.000000,0.0000,0.0000,0.0000,-0.000000,0.000000,0.000000,4
0.1560,0.000000,-0.000000,-0.000000,0.0000,0.0000,0.0000,-0.000000,0.000000,0.000000,4
0.1570,0.000000,-0.000000,-0.000000,0.0000,0.0000,0.0000,-0.000000,0.000000,0.000000,4
0.1580,0.000000,-0.000000,-0.000000,0.0000,0.0000,0.0000,-0.000000,0.000000,0.000000,4
0.1590,0.000000,-0.000000,-0.000000,0.0000,0.0000,0.0000,-0.000000,0.000000,0.000000,4
0.1600,0.000000,-0.000000,-0.000000,0.0000,0.0000,0.0000,-0.000000,0.000000,0.000000,4
0.1610,0.000000,-0.000000,-0.000000,0.0000,0.0000,0.0000,-0.000000,0.000000,0.000000,4
0.1620,0.000000,-0.000000,-0.000000,0.0000,0.0000,0.0000,-0.000000,0.000000,0.000000,4
0.1630,0.000000,-0.000000,-0.000000,0.0000,0.0000,0.0000,-0.000000,0.000000,0.000000,4
0.1640,0.000000,-0.000000,-0.000000,0.0000,0.0000,0.0000,-0.000000,0.000000,0.000000,4
0.1650,0.000000,-0.000000,-0.000000,0.0000,0.0000,0.0000,-0.000000,0.000000,0.000000,4
0.1660,0.000000,-0.000000,-0.000000,0.0000,0.0000,0.0000,-0.000000,0.000000,0.000000,4
0.1670,0.000000,-0.000000,-0.000000,0.0000,0.0000,0.0000,-0.000000,0.000000,0.000000,4
0.1680,0.000000,-0.000000,-0.000000,0.0000,0.0000,0.0000,-0.000000,0.000000,0.000000,4
0.1690,0.000000,-0.000000,-0.000000,0.0000,0.0000,0.0000,-0.000000,0.000000,0.000000,4
0.1700,0.000000,-0.000000,-0.000000,0.0000,0.0000,0.0000,-0.000000,0.000000,0.000000,4
0.1710,0.000000,-0.000000,-0.000000,0.0000,0.0000,0.0000,-0.000000,0.000000,0.000000,4
0.1720,0.000000,-0.000000,-0.000000,0.0000,0.0000,0.0000,-0.000000,0.000000,0.000000,4
0.1730,0.000000,-0.000000,-0.000000,0.0000,0.0000,0.0000,-0.000000,0.000000,0.000000,4
0.1740,0.000000,-0.000000,-0.000000,0.0000,0.0000,0.0000,-0.000000,0.000000,0.000000,4
0.1750,0.000000,-0.000000,-0.000000,0.0000,0.0000,0.0000,-0.000000,0.000000,0.000000,4
0.1760,0.000000,-0.000000,-0.000000,0.0000,0.0000,0.0000,-0.000000,0.000000,0.000000,4
0.1770,0.000000,-0.000000,-0.000000,0.0000,0.0000,0.0000,-0.000000,0.000000,0.000000,4
0.1780,0.000000,-0.000000,-0.000000,0.0000,0.0000,0.0000,-0.000000,0.000000,0.000000,4
0.1790,0.000000,-0.000000,-0.000000,0.0000,0.0000,0.0000,-0.000000,0.000000,0.000000,4
0.1800,0.000000,-0.000000,-0.000000,0.0000,0.0000,0.0000,-0.000000,0.000000,0.000000,4
0.1810,0.000000,-0.000000,-0.000000,0.0000,0.0000,0.0000,-0.000000,0.000000,0.000000,4
0.1820,0.000000,-0.000000,-0.000000,0.0000,0.0000,0.0000,-0.000000,0.000000,0.000000,4
0.1830,0.000000,-0.000000,-0.000000,0.0000,0.0000,0.0000,-0.000000,0.000000,0.000000,4
0.1840,0.000000,-0.000000,-0.000000,0.0000,0.0000,0.0000,-0.000000,0.000000,0.000000,4
0.1850,0.000000,-0.000000,-0.000000,0.0000,0.0000,0.0000,-0.000000,0.000000,0.000000,4
0.1860,0.000000,-0.000000,-0.000000,0.0000,0.0000,0.0000,-0.000000,0.000000,0.000000,4
0.1870,0.000000,-0.000000,-0.000000,0.0000,0.0000,0.0000,-0.000000,0.000000,0.000000,4
0.1880,0.000000,-0.000000,-0.000000,0.0000,0.0000,0.0000,-0.000000,0.000000,0.000000,4
0.1890,0.000000,-0.000000,-0.000000,0.0000,0.0000,0.0000,-0.000000,0.000000,0.000000,4
0.1900,0.000000,-0.000000,-0.000000,0.0000,0.0000,0.0000,-0.000000,0.000000,0.000000,4
0.1910,0.000000,-0.000000,-0.000000,0.0000,0.0000,0.0000,-0.000000,0.000000,0.000000,4
0.1920,0.000000,-0.000000,-0.000000,0.0000,0.0000,0.0000,-0.000000,0.000000,0.000000,4
0.1930,0.000000,-0.000000,-0.000000,0.0000,0.0000,0.0000,-0.000000,0.000000,0.000000,4
0.1940,0.000000,-0.000000,-0.000000,0.0000,0.0000,0.0000,-0.000000,0.000000,0.000000,4
0.1950,0.000000,-0.000000,-0.000000,0.0000,0.0000,0.0000,-0.000000,0.000000,0.000000,4
0.1960,0.000000,-0.000000,-0.000000,0.0000,0.0000,0.0000,-0.000000,0.000000,0.000000,4
0.1970,0.000000,-0.000000,-0.000000,0.0000,0.0000,0.0000,-0.000000,0.000000,0.000000,4
0.1980,0.000000,-0.000000,-0.000000,0.0000,0.0000,0.0000,-0.000000,0.000000,0.000000,4
0.1990,0.000000,-0.000000,-0.000000,0.0000,0.0000,0.0000,-0.000000,0.000000,0.000000,4
0.2000,0.000000,-0.000000,-0.000000,0.0000,0.0000,0.0000,-0.000000,0.000000,0.000000,4
0.2010,0.000000,-0.000000,-0.000000,0.0000,0.0000,0.0000,-0.000000,0.000000,0.000000,4
0.2020,0.000000,-0.000000,-0.000000,0.0000,0.0000,0.0000,-0.000000,0.000000,0.000000,4
0.2030,0.000000,-0.000000,-0.000000,0.0000,0.0000,0.0000,-0.000000,0.000000,0.000000,4
0.2040,0.000000,-0.000000,-0.000000,0.0000,0.0000,0.0000,-0.000000,0.000000,0.000000,4
0.2050,0.000000,-0.000000,-0.000000,0.0000,0.0000,0.0000,-0.000000,0.000000,0.000000,4
0.2060,0.000000,-0.000000,-0.000000,0.0000,0.0000,0.0000,-0.000000,0.000000,0.000000,4
0.2070,0.000000,-0.000000,-0.000000,0.0000,0.0000,0.0000,-0.000000,0.000000,0.000000,4
0.2080,0.000000,-0.000000,-0.000000,0.0000,0.0000,0.0000,-0.000000,0.000000,0.000000,4
0.2090,0.000000,-0.000000,-0.000000,0.0000,0.0000,0.0000,-0.000000,0.000000,0.000000,4
0.2100,0.000000,-0.000000,-0.000000,0.0000,0.0000,0.0000,-0.000000,0.000000,0.000000,4
0.2110,0.000000,-0.000000,-0.000000,0.0000,0.0000,0.0000,-0.000000,0.000000,0.000000,4
0.2120,0.000000,-0.000000,-0.000000,0.0000,0.0000,0.0000,-0.000000,0.000000,0.000000,4
0.2130,0.000000,-0.000000,-0.000000,0.0000,0.0000,0.0000,-0.000000,0.000000,0.000000,4
0.2140,0.000000,-0.000000,-0.000000,0.0000,0.0000,0.0000,-0.000000,0.000000,0.000000,4
0.2150,0.000000,-0.000000,-0.000000,0.0000,0.0000,0.0000,-0.000000,0.000000,0.000000,4
0.2160,0.000000,-0.000000,-0.000000,0.0000,0.0000,0.0000,-0.000000,0.000000,0.000000,4
0.2170,0.000000,-0.000000,-0.000000,0.0000,0.0000,0.0000,-0.000000,0.000000,0.000000,4
0.2180,0.000000,-0.000000,-0.000000,0.0000,0.0000,0.0000,-0.000000,0.000000,0.000000,4
0.2190,0.000000,-0.000000,-0.000000,0.0000,0.0000,0.0000,-0.000000,0.000000,0.000000,4
0.2200,0.000000,-0.000000,-0.000000,0.0000,0.0000,0.0000,-0.000000,0.000000,0.000000,4
0.2210,0.000000,-0.000000,-0.000000,0.0000,0.0000,0.0000,-0.000000,0.000000,0.000000,4
0.2220,0.000000,-0.000000,-0.000000,0.0000,0.0000,0.0000,-0.000000,0.000000,0.000000,4
0.2230,0.000000,-0.000000,-0.000000,0.0000,0.0000,0.0000,-0.000000,0.000000,0.000000,4
0.2240,0.000000,-0.000000,-0.000000,0.0000,0.0000,0.0000,-0.000000,0.000000,0.000000,4
0.2250,0.000000,-0.000000,-0.000000,0.0000,0.0000,0.0000,-0.000000,0.000000,0.000000,4
0.2260,0.000000,-0.000000,-0.000000,0.0000,0.0000,0.0000,-0.000000,0.000000,0.000000,4
0.2270,0.000000,-0.000000,-0.000000,0.0000,0.0000,0.0000,-0.000000,0.000000,0.000000,4
0.2280,0.000000,-0.000000,-0.000000,0.0000,0.0000,0.0000,-0.000000,0.000000,0.000000,4
0.2290,0.000000,-0.000000,-0.000000,0.0000,0.0000,0.0000,-0.000000,0.000000,0.000000,4
0.2300,0.000000,-0.000000,-0.000000,0.0000,0.0000,0.0000,-0.000000,0.000000,0.000000,4
0.2310,0.000000,-0.000000,-0.000000,0.0000,0.0000,0.0000,-0.000000,0.000000,0.000000,4
0.2320,0.000000,-0.000000,-0.000000,0.0000,0.0000,0.0000,-0.000000,0.000000,0.000000,4
0.2330,0.000000,-0.000000,-0.000000,0.0000,0.0000,0.0000,-0.000000,0.000000,0.000000,4
0.2340,0.000000,-0.000000,-0.000000,0.0000,0.0000,0.0000,-0.000000,0.000000,0.000000,4
0.2350,0.000000,-0.000000,-0.000000,0.0000,0.0000,0.0000,-0.000000,0.000000,0.000000,4
0.2360,0.000000,-0.000000,-0.000000,0.0000,0.0000,0.0000,-0.000000,0.000000,0.000000,4
0.2370,0.000000,-0.000000,-0.000000,0.0000,0.0000,0.0000,-0.000000,0.000000,0.000000,4
0.2380,0.000000,-0.000000,-0.000000,0.0000,0.0000,0.0000,-0.000000,0.000000,0.000000,4
0.2390,0.000000,-0.000000,-0.000000,0.0000,0.0000,0.0000,-0.000000,0.000000,0.000000,4
0.2400,0.000000,-0.000000,-0.000000,0.0000,0.0000,0.0000,-0.000000,0.000000,0.000000,4
0.2410,0.000000,-0.000000,-0.000000,0.0000,0.0000,0.0000,-0.000000,0.000000,0.000000,4
0.2420,0.000000,-0.000000,-0.000000,0.0000,0.0000,0.0000,-0.000000,0.000000,0.000000,4
0.2430,0.000000,-0.000000,-0.000000,0.0000,0.0000,0.0000,-0.000000,0.000000,0.000000,4
0.2440,0.000000,-0.000000,-0.000000,0.0000,0.0000,0.0000,-0.000000,0.000000,0.000000,4
0.2450,0.000000,-0.000000,-0.000000,0.0000,0.0000,0.0000,-0.000000,0.000000,0.000000,4
0.2460,0.000000,-0.000000,-0.000000,0.0000,0.0000,0.0000,-0.000000,0.000000,0.000000,4
0.2470,0.000000,-0.000000,-0.000000,0.0000,0.0000,0.0000,-0.000000,0.000000,0.000000,4
0.2480,0.000000,-0.000000,-0.000000,0.0000,0.0000,0.0000,-0.000000,0.000000,0.000000,4
0.2490,0.000000,-0.000000,-0.000000,0.0000,0.0000,0.0000,-0.000000,0.000000,0.000000,4
0.2500,0.000000,-0.000000,-0.000000,0.0000,0.0000,0.0000,-0.000000,0.000000,0.000000,4
0.2510,0.000000,-0.000000,-0.000000,0.0000,0.0000,0.0000,-0.000000,0.000000,0.000000,4
0.2520,0.000000,-0.000000,-0.000000,0.0000,0.0000,0.0000,-0.000000,0.000000,0.000000,4
0.2530,0.000000,-0.000000,-0.000000,0.0000,0.0000,0.0000,-0.000000,0.000000,0.000000,4
0.2540,0.000000,-0.000000,-0.000000,0.0000,0.0000,0.0000,-0.000000,0.000000,0.000000,4
0.2550,0.000000,-0.000000,-0.000000,0.0000,0.0000,0.0000,-0.000000,0.000000,0.000000,4
0.2560,0.000000,-0.000000,-0.000000,0.0000,0.0000,0.0000,-0.000000,0.000000,0.000000,4
0.2570,0.000000,-0.000000,-0.000000,0.0000,0.0000,0.0000,-0.000000,0.000000,0.000000,4
0.2580,0.000000,-0.000000,-0.000000,0.0000,0.0000,0.0000,-0.000000,0.000000,0.000000,4
0.2590,0.000000,-0.000000,-0.000000,0.0000,0.0000,0.0000,-0.000000,0.000000,0.000000,4
0.2600,0.000000,-0.000000,-0.000000,0.0000,0.0000,0.0000,-0.000000,0.000000,0.000000,4
0.2610,0.000000,-0.000000,-0.000000,0.0000,0.0000,0.0000,-0.000000,0.000000,0.000000,4
0.2620,0.000000,-0.000000,-0.000000,0.0000,0.0000,0.0000,-0.000000,0.000000,0.000000,4
0.2630,0.000000,-0.000000,-0.000000,0.0000,0.0000,0.0000,-0.000000,0.000000,0.000000,4
0.2640,0.000000,-0.000000,-0.000000,0.0000,0.0000,0.0000,-0.000000,0.000000,0.000000,4
0.2650,0.000000,-0.000000,-0.000000,0.0000,0.0000,0.0000,-0.000000,0.000000,0.000000,4
0.2660,0.000000,-0.000000,-0.000000,0.0000,0.0000,0.0000,-0.000000,0.000000,0.000000,4
0.2670,0.000000,-0.000000,-0.000000,0.0000,0.0000,0.0000,-0.000000,0.000000,0.000000,4
0.2680,0.000000,-0.000000,-0.000000,0.0000,0.0000,0.0000,-0.000000,0.000000,0.000000,4
0.2690,0.000000,-0.000000,-0.000000,0.0000,0.0000,0.0000,-0.000000,0.000000,0.000000,4
0.2700,0.000000,-0.000000,-0.000000,0.0000,0.0000,0.0000,-0.000000,0.000000,0.000000,4
0.2710,0.000000,-0.000000,-0.000000,0.0000,0.0000,0.0000,-0.000000,0.000000,0.000000,4
0.2720,0.000000,-0.000000,-0.000000,0.0000,0.0000,0.0000,-0.000000,0.000000,0.000000,4
0.2730,0.000000,-0.000000,-0.000000,0.0000,0.0000,0.0000,-0.000000,0.000000,0.000000,4
0.2740,0.000000,-0.000000,-0.000000,0.0000,0.0000,0.0000,-0.000000,0.000000,0.000000,4
0.2750,0.000000,-0.000000,-0.000000,0.0000,0.0000,0.0000,-0.000000,0.000000,0.000000,4
0.2760,0.000000,-0.000000,-0.000000,0.0000,0.0000,0.0000,-0.000000,0.000000,0.000000,4
0.2770,0.000000,-0.000000,-0.000000,0.0000,0.0000,0.0000,-0.000000,0.000000,0.000000,4
0.2780,0.000000,-0.000000,-0.000000,0.0000,0.0000,0.0000,-0.000000,0.000000,0.000000,4
0.2790,0.000000,-0.000000,-0.000000,0.0000,0.0000,0.0000,-0.000000,0.000000,0.000000,4
0.2800,0.000000,-0.000000,-0.000000,0.0000,0.0000,0.0000,-0.000000,0.000000,0.000000,4
0.2810,0.000000,-0.000000,-0.000000,0.0000,0.0000,0.0000,-0.000000,0.000000,0.000000,4
0.2820,0.000000,-0.000000,-0.000000,0.0000,0.0000,0.0000,-0.000000,0.000000,0.000000,4
0.2830,0.000000,-0.000000,-0.000000,0.0000,0.0000,0.0000,-0.000000,0.000000,0.000000,4
0.2840,0.000000,-0.000000,-0.000000,0.0000,0.0000,0.0000,-0.000000,0.000000,0.000000,4
0.2850,0.000000,-0.000000,-0.000000,0.0000,0.0000,0.0000,-0.000000,0.000000,0.000000,4
0.2860,0.000000,-0.000000,-0.000000,0.0000,0.0000,0.0000,-0.000000,0.000000,0.000000,4
0.2870,0.000000,-0.000000,-0.000000,0.0000,0.0000,0.0000,-0.000000,0.000000,0.000000,4
0.2880,0.000000,-0.000000,-0.000000,0.0000,0.0000,0.0000,-0.000000,0.000000,0.000000,4
0.2890,0.000000,-0.000000,-0.000000,0.0000,0.0000,0.0000,-0.000000,0.000000,0.000000,4
0.2900,0.000000,-0.000000,-0.000000,0.0000,0.0000,0.0000,-0.000000,0.000000,0.000000,4
0.2910,0.000000,-0.000000,-0.000000,0.0000,0.0000,0.0000,-0.000000,0.000000,0.000000,4
0.2920,0.000000,-0.000000,-0.000000,0.0000,0.0000,0.0000,-0.000000,0.000000,0.000000,4
0.2930,0.000000,-0.000000,-0.000000,0.0000,0.0000,0.0000,-0.000000,0.000000,0.000000,4
0.2940,0.000000,-0.000000,-0.000000,0.0000,0.0000,0.0000,-0.000000,0.000000,0.000000,4
0.2950,0.000000,-0.000000,-0.000000,0.0000,0.0000,0.0000,-0.000000,0.000000,0.000000,4
0.2960,0.000000,-0.000000,-0.000000,0.0000,0.0000,0.0000,-0.000000,0.000000,0.000000,4
0.2970,0.000000,-0.000000,-0.000000,0.0000,0.0000,0.0000,-0.000000,0.000000,0.000000,4
0.2980,0.000000,-0.000000,-0.000000,0.0000,0.0000,0.0000,-0.000000,0.000000,0.000000,4
0.2990,0.000000,-0.000000,-0.000000,0.0000,0.0000,0.0000,-0.000000,0.000000,0.000000,4
0.3000,0.000000,-0.000000,-0.000000,0.0000,0.0000,0.0000,-0.000000,0.000000,0.000000,4
0.3010,0.000000,-0.000000,-0.000000,0.0000,0.0000,0.0000,-0.000000,0.000000,0.000000,4
0.3020,0.000000,-0.000000,-0.000000,0.0000,0.0000,0.0000,-0.000000,0.000000,0.000000,4
0.3030,0.000000,-0.000000,-0.000000,0.0000,0.0000,0.0000,-0.000000,0.000000,0.000000,4
0.3040,0.000000,-0.000000,-0.000000,0.0000,0.0000,0.0000,-0.000000,0.000000,0.000000,4
0.3050,0.000000,-0.000000,-0.000000,0.0000,0.0000,0.0000,-0.000000,0.000000,0.000000,4
0.3060,0.000000,-0.000000,-0.000000,0.0000,0.0000,0.0000,-0.000000,0.000000,0.000000,4
0.3070,0.000000,-0.000000,-0.000000,0.0000,0.0000,0.0000,-0.000000,0.000000,0.000000,4
0.3080,0.000000,-0.000000,-0.000000,0.0000,0.0000,0.0000,-0.000000,0.000000,0.000000,4
0.3090,0.000000,-0.000000,-0.000000,0.0000,0.0000,0.0000,-0.000000,0.000000,0.000000,4
0.3100,0.000000,-0.000000,-0.000000,0.0000,0.0000,0.0000,-0.000000,0.000000,0.000000,4
0.3110,0.000000,-0.000000,-0.000000,0.0000,0.0000,0.0000,-0.000000,0.000000,0.000000,4
0.3120,0.000000,-0.000000,-0.000000,0.0000,0.0000,0.0000,-0.000000,0.000000,0.000000,4
0.3130,0.000000,-0.000000,-0.000000,0.0000,0.0000,0.0000,-0.000000,0.000000,0.000000,4
0.3140,0.000000,-0.000000,-0.000000,0.0000,0.0000,0.0000,-0.000000,0.000000,0.000000,4
0.3150,0.000000,-0.000000,-0.000000,0.0000,0.0000,0.0000,-0.000000,0.000000,0.000000,4
0.3160,0.000000,-0.000000,-0.000000,0.0000,0.0000,0.0000,-0.000000,0.000000,0.000000,4
0.3170,0.000000,-0.000000,-0.000000,0.0000,0.0000,0.0000,-0.000000,0.000000,0.000000,4
0.3180,0.000000,-0.000000,-0.000000,0.0000,0.0000,0.0000,-0.000000,0.000000,0.000000,4
0.3190,0.000000,-0.000000,-0.000000,0.0000,0.0000,0.0000,-0.000000,0.000000,0.000000,4
0.3200,0.000000,-0.000000,-0.000000,0.0000,0.0000,0.0000,-0.000000,0.000000,0.000000,4
0.3210,0.000000,-0.000000,-0.000000,0.0000,0.0000,0.0000,-0.000000,0.000000,0.000000,4
0.3220,0.000000,-0.000000,-0.000000,0.0000,0.0000,0.0000,-0.000000,0.000000,0.000000,4
0.3230,0.000000,-0.000000,-0.000000,0.0000,0.0000,0.0000,-0.000000,0.000000,0.000000,4
0.3240,0.000000,-0.000000,-0.000000,0.0000,0.0000,0.0000,-0.000000,0.000000,0.000000,4
0.3250,0.000000,-0.000000,-0.000000,0.0000,0.0000,0.0000,-0.000000,0.000000,0.000000,4
0.3260,0.000000,-0.000000,-0.000000,0.0000,0.0000,0.0000,-0.000000,0.000000,0.000000,4
0.3270,0.000000,-0.000000,-0.000000,0.0000,0.0000,0.0000,-0.000000,0.000000,0.000000,4
0.3280,0.000000,-0.000000,-0.000000,0.0000,0.0000,0.0000,-0.000000,0.000000,0.000000,4
0.3290,0.000000,-0.000000,-0.000000,0.0000,0.0000,0.0000,-0.000000,0.000000,0.000000,4
0.3300,0.000000,-0.000000,-0.000000,0.0000,0.0000,0.0000,-0.000000,0.000000,0.000000,4
0.3310,0.000000,-0.000000,-0.000000,0.0000,0.0000,0.0000,-0.000000,0.000000,0.000000,4
0.3320,0.000000,-0.000000,-0.000000,0.0000,0.0000,0.0000,-0.000000,0.000000,0.000000,4
0.3330,0.000000,-0.000000,-0.000000,0.0000,0.0000,0.0000,-0.000000,0.000000,0.000000,4
0.3340,0.000000,-0.000000,-0.000000,0.0000,0.0000,0.0000,-0.000000,0.000000,0.000000,4
0.3350,0.000000,-0.000000,-0.000000,0.0000,0.0000,0.0000,-0.000000,0.000000,0.000000,4
0.3360,0.000000,-0.000000,-0.000000,0.0000,0.0000,0.0000,-0.000000,0.000000,0.000000,4
0.3370,0.000000,-0.000000,-0.000000,0.0000,0.0000,0.0000,-0.000000,0.000000,0.000000,4
0.3380,0.000000,-0.000000,-0.000000,0.0000,0.0000,0.0000,-0.000000,0.000000,0.000000,4
0.3390,0.000000,-0.000000,-0.000000,0.0000,0.0000,0.0000,-0.000000,0.000000,0.000000,4
0.3400,0.000000,-0.000000,-0.000000,0.0000,0.0000,0.0000,-0.000000,0.000000,0.000000,4
0.3410,0.000000,-0.000000,-0.000000,0.0000,0.0000,0.0000,-0.000000,0.000000,0.000000,4
0.3420,0.000000,-0.000000,-0.000000,0.0000,0.0000,0.0000,-0.000000,0.000000,0.000000,4
0.3430,0.000000,-0.000000,-0.000000,0.0000,0.0000,0.0000,-0.000000,0.000000,0.000000,4
0.3440,0.000000,-0.000000,-0.000000,0.0000,0.0000,0.0000,-0.000000,0.000000,0.000000,4
0.3450,0.000000,-0.000000,-0.000000,0.0000,0.0000,0.0000,-0.000000,0.000000,0.000000,4
0.3460,0.000000,-0.000000,-0.000000,0.0000,0.0000,0.0000,-0.000000,0.000000,0.000000,4
0.3470,0.000000,-0.000000,-0.000000,0.0000,0.0000,0.0000,-0.000000,0.000000,0.000000,4
0.3480,0.000000,-0.000000,-0.000000,0.0000,0.0000,0.0000,-0.000000,0.000000,0.000000,4
0.3490,0.000000,-0.000000,-0.000000,0.0000,0.0000,0.0000,-0.000000,0.000000,0.000000,4
0.3500,0.000000,-0.000000,-0.000000,0.0000,0.0000,0.0000,-0.000000,0.000000,0.000000,4
0.3510,0.000000,-0.000000,-0.000000,0.0000,0.0000,0.0000,-0.000000,0.000000,0.000000,4
0.3520,0.000000,-0.000000,-0.000000,0.0000,0.0000,0.0000,-0.000000,0.000000,0.000000,4
0.3530,0.000000,-0.000000,-0.000000,0.0000,0.0000,0.0000,-0.000000,0.000000,0.000000,4
0.3540,0.000000,-0.000000,-0.000000,0.0000,0.0000,0.0000,-0.000000,0.000000,0.000000,4
0.3550,0.000000,-0.000000,-0.000000,0.0000,0.0000,0.0000,-0.000000,0.000000,0.000000,4
0.3560,0.000000,-0.000000,-0.000000,0.0000,0.0000,0.0000,-0.000000,0.000000,0.000000,4
0.3570,0.000000,-0.000000,-0.000000,0.0000,0.0000,0.0000,-0.000000,0.000000,0.000000,4
0.3580,0.000000,-0.000000,-0.000000,0.0000,0.0000,0.0000,-0.000000,0.000000,0.000000,4
0.3590,0.000000,-0.000000,-0.000000,0.0000,0.0000,0.0000,-0.000000,0.000000,0.000000,4
0.3600,0.000000,-0.000000,-0.000000,0.0000,0.0000,0.0000,-0.000000,0.000000,0.000000,4
0.3610,0.000000,-0.000000,-0.000000,0.0000,0.0000,0.0000,-0.000000,0.000000,0.000000,4
0.3620,0.000000,-0.000000,-0.000000,0.0000,0.0000,0.0000,-0.000000,0.000000,0.000000,4
0.3630,0.000000,-0.000000,-0.000000,0.0000,0.0000,0.0000,-0.000000,0.000000,0.000000,4
0.3640,0.000000,-0.000000,-0.000000,0.0000,0.0000,0.0000,-0.000000,0.000000,0.000000,4
0.3650,0.000000,-0.000000,-0.000000,0.0000,0.0000,0.0000,-0.000000,0.000000,0.000000,4
0.3660,0.000000,-0.000000,-0.000000,0.0000,0.0000,0.0000,-0.000000,0.000000,0.000000,4
0.3670,0.000000,-0.000000,-0.000000,0.0000,0.0000,0.0000,-0.000000,0.000000,0.000000,4
0.3680,0.000000,-0.000000,-0.000000,0.0000,0.0000,0.0000,-0.000000,0.000000,0.000000,4
0.3690,0.000000,-0.000000,-0.000000,0.0000,0.0000,0.0000,-0.000000,0.000000,0.000000,4
0.3700,0.000000,-0.000000,-0.000000,0.0000,0.0000,0.0000,-0.000000,0.000000,0.000000,4
0.3710,0.000000,-0.000000,-0.000000,0.0000,0.0000,0.0000,-0.000000,0.000000,0.000000,4
0.3720,0.000000,-0.000000,-0.000000,0.0000,0.0000,0.0000,-0.000000,0.000000,0.000000,4
0.3730,0.000000,-0.000000,-0.000000,0.0000,0.0000,0.0000,-0.000000,0.000000,0.000000,4
0.3740,0.000000,-0.000000,-0.000000,0.0000,0.0000,0.0000,-0.000000,0.000000,0.000000,4
0.3750,0.000000,-0.000000,-0.000000,0.0000,0.0000,0.0000,-0.000000,0.000000,0.000000,4
0.3760,0.000000,-0.000000,-0.000000,0.0000,0.0000,0.0000,-0.000000,0.000000,0.000000,4
0.3770,0.000000,-0.000000,-0.000000,0.0000,0.0000,0.0000,-0.000000,0.000000,0.000000,4
0.3780,0.000000,-0.000000,-0.000000,0.0000,0.0000,0.0000,-0.000000,0.000000,0.000000,4
0.3790,0.000000,-0.000000,-0.000000,0.0000,0.0000,0.0000,-0.000000,0.000000,0.000000,4
0.3800,0.000000,-0.000000,-0.000000,0.0000,0.0000,0.0000,-0.000000,0.000000,0.000000,4
0.3810,0.000000,-0.000000,-0.000000,0.0000,0.0000,0.0000,-0.000000,0.000000,0.000000,4
0.3820,0.000000,-0.000000,-0.000000,0.0000,0.0000,0.0000,-0.000000,0.000000,0.000000,4
0.3830,0.000000,-0.000000,-0.000000,0.0000,0.0000,0.0000,-0.000000,0.000000,0.000000,4
0.3840,0.000000,-0.000000,-0.000000,0.0000,0.0000,0.0000,-0.000000,0.000000,0.000000,4
0.3850,0.000000,-0.000000,-0.000000,0.0000,0.0000,0.0000,-0.000000,0.000000,0.000000,4
0.3860,0.000000,-0.000000,-0.000000,0.0000,0.0000,0.0000,-0.000000,0.000000,0.000000,4
0.3870,0.000000,-0.000000,-0.000000,0.0000,0.0000,0.0000,-0.000000,0.000000,0.000000,4
0.3880,0.000000,-0.000000,-0.000000,0.0000,0.0000,0.0000,-0.000000,0.000000,0.000000,4
0.3890,0.000000,-0.000000,-0.000000,0.0000,0.0000,0.0000,-0.000000,0.000000,0.000000,4
0.3900,0.000000,-0.000000,-0.000000,0.0000,0.0000,0.0000,-0.000000,0.000000,0.000000,4
0.3910,0.000000,-0.000000,-0.000000,0.0000,0.0000,0.0000,-0.000000,0.000000,0.000000,4
0.3920,0.000000,-0.000000,-0.000000,0.0000,0.0000,0.0000,-0.000000,0.000000,0.000000,4
0.3930,0.000000,-0.000000,-0.000000,0.0000,0.0000,0.0000,-0.000000,0.000000,0.000000,4
0.3940,0.000000,-0.000000,-0.000000,0.0000,0.0000,0.0000,-0.000000,0.000000,0.000000,4
0.3950,0.000000,-0.000000,-0.000000,0.0000,0.0000,0.0000,-0.000000,0.000000,0.000000,4
0.3960,0.000000,-0.000000,-0.000000,0.0000,0.0000,0.0000,-0.000000,0.000000,0.000000,4
0.3970,0.000000,-0.000000,-0.000000,0.0000,0.0000,0.0000,-0.000000,0.000000,0.000000,4
0.3980,0.000000,-0.000000,-0.000000,0.0000,0.0000,0.0000,-0.000000,0.000000,0.000000,4
0.3990,0.000000,-0.000000,-0.000000,0.0000,0.0000,0.0000,-0.000000,0.000000,0.000000,4
0.4000,0.000000,-0.000000,-0.000000,0.0000,0.0000,0.0000,-0.000000,0.000000,0.000000,4
0.4010,0.000000,-0.000000,-0.000000,0.0000,0.0000,0.0000,-0.000000,0.000000,0.000000,4
0.4020,0.000000,-0.000000,-0.000000,0.0000,0.0000,0.0000,-0.000000,0.000000,0.000000,4
0.4030,0.000000,-0.000000,-0.000000,0.0000,0.0000,0.0000,-0.000000,0.000000,0.000000,4
0.4040,0.000000,-0.000000,-0.000000,0.0000,0.0000,0.0000,-0.000000,0.000000,0.000000,4
0.4050,0.000000,-0.000000,-0.000000,0.0000,0.0000,0.0000,-0.000000,0.000000,0.000000,4
0.4060,0.000000,-0.000000,-0.000000,0.0000,0.0000,0.0000,-0.000000,0.000000,0.000000,4
0.4070,0.000000,-0.000000,-0.000000,0.0000,0.0000,0.0000,-0.000000,0.000000,0.000000,4
0.4080,0.000000,-0.000000,-0.000000,0.0000,0.0000,0.0000,-0.000000,0.000000,0.000000,4
0.4090,0.000000,-0.000000,-0.000000,0.0000,0.0000,0.0000,-0.000000,0.000000,0.000000,4
0.4100,0.000000,-0.000000,-0.000000,0.0000,0.0000,0.0000,-0.000000,0.000000,0.000000,4
0.4110,0.000000,-0.000000,-0.000000,0.0000,0.0000,0.0000,-0.000000,0.000000,0.000000,4
0.4120,0.000000,-0.000000,-0.000000,0.0000,0.0000,0.0000,-0.000000,0.000000,0.000000,4
0.4130,0.000000,-0.000000,-0.000000,0.0000,0.0000,0.0000,-0.000000,0.000000,0.000000,4
0.4140,0.000000,-0.000000,-0.000000,0.0000,0.0000,0.0000,-0.000000,0.000000,0.000000,4
0.4150,0.000000,-0.000000,-0.000000,0.0000,0.0000,0.0000,-0.000000,0.000000,0.000000,4
0.4160,0.000000,-0.000000,-0.000000,0.0000,0.0000,0.0000,-0.000000,0.000000,0.000000,4
0.4170,0.000000,-0.000000,-0.000000,0.0000,0.0000,0.0000,-0.000000,0.000000,0.000000,4
0.4180,0.000000,-0.000000,-0.000000,0.0000,0.0000,0.0000,-0.000000,0.000000,0.000000,4
0.4190,0.000000,-0.000000,-0.000000,0.0000,0.0000,0.0000,-0.000000,0.000000,0.000000,4
0.4200,0.000000,-0.000000,-0.000000,0.0000,0.0000,0.0000,-0.000000,0.000000,0.000000,4
0.4210,0.000000,-0.000000,-0.000000,0.0000,0.0000,0.0000,-0.000000,0.000000,0.000000,4
0.4220,0.000000,-0.000000,-0.000000,0.0000,0.0000,0.0000,-0.000000,0.000000,0.000000,4
0.4230,0.000000,-0.000000,-0.000000,0.0000,0.0000,0.0000,-0.000000,0.000000,0.000000,4
0.4240,0.000000,-0.000000,-0.000000,0.0000,0.0000,0.0000,-0.000000,0.000000,0.000000,4
0.4250,0.000000,-0.000000,-0.000000,0.0000,0.0000,0.0000,-0.000000,0.000000,0.000000,4
0.4260,0.000000,-0.000000,-0.000000,0.0000,0.0000,0.0000,-0.000000,0.000000,0.000000,4
0.4270,0.000000,-0.000000,-0.000000,0.0000,0.0000,0.0000,-0.000000,0.000000,0.000000,4
0.4280,0.000000,-0.000000,-0.000000,0.0000,0.0000,0.0000,-0.000000,0.000000,0.000000,4
0.4290,0.000000,-0.000000,-0.000000,0.0000,0.0000,0.0000,-0.000000,0.000000,0.000000,4
0.4300,0.000000,-0.000000,-0.000000,0.0000,0.0000,0.0000,-0.000000,0.000000,0.000000,4
0.4310,0.000000,-0.000000,-0.000000,0.0000,0.0000,0.0000,-0.000000,0.000000,0.000000,4
0.4320,0.000000,-0.000000,-0.000000,0.0000,0.0000,0.0000,-0.000000,0.000000,0.000000,4
0.4330,0.000000,-0.000000,-0.000000,0.0000,0.0000,0.0000,-0.000000,0.000000,0.000000,4
0.4340,0.000000,-0.000000,-0.000000,0.0000,0.0000,0.0000,-0.000000,0.000000,0.000000,4
0.4350,0.000000,-0.000000,-0.000000,0.0000,0.0000,0.0000,-0.000000,0.000000,0.000000,4
0.4360,0.000000,-0.000000,-0.000000,0.0000,0.0000,0.0000,-0.000000,0.000000,0.000000,4
0.4370,0.000000,-0.000000,-0.000000,0.0000,0.0000,0.0000,-0.000000,0.000000,0.000000,4
0.4380,0.000000,-0.000000,-0.000000,0.0000,0.0000,0.0000,-0.000000,0.000000,0.000000,4
0.4390,0.000000,-0.000000,-0.000000,0.0000,0.0000,0.0000,-0.000000,0.000000,0.000000,4
0.4400,0.000000,-0.000000,-0.000000,0.0000,0.0000,0.0000,-0.000000,0.000000,0.000000,4
0.4410,0.000000,-0.000000,-0.000000,0.0000,0.0000,0.0000,-0.000000,0.000000,0.000000,4
0.4420,0.000000,-0.000000,-0.000000,0.0000,0.0000,0.0000,-0.000000,0.000000,0.000000,4
0.4430,0.000000,-0.000000,-0.000000,0.0000,0.0000,0.0000,-0.000000,0.000000,0.000000,4
0.4440,0.000000,-0.000000,-0.000000,0.0000,0.0000,0.0000,-0.000000,0.000000,0.000000,4
0.4450,0.000000,-0.000000,-0.000000,0.0000,0.0000,0.0000,-0.000000,0.000000,0.000000,4
0.4460,0.000000,-0.000000,-0.000000,0.0000,0.0000,0.0000,-0.000000,0.000000,0.000000,4
0.4470,0.000000,-0.000000,-0.000000,0.0000,0.0000,0.0000,-0.000000,0.000000,0.000000,4
0.4480,0.000000,-0.000000,-0.000000,0.0000,0.0000,0.0000,-0.000000,0.000000,0.000000,4
0.4490,0.000000,-0.000000,-0.000000,0.0000,0.0000,0.0000,-0.000000,0.000000,0.000000,4
0.4500,0.000000,-0.000000,-0.000000,0.0000,0.0000,0.0000,-0.000000,0.000000,0.000000,4
0.4510,0.000000,-0.000000,-0.000000,0.0000,0.0000,0.0000,-0.000000,0.000000,0.000000,4
0.4520,0.000000,-0.000000,-0.000000,0.0000,0.0000,0.0000,-0.000000,0.000000,0.000000,4
0.4530,0.000000,-0.000000,-0.000000,0.0000,0.0000,0.0000,-0.000000,0.000000,0.000000,4
0.4540,0.000000,-0.000000,-0.000000,0.0000,0.0000,0.0000,-0.000000,0.000000,0.000000,4
0.4550,0.000000,-0.000000,-0.000000,0.0000,0.0000,0.0000,-0.000000,0.000000,0.000000,4
0.4560,0.000000,-0.000000,-0.000000,0.0000,0.0000,0.0000,-0.000000,0.000000,0.000000,4
0.4570,0.000000,-0.000000,-0.000000,0.0000,0.0000,0.0000,-0.000000,0.000000,0.000000,4
0.4580,0.000000,-0.000000,-0.000000,0.0000,0.0000,0.0000,-0.000000,0.000000,0.000000,4
0.4590,0.000000,-0.000000,-0.000000,0.0000,0.0000,0.0000,-0.000000,0.000000,0.000000,4
0.4600,0.000000,-0.000000,-0.000000,0.0000,0.0000,0.0000,-0.000000,0.000000,0.000000,4
0.4610,0.000000,-0.000000,-0.000000,0.0000,0.0000,0.0000,-0.000000,0.000000,0.000000,4
0.4620,0.000000,-0.000000,-0.000000,0.0000,0.0000,0.0000,-0.000000,0.000000,0.000000,4
0.4630,0.000000,-0.000000,-0.000000,0.0000,0.0000,0.0000,-0.000000,0.000000,0.000000,4
0.4640,0.000000,-0.000000,-0.000000,0.0000,0.0000,0.0000,-0.000000,0.000000,0.000000,4
0.4650,0.000000,-0.000000,-0.000000,0.0000,0.0000,0.0000,-0.000000,0.000000,0.000000,4
0.4660,0.000000,-0.000000,-0.000000,0.0000,0.0000,0.0000,-0.000000,0.000000,0.000000,4
0.4670,0.000000,-0.000000,-0.000000,0.0000,0.0000,0.0000,-0.000000,0.000000,0.000000,4
0.4680,0.000000,-0.000000,-0.000000,0.0000,0.0000,0.0000,-0.000000,0.000000,0.000000,4
0.4690,0.000000,-0.000000,-0.000000,0.0000,0.0000,0.0000,-0.000000,0.000000,0.000000,4
0.4700,0.000000,-0.000000,-0.000000,0.0000,0.0000,0.0000,-0.000000,0.000000,0.000000,4
0.4710,0.000000,-0.000000,-0.000000,0.0000,0.0000,0.0000,-0.000000,0.000000,0.000000,4
0.4720,0.000000,-0.000000,-0.000000,0.0000,0.0000,0.0000,-0.000000,0.000000,0.000000,4
0.4730,0.000000,-0.000000,-0.000000,0.0000,0.0000,0.0000,-0.000000,0.000000,0.000000,4
0.4740,0.000000,-0.000000,-0.000000,0.0000,0.0000,0.0000,-0.000000,0.000000,0.000000,4
0.4750,0.000000,-0.000000,-0.000000,0.0000,0.0000,0.0000,-0.000000,0.000000,0.000000,4
0.4760,0.000000,-0.000000,-0.000000,0.0000,0.0000,0.0000,-0.000000,0.000000,0.000000,4
0.4770,0.000000,-0.000000,-0.000000,0.0000,0.0000,0.0000,-0.000000,0.000000,0.000000,4
0.4780,0.000000,-0.000000,-0.000000,0.0000,0.0000,0.0000,-0.000000,0.000000,0.000000,4
0.4790,0.000000,-0.000000,-0.000000,0.0000,0.0000,0.0000,-0.000000,0.000000,0.000000,4
0.4800,0.000000,-0.000000,-0.000000,0.0000,0.0000,0.0000,-0.000000,0.000000,0.000000,4
0.4810,0.000000,-0.000000,-0.000000,0.0000,0.0000,0.0000,-0.000000,0.000000,0.000000,4
0.4820,0.000000,-0.000000,-0.000000,0.0000,0.0000,0.0000,-0.000000,0.000000,0.000000,4
0.4830,0.000000,-0.000000,-0.000000,0.0000,0.0000,0.0000,-0.000000,0.000000,0.000000,4
0.4840,0.000000,-0.000000,-0.000000,0.0000,0.0000,0.0000,-0.000000,0.000000,0.000000,4
0.4850,0.000000,-0.000000,-0.000000,0.0000,0.0000,0.0000,-0.000000,0.000000,0.000000,4
0.4860,0.000000,-0.000000,-0.000000,0.0000,0.0000,0.0000,-0.000000,0.000000,0.000000,4
0.4870,0.000000,-0.000000,-0.000000,0.0000,0.0000,0.0000,-0.000000,0.000000,0.000000,4
0.4880,0.000000,-0.000000,-0.000000,0.0000,0.0000,0.0000,-0.000000,0.000000,0.000000,4
0.4890,0.000000,-0.000000,-0.000000,0.0000,0.0000,0.0000,-0.000000,0.000000,0.000000,4
0.4900,0.000000,-0.000000,-0.000000,0.0000,0.0000,0.0000,-0.000000,0.000000,0.000000,4
0.4910,0.000000,-0.000000,-0.000000,0.0000,0.0000,0.0000,-0.000000,0.000000,0.000000,4
0.4920,0.000000,-0.000000,-0.000000,0.0000,0.0000,0.0000,-0.000000,0.000000,0.000000,4
0.4930,0.000000,-0.000000,-0.000000,0.0000,0.0000,0.0000,-0.000000,0.000000,0.000000,4
0.4940,0.000000,-0.000000,-0.000000,0.0000,0.0000,0.0000,-0.000000,0.000000,0.000000,4
0.4950,0.000000,-0.000000,-0.000000,0.0000,0.0000,0.0000,-0.000000,0.000000,0.000000,4
0.4960,0.000000,-0.000000,-0.000000,0.0000,0.0000,0.0000,-0.000000,0.000000,0.000000,4
0.4970,0.000000,-0.000000,-0.000000,0.0000,0.0000,0.0000,-0.000000,0.000000,0.000000,4
0.4980,0.000000,-0.000000,-0.000000,0.0000,0.0000,0.0000,-0.000000,0.000000,0.000000,4
0.4990,0.000000,-0.000000,-0.000000,0.0000,0.0000,0.0000,-0.000000,0.000000,0.000000,4
0.5000,0.000000,-0.000000,-0.000000,0.0000,0.0000,0.0000,-0.000000,0.000000,0.000000,4
0.5010,0.000000,-0.000000,-0.000000,0.0000,0.0000,0.0000,-0.000000,0.000000,0.000000,4
0.5020,0.000000,-0.000000,-0.000000,0.0000,0.0000,0.0000,-0.000000,0.000000,0.000000,4
0.5030,0.000000,-0.000000,-0.000000,0.0000,0.0000,0.0000,-0.000000,0.000000,0.000000,4
0.5040,0.000000,-0.000000,-0.000000,0.0000,0.0000,0.0000,-0.000000,0.000000,0.000000,4
0.5050,0.000000,-0.000000,-0.000000,0.0000,0.0000,0.0000,-0.000000,0.000000,0.000000,4
0.5060,0.000000,-0.000000,-0.000000,0.0000,0.0000,0.0000,-0.000000,0.000000,0.000000,4
0.5070,0.000000,-0.000000,-0.000000,0.0000,0.0000,0.0000,-0.000000,0.000000,0.000000,4
0.5080,0.000000,-0.000000,-0.000000,0.0000,0.0000,0.0000,-0.000000,0.000000,0.000000,4
0.5090,0.000000,-0.000000,-0.000000,0.0000,0.0000,0.0000,-0.000000,0.000000,0.000000,4
0.5100,0.000000,-0.000000,-0.000000,0.0000,0.0000,0.0000,-0.000000,0.000000,0.000000,4
0.5110,0.000000,-0.000000,-0.000000,0.0000,0.0000,0.0000,-0.000000,0.000000,0.000000,4
0.5120,0.000000,-0.000000,-0.000000,0.0000,0.0000,0.0000,-0.000000,0.000000,0.000000,4
0.5130,0.000000,-0.000000,-0.000000,0.0000,0.0000,0.0000,-0.000000,0.000000,0.000000,4
0.5140,0.000000,-0.000000,-0.000000,0.0000,0.0000,0.0000,-0.000000,0.000000,0.000000,4
0.5150,0.000000,-0.000000,-0.000000,0.0000,0.0000,0.0000,-0.000000,0.000000,0.000000,4
0.5160,0.000000,-0.000000,-0.000000,0.0000,0.0000,0.0000,-0.000000,0.000000,0.000000,4
0.5170,0.000000,-0.000000,-0.000000,0.0000,0.0000,0.0000,-0.000000,0.000000,0.000000,4
0.5180,0.000000,-0.000000,-0.000000,0.0000,0.0000,0.0000,-0.000000,0.000000,0.000000,4
0.5190,0.000000,-0.000000,-0.000000,0.0000,0.0000,0.0000,-0.000000,0.000000,0.000000,4
0.5200,0.000000,-0.000000,-0.000000,0.0000,0.0000,0.0000,-0.000000,0.000000,0.000000,4
0.5210,0.000000,-0.000000,-0.000000,0.0000,0.0000,0.0000,-0.000000,0.000000,0.000000,4
0.5220,0.000000,-0.000000,-0.000000,0.0000,0.0000,0.0000,-0.000000,0.000000,0.000000,4
0.5230,0.000000,-0.000000,-0.000000,0.0000,0.0000,0.0000,-0.000000,0.000000,0.000000,4
0.5240,0.000000,-0.000000,-0.000000,0.0000,0.0000,0.0000,-0.000000,0.000000,0.000000,4
0.5250,0.000000,-0.000000,-0.000000,0.0000,0.0000,0.0000,-0.000000,0.000000,0.000000,4
0.5260,0.000000,-0.000000,-0.000000,0.0000,0.0000,0.0000,-0.000000,0.000000,0.000000,4
0.5270,0.000000,-0.000000,-0.000000,0.0000,0.0000,0.0000,-0.000000,0.000000,0.000000,4
0.5280,0.000000,-0.000000,-0.000000,0.0000,0.0000,0.0000,-0.000000,0.000000,0.000000,4
0.5290,0.000000,-0.000000,-0.000000,0.0000,0.0000,0.0000,-0.000000,0.000000,0.000000,4
0.5300,0.000000,-0.000000,-0.000000,0.0000,0.0000,0.0000,-0.000000,0.000000,0.000000,4
0.5310,0.000000,-0.000000,-0.000000,0.0000,0.0000,0.0000,-0.000000,0.000000,0.000000,4
0.5320,0.000000,-0.000000,-0.000000,0.0000,0.0000,0.0000,-0.000000,0.000000,0.000000,4
0.5330,0.000000,-0.000000,-0.000000,0.0000,0.0000,0.0000,-0.000000,0.000000,0.000000,4
0.5340,0.000000,-0.000000,-0.000000,0.0000,0.0000,0.0000,-0.000000,0.000000,0.000000,4
0.5350,0.000000,-0.000000,-0.000000,0.0000,0.0000,0.0000,-0.000000,0.000000,0.000000,4
0.5360,0.000000,-0.000000,-0.000000,0.0000,0.0000,0.0000,-0.000000,0.000000,0.000000,4
0.5370,0.000000,-0.000000,-0.000000,0.0000,0.0000,0.0000,-0.000000,0.000000,0.000000,4
0.5380,0.000000,-0.000000,-0.000000,0.0000,0.0000,0.0000,-0.000000,0.000000,0.000000,4
0.5390,0.000000,-0.000000,-0.000000,0.0000,0.0000,0.0000,-0.000000,0.000000,0.000000,4
0.5400,0.000000,-0.000000,-0.000000,0.0000,0.0000,0.0000,-0.000000,0.000000,0.000000,4
0.5410,0.000000,-0.000000,-0.000000,0.0000,0.0000,0.0000,-0.000000,0.000000,0.000000,4
0.5420,0.000000,-0.000000,-0.000000,0.0000,0.0000,0.0000,-0.000000,0.000000,0.000000,4
0.5430,0.000000,-0.000000,-0.000000,0.0000,0.0000,0.0000,-0.000000,0.000000,0.000000,4
0.5440,0.000000,-0.000000,-0.000000,0.0000,0.0000,0.0000,-0.000000,0.000000,0.000000,4
0.5450,0.000000,-0.000000,-0.000000,0.0000,0.0000,0.0000,-0.000000,0.000000,0.000000,4
0.5460,0.000000,-0.000000,-0.000000,0.0000,0.0000,0.0000,-0.000000,0.000000,0.000000,4
0.5470,0.000000,-0.000000,-0.000000,0.0000,0.0000,0.0000,-0.000000,0.000000,0.000000,4
0.5480,0.000000,-0.000000,-0.000000,0.0000,0.0000,0.0000,-0.000000,0.000000,0.000000,4
0.5490,0.000000,-0.000000,-0.000000,0.0000,0.0000,0.0000,-0.000000,0.000000,0.000000,4
0.5500,0.000000,-0.000000,-0.000000,0.0000,0.0000,0.0000,-0.000000,0.000000,0.000000,4
0.5510,0.000000,-0.000000,-0.000000,0.0000,0.0000,0.0000,-0.000000,0.000000,0.000000,4
0.5520,0.000000,-0.000000,-0.000000,0.0000,0.0000,0.0000,-0.000000,0.000000,0.000000,4
0.5530,0.000000,-0.000000,-0.000000,0.0000,0.0000,0.0000,-0.000000,0.000000,0.000000,4
0.5540,0.000000,-0.000000,-0.000000,0.0000,0.0000,0.0000,-0.000000,0.000000,0.000000,4
0.5550,0.000000,-0.000000,-0.000000,0.0000,0.0000,0.0000,-0.000000,0.000000,0.000000,4
0.5560,0.000000,-0.000000,-0.000000,0.0000,0.0000,0.0000,-0.000000,0.000000,0.000000,4
0.5570,0.000000,-0.000000,-0.000000,0.0000,0.0000,0.0000,-0.000000,0.000000,0.000000,4
0.5580,0.000000,-0.000000,-0.000000,0.0000,0.0000,0.0000,-0.000000,0.000000,0.000000,4
0.5590,0.000000,-0.000000,-0.000000,0.0000,0.0000,0.0000,-0.000000,0.000000,0.000000,4
0.5600,0.000000,-0.000000,-0.000000,0.0000,0.0000,0.0000,-0.000000,0.000000,0.000000,4
0.5610,0.000000,-0.000000,-0.000000,0.0000,0.0000,0.0000,-0.000000,0.000000,0.000000,4
0.5620,0.000000,-0.000000,-0.000000,0.0000,0.0000,0.0000,-0.000000,0.000000,0.000000,4
0.5630,0.000000,-0.000000,-0.000000,0.0000,0.0000,0.0000,-0.000000,0.000000,0.000000,4
0.5640,0.000000,-0.000000,-0.000000,0.0000,0.0000,0.0000,-0.000000,0.000000,0.000000,4
0.5650,0.000000,-0.000000,-0.000000,0.0000,0.0000,0.0000,-0.000000,0.000000,0.000000,4
0.5660,0.000000,-0.000000,-0.000000,0.0000,0.0000,0.0000,-0.000000,0.000000,0.000000,4
0.5670,0.000000,-0.000000,-0.000000,0.0000,0.0000,0.0000,-0.000000,0.000000,0.000000,4
0.5680,0.000000,-0.000000,-0.000000,0.0000,0.0000,0.0000,-0.000000,0.000000,0.000000,4
0.5690,0.000000,-0.000000,-0.000000,0.0000,0.0000,0.0000,-0.000000,0.000000,0.000000,4
0.5700,0.000000,-0.000000,-0.000000,0.0000,0.0000,0.0000,-0.000000,0.000000,0.000000,4
0.5710,0.000000,-0.000000,-0.000000,0.0000,0.0000,0.0000,-0.000000,0.000000,0.000000,4
0.5720,0.000000,-0.000000,-0.000000,0.0000,0.0000,0.0000,-0.000000,0.000000,0.000000,4
0.5730,0.000000,-0.000000,-0.000000,0.0000,0.0000,0.0000,-0.000000,0.000000,0.000000,4
0.5740,0.000000,-0.000000,-0.000000,0.0000,0.0000,0.0000,-0.000000,0.000000,0.000000,4
0.5750,0.000000,-0.000000,-0.000000,0.0000,0.0000,0.0000,-0.000000,0.000000,0.000000,4
0.5760,0.000000,-0.000000,-0.000000,0.0000,0.0000,0.0000,-0.000000,0.000000,0.000000,4
0.5770,0.000000,-0.000000,-0.000000,0.0000,0.0000,0.0000,-0.000000,0.000000,0.000000,4
0.5780,0.000000,-0.000000,-0.000000,0.0000,0.0000,0.0000,-0.000000,0.000000,0.000000,4
0.5790,0.000000,-0.000000,-0.000000,0.0000,0.0000,0.0000,-0.000000,0.000000,0.000000,4
0.5800,0.000000,-0.000000,-0.000000,0.0000,0.0000,0.0000,-0.000000,0.000000,0.000000,4
0.5810,0.000000,-0.000000,-0.000000,0.0000,0.0000,0.0000,-0.000000,0.000000,0.000000,4
0.5820,0.000000,-0.000000,-0.000000,0.0000,0.0000,0.0000,-0.000000,0.000000,0.000000,4
0.5830,0.000000,-0.000000,-0.000000,0.0000,0.0000,0.0000,-0.000000,0.000000,0.000000,4
0.5840,0.000000,-0.000000,-0.000000,0.0000,0.0000,0.0000,-0.000000,0.000000,0.000000,4
0.5850,0.000000,-0.000000,-0.000000,0.0000,0.0000,0.0000,-0.000000,0.000000,0.000000,4
0.5860,0.000000,-0.000000,-0.000000,0.0000,0.0000,0.0000,-0.000000,0.000000,0.000000,4
0.5870,0.000000,-0.000000,-0.000000,0.0000,0.0000,0.0000,-0.000000,0.000000,0.000000,4
0.5880,0.000000,-0.000000,-0.000000,0.0000,0.0000,0.0000,-0.000000,0.000000,0.000000,4
0.5890,0.000000,-0.000000,-0.000000,0.0000,0.0000,0.0000,-0.000000,0.000000,0.000000,4
0.5900,0.000000,-0.000000,-0.000000,0.0000,0.0000,0.0000,-0.000000,0.000000,0.000000,4
0.5910,0.000000,-0.000000,-0.000000,0.0000,0.0000,0.0000,-0.000000,0.000000,0.000000,4
0.5920,0.000000,-0.000000,-0.000000,0.0000,0.0000,0.0000,-0.000000,0.000000,0.000000,4
0.5930,0.000000,-0.000000,-0.000000,0.0000,0.0000,0.0000,-0.000000,0.000000,0.000000,4
0.5940,0.000000,-0.000000,-0.000000,0.0000,0.0000,0.0000,-0.000000,0.000000,0.000000,4
0.5950,0.000000,-0.000000,-0.000000,0.0000,0.0000,0.0000,-0.000000,0.000000,0.000000,4
0.5960,0.000000,-0.000000,-0.000000,0.0000,0.0000,0.0000,-0.000000,0.000000,0.000000,4
0.5970,0.000000,-0.000000,-0.000000,0.0000,0.0000,0.0000,-0.000000,0.000000,0.000000,4
0.5980,0.000000,-0.000000,-0.000000,0.0000,0.0000,0.0000,-0.000000,0.000000,0.000000,4
0.5990,0.000000,-0.000000,-0.000000,0.0000,0.0000,0.0000,-0.000000,0.000000,0.000000,4
0.6000,0.000000,-0.000000,-0.000000,0.0000,0.0000,0.0000,-0.000000,0.000000,0.000000,4
0.6010,0.000000,-0.000000,-0.000000,0.0000,0.0000,0.0000,-0.000000,0.000000,0.000000,4
0.6020,0.000000,-0.000000,-0.000000,0.0000,0.0000,0.0000,-0.000000,0.000000,0.000000,4
0.6030,0.000000,-0.000000,-0.000000,0.0000,0.0000,0.0000,-0.000000,0.000000,0.000000,4
0.6040,0.000000,-0.000000,-0.000000,0.0000,0.0000,0.0000,-0.000000,0.000000,0.000000,4
0.6050,0.000000,-0.000000,-0.000000,0.0000,0.0000,0.0000,-0.000000,0.000000,0.000000,4
0.6060,0.000000,-0.000000,-0.000000,0.0000,0.0000,0.0000,-0.000000,0.000000,0.000000,4
0.6070,0.000000,-0.000000,-0.000000,0.0000,0.0000,0.0000,-0.000000,0.000000,0.000000,4
0.6080,0.000000,-0.000000,-0.000000,0.0000,0.0000,0.0000,-0.000000,0.000000,0.000000,4
0.6090,0.000000,-0.000000,-0.000000,0.0000,0.0000,0.0000,-0.000000,0.000000,0.000000,4
0.6100,0.000000,-0.000000,-0.000000,0.0000,0.0000,0.0000,-0.000000,0.000000,0.000000,4
0.6110,0.000000,-0.000000,-0.000000,0.0000,0.0000,0.0000,-0.000000,0.000000,0.000000,4
0.6120,0.000000,-0.000000,-0.000000,0.0000,0.0000,0.0000,-0.000000,0.000000,0.000000,4
0.6130,0.000000,-0.000000,-0.000000,0.0000,0.0000,0.0000,-0.000000,0.000000,0.000000,4
0.6140,0.000000,-0.000000,-0.000000,0.0000,0.0000,0.0000,-0.000000,0.000000,0.000000,4
0.6150,0.000000,-0.000000,-0.000000,0.0000,0.0000,0.0000,-0.000000,0.000000,0.000000,4
0.6160,0.000000,-0.000000,-0.000000,0.0000,0.0000,0.0000,-0.000000,0.000000,0.000000,4
0.6170,0.000000,-0.000000,-0.000000,0.0000,0.0000,0.0000,-0.000000,0.000000,0.000000,4
0.6180,0.000000,-0.000000,-0.000000,0.0000,0.0000,0.0000,-0.000000,0.000000,0.000000,4
0.6190,0.000000,-0.000000,-0.000000,0.0000,0.0000,0.0000,-0.000000,0.000000,0.000000,4
0.6200,0.000000,-0.000000,-0.000000,0.0000,0.0000,0.0000,-0.000000,0.000000,0.000000,4
0.6210,0.000000,-0.000000,-0.000000,0.0000,0.0000,0.0000,-0.000000,0.000000,0.000000,4
0.6220,0.000000,-0.000000,-0.000000,0.0000,0.0000,0.0000,-0.000000,0.000000,0.000000,4
0.6230,0.000000,-0.000000,-0.000000,0.0000,0.0000,0.0000,-0.000000,0.000000,0.000000,4
0.6240,0.000000,-0.000000,-0.000000,0.0000,0.0000,0.0000,-0.000000,0.000000,0.000000,4
0.6250,0.000000,-0.000000,-0.000000,0.0000,0.0000,0.0000,-0.000000,0.000000,0.000000,4
0.6260,0.000000,-0.000000,-0.000000,0.0000,0.0000,0.0000,-0.000000,0.000000,0.000000,4
0.6270,0.000000,-0.000000,-0.000000,0.0000,0.0000,0.0000,-0.000000,0.000000,0.000000,4
0.6280,0.000000,-0.000000,-0.000000,0.0000,0.0000,0.0000,-0.000000,0.000000,0.000000,4
0.6290,0.000000,-0.000000,-0.000000,0.0000,0.0000,0.0000,-0.000000,0.000000,0.000000,4
0.6300,0.000000,-0.000000,-0.000000,0.0000,0.0000,0.0000,-0.000000,0.000000,0.000000,4
0.6310,0.000000,-0.000000,-0.000000,0.0000,0.0000,0.0000,-0.000000,0.000000,0.000000,4
0.6320,0.000000,-0.000000,-0.000000,0.0000,0.0000,0.0000,-0.000000,0.000000,0.000000,4
0.6330,0.000000,-0.000000,-0.000000,0.0000,0.0000,0.0000,-0.000000,0.000000,0.000000,4
0.6340,0.000000,-0.000000,-0.000000,0.0000,0.0000,0.0000,-0.000000,0.000000,0.000000,4
0.6350,0.000000,-0.000000,-0.000000,0.0000,0.0000,0.0000,-0.000000,0.000000,0.000000,4
0.6360,0.000000,-0.000000,-0.000000,0.0000,0.0000,0.0000,-0.000000,0.000000,0.000000,4
0.6370,0.000000,-0.000000,-0.000000,0.0000,0.0000,0.0000,-0.000000,0.000000,0.000000,4
0.6380,0.000000,-0.000000,-0.000000,0.0000,0.0000,0.0000,-0.000000,0.000000,0.000000,4
0.6390,0.000000,-0.000000,-0.000000,0.0000,0.0000,0.0000,-0.000000,0.000000,0.000000,4
0.6400,0.000000,-0.000000,-0.000000,0.0000,0.0000,0.0000,-0.000000,0.000000,0.000000,4
0.6410,0.000000,-0.000000,-0.000000,0.0000,0.0000,0.0000,-0.000000,0.000000,0.000000,4
0.6420,0.000000,-0.000000,-0.000000,0.0000,0.0000,0.0000,-0.000000,0.000000,0.000000,4
0.6430,0.000000,-0.000000,-0.000000,0.0000,0.0000,0.0000,-0.000000,0.000000,0.000000,4
0.6440,0.000000,-0.000000,-0.000000,0.0000,0.0000,0.0000,-0.000000,0.000000,0.000000,4
0.6450,0.000000,-0.000000,-0.000000,0.0000,0.0000,0.0000,-0.000000,0.000000,0.000000,4
0.6460,0.000000,-0.000000,-0.000000,0.0000,0.0000,0.0000,-0.000000,0.000000,0.000000,4
0.6470,0.000000,-0.000000,-0.000000,0.0000,0.0000,0.0000,-0.000000,0.000000,0.000000,4
0.6480,0.000000,-0.000000,-0.000000,0.0000,0.0000,0.0000,-0.000000,0.000000,0.000000,4
0.6490,0.000000,-0.000000,-0.000000,0.0000,0.0000,0.0000,-0.000000,0.000000,0.000000,4
0.6500,0.000000,-0.000000,-0.000000,0.0000,0.0000,0.0000,-0.000000,0.000000,0.000000,4
0.6510,0.000000,-0.000000,-0.000000,0.0000,0.0000,0.0000,-0.000000,0.000000,0.000000,4
0.6520,0.000000,-0.000000,-0.000000,0.0000,0.0000,0.0000,-0.000000,0.000000,0.000000,4
0.6530,0.000000,-0.000000,-0.000000,0.0000,0.0000,0.0000,-0.000000,0.000000,0.000000,4
0.6540,0.000000,-0.000000,-0.000000,0.0000,0.0000,0.0000,-0.000000,0.000000,0.000000,4
0.6550,0.000000,-0.000000,-0.000000,0.0000,0.0000,0.0000,-0.000000,0.000000,0.000000,4
0.6560,0.000000,-0.000000,-0.000000,0.0000,0.0000,0.0000,-0.000000,0.000000,0.000000,4
0.6570,0.000000,-0.000000,-0.000000,0.0000,0.0000,0.0000,-0.000000,0.000000,0.000000,4
0.6580,0.000000,-0.000000,-0.000000,0.0000,0.0000,0.0000,-0.000000,0.000000,0.000000,4
0.6590,0.000000,-0.000000,-0.000000,0.0000,0.0000,0.0000,-0.000000,0.000000,0.000000,4
0.6600,0.000000,-0.000000,-0.000000,0.0000,0.0000,0.0000,-0.000000,0.000000,0.000000,4
0.6610,0.000000,-0.000000,-0.000000,0.0000,0.0000,0.0000,-0.000000,0.000000,0.000000,4
0.6620,0.000000,-0.000000,-0.000000,0.0000,0.0000,0.0000,-0.000000,0.000000,0.000000,4
0.6630,0.000000,-0.000000,-0.000000,0.0000,0.0000,0.0000,-0.000000,0.000000,0.000000,4
0.6640,0.000000,-0.000000,-0.000000,0.0000,0.0000,0.0000,-0.000000,0.000000,0.000000,4
0.6650,0.000000,-0.000000,-0.000000,0.0000,0.0000,0.0000,-0.000000,0.000000,0.000000,4
0.6660,0.000000,-0.000000,-0.000000,0.0000,0.0000,0.0000,-0.000000,0.000000,0.000000,4
0.6670,0.000000,-0.000000,-0.000000,0.0000,0.0000,0.0000,-0.000000,0.000000,0.000000,4
0.6680,0.000000,-0.000000,-0.000000,0.0000,0.0000,0.0000,-0.000000,0.000000,0.000000,4
0.6690,0.000000,-0.000000,-0.000000,0.0000,0.0000,0.0000,-0.000000,0.000000,0.000000,4
0.6700,0.000000,-0.000000,-0.000000,0.0000,0.0000,0.0000,-0.000000,0.000000,0.000000,4
0.6710,0.000000,-0.000000,-0.000000,0.0000,0.0000,0.0000,-0.000000,0.000000,0.000000,4
0.6720,0.000000,-0.000000,-0.000000,0.0000,0.0000,0.0000,-0.000000,0.000000,0.000000,4
0.6730,0.000000,-0.000000,-0.000000,0.0000,0.0000,0.0000,-0.000000,0.000000,0.000000,4
0.6740,0.000000,-0.000000,-0.000000,0.0000,0.0000,0.0000,-0.000000,0.000000,0.000000,4
0.6750,0.000000,-0.000000,-0.000000,0.0000,0.0000,0.0000,-0.000000,0.000000,0.000000,4
0.6760,0.000000,-0.000000,-0.000000,0.0000,0.0000,0.0000,-0.000000,0.000000,0.000000,4
0.6770,0.000000,-0.000000,-0.000000,0.0000,0.0000,0.0000,-0.000000,0.000000,0.000000,4
0.6780,0.000000,-0.000000,-0.000000,0.0000,0.0000,0.0000,-0.000000,0.000000,0.000000,4
0.6790,0.000000,-0.000000,-0.000000,0.0000,0.0000,0.0000,-0.000000,0.000000,0.000000,4
0.6800,0.000000,-0.000000,-0.000000,0.0000,0.0000,0.0000,-0.000000,0.000000,0.000000,4
0.6810,0.000000,-0.000000,-0.000000,0.0000,0.0000,0.0000,-0.000000,0.000000,0.000000,4
0.6820,0.000000,-0.000000,-0.000000,0.0000,0.0000,0.0000,-0.000000,0.000000,0.000000,4
0.6830,0.000000,-0.000000,-0.000000,0.0000,0.0000,0.0000,-0.000000,0.000000,0.000000,4
0.6840,0.000000,-0.000000,-0.000000,0.0000,0.0000,0.0000,-0.000000,0.000000,0.000000,4
0.6850,0.000000,-0.000000,-0.000000,0.0000,0.0000,0.0000,-0.000000,0.000000,0.000000,4
0.6860,0.000000,-0.000000,-0.000000,0.0000,0.0000,0.0000,-0.000000,0.000000,0.000000,4
0.6870,0.000000,-0.000000,-0.000000,0.0000,0.0000,0.0000,-0.000000,0.000000,0.000000,4
0.6880,0.000000,-0.000000,-0.000000,0.0000,0.0000,0.0000,-0.000000,0.000000,0.000000,4
0.6890,0.000000,-0.000000,-0.000000,0.0000,0.0000,0.0000,-0.000000,0.000000,0.000000,4
0.6900,0.000000,-0.000000,-0.000000,0.0000,0.0000,0.0000,-0.000000,0.000000,0.000000,4
0.6910,0.000000,-0.000000,-0.000000,0.0000,0.0000,0.0000,-0.000000,0.000000,0.000000,4
0.6920,0.000000,-0.000000,-0.000000,0.0000,0.0000,0.0000,-0.000000,0.000000,0.000000,4
0.6930,0.000000,-0.000000,-0.000000,0.0000,0.0000,0.0000,-0.000000,0.000000,0.000000,4
0.6940,0.000000,-0.000000,-0.000000,0.0000,0.0000,0.0000,-0.000000,0.000000,0.000000,4
0.6950,0.000000,-0.000000,-0.000000,0.0000,0.0000,0.0000,-0.000000,0.000000,0.000000,4
0.6960,0.000000,-0.000000,-0.000000,0.0000,0.0000,0.0000,-0.000000,0.000000,0.000000,4
0.6970,0.000000,-0.000000,-0.000000,0.0000,0.0000,0.0000,-0.000000,0.000000,0.000000,4
0.6980,0.000000,-0.000000,-0.000000,0.0000,0.0000,0.0000,-0.000000,0.000000,0.000000,4
0.6990,0.000000,-0.000000,-0.000000,0.0000,0.0000,0.0000,-0.000000,0.000000,0.000000,4
0.7000,0.000000,-0.000000,-0.000000,0.0000,0.0000,0.0000,-0.000000,0.000000,0.000000,4
0.7010,0.000000,-0.000000,-0.000000,0.0000,0.0000,0.0000,-0.000000,0.000000,0.000000,4
0.7020,0.000000,-0.000000,-0.000000,0.0000,0.0000,0.0000,-0.000000,0.000000,0.000000,4
0.7030,0.000000,-0.000000,-0.000000,0.0000,0.0000,0.0000,-0.000000,0.000000,0.000000,4
0.7040,0.000000,-0.000000,-0.000000,0.0000,0.0000,0.0000,-0.000000,0.000000,0.000000,4
0.7050,0.000000,-0.000000,-0.000000,0.0000,0.0000,0.0000,-0.000000,0.000000,0.000000,4
0.7060,0.000000,-0.000000,-0.000000,0.0000,0.0000,0.0000,-0.000000,0.000000,0.000000,4
0.7070,0.000000,-0.000000,-0.000000,0.0000,0.0000,0.0000,-0.000000,0.000000,0.000000,4
0.7080,0.000000,-0.000000,-0.000000,0.0000,0.0000,0.0000,-0.000000,0.000000,0.000000,4
0.7090,0.000000,-0.000000,-0.000000,0.0000,0.0000,0.0000,-0.000000,0.000000,0.000000,4
0.7100,0.000000,-0.000000,-0.000000,0.0000,0.0000,0.0000,-0.000000,0.000000,0.000000,4
0.7110,0.000000,-0.000000,-0.000000,0.0000,0.0000,0.0000,-0.000000,0.000000,0.000000,4
0.7120,0.000000,-0.000000,-0.000000,0.0000,0.0000,0.0000,-0.000000,0.000000,0.000000,4
0.7130,0.000000,-0.000000,-0.000000,0.0000,0.0000,0.0000,-0.000000,0.000000,0.000000,4
0.7140,0.000000,-0.000000,-0.000000,0.0000,0.0000,0.0000,-0.000000,0.000000,0.000000,4
0.7150,0.000000,-0.000000,-0.000000,0.0000,0.0000,0.0000,-0.000000,0.000000,0.000000,4
0.7160,0.000000,-0.000000,-0.000000,0.0000,0.0000,0.0000,-0.000000,0.000000,0.000000,4
0.7170,0.000000,-0.000000,-0.000000,0.0000,0.0000,0.0000,-0.000000,0.000000,0.000000,4
0.7180,0.000000,-0.000000,-0.000000,0.0000,0.0000,0.0000,-0.000000,0.000000,0.000000,4
0.7190,0.000000,-0.000000,-0.000000,0.0000,0.0000,0.0000,-0.000000,0.000000,0.000000,4
0.7200,0.000000,-0.000000,-0.000000,0.0000,0.0000,0.0000,-0.000000,0.000000,0.000000,4
0.7210,0.000000,-0.000000,-0.000000,0.0000,0.0000,0.0000,-0.000000,0.000000,0.000000,4
0.7220,0.000000,-0.000000,-0.000000,0.0000,0.0000,0.0000,-0.000000,0.000000,0.000000,4
0.7230,0.000000,-0.000000,-0.000000,0.0000,0.0000,0.0000,-0.000000,0.000000,0.000000,4
0.7240,0.000000,-0.000000,-0.000000,0.0000,0.0000,0.0000,-0.000000,0.000000,0.000000,4
0.7250,0.000000,-0.000000,-0.000000,0.0000,0.0000,0.0000,-0.000000,0.000000,0.000000,4
0.7260,0.000000,-0.000000,-0.000000,0.0000,0.0000,0.0000,-0.000000,0.000000,0.000000,4
0.7270,0.000000,-0.000000,-0.000000,0.0000,0.0000,0.0000,-0.000000,0.000000,0.000000,4
0.7280,0.000000,-0.000000,-0.000000,0.0000,0.0000,0.0000,-0.000000,0.000000,0.000000,4
0.7290,0.000000,-0.000000,-0.000000,0.0000,0.0000,0.0000,-0.000000,0.000000,0.000000,4
0.7300,0.000000,-0.000000,-0.000000,0.0000,0.0000,0.0000,-0.000000,0.000000,0.000000,4
0.7310,0.000000,-0.000000,-0.000000,0.0000,0.0000,0.0000,-0.000000,0.000000,0.000000,4
0.7320,0.000000,-0.000000,-0.000000,0.0000,0.0000,0.0000,-0.000000,0.000000,0.000000,4
0.7330,0.000000,-0.000000,-0.000000,0.0000,0.0000,0.0000,-0.000000,0.000000,0.000000,4
0.7340,0.000000,-0.000000,-0.000000,0.0000,0.0000,0.0000,-0.000000,0.000000,0.000000,4
0.7350,0.000000,-0.000000,-0.000000,0.0000,0.0000,0.0000,-0.000000,0.000000,0.000000,4
0.7360,0.000000,-0.000000,-0.000000,0.0000,0.0000,0.0000,-0.000000,0.000000,0.000000,4
0.7370,0.000000,-0.000000,-0.000000,0.0000,0.0000,0.0000,-0.000000,0.000000,0.000000,4
0.7380,0.000000,-0.000000,-0.000000,0.0000,0.0000,0.0000,-0.000000,0.000000,0.000000,4
0.7390,0.000000,-0.000000,-0.000000,0.0000,0.0000,0.0000,-0.000000,0.000000,0.000000,4
0.7400,0.000000,-0.000000,-0.000000,0.0000,0.0000,0.0000,-0.000000,0.000000,0.000000,4
0.7410,0.000000,-0.000000,-0.000000,0.0000,0.0000,0.0000,-0.000000,0.000000,0.000000,4
0.7420,0.000000,-0.000000,-0.000000,0.0000,0.0000,0.0000,-0.000000,0.000000,0.000000,4
0.7430,0.000000,-0.000000,-0.000000,0.0000,0.0000,0.0000,-0.000000,0.000000,0.000000,4
0.7440,0.000000,-0.000000,-0.000000,0.0000,0.0000,0.0000,-0.000000,0.000000,0.000000,4
0.7450,0.000000,-0.000000,-0.000000,0.0000,0.0000,0.0000,-0.000000,0.000000,0.000000,4
0.7460,0.000000,-0.000000,-0.000000,0.0000,0.0000,0.0000,-0.000000,0.000000,0.000000,4
0.7470,0.000000,-0.000000,-0.000000,0.0000,0.0000,0.0000,-0.000000,0.000000,0.000000,4
0.7480,0.000000,-0.000000,-0.000000,0.0000,0.0000,0.0000,-0.000000,0.000000,0.000000,4
0.7490,0.000000,-0.000000,-0.000000,0.0000,0.0000,0.0000,-0.000000,0.000000,0.000000,4
0.7500,0.000000,-0.000000,-0.000000,0.0000,0.0000,0.0000,-0.000000,0.000000,0.000000,4
0.7510,0.000000,-0.000000,-0.000000,0.0000,0.0000,0.0000,-0.000000,0.000000,0.000000,4
0.7520,0.000000,-0.000000,-0.000000,0.0000,0.0000,0.0000,-0.000000,0.000000,0.000000,4
0.7530,0.000000,-0.000000,-0.000000,0.0000,0.0000,0.0000,-0.000000,0.000000,0.000000,4
0.7540,0.000000,-0.000000,-0.000000,0.0000,0.0000,0.0000,-0.000000,0.000000,0.000000,4
0.7550,0.000000,-0.000000,-0.000000,0.0000,0.0000,0.0000,-0.000000,0.000000,0.000000,4
0.7560,0.000000,-0.000000,-0.000000,0.0000,0.0000,0.0000,-0.000000,0.000000,0.000000,4
0.7570,0.000000,-0.000000,-0.000000,0.0000,0.0000,0.0000,-0.000000,0.000000,0.000000,4
0.7580,0.000000,-0.000000,-0.000000,0.0000,0.0000,0.0000,-0.000000,0.000000,0.000000,4
0.7590,0.000000,-0.000000,-0.000000,0.0000,0.0000,0.0000,-0.000000,0.000000,0.000000,4
0.7600,0.000000,-0.000000,-0.000000,0.0000,0.0000,0.0000,-0.000000,0.000000,0.000000,4
0.7610,0.000000,-0.000000,-0.000000,0.0000,0.0000,0.0000,-0.000000,0.000000,0.000000,4
0.7620,0.000000,-0.000000,-0.000000,0.0000,0.0000,0.0000,-0.000000,0.000000,0.000000,4
0.7630,0.000000,-0.000000,-0.000000,0.0000,0.0000,0.0000,-0.000000,0.000000,0.000000,4
0.7640,0.000000,-0.000000,-0.000000,0.0000,0.0000,0.0000,-0.000000,0.000000,0.000000,4
0.7650,0.000000,-0.000000,-0.000000,0.0000,0.0000,0.0000,-0.000000,0.000000,0.000000,4
0.7660,0.000000,-0.000000,-0.000000,0.0000,0.0000,0.0000,-0.000000,0.000000,0.000000,4
0.7670,0.000000,-0.000000,-0.000000,0.0000,0.0000,0.0000,-0.000000,0.000000,0.000000,4
0.7680,0.000000,-0.000000,-0.000000,0.0000,0.0000,0.0000,-0.000000,0.000000,0.000000,4
0.7690,0.000000,-0.000000,-0.000000,0.0000,0.0000,0.0000,-0.000000,0.000000,0.000000,4
0.7700,0.000000,-0.000000,-0.000000,0.0000,0.0000,0.0000,-0.000000,0.000000,0.000000,4
0.7710,0.000000,-0.000000,-0.000000,0.0000,0.0000,0.0000,-0.000000,0.000000,0.000000,4
0.7720,0.000000,-0.000000,-0.000000,0.0000,0.0000,0.0000,-0.000000,0.000000,0.000000,4
0.7730,0.000000,-0.000000,-0.000000,0.0000,0.0000,0.0000,-0.000000,0.000000,0.000000,4
0.7740,0.000000,-0.000000,-0.000000,0.0000,0.0000,0.0000,-0.000000,0.000000,0.000000,4
0.7750,0.000000,-0.000000,-0.000000,0.0000,0.0000,0.0000,-0.000000,0.000000,0.000000,4
0.7760,0.000000,-0.000000,-0.000000,0.0000,0.0000,0.0000,-0.000000,0.000000,0.000000,4
0.7770,0.000000,-0.000000,-0.000000,0.0000,0.0000,0.0000,-0.000000,0.000000,0.000000,4
0.7780,0.000000,-0.000000,-0.000000,0.0000,0.0000,0.0000,-0.000000,0.000000,0.000000,4
0.7790,0.000000,-0.000000,-0.000000,0.0000,0.0000,0.0000,-0.000000,0.000000,0.000000,4
0.7800,0.000000,-0.000000,-0.000000,0.0000,0.0000,0.0000,-0.000000,0.000000,0.000000,4
0.7810,0.000000,-0.000000,-0.000000,0.0000,0.0000,0.0000,-0.000000,0.000000,0.000000,4
0.7820,0.000000,-0.000000,-0.000000,0.0000,0.0000,0.0000,-0.000000,0.000000,0.000000,4
0.7830,0.000000,-0.000000,-0.000000,0.0000,0.0000,0.0000,-0.000000,0.000000,0.000000,4
0.7840,0.000000,-0.000000,-0.000000,0.0000,0.0000,0.0000,-0.000000,0.000000,0.000000,4
0.7850,0.000000,-0.000000,-0.000000,0.0000,0.0000,0.0000,-0.000000,0.000000,0.000000,4
0.7860,0.000000,-0.000000,-0.000000,0.0000,0.0000,0.0000,-0.000000,0.000000,0.000000,4
0.7870,0.000000,-0.000000,-0.000000,0.0000,0.0000,0.0000,-0.000000,0.000000,0.000000,4
0.7880,0.000000,-0.000000,-0.000000,0.0000,0.0000,0.0000,-0.000000,0.000000,0.000000,4
0.7890,0.000000,-0.000000,-0.000000,0.0000,0.0000,0.0000,-0.000000,0.000000,0.000000,4
0.7900,0.000000,-0.000000,-0.000000,0.0000,0.0000,0.0000,-0.000000,0.000000,0.000000,4
0.7910,0.000000,-0.000000,-0.000000,0.0000,0.0000,0.0000,-0.000000,0.000000,0.000000,4
0.7920,0.000000,-0.000000,-0.000000,0.0000,0.0000,0.0000,-0.000000,0.000000,0.000000,4
0.7930,0.000000,-0.000000,-0.000000,0.0000,0.0000,0.0000,-0.000000,0.000000,0.000000,4
0.7940,0.000000,-0.000000,-0.000000,0.0000,0.0000,0.0000,-0.000000,0.000000,0.000000,4
0.7950,0.000000,-0.000000,-0.000000,0.0000,0.0000,0.0000,-0.000000,0.000000,0.000000,4
0.7960,0.000000,-0.000000,-0.000000,0.0000,0.0000,0.0000,-0.000000,0.000000,0.000000,4
0.7970,0.000000,-0.000000,-0.000000,0.0000,0.0000,0.0000,-0.000000,0.000000,0.000000,4
0.7980,0.000000,-0.000000,-0.000000,0.0000,0.0000,0.0000,-0.000000,0.000000,0.000000,4
0.7990,0.000000,-0.000000,-0.000000,0.0000,0.0000,0.0000,-0.000000,0.000000,0.000000,4
0.8000,0.000000,-0.000000,-0.000000,0.0000,0.0000,0.0000,-0.000000,0.000000,0.000000,4
0.8010,0.000000,-0.000000,-0.000000,0.0000,0.0000,0.0000,-0.000000,0.000000,0.000000,4
0.8020,0.000000,-0.000000,-0.000000,0.0000,0.0000,0.0000,-0.000000,0.000000,0.000000,4
0.8030,0.000000,-0.000000,-0.000000,0.0000,0.0000,0.0000,-0.000000,0.000000,0.000000,4
0.8040,0.000000,-0.000000,-0.000000,0.0000,0.0000,0.0000,-0.000000,0.000000,0.000000,4
0.8050,0.000000,-0.000000,-0.000000,0.0000,0.0000,0.0000,-0.000000,0.000000,0.000000,4
0.8060,0.000000,-0.000000,-0.000000,0.0000,0.0000,0.0000,-0.000000,0.000000,0.000000,4
0.8070,0.000000,-0.000000,-0.000000,0.0000,0.0000,0.0000,-0.000000,0.000000,0.000000,4
0.8080,0.000000,-0.000000,-0.000000,0.0000,0.0000,0.0000,-0.000000,0.000000,0.000000,4
0.8090,0.000000,-0.000000,-0.000000,0.0000,0.0000,0.0000,-0.000000,0.000000,0.000000,4
0.8100,0.000000,-0.000000,-0.000000,0.0000,0.0000,0.0000,-0.000000,0.000000,0.000000,4
0.8110,0.000000,-0.000000,-0.000000,0.0000,0.0000,0.0000,-0.000000,0.000000,0.000000,4
0.8120,0.000000,-0.000000,-0.000000,0.0000,0.0000,0.0000,-0.000000,0.000000,0.000000,4
0.8130,0.000000,-0.000000,-0.000000,0.0000,0.0000,0.0000,-0.000000,0.000000,0.000000,4
0.8140,0.000000,-0.000000,-0.000000,0.0000,0.0000,0.0000,-0.000000,0.000000,0.000000,4
0.8150,0.000000,-0.000000,-0.000000,0.0000,0.0000,0.0000,-0.000000,0.000000,0.000000,4
0.8160,0.000000,-0.000000,-0.000000,0.0000,0.0000,0.0000,-0.000000,0.000000,0.000000,4
0.8170,0.000000,-0.000000,-0.000000,0.0000,0.0000,0.0000,-0.000000,0.000000,0.000000,4
0.8180,0.000000,-0.000000,-0.000000,0.0000,0.0000,0.0000,-0.000000,0.000000,0.000000,4
0.8190,0.000000,-0.000000,-0.000000,0.0000,0.0000,0.0000,-0.000000,0.000000,0.000000,4
0.8200,0.000000,-0.000000,-0.000000,0.0000,0.0000,0.0000,-0.000000,0.000000,0.000000,4
0.8210,0.000000,-0.000000,-0.000000,0.0000,0.0000,0.0000,-0.000000,0.000000,0.000000,4
0.8220,0.000000,-0.000000,-0.000000,0.0000,0.0000,0.0000,-0.000000,0.000000,0.000000,4
0.8230,0.000000,-0.000000,-0.000000,0.0000,0.0000,0.0000,-0.000000,0.000000,0.000000,4
0.8240,0.000000,-0.000000,-0.000000,0.0000,0.0000,0.0000,-0.000000,0.000000,0.000000,4
0.8250,0.000000,-0.000000,-0.000000,0.0000,0.0000,0.0000,-0.000000,0.000000,0.000000,4
0.8260,0.000000,-0.000000,-0.000000,0.0000,0.0000,0.0000,-0.000000,0.000000,0.000000,4
0.8270,0.000000,-0.000000,-0.000000,0.0000,0.0000,0.0000,-0.000000,0.000000,0.000000,4
0.8280,0.000000,-0.000000,-0.000000,0.0000,0.0000,0.0000,-0.000000,0.000000,0.000000,4
0.8290,0.000000,-0.000000,-0.000000,0.0000,0.0000,0.0000,-0.000000,0.000000,0.000000,4
0.8300,0.000000,-0.000000,-0.000000,0.0000,0.0000,0.0000,-0.000000,0.000000,0.000000,4
0.8310,0.000000,-0.000000,-0.000000,0.0000,0.0000,0.0000,-0.000000,0.000000,0.000000,4
0.8320,0.000000,-0.000000,-0.000000,0.0000,0.0000,0.0000,-0.000000,0.000000,0.000000,4
0.8330,0.000000,-0.000000,-0.000000,0.0000,0.0000,0.0000,-0.000000,0.000000,0.000000,4
0.8340,0.000000,-0.000000,-0.000000,0.0000,0.0000,0.0000,-0.000000,0.000000,0.000000,4
0.8350,0.000000,-0.000000,-0.000000,0.0000,0.0000,0.0000,-0.000000,0.000000,0.000000,4
0.8360,0.000000,-0.000000,-0.000000,0.0000,0.0000,0.0000,-0.000000,0.000000,0.000000,4
0.8370,0.000000,-0.000000,-0.000000,0.0000,0.0000,0.0000,-0.000000,0.000000,0.000000,4
0.8380,0.000000,-0.000000,-0.000000,0.0000,0.0000,0.0000,-0.000000,0.000000,0.000000,4
0.8390,0.000000,-0.000000,-0.000000,0.0000,0.0000,0.0000,-0.000000,0.000000,0.000000,4
0.8400,0.000000,-0.000000,-0.000000,0.0000,0.0000,0.0000,-0.000000,0.000000,0.000000,4
0.8410,0.000000,-0.000000,-0.000000,0.0000,0.0000,0.0000,-0.000000,0.000000,0.000000,4
0.8420,0.000000,-0.000000,-0.000000,0.0000,0.0000,0.0000,-0.000000,0.000000,0.000000,4
0.8430,0.000000,-0.000000,-0.000000,0.0000,0.0000,0.0000,-0.000000,0.000000,0.000000,4
0.8440,0.000000,-0.000000,-0.000000,0.0000,0.0000,0.0000,-0.000000,0.000000,0.000000,4
0.8450,0.000000,-0.000000,-0.000000,0.0000,0.0000,0.0000,-0.000000,0.000000,0.000000,4
0.8460,0.000000,-0.000000,-0.000000,0.0000,0.0000,0.0000,-0.000000,0.000000,0.000000,4
0.8470,0.000000,-0.000000,-0.000000,0.0000,0.0000,0.0000,-0.000000,0.000000,0.000000,4
0.8480,0.000000,-0.000000,-0.000000,0.0000,0.0000,0.0000,-0.000000,0.000000,0.000000,4
0.8490,0.000000,-0.000000,-0.000000,0.0000,0.0000,0.0000,-0.000000,0.000000,0.000000,4
0.8500,0.000000,-0.000000,-0.000000,0.0000,0.0000,0.0000,-0.000000,0.000000,0.000000,4
0.8510,0.000000,-0.000000,-0.000000,0.0000,0.0000,0.0000,-0.000000,0.000000,0.000000,4
0.8520,0.000000,-0.000000,-0.000000,0.0000,0.0000,0.0000,-0.000000,0.000000,0.000000,4
0.8530,0.000000,-0.000000,-0.000000,0.0000,0.0000,0.0000,-0.000000,0.000000,0.000000,4
0.8540,0.000000,-0.000000,-0.000000,0.0000,0.0000,0.0000,-0.000000,0.000000,0.000000,4
0.8550,0.000000,-0.000000,-0.000000,0.0000,0.0000,0.0000,-0.000000,0.000000,0.000000,4
0.8560,0.000000,-0.000000,-0.000000,0.0000,0.0000,0.0000,-0.000000,0.000000,0.000000,4
0.8570,0.000000,-0.000000,-0.000000,0.0000,0.0000,0.0000,-0.000000,0.000000,0.000000,4
0.8580,0.000000,-0.000000,-0.000000,0.0000,0.0000,0.0000,-0.000000,0.000000,0.000000,4
0.8590,0.000000,-0.000000,-0.000000,0.0000,0.0000,0.0000,-0.000000,0.000000,0.000000,4
0.8600,0.000000,-0.000000,-0.000000,0.0000,0.0000,0.0000,-0.000000,0.000000,0.000000,4
0.8610,0.000000,-0.000000,-0.000000,0.0000,0.0000,0.0000,-0.000000,0.000000,0.000000,4
0.8620,0.000000,-0.000000,-0.000000,0.0000,0.0000,0.0000,-0.000000,0.000000,0.000000,4
0.8630,0.000000,-0.000000,-0.000000,0.0000,0.0000,0.0000,-0.000000,0.000000,0.000000,4
0.8640,0.000000,-0.000000,-0.000000,0.0000,0.0000,0.0000,-0.000000,0.000000,0.000000,4
0.8650,0.000000,-0.000000,-0.000000,0.0000,0.0000,0.0000,-0.000000,0.000000,0.000000,4
0.8660,0.000000,-0.000000,-0.000000,0.0000,0.0000,0.0000,-0.000000,0.000000,0.000000,4
0.8670,0.000000,-0.000000,-0.000000,0.0000,0.0000,0.0000,-0.000000,0.000000,0.000000,4
0.8680,0.000000,-0.000000,-0.000000,0.0000,0.0000,0.0000,-0.000000,0.000000,0.000000,4
0.8690,0.000000,-0.000000,-0.000000,0.0000,0.0000,0.0000,-0.000000,0.000000,0.000000,4
0.8700,0.000000,-0.000000,-0.000000,0.0000,0.0000,0.0000,-0.000000,0.000000,0.000000,4
0.8710,0.000000,-0.000000,-0.000000,0.0000,0.0000,0.0000,-0.000000,0.000000,0.000000,4
0.8720,0.000000,-0.000000,-0.000000,0.0000,0.0000,0.0000,-0.000000,0.000000,0.000000,4
0.8730,0.000000,-0.000000,-0.000000,0.0000,0.0000,0.0000,-0.000000,0.000000,0.000000,4
0.8740,0.000000,-0.000000,-0.000000,0.0000,0.0000,0.0000,-0.000000,0.000000,0.000000,4
0.8750,0.000000,-0.000000,-0.000000,0.0000,0.0000,0.0000,-0.000000,0.000000,0.000000,4
0.8760,0.000000,-0.000000,-0.000000,0.0000,0.0000,0.0000,-0.000000,0.000000,0.000000,4
0.8770,0.000000,-0.000000,-0.000000,0.0000,0.0000,0.0000,-0.000000,0.000000,0.000000,4
0.8780,0.000000,-0.000000,-0.000000,0.0000,0.0000,0.0000,-0.000000,0.000000,0.000000,4
0.8790,0.000000,-0.000000,-0.000000,0.0000,0.0000,0.0000,-0.000000,0.000000,0.000000,4
0.8800,0.000000,-0.000000,-0.000000,0.0000,0.0000,0.0000,-0.000000,0.000000,0.000000,4
0.8810,0.000000,-0.000000,-0.000000,0.0000,0.0000,0.0000,-0.000000,0.000000,0.000000,4
0.8820,0.000000,-0.000000,-0.000000,0.0000,0.0000,0.0000,-0.000000,0.000000,0.000000,4
0.8830,0.000000,-0.000000,-0.000000,0.0000,0.0000,0.0000,-0.000000,0.000000,0.000000,4
0.8840,0.000000,-0.000000,-0.000000,0.0000,0.0000,0.0000,-0.000000,0.000000,0.000000,4
0.8850,0.000000,-0.000000,-0.000000,0.0000,0.0000,0.0000,-0.000000,0.000000,0.000000,4
0.8860,0.000000,-0.000000,-0.000000,0.0000,0.0000,0.0000,-0.000000,0.000000,0.000000,4
0.8870,0.000000,-0.000000,-0.000000,0.0000,0.0000,0.0000,-0.000000,0.000000,0.000000,4
0.8880,0.000000,-0.000000,-0.000000,0.0000,0.0000,0.0000,-0.000000,0.000000,0.000000,4
0.8890,0.000000,-0.000000,-0.000000,0.0000,0.0000,0.0000,-0.000000,0.000000,0.000000,4
0.8900,0.000000,-0.000000,-0.000000,0.0000,0.0000,0.0000,-0.000000,0.000000,0.000000,4
0.8910,0.000000,-0.000000,-0.000000,0.0000,0.0000,0.0000,-0.000000,0.000000,0.000000,4
0.8920,0.000000,-0.000000,-0.000000,0.0000,0.0000,0.0000,-0.000000,0.000000,0.000000,4
0.8930,0.000000,-0.000000,-0.000000,0.0000,0.0000,0.0000,-0.000000,0.000000,0.000000,4
0.8940,0.000000,-0.000000,-0.000000,0.0000,0.0000,0.0000,-0.000000,0.000000,0.000000,4
0.8950,0.000000,-0.000000,-0.000000,0.0000,0.0000,0.0000,-0.000000,0.000000,0.000000,4
0.8960,0.000000,-0.000000,-0.000000,0.0000,0.0000,0.0000,-0.000000,0.000000,0.000000,4
0.8970,0.000000,-0.000000,-0.000000,0.0000,0.0000,0.0000,-0.000000,0.000000,0.000000,4
0.8980,0.000000,-0.000000,-0.000000,0.0000,0.0000,0.0000,-0.000000,0.000000,0.000000,4
0.8990,0.000000,-0.000000,-0.000000,0.0000,0.0000,0.0000,-0.000000,0.000000,0.000000,4
0.9000,0.000000,-0.000000,-0.000000,0.0000,0.0000,0.0000,-0.000000,0.000000,0.000000,4
0.9010,0.000000,-0.000000,-0.000000,0.0000,0.0000,0.0000,-0.000000,0.000000,0.000000,4
0.9020,0.000000,-0.000000,-0.000000,0.0000,0.0000,0.0000,-0.000000,0.000000,0.000000,4
0.9030,0.000000,-0.000000,-0.000000,0.0000,0.0000,0.0000,-0.000000,0.000000,0.000000,4
0.9040,0.000000,-0.000000,-0.000000,0.0000,0.0000,0.0000,-0.000000,0.000000,0.000000,4
0.9050,0.000000,-0.000000,-0.000000,0.0000,0.0000,0.0000,-0.000000,0.000000,0.000000,4
0.9060,0.000000,-0.000000,-0.000000,0.0000,0.0000,0.0000,-0.000000,0.000000,0.000000,4
0.9070,0.000000,-0.000000,-0.000000,0.0000,0.0000,0.0000,-0.000000,0.000000,0.000000,4
0.9080,0.000000,-0.000000,-0.000000,0.0000,0.0000,0.0000,-0.000000,0.000000,0.000000,4
0.9090,0.000000,-0.000000,-0.000000,0.0000,0.0000,0.0000,-0.000000,0.000000,0.000000,4
0.9100,0.000000,-0.000000,-0.000000,0.0000,0.0000,0.0000,-0.000000,0.000000,0.000000,4
0.9110,0.000000,-0.000000,-0.000000,0.0000,0.0000,0.0000,-0.000000,0.000000,0.000000,4
0.9120,0.000000,-0.000000,-0.000000,0.0000,0.0000,0.0000,-0.000000,0.000000,0.000000,4
0.9130,0.000000,-0.000000,-0.000000,0.0000,0.0000,0.0000,-0.000000,0.000000,0.000000,4
0.9140,0.000000,-0.000000,-0.000000,0.0000,0.0000,0.0000,-0.000000,0.000000,0.000000,4
0.9150,0.000000,-0.000000,-0.000000,0.0000,0.0000,0.0000,-0.000000,0.000000,0.000000,4
0.9160,0.000000,-0.000000,-0.000000,0.0000,0.0000,0.0000,-0.000000,0.000000,0.000000,4
0.9170,0.000000,-0.000000,-0.000000,0.0000,0.0000,0.0000,-0.000000,0.000000,0.000000,4
0.9180,0.000000,-0.000000,-0.000000,0.0000,0.0000,0.0000,-0.000000,0.000000,0.000000,4
0.9190,0.000000,-0.000000,-0.000000,0.0000,0.0000,0.0000,-0.000000,0.000000,0.000000,4
0.9200,0.000000,-0.000000,-0.000000,0.0000,0.0000,0.0000,-0.000000,0.000000,0.000000,4
0.9210,0.000000,-0.000000,-0.000000,0.0000,0.0000,0.0000,-0.000000,0.000000,0.000000,4
0.9220,0.000000,-0.000000,-0.000000,0.0000,0.0000,0.0000,-0.000000,0.000000,0.000000,4
0.9230,0.000000,-0.000000,-0.000000,0.0000,0.0000,0.0000,-0.000000,0.000000,0.000000,4
0.9240,0.000000,-0.000000,-0.000000,0.0000,0.0000,0.0000,-0.000000,0.000000,0.000000,4
0.9250,0.000000,-0.000000,-0.000000,0.0000,0.0000,0.0000,-0.000000,0.000000,0.000000,4
0.9260,0.000000,-0.000000,-0.000000,0.0000,0.0000,0.0000,-0.000000,0.000000,0.000000,4
0.9270,0.000000,-0.000000,-0.000000,0.0000,0.0000,0.0000,-0.000000,0.000000,0.000000,4
0.9280,0.000000,-0.000000,-0.000000,0.0000,0.0000,0.0000,-0.000000,0.000000,0.000000,4
0.9290,0.000000,-0.000000,-0.000000,0.0000,0.0000,0.0000,-0.000000,0.000000,0.000000,4
0.9300,0.000000,-0.000000,-0.000000,0.0000,0.0000,0.0000,-0.000000,0.000000,0.000000,4
0.9310,0.000000,-0.000000,-0.000000,0.0000,0.0000,0.0000,-0.000000,0.000000,0.000000,4
0.9320,0.000000,-0.000000,-0.000000,0.0000,0.0000,0.0000,-0.000000,0.000000,0.000000,4
0.9330,0.000000,-0.000000,-0.000000,0.0000,0.0000,0.0000,-0.000000,0.000000,0.000000,4
0.9340,0.000000,-0.000000,-0.000000,0.0000,0.0000,0.0000,-0.000000,0.000000,0.000000,4
0.9350,0.000000,-0.000000,-0.000000,0.0000,0.0000,0.0000,-0.000000,0.000000,0.000000,4
0.9360,0.000000,-0.000000,-0.000000,0.0000,0.0000,0.0000,-0.000000,0.000000,0.000000,4
0.9370,0.000000,-0.000000,-0.000000,0.0000,0.0000,0.0000,-0.000000,0.000000,0.000000,4
0.9380,0.000000,-0.000000,-0.000000,0.0000,0.0000,0.0000,-0.000000,0.000000,0.000000,4
0.9390,0.000000,-0.000000,-0.000000,0.0000,0.0000,0.0000,-0.000000,0.000000,0.000000,4
0.9400,0.000000,-0.000000,-0.000000,0.0000,0.0000,0.0000,-0.000000,0.000000,0.000000,4
0.9410,0.000000,-0.000000,-0.000000,0.0000,0.0000,0.0000,-0.000000,0.000000,0.000000,4
0.9420,0.000000,-0.000000,-0.000000,0.0000,0.0000,0.0000,-0.000000,0.000000,0.000000,4
0.9430,0.000000,-0.000000,-0.000000,0.0000,0.0000,0.0000,-0.000000,0.000000,0.000000,4
0.9440,0.000000,-0.000000,-0.000000,0.0000,0.0000,0.0000,-0.000000,0.000000,0.000000,4
0.9450,0.000000,-0.000000,-0.000000,0.0000,0.0000,0.0000,-0.000000,0.000000,0.000000,4
0.9460,0.000000,-0.000000,-0.000000,0.0000,0.0000,0.0000,-0.000000,0.000000,0.000000,4
0.9470,0.000000,-0.000000,-0.000000,0.0000,0.0000,0.0000,-0.000000,0.000000,0.000000,4
0.9480,0.000000,-0.000000,-0.000000,0.0000,0.0000,0.0000,-0.000000,0.000000,0.000000,4
0.9490,0.000000,-0.000000,-0.000000,0.0000,0.0000,0.0000,-0.000000,0.000000,0.000000,4
0.9500,0.000000,-0.000000,-0.000000,0.0000,0.0000,0.0000,-0.000000,0.000000,0.000000,4
0.9510,0.000000,-0.000000,-0.000000,0.0000,0.0000,0.0000,-0.000000,0.000000,0.000000,4
0.9520,0.000000,-0.000000,-0.000000,0.0000,0.0000,0.0000,-0.000000,0.000000,0.000000,4
0.9530,0.000000,-0.000000,-0.000000,0.0000,0.0000,0.0000,-0.000000,0.000000,0.000000,4
0.9540,0.000000,-0.000000,-0.000000,0.0000,0.0000,0.0000,-0.000000,0.000000,0.000000,4
0.9550,0.000000,-0.000000,-0.000000,0.0000,0.0000,0.0000,-0.000000,0.000000,0.000000,4
0.9560,0.000000,-0.000000,-0.000000,0.0000,0.0000,0.0000,-0.000000,0.000000,0.000000,4
0.9570,0.000000,-0.000000,-0.000000,0.0000,0.0000,0.0000,-0.000000,0.000000,0.000000,4
0.9580,0.000000,-0.000000,-0.000000,0.0000,0.0000,0.0000,-0.000000,0.000000,0.000000,4
0.9590,0.000000,-0.000000,-0.000000,0.0000,0.0000,0.0000,-0.000000,0.000000,0.000000,4
0.9600,0.000000,-0.000000,-0.000000,0.0000,0.0000,0.0000,-0.000000,0.000000,0.000000,4
0.9610,0.000000,-0.000000,-0.000000,0.0000,0.0000,0.0000,-0.000000,0.000000,0.000000,4
0.9620,0.000000,-0.000000,-0.000000,0.0000,0.0000,0.0000,-0.000000,0.000000,0.000000,4
0.9630,0.000000,-0.000000,-0.000000,0.0000,0.0000,0.0000,-0.000000,0.000000,0.000000,4
0.9640,0.000000,-0.000000,-0.000000,0.0000,0.0000,0.0000,-0.000000,0.000000,0.000000,4
0.9650,0.000000,-0.000000,-0.000000,0.0000,0.0000,0.0000,-0.000000,0.000000,0.000000,4
0.9660,0.000000,-0.000000,-0.000000,0.0000,0.0000,0.0000,-0.000000,0.000000,0.000000,4
0.9670,0.000000,-0.000000,-0.000000,0.0000,0.0000,0.0000,-0.000000,0.000000,0.000000,4
0.9680,0.000000,-0.000000,-0.000000,0.0000,0.0000,0.0000,-0.000000,0.000000,0.000000,4
0.9690,0.000000,-0.000000,-0.000000,0.0000,0.0000,0.0000,-0.000000,0.000000,0.000000,4
0.9700,0.000000,-0.000000,-0.000000,0.0000,0.0000,0.0000,-0.000000,0.000000,0.000000,4
0.9710,0.000000,-0.000000,-0.000000,0.0000,0.0000,0.0000,-0.000000,0.000000,0.000000,4
0.9720,0.000000,-0.000000,-0.000000,0.0000,0.0000,0.0000,-0.000000,0.000000,0.000000,4
0.9730,0.000000,-0.000000,-0.000000,0.0000,0.0000,0.0000,-0.000000,0.000000,0.000000,4
0.9740,0.000000,-0.000000,-0.000000,0.0000,0.0000,0.0000,-0.000000,0.000000,0.000000,4
0.9750,0.000000,-0.000000,-0.000000,0.0000,0.0000,0.0000,-0.000000,0.000000,0.000000,4
0.9760,0.000000,-0.000000,-0.000000,0.0000,0.0000,0.0000,-0.000000,0.000000,0.000000,4
0.9770,0.000000,-0.000000,-0.000000,0.0000,0.0000,0.0000,-0.000000,0.000000,0.000000,4
0.9780,0.000000,-0.000000,-0.000000,0.0000,0.0000,0.0000,-0.000000,0.000000,0.000000,4
0.9790,0.000000,-0.000000,-0.000000,0.0000,0.0000,0.0000,-0.000000,0.000000,0.000000,4
0.9800,0.000000,-0.000000,-0.000000,0.0000,0.0000,0.0000,-0.000000,0.000000,0.000000,4
0.9810,0.000000,-0.000000,-0.000000,0.0000,0.0000,0.0000,-0.000000,0.000000,0.000000,4
0.9820,0.000000,-0.000000,-0.000000,0.0000,0.0000,0.0000,-0.000000,0.000000,0.000000,4
0.9830,0.000000,-0.000000,-0.000000,0.0000,0.0000,0.0000,-0.000000,0.000000,0.000000,4
0.9840,0.000000,-0.000000,-0.000000,0.0000,0.0000,0.0000,-0.000000,0.000000,0.000000,4
0.9850,0.000000,-0.000000,-0.000000,0.0000,0.0000,0.0000,-0.000000,0.000000,0.000000,4
0.9860,0.000000,-0.000000,-0.000000,0.0000,0.0000,0.0000,-0.000000,0.000000,0.000000,4
0.9870,0.000000,-0.000000,-0.000000,0.0000,0.0000,0.0000,-0.000000,0.000000,0.000000,4
0.9880,0.000000,-0.000000,-0.000000,0.0000,0.0000,0.0000,-0.000000,0.000000,0.000000,4
0.9890,0.000000,-0.000000,-0.000000,0.0000,0.0000,0.0000,-0.000000,0.000000,0.000000,4
0.9900,0.000000,-0.000000,-0.000000,0.0000,0.0000,0.0000,-0.000000,0.000000,0.000000,4
0.9910,0.000000,-0.000000,-0.000000,0.0000,0.0000,0.0000,-0.000000,0.000000,0.000000,4
0.9920,0.000000,-0.000000,-0.000000,0.0000,0.0000,0.0000,-0.000000,0.000000,0.000000,4
0.9930,0.000000,-0.000000,-0.000000,0.0000,0.0000,0.0000,-0.000000,0.000000,0.000000,4
0.9940,0.000000,-0.000000,-0.000000,0.0000,0.0000,0.0000,-0.000000,0.000000,0.000000,4
0.9950,0.000000,-0.000000,-0.000000,0.0000,0.0000,0.0000,-0.000000,0.000000,0.000000,4
0.9960,0.000000,-0.000000,-0.000000,0.0000,0.0000,0.0000,-0.000000,0.000000,0.000000,4
0.9970,0.000000,-0.000000,-0.000000,0.0000,0.0000,0.0000,-0.000000,0.000000,0.000000,4
0.9980,0.000000,-0.000000,-0.000000,0.0000,0.0000,0.0000,-0.000000,0.000000,0.000000,4
0.9990,0.000000,-0.000000,-0.000000,0.0000,0.0000,0.0000,-0.000000,0.000000,0.000000,4
1.0000,0.000000,-0.000000,-0.000000,0.0000,0.0000,0.0000,-0.000000,0.000000,0.000000,4
1.0010,0.000000,-0.000000,-0.000000,0.0000,0.0000,0.0000,-0.000000,0.000000,0.000000,4
1.0020,0.000000,-0.000000,-0.000000,0.0000,0.0000,0.0000,-0.000000,0.000000,0.000000,4
1.0030,0.000000,-0.000000,-0.000000,0.0000,0.0000,0.0000,-0.000000,0.000000,0.000000,4
1.0040,0.000000,-0.000000,-0.000000,0.0000,0.0000,0.0000,-0.000000,0.000000,0.000000,4
1.0050,0.000000,-0.000000,-0.000000,0.0000,0.0000,0.0000,-0.000000,0.000000,0.000000,4
1.0060,0.000000,-0.000000,-0.000000,0.0000,0.0000,0.0000,-0.000000,0.000000,0.000000,4
1.0070,0.000000,-0.000000,-0.000000,0.0000,0.0000,0.0000,-0.000000,0.000000,0.000000,4
1.0080,0.000000,-0.000000,-0.000000,0.0000,0.0000,0.0000,-0.000000,0.000000,0.000000,4
1.0090,0.000000,-0.000000,-0.000000,0.0000,0.0000,0.0000,-0.000000,0.000000,0.000000,4
1.0100,0.000000,-0.000000,-0.000000,0.0000,0.0000,0.0000,-0.000000,0.000000,0.000000,4
1.0110,0.000000,-0.000000,-0.000000,0.0000,0.0000,0.0000,-0.000000,0.000000,0.000000,4
1.0120,0.000000,-0.000000,-0.000000,0.0000,0.0000,0.0000,-0.000000,0.000000,0.000000,4
1.0130,0.000000,-0.000000,-0.000000,0.0000,0.0000,0.0000,-0.000000,0.000000,0.000000,4
1.0140,0.000000,-0.000000,-0.000000,0.0000,0.0000,0.0000,-0.000000,0.000000,0.000000,4
1.0150,0.000000,-0.000000,-0.000000,0.0000,0.0000,0.0000,-0.000000,0.000000,0.000000,4
1.0160,0.000000,-0.000000,-0.000000,0.0000,0.0000,0.0000,-0.000000,0.000000,0.000000,4
1.0170,0.000000,-0.000000,-0.000000,0.0000,0.0000,0.0000,-0.000000,0.000000,0.000000,4
1.0180,0.000000,-0.000000,-0.000000,0.0000,0.0000,0.0000,-0.000000,0.000000,0.000000,4
1.0190,0.000000,-0.000000,-0.000000,0.0000,0.0000,0.0000,-0.000000,0.000000,0.000000,4
1.0200,0.000000,-0.000000,-0.000000,0.0000,0.0000,0.0000,-0.000000,0.000000,0.000000,4
1.0210,0.000000,-0.000000,-0.000000,0.0000,0.0000,0.0000,-0.000000,0.000000,0.000000,4
1.0220,0.000000,-0.000000,-0.000000,0.0000,0.0000,0.0000,-0.000000,0.000000,0.000000,4
1.0230,0.000000,-0.000000,-0.000000,0.0000,0.0000,0.0000,-0.000000,0.000000,0.000000,4
1.0240,0.000000,-0.000000,-0.000000,0.0000,0.0000,0.0000,-0.000000,0.000000,0.000000,4
1.0250,0.000000,-0.000000,-0.000000,0.0000,0.0000,0.0000,-0.000000,0.000000,0.000000,4
1.0260,0.000000,-0.000000,-0.000000,0.0000,0.0000,0.0000,-0.000000,0.000000,0.000000,4
1.0270,0.000000,-0.000000,-0.000000,0.0000,0.0000,0.0000,-0.000000,0.000000,0.000000,4
1.0280,0.000000,-0.000000,-0.000000,0.0000,0.0000,0.0000,-0.000000,0.000000,0.000000,4
1.0290,0.000000,-0.000000,-0.000000,0.0000,0.0000,0.0000,-0.000000,0.000000,0.000000,4
1.0300,0.000000,-0.000000,-0.000000,0.0000,0.0000,0.0000,-0.000000,0.000000,0.000000,4
1.0310,0.000000,-0.000000,-0.000000,0.0000,0.0000,0.0000,-0.000000,0.000000,0.000000,4
1.0320,0.000000,-0.000000,-0.000000,0.0000,0.0000,0.0000,-0.000000,0.000000,0.000000,4
1.0330,0.000000,-0.000000,-0.000000,0.0000,0.0000,0.0000,-0.000000,0.000000,0.000000,4
1.0340,0.000000,-0.000000,-0.000000,0.0000,0.0000,0.0000,-0.000000,0.000000,0.000000,4
1.0350,0.000000,-0.000000,-0.000000,0.0000,0.0000,0.0000,-0.000000,0.000000,0.000000,4
1.0360,0.000000,-0.000000,-0.000000,0.0000,0.0000,0.0000,-0.000000,0.000000,0.000000,4
1.0370,0.000000,-0.000000,-0.000000,0.0000,0.0000,0.0000,-0.000000,0.000000,0.000000,4
1.0380,0.000000,-0.000000,-0.000000,0.0000,0.0000,0.0000,-0.000000,0.000000,0.000000,4
1.0390,0.000000,-0.000000,-0.000000,0.0000,0.0000,0.0000,-0.000000,0.000000,0.000000,4
1.0400,0.000000,-0.000000,-0.000000,0.0000,0.0000,0.0000,-0.000000,0.000000,0.000000,4
1.0410,0.000000,-0.000000,-0.000000,0.0000,0.0000,0.0000,-0.000000,0.000000,0.000000,4
1.0420,0.000000,-0.000000,-0.000000,0.0000,0.0000,0.0000,-0.000000,0.000000,0.000000,4
1.0430,0.000000,-0.000000,-0.000000,0.0000,0.0000,0.0000,-0.000000,0.000000,0.000000,4
1.0440,0.000000,-0.000000,-0.000000,0.0000,0.0000,0.0000,-0.000000,0.000000,0.000000,4
1.0450,0.000000,-0.000000,-0.000000,0.0000,0.0000,0.0000,-0.000000,0.000000,0.000000,4
1.0460,0.000000,-0.000000,-0.000000,0.0000,0.0000,0.0000,-0.000000,0.000000,0.000000,4
1.0470,0.000000,-0.000000,-0.000000,0.0000,0.0000,0.0000,-0.000000,0.000000,0.000000,4
1.0480,0.000000,-0.000000,-0.000000,0.0000,0.0000,0.0000,-0.000000,0.000000,0.000000,4
1.0580,0.000000,-0.000000,-0.000000,0.0000,0.0000,0.0000,-0.000000,0.000000,0.000000,4
1.0680,0.000000,-0.000000,-0.000000,0.0000,0.0000,0.0000,-0.000000,0.000000,0.000000,4
1.0780,0.000000,-0.000000,-0.000000,0.0000,0.0000,0.0000,-0.000000,0.000000,0.000000,4
1.0880,0.000000,-0.000000,-0.000000,0.0000,0.0000,0.0000,-0.000000,0.000000,0.000000,4
1.0980,0.000000,-0.000000,-0.000000,0.0000,0.0000,0.0000,-0.000000,0.000000,0.000000,4
1.1080,0.000000,-0.000000,-0.000000,0.0000,0.0000,0.0000,-0.000000,0.000000,0.000000,4
1.1180,0.000000,-0.000000,-0.000000,0.0000,0.0000,0.0000,-0.000000,0.000000,0.000000,4
1.1280,0.000000,-0.000000,-0.000000,0.0000,0.0000,0.0000,-0.000000,0.000000,0.000000,4
1.1380,0.000000,-0.000000,-0.000000,0.0000,0.0000,0.0000,-0.000000,0.000000,0.000000,4
1.1480,0.000000,-0.000000,-0.000000,0.0000,0.0000,0.0000,-0.000000,0.000000,0.000000,4
1.1580,0.000000,-0.000000,-0.000000,0.0000,0.0000,0.0000,-0.000000,0.000000,0.000000,4
1.1680,0.000000,-0.000000,-0.000000,0.0000,0.0000,0.0000,-0.000000,0.000000,0.000000,4
1.1780,0.000000,-0.000000,-0.000000,0.0000,0.0000,0.0000,-0.000000,0.000000,0.000000,4
1.1880,0.000000,-0.000000,-0.000000,0.0000,0.0000,0.0000,-0.000000,0.000000,0.000000,4
1.1980,0.000000,-0.000000,-0.000000,0.0000,0.0000,0.0000,-0.000000,0.000000,0.000000,4
1.2080,0.000000,-0.000000,-0.000000,0.0000,0.0000,0.0000,-0.000000,0.000000,0.000000,4
1.2180,0.000000,-0.000000,-0.000000,0.0000,0.0000,0.0000,-0.000000,0.000000,0.000000,4
1.2280,0.000000,-0.000000,-0.000000,0.0000,0.0000,0.0000,-0.000000,0.000000,0.000000,4
1.2380,0.000000,-0.000000,-0.000000,0.0000,0.0000,0.0000,-0.000000,0.000000,0.000000,4
1.2480,0.000000,-0.000000,-0.000000,0.0000,0.0000,0.0000,-0.000000,0.000000,0.000000,4
1.2580,0.000000,-0.000000,-0.000000,0.0000,0.0000,0.0000,-0.000000,0.000000,0.000000,4
1.2680,0.000000,-0.000000,-0.000000,0.0000,0.0000,0.0000,-0.000000,0.000000,0.000000,4
1.2780,0.000000,-0.000000,-0.000000,0.0000,0.0000,0.0000,-0.000000,0.000000,0.000000,4
1.2880,0.000000,-0.000000,-0.000000,0.0000,0.0000,0.0000,-0.000000,0.000000,0.000000,4
1.2980,0.000000,-0.000000,-0.000000,0.0000,0.0000,0.0000,-0.000000,0.000000,0.000000,4
1.3080,0.000000,-0.000000,-0.000000,0.0000,0.0000,0.0000,-0.000000,0.000000,0.000000,4
1.3180,0.000000,-0.000000,-0.000000,0.0000,0.0000,0.0000,-0.000000,0.000000,0.000000,4
1.3280,0.000000,-0.000000,-0.000000,0.0000,0.0000,0.0000,-0.000000,0.000000,0.000000,4
1.3380,0.000000,-0.000000,-0.000000,0.0000,0.0000,0.0000,-0.000000,0.000000,0.000000,4
1.3480,0.000000,-0.000000,-0.000000,0.0000,0.0000,0.0000,-0.000000,0.000000,0.000000,4
1.3580,0.000000,-0.000000,-0.000000,0.0000,0.0000,0.0000,-0.000000,0.000000,0.000000,4
1.3680,0.000000,-0.000000,-0.000000,0.0000,0.0000,0.0000,-0.000000,0.000000,0.000000,4
1.3780,0.000000,-0.000000,-0.000000,0.0000,0.0000,0.0000,-0.000000,0.000000,0.000000,4
1.3880,0.000000,-0.000000,-0.000000,0.0000,0.0000,0.0000,-0.000000,0.000000,0.000000,4
1.3980,0.000000,-0.000000,-0.000000,0.0000,0.0000,0.0000,-0.000000,0.000000,0.000000,4
1.4080,0.000000,-0.000000,-0.000000,0.0000,0.0000,0.0000,-0.000000,0.000000,0.000000,4
1.4180,0.000000,-0.000000,-0.000000,0.0000,0.0000,0.0000,-0.000000,0.000000,0.000000,4
1.4280,0.000000,-0.000000,-0.000000,0.0000,0.0000,0.0000,-0.000000,0.000000,0.000000,4
1.4380,0.000000,-0.000000,-0.000000,0.0000,0.0000,0.0000,-0.000000,0.000000,0.000000,4
1.4480,0.000000,-0.000000,-0.000000,0.0000,0.0000,0.0000,-0.000000,0.000000,0.000000,4
1.4580,0.000000,-0.000000,-0.000000,0.0000,0.0000,0.0000,-0.000000,0.000000,0.000000,4
1.4680,0.000000,-0.000000,-0.000000,0.0000,0.0000,0.0000,-0.000000,0.000000,0.000000,4
1.4780,0.000000,-0.000000,-0.000000,0.0000,0.0000,0.0000,-0.000000,0.000000,0.000000,4
1.4880,0.000000,-0.000000,-0.000000,0.0000,0.0000,0.0000,-0.000000,0.000000,0.000000,4
1.4980,0.000000,-0.000000,-0.000000,0.0000,0.0000,0.0000,-0.000000,0.000000,0.000000,4
1.5080,0.000000,-0.000000,-0.000000,0.0000,0.0000,0.0000,-0.000000,0.000000,0.000000,4
1.5180,0.000000,-0.000000,-0.000000,0.0000,0.0000,0.0000,-0.000000,0.000000,0.000000,4
1.5280,0.000000,-0.000000,-0.000000,0.0000,0.0000,0.0000,-0.000000,0.000000,0.000000,4
1.5380,0.000000,-0.000000,-0.000000,0.0000,0.0000,0.0000,-0.000000,0.000000,0.000000,4
1.5480,0.000000,-0.000000,-0.000000,0.0000,0.0000,0.0000,-0.000000,0.000000,0.000000,4
1.5580,0.000000,-0.000000,-0.000000,0.0000,0.0000,0.0000,-0.000000,0.000000,0.000000,4
1.5680,0.000000,-0.000000,-0.000000,0.0000,0.0000,0.0000,-0.000000,0.000000,0.000000,4
1.5780,0.000000,-0.000000,-0.000000,0.0000,0.0000,0.0000,-0.000000,0.000000,0.000000,4
1.5880,0.000000,-0.000000,-0.000000,0.0000,0.0000,0.0000,-0.000000,0.000000,0.000000,4
1.5980,0.000000,-0.000000,-0.000000,0.0000,0.0000,0.0000,-0.000000,0.000000,0.000000,4
1.6080,0.000000,-0.000000,-0.000000,0.0000,0.0000,0.0000,-0.000000,0.000000,0.000000,4
1.6180,0.000000,-0.000000,-0.000000,0.0000,0.0000,0.0000,-0.000000,0.000000,0.000000,4
1.6280,0.000000,-0.000000,-0.000000,0.0000,0.0000,0.0000,-0.000000,0.000000,0.000000,4
1.6380,0.000000,-0.000000,-0.000000,0.0000,0.0000,0.0000,-0.000000,0.000000,0.000000,4
1.6480,0.000000,-0.000000,-0.000000,0.0000,0.0000,0.0000,-0.000000,0.000000,0.000000,4
1.6580,0.000000,-0.000000,-0.000000,0.0000,0.0000,0.0000,-0.000000,0.000000,0.000000,4
1.6680,0.000000,-0.000000,-0.000000,0.0000,0.0000,0.0000,-0.000000,0.000000,0.000000,4
1.6780,0.000000,-0.000000,-0.000000,0.0000,0.0000,0.0000,-0.000000,0.000000,0.000000,4
1.6880,0.000000,-0.000000,-0.000000,0.0000,0.0000,0.0000,-0.000000,0.000000,0.000000,4
1.6980,0.000000,-0.000000,-0.000000,0.0000,0.0000,0.0000,-0.000000,0.000000,0.000000,4
1.7080,0.000000,-0.000000,-0.000000,0.0000,0.0000,0.0000,-0.000000,0.000000,0.000000,4
1.7180,0.000000,-0.000000,-0.000000,0.0000,0.0000,0.0000,-0.000000,0.000000,0.000000,4
1.7280,0.000000,-0.000000,-0.000000,0.0000,0.0000,0.0000,-0.000000,0.000000,0.000000,4
1.7380,0.000000,-0.000000,-0.000000,0.0000,0.0000,0.0000,-0.000000,0.000000,0.000000,4
1.7480,0.000000,-0.000000,-0.000000,0.0000,0.0000,0.0000,-0.000000,0.000000,0.000000,4
1.7580,0.000000,-0.000000,-0.000000,0.0000,0.0000,0.0000,-0.000000,0.000000,0.000000,4
1.7680,0.000000,-0.000000,-0.000000,0.0000,0.0000,0.0000,-0.000000,0.000000,0.000000,4
1.7780,0.000000,-0.000000,-0.000000,0.0000,0.0000,0.0000,-0.000000,0.000000,0.000000,4
1.7880,0.000000,-0.000000,-0.000000,0.0000,0.0000,0.0000,-0.000000,0.000000,0.000000,4
1.7980,0.000000,-0.000000,-0.000000,0.0000,0.0000,0.0000,-0.000000,0.000000,0.000000,4
1.8080,0.000000,-0.000000,-0.000000,0.0000,0.0000,0.0000,-0.000000,0.000000,0.000000,4
1.8180,0.000000,-0.000000,-0.000000,0.0000,0.0000,0.0000,-0.000000,0.000000,0.000000,4
1.8280,0.000000,-0.000000,-0.000000,0.0000,0.0000,0.0000,-0.000000,0.000000,0.000000,4
1.8380,0.000000,-0.000000,-0.000000,0.0000,0.0000,0.0000,-0.000000,0.000000,0.000000,4
1.8480,0.000000,-0.000000,-0.000000,0.0000,0.0000,0.0000,-0.000000,0.000000,0.000000,4
1.8580,0.000000,-0.000000,-0.000000,0.0000,0.0000,0.0000,-0.000000,0.000000,0.000000,4
1.8680,0.000000,-0.000000,-0.000000,0.0000,0.0000,0.0000,-0.000000,0.000000,0.000000,4
1.8780,0.000000,-0.000000,-0.000000,0.0000,0.0000,0.0000,-0.000000,0.000000,0.000000,4
1.8880,0.000000,-0.000000,-0.000000,0.0000,0.0000,0.0000,-0.000000,0.000000,0.000000,4
1.8980,0.000000,-0.000000,-0.000000,0.0000,0.0000,0.0000,-0.000000,0.000000,0.000000,4
1.9080,0.000000,-0.000000,-0.000000,0.0000,0.0000,0.0000,-0.000000,0.000000,0.000000,4
1.9180,0.000000,-0.000000,-0.000000,0.0000,0.0000,0.0000,-0.000000,0.000000,0.000000,4
1.9280,0.000000,-0.000000,-0.000000,0.0000,0.0000,0.0000,-0.000000,0.000000,0.000000,4
1.9380,0.000000,-0.000000,-0.000000,0.0000,0.0000,0.0000,-0.000000,0.000000,0.000000,4
1.9480,0.000000,-0.000000,-0.000000,0.0000,0.0000,0.0000,-0.000000,0.000000,0.000000,4
1.9580,0.000000,-0.000000,-0.000000,0.0000,0.0000,0.0000,-0.000000,0.000000,0.000000,4
1.9680,0.000000,-0.000000,-0.000000,0.0000,0.0000,0.0000,-0.000000,0.000000,0.000000,4
1.9780,0.000000,-0.000000,-0.000000,0.0000,0.0000,0.0000,-0.000000,0.000000,0.000000,4
1.9880,0.000000,-0.000000,-0.000000,0.0000,0.0000,0.0000,-0.000000,0.000000,0.000000,0
1.9980,0.000000,-0.000000,-0.000000,0.0000,0.0000,0.0000,-0.000000,0.000000,0.000000,0
2.0080,0.000000,-0.000000,-0.000000,0.0000,0.0000,0.0000,-0.000000,0.000000,0.000000,0
2.0180,0.000000,-0.000000,-0.000000,0.0000,0.0000,0.0000,-0.000000,0.000000,0.000000,0
2.0280,0.000000,-0.000000,-0.000000,0.0000,0.0000,0.0000,-0.000000,0.000000,0.000000,0
2.0380,0.000000,-0.000000,-0.000000,0.0000,0.0000,0.0000,-0.000000,0.000000,0.000000,0
2.0480,0.000000,-0.000000,-0.000000,0.0000,0.0000,0.0000,-0.000000,0.000000,0.000000,0
2.0580,0.000000,-0.000000,-0.000000,0.0000,0.0000,0.0000,-0.000000,0.000000,0.000000,0
2.0680,0.000000,-0.000000,-0.000000,0.0000,0.0000,0.0000,-0.000000,0.000000,0.000000,0
2.0780,0.000000,-0.000000,-0.000000,0.0000,0.0000,0.0000,-0.000000,0.000000,0.000000,0
2.0880,0.000000,-0.000000,-0.000000,0.0000,0.0000,0.0000,-0.000000,0.000000,0.000000,0
2.0980,0.000000,-0.000000,-0.000000,0.0000,0.0000,0.0000,-0.000000,0.000000,0.000000,0
2.1080,0.000000,-0.000000,-0.000000,0.0000,0.0000,0.0000,-0.000000,0.000000,0.000000,0
2.1180,0.000000,-0.000000,-0.000000,0.0000,0.0000,0.0000,-0.000000,0.000000,0.000000,0
2.1280,0.000000,-0.000000,-0.000000,0.0000,0.0000,0.0000,-0.000000,0.000000,0.000000,0
2.1380,0.000000,-0.000000,-0.000000,0.0000,0.0000,0.0000,-0.000000,0.000000,0.000000,0
2.1480,0.000000,-0.000000,-0.000000,0.0000,0.0000,0.0000,-0.000000,0.000000,0.000000,0
2.1580,0.000000,-0.000000,-0.000000,0.0000,0.0000,0.0000,-0.000000,0.000000,0.000000,0
2.1680,0.000000,-0.000000,-0.000000,0.0000,0.0000,0.0000,-0.000000,0.000000,0.000000,0
2.1780,0.000000,-0.000000,-0.000000,0.0000,0.0000,0.0000,-0.000000,0.000000,0.000000,0
2.1880,0.000000,-0.000000,-0.000000,0.0000,0.0000,0.0000,-0.000000,0.000000,0.000000,0
2.1980,0.000000,-0.000000,-0.000000,0.0000,0.0000,0.0000,-0.000000,0.000000,0.000000,0
2.2080,0.000000,-0.000000,-0.000000,0.0000,0.0000,0.0000,-0.000000,0.000000,0.000000,0
2.2180,0.000000,-0.000000,-0.000000,0.0000,0.0000,0.0000,-0.000000,0.000000,0.000000,0
2.2280,0.000000,-0.000000,-0.000000,0.0000,0.0000,0.0000,-0.000000,0.000000,0.000000,0
2.2380,0.000000,-0.000000,-0.000000,0.0000,0.0000,0.0000,-0.000000,0.000000,0.000000,0
2.2480,0.000000,-0.000000,-0.000000,0.0000,0.0000,0.0000,-0.000000,0.000000,0.000000,0
2.2580,0.000000,-0.000000,-0.000000,0.0000,0.0000,0.0000,-0.000000,0.000000,0.000000,0
2.2680,0.000000,-0.000000,-0.000000,0.0000,0.0000,0.0000,-0.000000,0.000000,0.000000,0
2.2780,0.000000,-0.000000,-0.000000,0.0000,0.0000,0.0000,-0.000000,0.000000,0.000000,0
2.2880,0.000000,-0.000000,-0.000000,0.0000,0.0000,0.0000,-0.000000,0.000000,0.000000,0
2.2980,0.000000,-0.000000,-0.000000,0.0000,0.0000,0.0000,-0.000000,0.000000,0.000000,0
2.3080,0.000000,-0.000000,-0.000000,0.0000,0.0000,0.0000,-0.000000,0.000000,0.000000,0
2.3180,0.000000,-0.000000,-0.000000,0.0000,0.0000,0.0000,-0.000000,0.000000,0.000000,0
2.3280,0.000000,-0.000000,-0.000000,0.0000,0.0000,0.0000,-0.000000,0.000000,0.000000,0
2.3380,0.000000,-0.000000,-0.000000,0.0000,0.0000,0.0000,-0.000000,0.000000,0.000000,0
2.3480,0.000000,-0.000000,-0.000000,0.0000,0.0000,0.0000,-0.000000,0.000000,0.000000,0
2.3580,0.000000,-0.000000,-0.000000,0.0000,0.0000,0.0000,-0.000000,0.000000,0.000000,0
2.3680,0.000000,-0.000000,-0.000000,0.0000,0.0000,0.0000,-0.000000,0.000000,0.000000,0
2.3780,0.000000,-0.000000,-0.000000,0.0000,0.0000,0.0000,-0.000000,0.000000,0.000000,0
2.3880,0.000000,-0.000000,-0.000000,0.0000,0.0000,0.0000,-0.000000,0.000000,0.000000,0
2.3980,0.000000,-0.000000,-0.000000,0.0000,0.0000,0.0000,-0.000000,0.000000,0.000000,0
2.4080,0.000000,-0.000000,-0.000000,0.0000,0.0000,0.0000,-0.000000,0.000000,0.000000,0
2.4180,0.000000,-0.000000,-0.000000,0.0000,0.0000,0.0000,-0.000000,0.000000,0.000000,0
2.4280,0.000000,-0.000000,-0.000000,0.0000,0.0000,0.0000,-0.000000,0.000000,0.000000,0
2.4380,0.000000,-0.000000,-0.000000,0.0000,0.0000,0.0000,-0.000000,0.000000,0.000000,0
2.4480,0.000000,-0.000000,-0.000000,0.0000,0.0000,0.0000,-0.000000,0.000000,0.000000,0
2.4580,0.000000,-0.000000,-0.000000,0.0000,0.0000,0.0000,-0.000000,0.000000,0.000000,0
2.4680,0.000000,-0.000000,-0.000000,0.0000,0.0000,0.0000,-0.000000,0.000000,0.000000,0
2.4780,0.000000,-0.000000,-0.000000,0.0000,0.0000,0.0000,-0.000000,0.000000,0.000000,0
2.4880,0.000000,-0.000000,-0.000000,0.0000,0.0000,0.0000,-0.000000,0.000000,0.000000,0
2.4980,0.000000,-0.000000,-0.000000,0.0000,0.0000,0.0000,-0.000000,0.000000,0.000000,0
2.5080,0.000000,-0.000000,-0.000000,0.0000,0.0000,0.0000,-0.000000,0.000000,0.000000,0
2.5180,0.000000,-0.000000,-0.000000,0.0000,0.0000,0.0000,-0.000000,0.000000,0.000000,0
2.5280,0.000000,-0.000000,-0.000000,0.0000,0.0000,0.0000,-0.000000,0.000000,0.000000,0
2.5380,0.000000,-0.000000,-0.000000,0.0000,0.0000,0.0000,-0.000000,0.000000,0.000000,0
2.5480,0.000000,-0.000000,-0.000000,0.0000,0.0000,0.0000,-0.000000,0.000000,0.000000,0
2.5580,0.000000,-0.000000,-0.000000,0.0000,0.0000,0.0000,-0.000000,0.000000,0.000000,0
2.5680,0.000000,-0.000000,-0.000000,0.0000,0.0000,0.0000,-0.000000,0.000000,0.000000,0
2.5780,0.000000,-0.000000,-0.000000,0.0000,0.0000,0.0000,-0.000000,0.000000,0.000000,0
2.5880,0.000000,-0.000000,-0.000000,0.0000,0.0000,0.0000,-0.000000,0.000000,0.000000,0
2.5980,0.000000,-0.000000,-0.000000,0.0000,0.0000,0.0000,-0.000000,0.000000,0.000000,0
2.6080,0.000000,-0.000000,-0.000000,0.0000,0.0000,0.0000,-0.000000,0.000000,0.000000,0
2.6180,0.000000,-0.000000,-0.000000,0.0000,0.0000,0.0000,-0.000000,0.000000,0.000000,0
2.6280,0.000000,-0.000000,-0.000000,0.0000,0.0000,0.0000,-0.000000,0.000000,0.000000,0
2.6380,0.000000,-0.000000,-0.000000,0.0000,0.0000,0.0000,-0.000000,0.000000,0.000000,0
2.6480,0.000000,-0.000000,-0.000000,0.0000,0.0000,0.0000,-0.000000,0.000000,0.000000,0
2.6580,0.000000,-0.000000,-0.000000,0.0000,0.0000,0.0000,-0.000000,0.000000,0.000000,0
2.6680,0.000000,-0.000000,-0.000000,0.0000,0.0000,0.0000,-0.000000,0.000000,0.000000,0
2.6780,0.000000,-0.000000,-0.000000,0.0000,0.0000,0.0000,-0.000000,0.000000,0.000000,0
2.6880,0.000000,-0.000000,-0.000000,0.0000,0.0000,0.0000,-0.000000,0.000000,0.000000,0
2.6980,0.000000,-0.000000,-0.000000,0.0000,0.0000,0.0000,-0.000000,0.000000,0.000000,0
2.7080,0.000000,-0.000000,-0.000000,0.0000,0.0000,0.0000,-0.000000,0.000000,0.000000,0
2.7180,0.000000,-0.000000,-0.000000,0.0000,0.0000,0.0000,-0.000000,0.000000,0.000000,0
2.7280,0.000000,-0.000000,-0.000000,0.0000,0.0000,0.0000,-0.000000,0.000000,0.000000,0
2.7380,0.000000,-0.000000,-0.000000,0.0000,0.0000,0.0000,-0.000000,0.000000,0.000000,0
2.7480,0.000000,-0.000000,-0.000000,0.0000,0.0000,0.0000,-0.000000,0.000000,0.000000,0
2.7580,0.000000,-0.000000,-0.000000,0.0000,0.0000,0.0000,-0.000000,0.000000,0.000000,0
2.7680,0.000000,-0.000000,-0.000000,0.0000,0.0000,0.0000,-0.000000,0.000000,0.000000,0
2.7780,0.000000,-0.000000,-0.000000,0.0000,0.0000,0.0000,-0.000000,0.000000,0.000000,0
2.7880,0.000000,-0.000000,-0.000000,0.0000,0.0000,0.0000,-0.000000,0.000000,0.000000,0
2.7980,0.000000,-0.000000,-0.000000,0.0000,0.0000,0.0000,-0.000000,0.000000,0.000000,0
2.8080,0.000000,-0.000000,-0.000000,0.0000,0.0000,0.0000,-0.000000,0.000000,0.000000,0
2.8180,0.000000,-0.000000,-0.000000,0.0000,0.0000,0.0000,-0.000000,0.000000,0.000000,0
2.8280,0.000000,-0.000000,-0.000000,0.0000,0.0000,0.0000,-0.000000,0.000000,0.000000,0
2.8380,0.000000,-0.000000,-0.000000,0.0000,0.0000,0.0000,-0.000000,0.000000,0.000000,0
2.8480,0.000000,-0.000000,-0.000000,0.0000,0.0000,0.0000,-0.000000,0.000000,0.000000,0
2.8580,0.000000,-0.000000,-0.000000,0.0000,0.0000,0.0000,-0.000000,0.000000,0.000000,0
2.8680,0.000000,-0.000000,-0.000000,0.0000,0.0000,0.0000,-0.000000,0.000000,0.000000,0
2.8780,0.000000,-0.000000,-0.000000,0.0000,0.0000,0.0000,-0.000000,0.000000,0.000000,0
2.8880,0.000000,-0.000000,-0.000000,0.0000,0.0000,0.0000,-0.000000,0.000000,0.000000,0
2.8980,0.000000,-0.000000,-0.000000,0.0000,0.0000,0.0000,-0.000000,0.000000,0.000000,0
2.9080,0.000000,-0.000000,-0.000000,0.0000,0.0000,0.0000,-0.000000,0.000000,0.000000,0
2.9180,0.000000,-0.000000,-0.000000,0.0000,0.0000,0.0000,-0.000000,0.000000,0.000000,0
2.9280,0.000000,-0.000000,-0.000000,0.0000,0.0000,0.0000,-0.000000,0.000000,0.000000,0
2.9380,0.000000,-0.000000,-0.000000,0.0000,0.0000,0.0000,-0.000000,0.000000,0.000000,0
2.9480,0.000000,-0.000000,-0.000000,0.0000,0.0000,0.0000,-0.000000,0.000000,0.000000,0
2.9580,0.000000,-0.000000,-0.000000,0.0000,0.0000,0.0000,-0.000000,0.000000,0.000000,0
2.9680,0.000000,-0.000000,-0.000000,0.0000,0.0000,0.0000,-0.000000,0.000000,0.000000,0
2.9780,0.000000,-0.000000,-0.000000,0.0000,0.0000,0.0000,-0.000000,0.000000,0.000000,0
2.9880,0.000000,-0.000000,-0.000000,0.0000,0.0000,0.0000,-0.000000,0.000000,0.000000,0
2.9980,0.000000,-0.000000,-0.000000,0.0000,0.0000,0.0000,-0.000000,0.000000,0.000000,0
3.0080,0.000000,-0.000000,-0.000000,0.0000,0.0000,0.0000,-0.000000,0.000000,0.000000,0
3.0180,0.000000,-0.000000,-0.000000,0.0000,0.0000,0.0000,-0.000000,0.000000,0.000000,0
3.0280,0.000000,-0.000000,-0.000000,0.0000,0.0000,0.0000,-0.000000,0.000000,0.000000,0
3.0380,0.000000,-0.000000,-0.000000,0.0000,0.0000,0.0000,-0.000000,0.000000,0.000000,0
3.0480,0.000000,-0.000000,-0.000000,0.0000,0.0000,0.0000,-0.000000,0.000000,0.000000,0
3.0580,0.000000,-0.000000,-0.000000,0.0000,0.0000,0.0000,-0.000000,0.000000,0.000000,0
3.0680,0.000000,-0.000000,-0.000000,0.0000,0.0000,0.0000,-0.000000,0.000000,0.000000,0
3.0780,0.000000,-0.000000,-0.000000,0.0000,0.0000,0.0000,-0.000000,0.000000,0.000000,0
3.0880,0.000000,-0.000000,-0.000000,0.0000,0.0000,0.0000,-0.000000,0.000000,0.000000,0
3.0980,0.000000,-0.000000,-0.000000,0.0000,0.0000,0.0000,-0.000000,0.000000,0.000000,0
3.1080,0.000000,-0.000000,-0.000000,0.0000,0.0000,0.0000,-0.000000,0.000000,0.000000,0
3.1180,0.000000,-0.000000,-0.000000,0.0000,0.0000,0.0000,-0.000000,0.000000,0.000000,0
3.1280,0.000000,-0.000000,-0.000000,0.0000,0.0000,0.0000,-0.000000,0.000000,0.000000,0
3.1380,0.000000,-0.000000,-0.000000,0.0000,0.0000,0.0000,-0.000000,0.000000,0.000000,0
3.1480,0.000000,-0.000000,-0.000000,0.0000,0.0000,0.0000,-0.000000,0.000000,0.000000,0
3.1580,0.000000,-0.000000,-0.000000,0.0000,0.0000,0.0000,-0.000000,0.000000,0.000000,0
3.1680,0.000000,-0.000000,-0.000000,0.0000,0.0000,0.0000,-0.000000,0.000000,0.000000,0
3.1780,0.000000,-0.000000,-0.000000,0.0000,0.0000,0.0000,-0.000000,0.000000,0.000000,0
3.1880,0.000000,-0.000000,-0.000000,0.0000,0.0000,0.0000,-0.000000,0.000000,0.000000,0
3.1980,0.000000,-0.000000,-0.000000,0.0000,0.0000,0.0000,-0.000000,0.000000,0.000000,0
3.2080,0.000000,-0.000000,-0.000000,0.0000,0.0000,0.0000,-0.000000,0.000000,0.000000,0
3.2180,0.000000,-0.000000,-0.000000,0.0000,0.0000,0.0000,-0.000000,0.000000,0.000000,0
3.2280,0.000000,-0.000000,-0.000000,0.0000,0.0000,0.0000,-0.000000,0.000000,0.000000,0
3.2380,0.000000,-0.000000,-0.000000,0.0000,0.0000,0.0000,-0.000000,0.000000,0.000000,0
3.2480,0.000000,-0.000000,-0.000000,0.0000,0.0000,0.0000,-0.000000,0.000000,0.000000,0
3.2580,0.000000,-0.000000,-0.000000,0.0000,0.0000,0.0000,-0.000000,0.000000,0.000000,0
3.2680,0.000000,-0.000000,-0.000000,0.0000,0.0000,0.0000,-0.000000,0.000000,0.000000,0
3.2780,0.000000,-0.000000,-0.000000,0.0000,0.0000,0.0000,-0.000000,0.000000,0.000000,0
3.2880,0.000000,-0.000000,-0.000000,0.0000,0.0000,0.0000,-0.000000,0.000000,0.000000,0
3.2980,0.000000,-0.000000,-0.000000,0.0000,0.0000,0.0000,-0.000000,0.000000,0.000000,0
3.3080,0.000000,-0.000000,-0.000000,0.0000,0.0000,0.0000,-0.000000,0.000000,0.000000,0
3.3180,0.000000,-0.000000,-0.000000,0.0000,0.0000,0.0000,-0.000000,0.000000,0.000000,0
3.3280,0.000000,-0.000000,-0.000000,0.0000,0.0000,0.0000,-0.000000,0.000000,0.000000,0
3.3380,0.000000,-0.000000,-0.000000,0.0000,0.0000,0.0000,-0.000000,0.000000,0.000000,0
3.3480,0.000000,-0.000000,-0.000000,0.0000,0.0000,0.0000,-0.000000,0.000000,0.000000,0
3.3580,0.000000,-0.000000,-0.000000,0.0000,0.0000,0.0000,-0.000000,0.000000,0.000000,0
3.3680,0.000000,-0.000000,-0.000000,0.0000,0.0000,0.0000,-0.000000,0.000000,0.000000,0
3.3780,0.000000,-0.000000,-0.000000,0.0000,0.0000,0.0000,-0.000000,0.000000,0.000000,0
3.3880,0.000000,-0.000000,-0.000000,0.0000,0.0000,0.0000,-0.000000,0.000000,0.000000,0
3.3980,0.000000,-0.000000,-0.000000,0.0000,0.0000,0.0000,-0.000000,0.000000,0.000000,0
3.4080,0.000000,-0.000000,-0.000000,0.0000,0.0000,0.0000,-0.000000,0.000000,0.000000,0
3.4180,0.000000,-0.000000,-0.000000,0.0000,0.0000,0.0000,-0.000000,0.000000,0.000000,0
3.4280,0.000000,-0.000000,-0.000000,0.0000,0.0000,0.0000,-0.000000,0.000000,0.000000,0
3.4380,0.000000,-0.000000,-0.000000,0.0000,0.0000,0.0000,-0.000000,0.000000,0.000000,0
3.4480,0.000000,-0.000000,-0.000000,0.0000,0.0000,0.0000,-0.000000,0.000000,0.000000,0
3.4580,0.000000,-0.000000,-0.000000,0.0000,0.0000,0.0000,-0.000000,0.000000,0.000000,0
3.4680,0.000000,-0.000000,-0.000000,0.0000,0.0000,0.0000,-0.000000,0.000000,0.000000,0
3.4780,0.000000,-0.000000,-0.000000,0.0000,0.0000,0.0000,-0.000000,0.000000,0.000000,0
3.4880,0.000000,-0.000000,-0.000000,0.0000,0.0000,0.0000,-0.000000,0.000000,0.000000,0
3.4980,0.000000,-0.000000,-0.000000,0.0000,0.0000,0.0000,-0.000000,0.000000,0.000000,0
3.5080,0.000000,-0.000000,-0.000000,0.0000,0.0000,0.0000,-0.000000,0.000000,0.000000,0
3.5180,0.000000,-0.000000,-0.000000,0.0000,0.0000,0.0000,-0.000000,0.000000,0.000000,0
3.5280,0.000000,-0.000000,-0.000000,0.0000,0.0000,0.0000,-0.000000,0.000000,0.000000,0
3.5380,0.000000,-0.000000,-0.000000,0.0000,0.0000,0.0000,-0.000000,0.000000,0.000000,0
3.5480,0.000000,-0.000000,-0.000000,0.0000,0.0000,0.0000,-0.000000,0.000000,0.000000,0
3.5580,0.000000,-0.000000,-0.000000,0.0000,0.0000,0.0000,-0.000000,0.000000,0.000000,0
3.5680,0.000000,-0.000000,-0.000000,0.0000,0.0000,0.0000,-0.000000,0.000000,0.000000,0
3.5780,0.000000,-0.000000,-0.000000,0.0000,0.0000,0.0000,-0.000000,0.000000,0.000000,0
3.5880,0.000000,-0.000000,-0.000000,0.0000,0.0000,0.0000,-0.000000,0.000000,0.000000,0
3.5980,0.000000,-0.000000,-0.000000,0.0000,0.0000,0.0000,-0.000000,0.000000,0.000000,0
3.6080,0.000000,-0.000000,-0.000000,0.0000,0.0000,0.0000,-0.000000,0.000000,0.000000,0
3.6180,0.000000,-0.000000,-0.000000,0.0000,0.0000,0.0000,-0.000000,0.000000,0.000000,0
3.6280,0.000000,-0.000000,-0.000000,0.0000,0.0000,0.0000,-0.000000,0.000000,0.000000,0
3.6380,0.000000,-0.000000,-0.000000,0.0000,0.0000,0.0000,-0.000000,0.000000,0.000000,0
3.6480,0.000000,-0.000000,-0.000000,0.0000,0.0000,0.0000,-0.000000,0.000000,0.000000,0
3.6580,0.000000,-0.000000,-0.000000,0.0000,0.0000,0.0000,-0.000000,0.000000,0.000000,0
3.6680,0.000000,-0.000000,-0.000000,0.0000,0.0000,0.0000,-0.000000,0.000000,0.000000,0
3.6780,0.000000,-0.000000,-0.000000,0.0000,0.0000,0.0000,-0.000000,0.000000,0.000000,0
3.6880,0.000000,-0.000000,-0.000000,0.0000,0.0000,0.0000,-0.000000,0.000000,0.000000,0
3.6980,0.000000,-0.000000,-0.000000,0.0000,0.0000,0.0000,-0.000000,0.000000,0.000000,0
3.7080,0.000000,-0.000000,-0.000000,0.0000,0.0000,0.0000,-0.000000,0.000000,0.000000,0
3.7180,0.000000,-0.000000,-0.000000,0.0000,0.0000,0.0000,-0.000000,0.000000,0.000000,0
3.7280,0.000000,-0.000000,-0.000000,0.0000,0.0000,0.0000,-0.000000,0.000000,0.000000,0
3.7380,0.000000,-0.000000,-0.000000,0.0000,0.0000,0.0000,-0.000000,0.000000,0.000000,0
3.7480,0.000000,-0.000000,-0.000000,0.0000,0.0000,0.0000,-0.000000,0.000000,0.000000,0
3.7580,0.000000,-0.000000,-0.000000,0.0000,0.0000,0.0000,-0.000000,0.000000,0.000000,0
3.7680,0.000000,-0.000000,-0.000000,0.0000,0.0000,0.0000,-0.000000,0.000000,0.000000,0
3.7780,0.000000,-0.000000,-0.000000,0.0000,0.0000,0.0000,-0.000000,0.000000,0.000000,0
3.7880,0.000000,-0.000000,-0.000000,0.0000,0.0000,0.0000,-0.000000,0.000000,0.000000,0
3.7980,0.000000,-0.000000,-0.000000,0.0000,0.0000,0.0000,-0.000000,0.000000,0.000000,0
3.8080,0.000000,-0.000000,-0.000000,0.0000,0.0000,0.0000,-0.000000,0.000000,0.000000,0
3.8180,0.000000,-0.000000,-0.000000,0.0000,0.0000,0.0000,-0.000000,0.000000,0.000000,0
3.8280,0.000000,-0.000000,-0.000000,0.0000,0.0000,0.0000,-0.000000,0.000000,0.000000,0
3.8380,0.000000,-0.000000,-0.000000,0.0000,0.0000,0.0000,-0.000000,0.000000,0.000000,0
3.8480,0.000000,-0.000000,-0.000000,0.0000,0.0000,0.0000,-0.000000,0.000000,0.000000,0
3.8580,0.000000,-0.000000,-0.000000,0.0000,0.0000,0.0000,-0.000000,0.000000,0.000000,0
3.8680,0.000000,-0.000000,-0.000000,0.0000,0.0000,0.0000,-0.000000,0.000000,0.000000,0
3.8780,0.000000,-0.000000,-0.000000,0.0000,0.0000,0.0000,-0.000000,0.000000,0.000000,0
3.8880,0.000000,-0.000000,-0.000000,0.0000,0.0000,0.0000,-0.000000,0.000000,0.000000,0
3.8980,0.000000,-0.000000,-0.000000,0.0000,0.0000,0.0000,-0.000000,0.000000,0.000000,0
3.9080,0.000000,-0.000000,-0.000000,0.0000,0.0000,0.0000,-0.000000,0.000000,0.000000,0
3.9180,0.000000,-0.000000,-0.000000,0.0000,0.0000,0.0000,-0.000000,0.000000,0.000000,0
3.9280,0.000000,-0.000000,-0.000000,0.0000,0.0000,0.0000,-0.000000,0.000000,0.000000,0
3.9380,0.000000,-0.000000,-0.000000,0.0000,0.0000,0.0000,-0.000000,0.000000,0.000000,0
3.9480,0.000000,-0.000000,-0.000000,0.0000,0.0000,0.0000,-0.000000,0.000000,0.000000,0
3.9580,0.000000,-0.000000,-0.000000,0.0000,0.0000,0.0000,-0.000000,0.000000,0.000000,0
3.9680,0.000000,-0.000000,-0.000000,0.0000,0.0000,0.0000,-0.000000,0.000000,0.000000,0
3.9780,0.000000,-0.000000,-0.000000,0.0000,0.0000,0.0000,-0.000000,0.000000,0.000000,0
3.9880,0.000000,-0.000000,-0.000000,0.0000,0.0000,0.0000,-0.000000,0.000000,0.000000,0
3.9980,0.000000,-0.000000,-0.000000,0.0000,0.0000,0.0000,-0.000000,0.000000,0.000000,0
4.0080,0.000000,-0.000000,-0.000000,0.0000,0.0000,0.0000,-0.000000,0.000000,0.000000,0
4.0180,0.000000,-0.000000,-0.000000,0.0000,0.0000,0.0000,-0.000000,0.000000,0.000000,0
4.0280,0.000000,-0.000000,-0.000000,0.0000,0.0000,0.0000,-0.000000,0.000000,0.000000,0
4.0380,0.000000,-0.000000,-0.000000,0.0000,0.0000,0.0000,-0.000000,0.000000,0.000000,0
4.0480,0.000000,-0.000000,-0.000000,0.0000,0.0000,0.0000,-0.000000,0.000000,0.000000,0
4.0580,0.000000,-0.000000,-0.000000,0.0000,0.0000,0.0000,-0.000000,0.000000,0.000000,0
4.0680,0.000000,-0.000000,-0.000000,0.0000,0.0000,0.0000,-0.000000,0.000000,0.000000,0
4.0780,0.000000,-0.000000,-0.000000,0.0000,0.0000,0.0000,-0.000000,0.000000,0.000000,0
4.0880,0.000000,-0.000000,-0.000000,0.0000,0.0000,0.0000,-0.000000,0.000000,0.000000,0
4.0980,0.000000,-0.000000,-0.000000,0.0000,0.0000,0.0000,-0.000000,0.000000,0.000000,0
4.1080,0.000000,-0.000000,-0.000000,0.0000,0.0000,0.0000,-0.000000,0.000000,0.000000,0
4.1180,0.000000,-0.000000,-0.000000,0.0000,0.0000,0.0000,-0.000000,0.000000,0.000000,0
4.1280,0.000000,-0.000000,-0.000000,0.0000,0.0000,0.0000,-0.000000,0.000000,0.000000,0
4.1380,0.000000,-0.000000,-0.000000,0.0000,0.0000,0.0000,-0.000000,0.000000,0.000000,0
4.1480,0.000000,-0.000000,-0.000000,0.0000,0.0000,0.0000,-0.000000,0.000000,0.000000,0
4.1580,0.000000,-0.000000,-0.000000,0.0000,0.0000,0.0000,-0.000000,0.000000,0.000000,0
4.1680,0.000000,-0.000000,-0.000000,0.0000,0.0000,0.0000,-0.000000,0.000000,0.000000,0
4.1780,0.000000,-0.000000,-0.000000,0.0000,0.0000,0.0000,-0.000000,0.000000,0.000000,0
4.1880,0.000000,-0.000000,-0.000000,0.0000,0.0000,0.0000,-0.000000,0.000000,0.000000,0
4.1980,0.000000,-0.000000,-0.000000,0.0000,0.0000,0.0000,-0.000000,0.000000,0.000000,0
4.2080,0.000000,-0.000000,-0.000000,0.0000,0.0000,0.0000,-0.000000,0.000000,0.000000,0
4.2180,0.000000,-0.000000,-0.000000,0.0000,0.0000,0.0000,-0.000000,0.000000,0.000000,0
4.2280,0.000000,-0.000000,-0.000000,0.0000,0.0000,0.0000,-0.000000,0.000000,0.000000,0
4.2380,0.000000,-0.000000,-0.000000,0.0000,0.0000,0.0000,-0.000000,0.000000,0.000000,0
4.2480,0.000000,-0.000000,-0.000000,0.0000,0.0000,0.0000,-0.000000,0.000000,0.000000,0
4.2580,0.000000,-0.000000,-0.000000,0.0000,0.0000,0.0000,-0.000000,0.000000,0.000000,0
4.2680,0.000000,-0.000000,-0.000000,0.0000,0.0000,0.0000,-0.000000,0.000000,0.000000,0
4.2780,0.000000,-0.000000,-0.000000,0.0000,0.0000,0.0000,-0.000000,0.000000,0.000000,0
4.2880,0.000000,-0.000000,-0.000000,0.0000,0.0000,0.0000,-0.000000,0.000000,0.000000,0
4.2980,0.000000,-0.000000,-0.000000,0.0000,0.0000,0.0000,-0.000000,0.000000,0.000000,0
4.3080,0.000000,-0.000000,-0.000000,0.0000,0.0000,0.0000,-0.000000,0.000000,0.000000,0
4.3180,0.000000,-0.000000,-0.000000,0.0000,0.0000,0.0000,-0.000000,0.000000,0.000000,0
4.3280,0.000000,-0.000000,-0.000000,0.0000,0.0000,0.0000,-0.000000,0.000000,0.000000,0
4.3380,0.000000,-0.000000,-0.000000,0.0000,0.0000,0.0000,-0.000000,0.000000,0.000000,0
4.3480,0.000000,-0.000000,-0.000000,0.0000,0.0000,0.0000,-0.000000,0.000000,0.000000,0
4.3580,0.000000,-0.000000,-0.000000,0.0000,0.0000,0.0000,-0.000000,0.000000,0.000000,0
4.3680,0.000000,-0.000000,-0.000000,0.0000,0.0000,0.0000,-0.000000,0.000000,0.000000,0
4.3780,0.000000,-0.000000,-0.000000,0.0000,0.0000,0.0000,-0.000000,0.000000,0.000000,0
4.3880,0.000000,-0.000000,-0.000000,0.0000,0.0000,0.0000,-0.000000,0.000000,0.000000,0
4.3980,0.000000,-0.000000,-0.000000,0.0000,0.0000,0.0000,-0.000000,0.000000,0.000000,0
4.4080,0.000000,-0.000000,-0.000000,0.0000,0.0000,0.0000,-0.000000,0.000000,0.000000,0
4.4180,0.000000,-0.000000,-0.000000,0.0000,0.0000,0.0000,-0.000000,0.000000,0.000000,0
4.4280,0.000000,-0.000000,-0.000000,0.0000,0.0000,0.0000,-0.000000,0.000000,0.000000,0
4.4380,0.000000,-0.000000,-0.000000,0.0000,0.0000,0.0000,-0.000000,0.000000,0.000000,0
4.4480,0.000000,-0.000000,-0.000000,0.0000,0.0000,0.0000,-0.000000,0.000000,0.000000,0
4.4580,0.000000,-0.000000,-0.000000,0.0000,0.0000,0.0000,-0.000000,0.000000,0.000000,0
4.4680,0.000000,-0.000000,-0.000000,0.0000,0.0000,0.0000,-0.000000,0.000000,0.000000,0
4.4780,0.000000,-0.000000,-0.000000,0.0000,0.0000,0.0000,-0.000000,0.000000,0.000000,0
4.4880,0.000000,-0.000000,-0.000000,0.0000,0.0000,0.0000,-0.000000,0.000000,0.000000,0
4.4980,0.000000,-0.000000,-0.000000,0.0000,0.0000,0.0000,-0.000000,0.000000,0.000000,0
4.5080,0.000000,-0.000000,-0.000000,0.0000,0.0000,0.0000,-0.000000,0.000000,0.000000,0
4.5180,0.000000,-0.000000,-0.000000,0.0000,0.0000,0.0000,-0.000000,0.000000,0.000000,0
4.5280,0.000000,-0.000000,-0.000000,0.0000,0.0000,0.0000,-0.000000,0.000000,0.000000,0
4.5380,0.000000,-0.000000,-0.000000,0.0000,0.0000,0.0000,-0.000000,0.000000,0.000000,0
4.5480,0.000000,-0.000000,-0.000000,0.0000,0.0000,0.0000,-0.000000,0.000000,0.000000,0
4.5580,0.000000,-0.000000,-0.000000,0.0000,0.0000,0.0000,-0.000000,0.000000,0.000000,0
4.5680,0.000000,-0.000000,-0.000000,0.0000,0.0000,0.0000,-0.000000,0.000000,0.000000,0
4.5780,0.000000,-0.000000,-0.000000,0.0000,0.0000,0.0000,-0.000000,0.000000,0.000000,0
4.5880,0.000000,-0.000000,-0.000000,0.0000,0.0000,0.0000,-0.000000,0.000000,0.000000,0
4.5980,0.000000,-0.000000,-0.000000,0.0000,0.0000,0.0000,-0.000000,0.000000,0.000000,0
4.6080,0.000000,-0.000000,-0.000000,0.0000,0.0000,0.0000,-0.000000,0.000000,0.000000,0
4.6180,0.000000,-0.000000,-0.000000,0.0000,0.0000,0.0000,-0.000000,0.000000,0.000000,0
4.6280,0.000000,-0.000000,-0.000000,0.0000,0.0000,0.0000,-0.000000,0.000000,0.000000,0
4.6380,0.000000,-0.000000,-0.000000,0.0000,0.0000,0.0000,-0.000000,0.000000,0.000000,0
4.6480,0.000000,-0.000000,-0.000000,0.0000,0.0000,0.0000,-0.000000,0.000000,0.000000,0
4.6580,0.000000,-0.000000,-0.000000,0.0000,0.0000,0.0000,-0.000000,0.000000,0.000000,0
4.6680,0.000000,-0.000000,-0.000000,0.0000,0.0000,0.0000,-0.000000,0.000000,0.000000,0
4.6780,0.000000,-0.000000,-0.000000,0.0000,0.0000,0.0000,-0.000000,0.000000,0.000000,0
4.6880,0.000000,-0.000000,-0.000000,0.0000,0.0000,0.0000,-0.000000,0.000000,0.000000,0
4.6980,0.000000,-0.000000,-0.000000,0.0000,0.0000,0.0000,-0.000000,0.000000,0.000000,0
4.7080,0.000000,-0.000000,-0.000000,0.0000,0.0000,0.0000,-0.000000,0.000000,0.000000,0
4.7180,0.000000,-0.000000,-0.000000,0.0000,0.0000,0.0000,-0.000000,0.000000,0.000000,0
4.7280,0.000000,-0.000000,-0.000000,0.0000,0.0000,0.0000,-0.000000,0.000000,0.000000,0
4.7380,0.000000,-0.000000,-0.000000,0.0000,0.0000,0.0000,-0.000000,0.000000,0.000000,0
4.7480,0.000000,-0.000000,-0.000000,0.0000,0.0000,0.0000,-0.000000,0.000000,0.000000,0
4.7580,0.000000,-0.000000,-0.000000,0.0000,0.0000,0.0000,-0.000000,0.000000,0.000000,0
4.7680,0.000000,-0.000000,-0.000000,0.0000,0.0000,0.0000,-0.000000,0.000000,0.000000,0
4.7780,0.000000,-0.000000,-0.000000,0.0000,0.0000,0.0000,-0.000000,0.000000,0.000000,0
4.7880,0.000000,-0.000000,-0.000000,0.0000,0.0000,0.0000,-0.000000,0.000000,0.000000,0
4.7980,0.000000,-0.000000,-0.000000,0.0000,0.0000,0.0000,-0.000000,0.000000,0.000000,0
4.8080,0.000000,-0.000000,-0.000000,0.0000,0.0000,0.0000,-0.000000,0.000000,0.000000,0
4.8180,0.000000,-0.000000,-0.000000,0.0000,0.0000,0.0000,-0.000000,0.000000,0.000000,0
4.8280,0.000000,-0.000000,-0.000000,0.0000,0.0000,0.0000,-0.000000,0.000000,0.000000,0
4.8380,0.000000,-0.000000,-0.000000,0.0000,0.0000,0.0000,-0.000000,0.000000,0.000000,0
4.8480,0.000000,-0.000000,-0.000000,0.0000,0.0000,0.0000,-0.000000,0.000000,0.000000,0
4.8580,0.000000,-0.000000,-0.000000,0.0000,0.0000,0.0000,-0.000000,0.000000,0.000000,0
4.8680,0.000000,-0.000000,-0.000000,0.0000,0.0000,0.0000,-0.000000,0.000000,0.000000,0
4.8780,0.000000,-0.000000,-0.000000,0.0000,0.0000,0.0000,-0.000000,0.000000,0.000000,0
4.8880,0.000000,-0.000000,-0.000000,0.0000,0.0000,0.0000,-0.000000,0.000000,0.000000,0
4.8980,0.000000,-0.000000,-0.000000,0.0000,0.0000,0.0000,-0.000000,0.000000,0.000000,0
4.9080,0.000000,-0.000000,-0.000000,0.0000,0.0000,0.0000,-0.000000,0.000000,0.000000,0
4.9180,0.000000,-0.000000,-0.000000,0.0000,0.0000,0.0000,-0.000000,0.000000,0.000000,0
4.9280,0.000000,-0.000000,-0.000000,0.0000,0.0000,0.0000,-0.000000,0.000000,0.000000,0
4.9380,0.000000,-0.000000,-0.000000,0.0000,0.0000,0.0000,-0.000000,0.000000,0.000000,0
4.9480,0.000000,-0.000000,-0.000000,0.0000,0.0000,0.0000,-0.000000,0.000000,0.000000,0
4.9580,0.000000,-0.000000,-0.000000,0.0000,0.0000,0.0000,-0.000000,0.000000,0.000000,0
4.9680,0.000000,-0.000000,-0.000000,0.0000,0.0000,0.0000,-0.000000,0.000000,0.000000,0
4.9780,0.000000,-0.000000,-0.000000,0.0000,0.0000,0.0000,-0.000000,0.000000,0.000000,0
4.9880,0.000000,-0.000000,-0.000000,0.0000,0.0000,0.0000,-0.000000,0.000000,0.000000,0
4.9980,0.000000,-0.000000,-0.000000,0.0000,0.0000,0.0000,-0.000000,0.000000,0.000000,0
5.0080,0.000000,-0.000000,-0.000000,0.0000,0.0000,0.0000,-0.000000,0.000000,0.000000,0
5.0180,0.000000,-0.000000,-0.000000,0.0000,0.0000,0.0000,-0.000000,0.000000,0.000000,0
5.0280,0.000000,-0.000000,-0.000000,0.0000,0.0000,0.0000,-0.000000,0.000000,0.000000,0
5.0380,0.000000,-0.000000,-0.000000,0.0000,0.0000,0.0000,-0.000000,0.000000,0.000000,0
5.0480,0.000000,-0.000000,-0.000000,0.0000,0.0000,0.0000,-0.000000,0.000000,0.000000,0
5.0580,0.000000,-0.000000,-0.000000,0.0000,0.0000,0.0000,-0.000000,0.000000,0.000000,0
5.0680,0.000000,-0.000000,-0.000000,0.0000,0.0000,0.0000,-0.000000,0.000000,0.000000,0
5.0780,0.000000,-0.000000,-0.000000,0.0000,0.0000,0.0000,-0.000000,0.000000,0.000000,0
5.0880,0.000000,-0.000000,-0.000000,0.0000,0.0000,0.0000,-0.000000,0.000000,0.000000,0
5.0980,0.000000,-0.000000,-0.000000,0.0000,0.0000,0.0000,-0.000000,0.000000,0.000000,0
5.1080,0.000000,-0.000000,-0.000000,0.0000,0.0000,0.0000,-0.000000,0.000000,0.000000,0
5.1180,0.000000,-0.000000,-0.000000,0.0000,0.0000,0.0000,-0.000000,0.000000,0.000000,0
5.1280,0.000000,-0.000000,-0.000000,0.0000,0.0000,0.0000,-0.000000,0.000000,0.000000,0
5.1380,0.000000,-0.000000,-0.000000,0.0000,0.0000,0.0000,-0.000000,0.000000,0.000000,0
5.1480,0.000000,-0.000000,-0.000000,0.0000,0.0000,0.0000,-0.000000,0.000000,0.000000,0
5.1580,0.000000,-0.000000,-0.000000,0.0000,0.0000,0.0000,-0.000000,0.000000,0.000000,0
5.1680,0.000000,-0.000000,-0.000000,0.0000,0.0000,0.0000,-0.000000,0.000000,0.000000,0
5.1780,0.000000,-0.000000,-0.000000,0.0000,0.0000,0.0000,-0.000000,0.000000,0.000000,0
5.1880,0.000000,-0.000000,-0.000000,0.0000,0.0000,0.0000,-0.000000,0.000000,0.000000,0
5.1980,0.000000,-0.000000,-0.000000,0.0000,0.0000,0.0000,-0.000000,0.000000,0.000000,0
5.2080,0.000000,-0.000000,-0.000000,0.0000,0.0000,0.0000,-0.000000,0.000000,0.000000,0
5.2180,0.000000,-0.000000,-0.000000,0.0000,0.0000,0.0000,-0.000000,0.000000,0.000000,0
5.2280,0.000000,-0.000000,-0.000000,0.0000,0.0000,0.0000,-0.000000,0.000000,0.000000,0
5.2380,0.000000,-0.000000,-0.000000,0.0000,0.0000,0.0000,-0.000000,0.000000,0.000000,0
5.2480,0.000000,-0.000000,-0.000000,0.0000,0.0000,0.0000,-0.000000,0.000000,0.000000,0
5.2580,0.000000,-0.000000,-0.000000,0.0000,0.0000,0.0000,-0.000000,0.000000,0.000000,0
5.2680,0.000000,-0.000000,-0.000000,0.0000,0.0000,0.0000,-0.000000,0.000000,0.000000,0
5.2780,0.000000,-0.000000,-0.000000,0.0000,0.0000,0.0000,-0.000000,0.000000,0.000000,0
5.2880,0.000000,-0.000000,-0.000000,0.0000,0.0000,0.0000,-0.000000,0.000000,0.000000,0
5.2980,0.000000,-0.000000,-0.000000,0.0000,0.0000,0.0000,-0.000000,0.000000,0.000000,0
5.3080,0.000000,-0.000000,-0.000000,0.0000,0.0000,0.0000,-0.000000,0.000000,0.000000,0
5.3180,0.000000,-0.000000,-0.000000,0.0000,0.0000,0.0000,-0.000000,0.000000,0.000000,0
5.3280,0.000000,-0.000000,-0.000000,0.0000,0.0000,0.0000,-0.000000,0.000000,0.000000,0
5.3380,0.000000,-0.000000,-0.000000,0.0000,0.0000,0.0000,-0.000000,0.000000,0.000000,0
5.3480,0.000000,-0.000000,-0.000000,0.0000,0.0000,0.0000,-0.000000,0.000000,0.000000,0
5.3580,0.000000,-0.000000,-0.000000,0.0000,0.0000,0.0000,-0.000000,0.000000,0.000000,0
5.3680,0.000000,-0.000000,-0.000000,0.0000,0.0000,0.0000,-0.000000,0.000000,0.000000,0
5.3780,0.000000,-0.000000,-0.000000,0.0000,0.0000,0.0000,-0.000000,0.000000,0.000000,0
5.3880,0.000000,-0.000000,-0.000000,0.0000,0.0000,0.0000,-0.000000,0.000000,0.000000,0
5.3980,0.000000,-0.000000,-0.000000,0.0000,0.0000,0.0000,-0.000000,0.000000,0.000000,0
5.4080,0.000000,-0.000000,-0.000000,0.0000,0.0000,0.0000,-0.000000,0.000000,0.000000,0
5.4180,0.000000,-0.000000,-0.000000,0.0000,0.0000,0.0000,-0.000000,0.000000,0.000000,0
5.4280,0.000000,-0.000000,-0.000000,0.0000,0.0000,0.0000,-0.000000,0.000000,0.000000,0
5.4380,0.000000,-0.000000,-0.000000,0.0000,0.0000,0.0000,-0.000000,0.000000,0.000000,0
5.4480,0.000000,-0.000000,-0.000000,0.0000,0.0000,0.0000,-0.000000,0.000000,0.000000,0
5.4580,0.000000,-0.000000,-0.000000,0.0000,0.0000,0.0000,-0.000000,0.000000,0.000000,0
5.4680,0.000000,-0.000000,-0.000000,0.0000,0.0000,0.0000,-0.000000,0.000000,0.000000,0
5.4780,0.000000,-0.000000,-0.000000,0.0000,0.0000,0.0000,-0.000000,0.000000,0.000000,0
5.4880,0.000000,-0.000000,-0.000000,0.0000,0.0000,0.0000,-0.000000,0.000000,0.000000,0
5.4980,0.000000,-0.000000,-0.000000,0.0000,0.0000,0.0000,-0.000000,0.000000,0.000000,0
5.5080,0.000000,-0.000000,-0.000000,0.0000,0.0000,0.0000,-0.000000,0.000000,0.000000,0
5.5180,0.000000,-0.000000,-0.000000,0.0000,0.0000,0.0000,-0.000000,0.000000,0.000000,0
5.5280,0.000000,-0.000000,-0.000000,0.0000,0.0000,0.0000,-0.000000,0.000000,0.000000,0
5.5380,0.000000,-0.000000,-0.000000,0.0000,0.0000,0.0000,-0.000000,0.000000,0.000000,0
5.5480,0.000000,-0.000000,-0.000000,0.0000,0.0000,0.0000,-0.000000,0.000000,0.000000,0
5.5580,0.000000,-0.000000,-0.000000,0.0000,0.0000,0.0000,-0.000000,0.000000,0.000000,0
5.5680,0.000000,-0.000000,-0.000000,0.0000,0.0000,0.0000,-0.000000,0.000000,0.000000,0
5.5780,0.000000,-0.000000,-0.000000,0.0000,0.0000,0.0000,-0.000000,0.000000,0.000000,0
5.5880,0.000000,-0.000000,-0.000000,0.0000,0.0000,0.0000,-0.000000,0.000000,0.000000,0
5.5980,0.000000,-0.000000,-0.000000,0.0000,0.0000,0.0000,-0.000000,0.000000,0.000000,0
5.6080,0.000000,-0.000000,-0.000000,0.0000,0.0000,0.0000,-0.000000,0.000000,0.000000,0
5.6180,0.000000,-0.000000,-0.000000,0.0000,0.0000,0.0000,-0.000000,0.000000,0.000000,0
5.6280,0.000000,-0.000000,-0.000000,0.0000,0.0000,0.0000,-0.000000,0.000000,0.000000,0
5.6380,0.000000,-0.000000,-0.000000,0.0000,0.0000,0.0000,-0.000000,0.000000,0.000000,0
5.6480,0.000000,-0.000000,-0.000000,0.0000,0.0000,0.0000,-0.000000,0.000000,0.000000,0
5.6580,0.000000,-0.000000,-0.000000,0.0000,0.0000,0.0000,-0.000000,0.000000,0.000000,0
5.6680,0.000000,-0.000000,-0.000000,0.0000,0.0000,0.0000,-0.000000,0.000000,0.000000,0
5.6780,0.000000,-0.000000,-0.000000,0.0000,0.0000,0.0000,-0.000000,0.000000,0.000000,0
5.6880,0.000000,-0.000000,-0.000000,0.0000,0.0000,0.0000,-0.000000,0.000000,0.000000,0
5.6980,0.000000,-0.000000,-0.000000,0.0000,0.0000,0.0000,-0.000000,0.000000,0.000000,0
5.7080,0.000000,-0.000000,-0.000000,0.0000,0.0000,0.0000,-0.000000,0.000000,0.000000,0
5.7180,0.000000,-0.000000,-0.000000,0.0000,0.0000,0.0000,-0.000000,0.000000,0.000000,0
5.7280,0.000000,-0.000000,-0.000000,0.0000,0.0000,0.0000,-0.000000,0.000000,0.000000,0
5.7380,0.000000,-0.000000,-0.000000,0.0000,0.0000,0.0000,-0.000000,0.000000,0.000000,0
5.7480,0.000000,-0.000000,-0.000000,0.0000,0.0000,0.0000,-0.000000,0.000000,0.000000,0
5.7580,0.000000,-0.000000,-0.000000,0.0000,0.0000,0.0000,-0.000000,0.000000,0.000000,0
5.7680,0.000000,-0.000000,-0.000000,0.0000,0.0000,0.0000,-0.000000,0.000000,0.000000,0
5.7780,0.000000,-0.000000,-0.000000,0.0000,0.0000,0.0000,-0.000000,0.000000,0.000000,0
5.7880,0.000000,-0.000000,-0.000000,0.0000,0.0000,0.0000,-0.000000,0.000000,0.000000,0
5.7980,0.000000,-0.000000,-0.000000,0.0000,0.0000,0.0000,-0.000000,0.000000,0.000000,0
5.8080,0.000000,-0.000000,-0.000000,0.0000,0.0000,0.0000,-0.000000,0.000000,0.000000,0
5.8180,0.000000,-0.000000,-0.000000,0.0000,0.0000,0.0000,-0.000000,0.000000,0.000000,0
5.8280,0.000000,-0.000000,-0.000000,0.0000,0.0000,0.0000,-0.000000,0.000000,0.000000,0
5.8380,0.000000,-0.000000,-0.000000,0.0000,0.0000,0.0000,-0.000000,0.000000,0.000000,0
5.8480,0.000000,-0.000000,-0.000000,0.0000,0.0000,0.0000,-0.000000,0.000000,0.000000,0
5.8580,0.000000,-0.000000,-0.000000,0.0000,0.0000,0.0000,-0.000000,0.000000,0.000000,0
5.8680,0.000000,-0.000000,-0.000000,0.0000,0.0000,0.0000,-0.000000,0.000000,0.000000,0
5.8780,0.000000,-0.000000,-0.000000,0.0000,0.0000,0.0000,-0.000000,0.000000,0.000000,0
5.8880,0.000000,-0.000000,-0.000000,0.0000,0.0000,0.0000,-0.000000,0.000000,0.000000,0
5.8980,0.000000,-0.000000,-0.000000,0.0000,0.0000,0.0000,-0.000000,0.000000,0.000000,0
5.9080,0.000000,-0.000000,-0.000000,0.0000,0.0000,0.0000,-0.000000,0.000000,0.000000,0
5.9180,0.000000,-0.000000,-0.000000,0.0000,0.0000,0.0000,-0.000000,0.000000,0.000000,0
5.9280,0.000000,-0.000000,-0.000000,0.0000,0.0000,0.0000,-0.000000,0.000000,0.000000,0
5.9380,0.000000,-0.000000,-0.000000,0.0000,0.0000,0.0000,-0.000000,0.000000,0.000000,0
5.9480,0.000000,-0.000000,-0.000000,0.0000,0.0000,0.0000,-0.000000,0.000000,0.000000,0
5.9580,0.000000,-0.000000,-0.000000,0.0000,0.0000,0.0000,-0.000000,0.000000,0.000000,0
5.9680,0.000000,-0.000000,-0.000000,0.0000,0.0000,0.0000,-0.000000,0.000000,0.000000,0
5.9780,0.000000,-0.000000,-0.000000,0.0000,0.0000,0.0000,-0.000000,0.000000,0.000000,0
5.9880,0.000000,-0.000000,-0.000000,0.0000,0.0000,0.0000,-0.000000,0.000000,0.000000,0
5.9980,0.000000,-0.000000,-0.000000,0.0000,0.0000,0.0000,-0.000000,0.000000,0.000000,0
6.0080,0.000000,-0.000000,-0.000000,0.0000,0.0000,0.0000,-0.000000,0.000000,0.000000,0
6.0180,0.000000,-0.000000,-0.000000,0.0000,0.0000,0.0000,-0.000000,0.000000,0.000000,0
6.0280,0.000000,-0.000000,-0.000000,0.0000,0.0000,0.0000,-0.000000,0.000000,0.000000,0
6.0380,0.000000,-0.000000,-0.000000,0.0000,0.0000,0.0000,-0.000000,0.000000,0.000000,0
6.0480,0.000000,-0.000000,-0.000000,0.0000,0.0000,0.0000,-0.000000,0.000000,0.000000,0
6.0580,0.000000,-0.000000,-0.000000,0.0000,0.0000,0.0000,-0.000000,0.000000,0.000000,0
6.0680,0.000000,-0.000000,-0.000000,0.0000,0.0000,0.0000,-0.000000,0.000000,0.000000,0
6.0780,0.000000,-0.000000,-0.000000,0.0000,0.0000,0.0000,-0.000000,0.000000,0.000000,0
6.0880,0.000000,-0.000000,-0.000000,0.0000,0.0000,0.0000,-0.000000,0.000000,0.000000,0
6.0980,0.000000,-0.000000,-0.000000,0.0000,0.0000,0.0000,-0.000000,0.000000,0.000000,0
6.1080,0.000000,-0.000000,-0.000000,0.0000,0.0000,0.0000,-0.000000,0.000000,0.000000,0
6.1180,0.000000,-0.000000,-0.000000,0.0000,0.0000,0.0000,-0.000000,0.000000,0.000000,0
6.1280,0.000000,-0.000000,-0.000000,0.0000,0.0000,0.0000,-0.000000,0.000000,0.000000,0
6.1380,0.000000,-0.000000,-0.000000,0.0000,0.0000,0.0000,-0.000000,0.000000,0.000000,0
6.1480,0.000000,-0.000000,-0.000000,0.0000,0.0000,0.0000,-0.000000,0.000000,0.000000,0
6.1580,0.000000,-0.000000,-0.000000,0.0000,0.0000,0.0000,-0.000000,0.000000,0.000000,0
6.1680,0.000000,-0.000000,-0.000000,0.0000,0.0000,0.0000,-0.000000,0.000000,0.000000,0
6.1780,0.000000,-0.000000,-0.000000,0.0000,0.0000,0.0000,-0.000000,0.000000,0.000000,0
6.1880,0.000000,-0.000000,-0.000000,0.0000,0.0000,0.0000,-0.000000,0.000000,0.000000,0
6.1980,0.000000,-0.000000,-0.000000,0.0000,0.0000,0.0000,-0.000000,0.000000,0.000000,0
6.2080,0.000000,-0.000000,-0.000000,0.0000,0.0000,0.0000,-0.000000,0.000000,0.000000,0
6.2180,0.000000,-0.000000,-0.000000,0.0000,0.0000,0.0000,-0.000000,0.000000,0.000000,0
6.2280,0.000000,-0.000000,-0.000000,0.0000,0.0000,0.0000,-0.000000,0.000000,0.000000,0
6.2380,0.000000,-0.000000,-0.000000,0.0000,0.0000,0.0000,-0.000000,0.000000,0.000000,0
6.2480,0.000000,-0.000000,-0.000000,0.0000,0.0000,0.0000,-0.000000,0.000000,0.000000,0
6.2580,0.000000,-0.000000,-0.000000,0.0000,0.0000,0.0000,-0.000000,0.000000,0.000000,0
6.2680,0.000000,-0.000000,-0.000000,0.0000,0.0000,0.0000,-0.000000,0.000000,0.000000,0
6.2780,0.000000,-0.000000,-0.000000,0.0000,0.0000,0.0000,-0.000000,0.000000,0.000000,0
6.2880,0.000000,-0.000000,-0.000000,0.0000,0.0000,0.0000,-0.000000,0.000000,0.000000,0
6.2980,0.000000,-0.000000,-0.000000,0.0000,0.0000,0.0000,-0.000000,0.000000,0.000000,0
6.3080,0.000000,-0.000000,-0.000000,0.0000,0.0000,0.0000,-0.000000,0.000000,0.000000,0
6.3180,0.000000,-0.000000,-0.000000,0.0000,0.0000,0.0000,-0.000000,0.000000,0.000000,0
6.3280,0.000000,-0.000000,-0.000000,0.0000,0.0000,0.0000,-0.000000,0.000000,0.000000,0
6.3380,0.000000,-0.000000,-0.000000,0.0000,0.0000,0.0000,-0.000000,0.000000,0.000000,0
6.3480,0.000000,-0.000000,-0.000000,0.0000,0.0000,0.0000,-0.000000,0.000000,0.000000,0
6.3580,0.000000,-0.000000,-0.000000,0.0000,0.0000,0.0000,-0.000000,0.000000,0.000000,0
6.3680,0.000000,-0.000000,-0.000000,0.0000,0.0000,0.0000,-0.000000,0.000000,0.000000,0
6.3780,0.000000,-0.000000,-0.000000,0.0000,0.0000,0.0000,-0.000000,0.000000,0.000000,0
6.3880,0.000000,-0.000000,-0.000000,0.0000,0.0000,0.0000,-0.000000,0.000000,0.000000,0
6.3980,0.000000,-0.000000,-0.000000,0.0000,0.0000,0.0000,-0.000000,0.000000,0.000000,0
6.4080,0.000000,-0.000000,-0.000000,0.0000,0.0000,0.0000,-0.000000,0.000000,0.000000,0
6.4180,0.000000,-0.000000,-0.000000,0.0000,0.0000,0.0000,-0.000000,0.000000,0.000000,0
6.4280,0.000000,-0.000000,-0.000000,0.0000,0.0000,0.0000,-0.000000,0.000000,0.000000,0
6.4380,0.000000,-0.000000,-0.000000,0.0000,0.0000,0.0000,-0.000000,0.000000,0.000000,0
6.4480,0.000000,-0.000000,-0.000000,0.0000,0.0000,0.0000,-0.000000,0.000000,0.000000,0
6.4580,0.000000,-0.000000,-0.000000,0.0000,0.0000,0.0000,-0.000000,0.000000,0.000000,0
6.4680,0.000000,-0.000000,-0.000000,0.0000,0.0000,0.0000,-0.000000,0.000000,0.000000,0
6.4780,0.000000,-0.000000,-0.000000,0.0000,0.0000,0.0000,-0.000000,0.000000,0.000000,0
6.4880,0.000000,-0.000000,-0.000000,0.0000,0.0000,0.0000,-0.000000,0.000000,0.000000,0
6.4980,0.000000,-0.000000,-0.000000,0.0000,0.0000,0.0000,-0.000000,0.000000,0.000000,0
6.5080,0.000000,-0.000000,-0.000000,0.0000,0.0000,0.0000,-0.000000,0.000000,0.000000,0
6.5180,0.000000,-0.000000,-0.000000,0.0000,0.0000,0.0000,-0.000000,0.000000,0.000000,0
6.5280,0.000000,-0.000000,-0.000000,0.0000,0.0000,0.0000,-0.000000,0.000000,0.000000,0
6.5380,0.000000,-0.000000,-0.000000,0.0000,0.0000,0.0000,-0.000000,0.000000,0.000000,0
6.5480,0.000000,-0.000000,-0.000000,0.0000,0.0000,0.0000,-0.000000,0.000000,0.000000,0
6.5580,0.000000,-0.000000,-0.000000,0.0000,0.0000,0.0000,-0.000000,0.000000,0.000000,0
6.5680,0.000000,-0.000000,-0.000000,0.0000,0.0000,0.0000,-0.000000,0.000000,0.000000,0
6.5780,0.000000,-0.000000,-0.000000,0.0000,0.0000,0.0000,-0.000000,0.000000,0.000000,0
6.5880,0.000000,-0.000000,-0.000000,0.0000,0.0000,0.0000,-0.000000,0.000000,0.000000,0
6.5980,0.000000,-0.000000,-0.000000,0.0000,0.0000,0.0000,-0.000000,0.000000,0.000000,0
6.6080,0.000000,-0.000000,-0.000000,0.0000,0.0000,0.0000,-0.000000,0.000000,0.000000,0
6.6180,0.000000,-0.000000,-0.000000,0.0000,0.0000,0.0000,-0.000000,0.000000,0.000000,0
6.6280,0.000000,-0.000000,-0.000000,0.0000,0.0000,0.0000,-0.000000,0.000000,0.000000,0
6.6380,0.000000,-0.000000,-0.000000,0.0000,0.0000,0.0000,-0.000000,0.000000,0.000000,0
6.6480,0.000000,-0.000000,-0.000000,0.0000,0.0000,0.0000,-0.000000,0.000000,0.000000,0
6.6580,0.000000,-0.000000,-0.000000,0.0000,0.0000,0.0000,-0.000000,0.000000,0.000000,0
6.6680,0.000000,-0.000000,-0.000000,0.0000,0.0000,0.0000,-0.000000,0.000000,0.000000,0
6.6780,0.000000,-0.000000,-0.000000,0.0000,0.0000,0.0000,-0.000000,0.000000,0.000000,0
6.6880,0.000000,-0.000000,-0.000000,0.0000,0.0000,0.0000,-0.000000,0.000000,0.000000,0
6.6980,0.000000,-0.000000,-0.000000,0.0000,0.0000,0.0000,-0.000000,0.000000,0.000000,0
6.7080,0.000000,-0.000000,-0.000000,0.0000,0.0000,0.0000,-0.000000,0.000000,0.000000,0
6.7180,0.000000,-0.000000,-0.000000,0.0000,0.0000,0.0000,-0.000000,0.000000,0.000000,0
6.7280,0.000000,-0.000000,-0.000000,0.0000,0.0000,0.0000,-0.000000,0.000000,0.000000,0
6.7380,0.000000,-0.000000,-0.000000,0.0000,0.0000,0.0000,-0.000000,0.000000,0.000000,0
6.7480,0.000000,-0.000000,-0.000000,0.0000,0.0000,0.0000,-0.000000,0.000000,0.000000,0
6.7580,0.000000,-0.000000,-0.000000,0.0000,0.0000,0.0000,-0.000000,0.000000,0.000000,0
6.7680,0.000000,-0.000000,-0.000000,0.0000,0.0000,0.0000,-0.000000,0.000000,0.000000,0
6.7780,0.000000,-0.000000,-0.000000,0.0000,0.0000,0.0000,-0.000000,0.000000,0.000000,0
6.7880,0.000000,-0.000000,-0.000000,0.0000,0.0000,0.0000,-0.000000,0.000000,0.000000,0
6.7980,0.000000,-0.000000,-0.000000,0.0000,0.0000,0.0000,-0.000000,0.000000,0.000000,0
6.8080,0.000000,-0.000000,-0.000000,0.0000,0.0000,0.0000,-0.000000,0.000000,0.000000,0
6.8180,0.000000,-0.000000,-0.000000,0.0000,0.0000,0.0000,-0.000000,0.000000,0.000000,0
6.8280,0.000000,-0.000000,-0.000000,0.0000,0.0000,0.0000,-0.000000,0.000000,0.000000,0
6.8380,0.000000,-0.000000,-0.000000,0.0000,0.0000,0.0000,-0.000000,0.000000,0.000000,0
6.8480,0.000000,-0.000000,-0.000000,0.0000,0.0000,0.0000,-0.000000,0.000000,0.000000,0
6.8580,0.000000,-0.000000,-0.000000,0.0000,0.0000,0.0000,-0.000000,0.000000,0.000000,0
6.8680,0.000000,-0.000000,-0.000000,0.0000,0.0000,0.0000,-0.000000,0.000000,0.000000,0
6.8780,0.000000,-0.000000,-0.000000,0.0000,0.0000,0.0000,-0.000000,0.000000,0.000000,0
6.8880,0.000000,-0.000000,-0.000000,0.0000,0.0000,0.0000,-0.000000,0.000000,0.000000,0
6.8980,0.000000,-0.000000,-0.000000,0.0000,0.0000,0.0000,-0.000000,0.000000,0.000000,0
6.9080,0.000000,-0.000000,-0.000000,0.0000,0.0000,0.0000,-0.000000,0.000000,0.000000,0
6.9180,0.000000,-0.000000,-0.000000,0.0000,0.0000,0.0000,-0.000000,0.000000,0.000000,0
6.9280,0.000000,-0.000000,-0.000000,0.0000,0.0000,0.0000,-0.000000,0.000000,0.000000,0
6.9380,0.000000,-0.000000,-0.000000,0.0000,0.0000,0.0000,-0.000000,0.000000,0.000000,0
6.9480,0.000000,-0.000000,-0.000000,0.0000,0.0000,0.0000,-0.000000,0.000000,0.000000,0
6.9580,0.000000,-0.000000,-0.000000,0.0000,0.0000,0.0000,-0.000000,0.000000,0.000000,0
6.9680,0.000000,-0.000000,-0.000000,0.0000,0.0000,0.0000,-0.000000,0.000000,0.000000,0
6.9780,0.000000,-0.000000,-0.000000,0.0000,0.0000,0.0000,-0.000000,0.000000,0.000000,0
6.9880,0.000000,-0.000000,-0.000000,0.0000,0.0000,0.0000,-0.000000,0.000000,0.000000,0
6.9980,0.000000,-0.000000,-0.000000,0.0000,0.0000,0.0000,-0.000000,0.000000,0.000000,0
7.0080,0.000000,-0.000000,-0.000000,0.0000,0.0000,0.0000,-0.000000,0.000000,0.000000,0
7.0180,0.000000,-0.000000,-0.000000,0.0000,0.0000,0.0000,-0.000000,0.000000,0.000000,0
7.0280,0.000000,-0.000000,-0.000000,0.0000,0.0000,0.0000,-0.000000,0.000000,0.000000,0
7.0380,0.000000,-0.000000,-0.000000,0.0000,0.0000,0.0000,-0.000000,0.000000,0.000000,0
7.0480,0.000000,-0.000000,-0.000000,0.0000,0.0000,0.0000,-0.000000,0.000000,0.000000,0
7.0580,0.000000,-0.000000,-0.000000,0.0000,0.0000,0.0000,-0.000000,0.000000,0.000000,0
7.0680,0.000000,-0.000000,-0.000000,0.0000,0.0000,0.0000,-0.000000,0.000000,0.000000,0
7.0780,0.000000,-0.000000,-0.000000,0.0000,0.0000,0.0000,-0.000000,0.000000,0.000000,0
7.0880,0.000000,-0.000000,-0.000000,0.0000,0.0000,0.0000,-0.000000,0.000000,0.000000,0
7.0980,0.000000,-0.000000,-0.000000,0.0000,0.0000,0.0000,-0.000000,0.000000,0.000000,0
7.1080,0.000000,-0.000000,-0.000000,0.0000,0.0000,0.0000,-0.000000,0.000000,0.000000,0
7.1180,0.000000,-0.000000,-0.000000,0.0000,0.0000,0.0000,-0.000000,0.000000,0.000000,0
7.1280,0.000000,-0.000000,-0.000000,0.0000,0.0000,0.0000,-0.000000,0.000000,0.000000,0
7.1380,0.000000,-0.000000,-0.000000,0.0000,0.0000,0.0000,-0.000000,0.000000,0.000000,0
7.1480,0.000000,-0.000000,-0.000000,0.0000,0.0000,0.0000,-0.000000,0.000000,0.000000,0
7.1580,0.000000,-0.000000,-0.000000,0.0000,0.0000,0.0000,-0.000000,0.000000,0.000000,0
7.1680,0.000000,-0.000000,-0.000000,0.0000,0.0000,0.0000,-0.000000,0.000000,0.000000,0
7.1780,0.000000,-0.000000,-0.000000,0.0000,0.0000,0.0000,-0.000000,0.000000,0.000000,0
7.1880,0.000000,-0.000000,-0.000000,0.0000,0.0000,0.0000,-0.000000,0.000000,0.000000,0
7.1980,0.000000,-0.000000,-0.000000,0.0000,0.0000,0.0000,-0.000000,0.000000,0.000000,0
7.2080,0.000000,-0.000000,-0.000000,0.0000,0.0000,0.0000,-0.000000,0.000000,0.000000,0
7.2180,0.000000,-0.000000,-0.000000,0.0000,0.0000,0.0000,-0.000000,0.000000,0.000000,0
7.2280,0.000000,-0.000000,-0.000000,0.0000,0.0000,0.0000,-0.000000,0.000000,0.000000,0
7.2380,0.000000,-0.000000,-0.000000,0.0000,0.0000,0.0000,-0.000000,0.000000,0.000000,0
7.2480,0.000000,-0.000000,-0.000000,0.0000,0.0000,0.0000,-0.000000,0.000000,0.000000,0
7.2580,0.000000,-0.000000,-0.000000,0.0000,0.0000,0.0000,-0.000000,0.000000,0.000000,0
7.2680,0.000000,-0.000000,-0.000000,0.0000,0.0000,0.0000,-0.000000,0.000000,0.000000,0
7.2780,0.000000,-0.000000,-0.000000,0.0000,0.0000,0.0000,-0.000000,0.000000,0.000000,0
7.2880,0.000000,-0.000000,-0.000000,0.0000,0.0000,0.0000,-0.000000,0.000000,0.000000,0
7.2980,0.000000,-0.000000,-0.000000,0.0000,0.0000,0.0000,-0.000000,0.000000,0.000000,0
7.3080,0.000000,-0.000000,-0.000000,0.0000,0.0000,0.0000,-0.000000,0.000000,0.000000,0
7.3180,0.000000,-0.000000,-0.000000,0.0000,0.0000,0.0000,-0.000000,0.000000,0.000000,0
7.3280,0.000000,-0.000000,-0.000000,0.0000,0.0000,0.0000,-0.000000,0.000000,0.000000,0
7.3380,0.000000,-0.000000,-0.000000,0.0000,0.0000,0.0000,-0.000000,0.000000,0.000000,0
7.3480,0.000000,-0.000000,-0.000000,0.0000,0.0000,0.0000,-0.000000,0.000000,0.000000,0
7.3580,0.000000,-0.000000,-0.000000,0.0000,0.0000,0.0000,-0.000000,0.000000,0.000000,0
7.3680,0.000000,-0.000000,-0.000000,0.0000,0.0000,0.0000,-0.000000,0.000000,0.000000,0
7.3780,0.000000,-0.000000,-0.000000,0.0000,0.0000,0.0000,-0.000000,0.000000,0.000000,0
7.3880,0.000000,-0.000000,-0.000000,0.0000,0.0000,0.0000,-0.000000,0.000000,0.000000,0
7.3980,0.000000,-0.000000,-0.000000,0.0000,0.0000,0.0000,-0.000000,0.000000,0.000000,0
7.4080,0.000000,-0.000000,-0.000000,0.0000,0.0000,0.0000,-0.000000,0.000000,0.000000,0
7.4180,0.000000,-0.000000,-0.000000,0.0000,0.0000,0.0000,-0.000000,0.000000,0.000000,0
7.4280,0.000000,-0.000000,-0.000000,0.0000,0.0000,0.0000,-0.000000,0.000000,0.000000,0
7.4380,0.000000,-0.000000,-0.000000,0.0000,0.0000,0.0000,-0.000000,0.000000,0.000000,0
7.4480,0.000000,-0.000000,-0.000000,0.0000,0.0000,0.0000,-0.000000,0.000000,0.000000,0
7.4580,0.000000,-0.000000,-0.000000,0.0000,0.0000,0.0000,-0.000000,0.000000,0.000000,0
7.4680,0.000000,-0.000000,-0.000000,0.0000,0.0000,0.0000,-0.000000,0.000000,0.000000,0
7.4780,0.000000,-0.000000,-0.000000,0.0000,0.0000,0.0000,-0.000000,0.000000,0.000000,0
7.4880,0.000000,-0.000000,-0.000000,0.0000,0.0000,0.0000,-0.000000,0.000000,0.000000,0
7.4980,0.000000,-0.000000,-0.000000,0.0000,0.0000,0.0000,-0.000000,0.000000,0.000000,0
7.5080,0.000000,-0.000000,-0.000000,0.0000,0.0000,0.0000,-0.000000,0.000000,0.000000,0
7.5180,0.000000,-0.000000,-0.000000,0.0000,0.0000,0.0000,-0.000000,0.000000,0.000000,0
7.5280,0.000000,-0.000000,-0.000000,0.0000,0.0000,0.0000,-0.000000,0.000000,0.000000,0
7.5380,0.000000,-0.000000,-0.000000,0.0000,0.0000,0.0000,-0.000000,0.000000,0.000000,0
7.5480,0.000000,-0.000000,-0.000000,0.0000,0.0000,0.0000,-0.000000,0.000000,0.000000,0
7.5580,0.000000,-0.000000,-0.000000,0.0000,0.0000,0.0000,-0.000000,0.000000,0.000000,0
7.5680,0.000000,-0.000000,-0.000000,0.0000,0.0000,0.0000,-0.000000,0.000000,0.000000,0
7.5780,0.000000,-0.000000,-0.000000,0.0000,0.0000,0.0000,-0.000000,0.000000,0.000000,0
7.5880,0.000000,-0.000000,-0.000000,0.0000,0.0000,0.0000,-0.000000,0.000000,0.000000,0
7.5980,0.000000,-0.000000,-0.000000,0.0000,0.0000,0.0000,-0.000000,0.000000,0.000000,0
7.6080,0.000000,-0.000000,-0.000000,0.0000,0.0000,0.0000,-0.000000,0.000000,0.000000,0
7.6180,0.000000,-0.000000,-0.000000,0.0000,0.0000,0.0000,-0.000000,0.000000,0.000000,0
7.6280,0.000000,-0.000000,-0.000000,0.0000,0.0000,0.0000,-0.000000,0.000000,0.000000,0
7.6380,0.000000,-0.000000,-0.000000,0.0000,0.0000,0.0000,-0.000000,0.000000,0.000000,0
7.6480,0.000000,-0.000000,-0.000000,0.0000,0.0000,0.0000,-0.000000,0.000000,0.000000,0
7.6580,0.000000,-0.000000,-0.000000,0.0000,0.0000,0.0000,-0.000000,0.000000,0.000000,0
7.6680,0.000000,-0.000000,-0.000000,0.0000,0.0000,0.0000,-0.000000,0.000000,0.000000,0
7.6780,0.000000,-0.000000,-0.000000,0.0000,0.0000,0.0000,-0.000000,0.000000,0.000000,0
7.6880,0.000000,-0.000000,-0.000000,0.0000,0.0000,0.0000,-0.000000,0.000000,0.000000,0
7.6980,0.000000,-0.000000,-0.000000,0.0000,0.0000,0.0000,-0.000000,0.000000,0.000000,0
7.7080,0.000000,-0.000000,-0.000000,0.0000,0.0000,0.0000,-0.000000,0.000000,0.000000,0
7.7180,0.000000,-0.000000,-0.000000,0.0000,0.0000,0.0000,-0.000000,0.000000,0.000000,0
7.7280,0.000000,-0.000000,-0.000000,0.0000,0.0000,0.0000,-0.000000,0.000000,0.000000,0
7.7380,0.000000,-0.000000,-0.000000,0.0000,0.0000,0.0000,-0.000000,0.000000,0.000000,0
7.7480,0.000000,-0.000000,-0.000000,0.0000,0.0000,0.0000,-0.000000,0.000000,0.000000,0
7.7580,0.000000,-0.000000,-0.000000,0.0000,0.0000,0.0000,-0.000000,0.000000,0.000000,0
7.7680,0.000000,-0.000000,-0.000000,0.0000,0.0000,0.0000,-0.000000,0.000000,0.000000,0
7.7780,0.000000,-0.000000,-0.000000,0.0000,0.0000,0.0000,-0.000000,0.000000,0.000000,0
7.7880,0.000000,-0.000000,-0.000000,0.0000,0.0000,0.0000,-0.000000,0.000000,0.000000,0
7.7980,0.000000,-0.000000,-0.000000,0.0000,0.0000,0.0000,-0.000000,0.000000,0.000000,0
7.8080,0.000000,-0.000000,-0.000000,0.0000,0.0000,0.0000,-0.000000,0.000000,0.000000,0
7.8180,0.000000,-0.000000,-0.000000,0.0000,0.0000,0.0000,-0.000000,0.000000,0.000000,0
7.8280,0.000000,-0.000000,-0.000000,0.0000,0.0000,0.0000,-0.000000,0.000000,0.000000,0
