t,phi,alpha,theta,phi_dot,alpha_dot,theta_dot,tau
0.0010,0.000000,-0.000000,0.150000,0.0000,0.0000,0.0000,0.00
0.0020,-0.000000,-0.000002,0.150004,-0.0007,-0.0038,0.0065,0.00
0.0030,-0.000002,-0.000008,0.150015,-0.0014,-0.0075,0.0131,0.00
0.0040,-0.000003,-0.000018,0.150032,-0.0021,-0.0113,0.0196,0.00
0.0050,-0.000006,-0.000032,0.150056,-0.0028,-0.0151,0.0261,0.00
0.0060,-0.000009,-0.000050,0.150086,-0.0035,-0.0189,0.0326,0.00
0.0070,-0.000013,-0.000071,0.150122,-0.0042,-0.0226,0.0392,0.00
0.0080,-0.000018,-0.000096,0.150166,-0.0049,-0.0264,0.0457,0.00
0.0090,-0.000023,-0.000124,0.150215,-0.0056,-0.0302,0.0522,0.00
0.0100,-0.000029,-0.000157,0.150272,-0.0063,-0.0339,0.0587,0.00
0.0110,-0.000036,-0.000193,0.150334,-0.0070,-0.0377,0.0653,0.00
0.0120,-0.000043,-0.000233,0.150404,-0.0077,-0.0415,0.0718,0.00
0.0130,-0.000051,-0.000277,0.150480,-0.0084,-0.0453,0.0783,0.00
0.0140,-0.000060,-0.000325,0.150562,-0.0091,-0.0490,0.0849,0.00
0.0150,-0.000069,-0.000376,0.150651,-0.0098,-0.0528,0.0914,0.00
0.0160,-0.000080,-0.000431,0.150747,-0.0105,-0.0566,0.0979,0.00
0.0170,-0.000091,-0.000490,0.150849,-0.0112,-0.0604,0.1045,0.00
0.0180,-0.000102,-0.000553,0.150957,-0.0119,-0.0642,0.1110,0.00
0.0190,-0.000114,-0.000620,0.151072,-0.0126,-0.0680,0.1176,0.00
0.0200,-0.000127,-0.000690,0.151194,-0.0133,-0.0718,0.1242,0.00
0.0210,-0.000141,-0.000764,0.151322,-0.0140,-0.0756,0.1307,0.00
0.0220,-0.000156,-0.000842,0.151457,-0.0147,-0.0795,0.1373,0.00
0.0230,-0.000171,-0.000924,0.151598,-0.0154,-0.0833,0.1439,0.00
0.0240,-0.000187,-0.001010,0.151746,-0.0161,-0.0872,0.1505,0.00
0.0250,-0.000203,-0.001100,0.151901,-0.0169,-0.0910,0.1571,0.00
0.0260,-0.000220,-0.001193,0.152062,-0.0176,-0.0949,0.1637,0.00
0.0270,-0.000238,-0.001290,0.152230,-0.0183,-0.0987,0.1703,0.00
0.0280,-0.000257,-0.001391,0.152404,-0.0190,-0.1026,0.1769,0.00
0.0290,-0.000277,-0.001497,0.152586,-0.0198,-0.1065,0.1835,0.00
0.0300,-0.000297,-0.001606,0.152773,-0.0205,-0.1104,0.1902,0.00
0.0310,-0.000318,-0.001718,0.152968,-0.0213,-0.1143,0.1969,0.00
0.0320,-0.000340,-0.001835,0.153169,-0.0220,-0.1183,0.2035,0.00
0.0330,-0.000362,-0.001956,0.153376,-0.0227,-0.1222,0.2102,0.00
0.0340,-0.000385,-0.002081,0.153591,-0.0235,-0.1262,0.2169,0.00
0.0350,-0.000409,-0.002209,0.153812,-0.0243,-0.1302,0.2236,0.00
0.0360,-0.000434,-0.002342,0.154040,-0.0250,-0.1341,0.2303,0.00
0.0370,-0.000460,-0.002479,0.154274,-0.0258,-0.1381,0.2370,0.00
0.0380,-0.000486,-0.002619,0.154515,-0.0266,-0.1422,0.2438,0.00
0.0390,-0.000513,-0.002764,0.154763,-0.0273,-0.1462,0.2505,0.00
0.0400,-0.000541,-0.002913,0.155018,-0.0281,-0.1503,0.2573,0.00
0.0410,-0.000569,-0.003066,0.155280,-0.0289,-0.1543,0.2641,0.00
0.0420,-0.000599,-0.003222,0.155548,-0.0297,-0.1584,0.2709,0.00
0.0430,-0.000629,-0.003383,0.155823,-0.0305,-0.1625,0.2777,0.00
0.0440,-0.000660,-0.003548,0.156105,-0.0313,-0.1667,0.2846,0.00
0.0450,-0.000692,-0.003718,0.156394,-0.0321,-0.1708,0.2914,0.00
0.0460,-0.000724,-0.003891,0.156690,-0.0329,-0.1750,0.2983,0.00
0.0470,-0.000758,-0.004069,0.156992,-0.0338,-0.1792,0.3052,0.00
0.0480,-0.000792,-0.004250,0.157302,-0.0346,-0.1834,0.3121,0.00
0.0490,-0.000827,-0.004436,0.157618,-0.0354,-0.1876,0.3190,0.00
0.0500,-0.000863,-0.004627,0.157942,-0.0363,-0.1918,0.3260,0.00
0.0510,-0.000900,-0.004821,0.158272,-0.0371,-0.1961,0.3329,0.00
0.0520,-0.000938,-0.005020,0.158609,-0.0380,-0.2004,0.3399,0.00
0.0530,-0.000976,-0.005223,0.158954,-0.0389,-0.2047,0.3469,0.00
0.0540,-0.001016,-0.005431,0.159305,-0.0397,-0.2091,0.3540,0.00
0.0550,-0.001056,-0.005642,0.159663,-0.0406,-0.2135,0.3610,0.00
0.0560,-0.001097,-0.005859,0.160029,-0.0415,-0.2178,0.3681,0.00
0.0570,-0.001139,-0.006079,0.160401,-0.0424,-0.2223,0.3752,0.00
0.0580,-0.001182,-0.006304,0.160781,-0.0433,-0.2267,0.3823,0.00
0.0590,-0.001226,-0.006534,0.161168,-0.0442,-0.2312,0.3894,0.00
0.0600,-0.001271,-0.006768,0.161561,-0.0452,-0.2357,0.3966,0.00
0.0610,-0.001317,-0.007006,0.161963,-0.0461,-0.2402,0.4038,0.00
0.0620,-0.001363,-0.007249,0.162371,-0.0470,-0.2448,0.4110,0.00
0.0630,-0.001411,-0.007497,0.162786,-0.0480,-0.2494,0.4182,0.00
0.0640,-0.001460,-0.007749,0.163209,-0.0489,-0.2540,0.4255,0.00
0.0650,-0.001509,-0.008006,0.163639,-0.0499,-0.2586,0.4328,0.00
0.0660,-0.001560,-0.008268,0.164076,-0.0509,-0.2633,0.4401,0.00
0.0670,-0.001611,-0.008534,0.164521,-0.0519,-0.2680,0.4474,0.00
0.0680,-0.001664,-0.008805,0.164973,-0.0529,-0.2727,0.4548,0.00
0.0690,-0.001717,-0.009081,0.165433,-0.0539,-0.2775,0.4622,0.00
0.0700,-0.001772,-0.009361,0.165900,-0.0549,-0.2823,0.4696,0.00
0.0710,-0.001827,-0.009646,0.166374,-0.0559,-0.2871,0.4771,0.00
0.0720,-0.001884,-0.009937,0.166856,-0.0570,-0.2920,0.4846,0.00
0.0730,-0.001941,-0.010232,0.167345,-0.0580,-0.2969,0.4921,0.00
0.0740,-0.002000,-0.010532,0.167841,-0.0591,-0.3019,0.4996,0.00
0.0750,-0.002060,-0.010837,0.168346,-0.0601,-0.3068,0.5072,0.00
0.0760,-0.002120,-0.011147,0.168858,-0.0612,-0.3118,0.5148,0.00
0.0770,-0.002182,-0.011462,0.169377,-0.0623,-0.3169,0.5224,0.00
0.0780,-0.002245,-0.011782,0.169904,-0.0634,-0.3219,0.5300,0.00
0.0790,-0.002309,-0.012107,0.170439,-0.0645,-0.3270,0.5377,0.00
0.0800,-0.002375,-0.012437,0.170982,-0.0656,-0.3322,0.5455,0.00
0.0810,-0.002441,-0.012772,0.171532,-0.0668,-0.3374,0.5532,0.00
0.0820,-0.002509,-0.013113,0.172090,-0.0679,-0.3426,0.5610,0.00
0.0830,-0.002577,-0.013459,0.172656,-0.0691,-0.3479,0.5688,0.00
0.0840,-0.002647,-0.013810,0.173230,-0.0703,-0.3532,0.5767,0.00
0.0850,-0.002718,-0.014167,0.173811,-0.0715,-0.3585,0.5845,0.00
0.0860,-0.002790,-0.014529,0.174401,-0.0726,-0.3639,0.5925,0.00
0.0870,-0.002864,-0.014896,0.174998,-0.0739,-0.3693,0.6004,0.00
0.0880,-0.002938,-0.015269,0.175604,-0.0751,-0.3748,0.6084,0.00
0.0890,-0.003014,-0.015647,0.176217,-0.0763,-0.3803,0.6164,0.00
0.0900,-0.003091,-0.016030,0.176839,-0.0776,-0.3858,0.6245,0.00
0.0910,-0.003170,-0.016420,0.177468,-0.0788,-0.3914,0.6326,0.00
0.0920,-0.003249,-0.016815,0.178106,-0.0801,-0.3970,0.6407,0.00
0.0930,-0.003330,-0.017215,0.178752,-0.0814,-0.4027,0.6489,0.00
0.0940,-0.003412,-0.017621,0.179406,-0.0827,-0.4084,0.6571,0.00
0.0950,-0.003496,-0.018033,0.180068,-0.0840,-0.4141,0.6653,0.00
0.0960,-0.003581,-0.018451,0.180738,-0.0853,-0.4199,0.6736,0.00
0.0970,-0.003667,-0.018875,0.181417,-0.0867,-0.4258,0.6819,0.00
0.0980,-0.003754,-0.019304,0.182104,-0.0881,-0.4317,0.6902,0.00
0.0990,-0.003843,-0.019739,0.182799,-0.0894,-0.4376,0.6986,0.00
0.1000,-0.003934,-0.020181,0.183503,-0.0908,-0.4436,0.7070,0.00
0.1010,-0.004025,-0.020628,0.184216,-0.0922,-0.4496,0.7155,0.00
0.1020,-0.004118,-0.021081,0.184936,-0.0936,-0.4556,0.7240,0.00
0.1030,-0.004213,-0.021541,0.185666,-0.0951,-0.4617,0.7325,0.00
0.1040,-0.004309,-0.022007,0.186404,-0.0965,-0.4679,0.7411,0.00
0.1050,-0.004406,-0.022478,0.187150,-0.0980,-0.4741,0.7497,0.00
0.1060,-0.004505,-0.022956,0.187905,-0.0994,-0.4804,0.7583,0.00
0.1070,-0.004605,-0.023441,0.188669,-0.1009,-0.4867,0.7670,0.00
0.1080,-0.004707,-0.023931,0.189441,-0.1024,-0.4930,0.7758,0.00
0.1090,-0.004811,-0.024428,0.190223,-0.1040,-0.4994,0.7845,0.00
0.1100,-0.004916,-0.024932,0.191013,-0.1055,-0.5058,0.7933,0.00
0.1110,-0.005022,-0.025441,0.191812,-0.1070,-0.5123,0.8022,0.00
0.1120,-0.005130,-0.025958,0.192619,-0.1086,-0.5189,0.8111,0.00
0.1130,-0.005240,-0.026481,0.193436,-0.1102,-0.5254,0.8200,0.00
0.1140,-0.005351,-0.027010,0.194262,-0.1118,-0.5321,0.8290,0.00
0.1150,-0.005464,-0.027547,0.195096,-0.1134,-0.5388,0.8380,0.00
0.1160,-0.005578,-0.028090,0.195940,-0.1150,-0.5455,0.8470,0.00
0.1170,-0.005694,-0.028639,0.196792,-0.1167,-0.5523,0.8561,0.00
0.1180,-0.005812,-0.029196,0.197654,-0.1183,-0.5591,0.8653,0.00
0.1190,-0.005931,-0.029759,0.198525,-0.1200,-0.5660,0.8744,0.00
0.1200,-0.006052,-0.030330,0.199405,-0.1217,-0.5729,0.8836,0.00
0.1210,-0.006175,-0.030907,0.200295,-0.1234,-0.5799,0.8929,0.00
0.1220,-0.006300,-0.031491,0.201194,-0.1251,-0.5869,0.9022,0.00
0.1230,-0.006426,-0.032083,0.202102,-0.1269,-0.5940,0.9115,0.00
0.1240,-0.006554,-0.032681,0.203019,-0.1286,-0.6012,0.9209,0.00
0.1250,-0.006684,-0.033287,0.203946,-0.1304,-0.6084,0.9303,0.00
0.1260,-0.006815,-0.033900,0.204882,-0.1322,-0.6156,0.9398,0.00
0.1270,-0.006948,-0.034520,0.205828,-0.1340,-0.6229,0.9493,0.00
0.1280,-0.007084,-0.035147,0.206783,-0.1359,-0.6302,0.9588,0.00
0.1290,-0.007221,-0.035782,0.207748,-0.1377,-0.6376,0.9684,0.00
0.1300,-0.007360,-0.036424,0.208722,-0.1396,-0.6451,0.9780,0.00
0.1310,-0.007500,-0.037074,0.209706,-0.1414,-0.6525,0.9877,0.00
0.1320,-0.007643,-0.037731,0.210700,-0.1433,-0.6601,0.9974,0.00
0.1330,-0.007787,-0.038396,0.211704,-0.1452,-0.6677,1.0071,0.00
0.1340,-0.007934,-0.039069,0.212717,-0.1472,-0.6753,1.0169,0.00
0.1350,-0.008082,-0.039749,0.213740,-0.1491,-0.6830,1.0268,0.00
0.1360,-0.008233,-0.040437,0.214773,-0.1511,-0.6908,1.0366,0.00
0.1370,-0.008385,-0.041132,0.215816,-0.1530,-0.6986,1.0465,0.00
0.1380,-0.008539,-0.041836,0.216868,-0.1550,-0.7064,1.0565,0.00
0.1390,-0.008695,-0.042547,0.217931,-0.1570,-0.7143,1.0665,0.00
0.1400,-0.008854,-0.043266,0.219004,-0.1591,-0.7223,1.0765,0.00
0.1410,-0.009014,-0.043994,0.220087,-0.1611,-0.7303,1.0865,0.00
0.1420,-0.009176,-0.044729,0.221179,-0.1632,-0.7383,1.0966,0.00
0.1430,-0.009341,-0.045472,0.222282,-0.1652,-0.7465,1.1068,0.00
0.1440,-0.009507,-0.046224,0.223396,-0.1673,-0.7546,1.1170,0.00
0.1450,-0.009676,-0.046984,0.224519,-0.1694,-0.7628,1.1272,0.00
0.1460,-0.009847,-0.047752,0.225652,-0.1716,-0.7711,1.1374,0.00
0.1470,-0.010020,-0.048528,0.226796,-0.1737,-0.7794,1.1477,0.00
0.1480,-0.010195,-0.049312,0.227950,-0.1759,-0.7877,1.1580,0.00
0.1490,-0.010372,-0.050105,0.229115,-0.1781,-0.7961,1.1684,0.00
0.1500,-0.010552,-0.050907,0.230290,-0.1802,-0.8046,1.1788,0.00
0.1510,-0.010733,-0.051717,0.231475,-0.1825,-0.8131,1.1892,0.00
0.1520,-0.010917,-0.052535,0.232671,-0.1847,-0.8216,1.1997,0.00
0.1530,-0.011103,-0.053362,0.233877,-0.1869,-0.8302,1.2102,0.00
0.1540,-0.011291,-0.054198,0.235094,-0.1892,-0.8388,1.2208,0.00
0.1550,-0.011482,-0.055042,0.236321,-0.1914,-0.8475,1.2313,0.00
0.1560,-0.011675,-0.055895,0.237559,-0.1937,-0.8563,1.2419,0.00
0.1570,-0.011870,-0.056757,0.238808,-0.1960,-0.8650,1.2526,0.00
0.1580,-0.012067,-0.057627,0.240067,-0.1983,-0.8739,1.2632,0.00
0.1590,-0.012267,-0.058507,0.241337,-0.2007,-0.8827,1.2740,0.00
0.1600,-0.012469,-0.059395,0.242618,-0.2030,-0.8916,1.2847,0.00
0.1610,-0.012674,-0.060292,0.243909,-0.2054,-0.9006,1.2955,0.00
0.1620,-0.012881,-0.061198,0.245211,-0.2078,-0.9096,1.3062,0.00
0.1630,-0.013090,-0.062114,0.246524,-0.2102,-0.9186,1.3171,0.00
0.1640,-0.013302,-0.063038,0.247848,-0.2126,-0.9277,1.3279,0.00
0.1650,-0.013516,-0.063971,0.249183,-0.2150,-0.9368,1.3388,0.00
0.1660,-0.013732,-0.064914,0.250529,-0.2174,-0.9460,1.3497,0.00
0.1670,-0.013951,-0.065866,0.251885,-0.2199,-0.9552,1.3606,0.00
0.1680,-0.014173,-0.066827,0.253253,-0.2223,-0.9645,1.3716,0.00
0.1690,-0.014397,-0.067797,0.254631,-0.2248,-0.9738,1.3826,0.00
0.1700,-0.014623,-0.068776,0.256021,-0.2273,-0.9831,1.3936,0.00
0.1710,-0.014852,-0.069765,0.257421,-0.2298,-0.9924,1.4046,0.00
0.1720,-0.015083,-0.070764,0.258833,-0.2323,-1.0018,1.4157,0.00
0.1730,-0.015317,-0.071771,0.260255,-0.2349,-1.0113,1.4268,0.00
0.1740,-0.015554,-0.072789,0.261689,-0.2374,-1.0207,1.4379,0.00
0.1750,-0.015793,-0.073815,0.263134,-0.2400,-1.0302,1.4490,0.00
0.1760,-0.016034,-0.074851,0.264590,-0.2425,-1.0398,1.4601,0.00
0.1770,-0.016278,-0.075897,0.266057,-0.2451,-1.0493,1.4713,0.00
0.1780,-0.016525,-0.076953,0.267535,-0.2477,-1.0589,1.4825,0.00
0.1790,-0.016774,-0.078018,0.269025,-0.2503,-1.0686,1.4937,0.00
0.1800,-0.017026,-0.079092,0.270525,-0.2529,-1.0782,1.5049,0.00
0.1810,-0.017281,-0.080176,0.272037,-0.2555,-1.0879,1.5161,0.00
0.1820,-0.017538,-0.081270,0.273560,-0.2582,-1.0977,1.5273,0.00
0.1830,-0.017798,-0.082374,0.275094,-0.2608,-1.1074,1.5386,0.00
0.1840,-0.018060,-0.083488,0.276640,-0.2635,-1.1172,1.5498,0.00
0.1850,-0.018325,-0.084611,0.278197,-0.2661,-1.1270,1.5611,0.00
0.1860,-0.018593,-0.085744,0.279765,-0.2688,-1.1368,1.5724,0.00
0.1870,-0.018864,-0.086887,0.281345,-0.2715,-1.1466,1.5837,0.00
0.1880,-0.019137,-0.088040,0.282935,-0.2742,-1.1565,1.5950,0.00
0.1890,-0.019413,-0.089203,0.284537,-0.2769,-1.1664,1.6063,0.00
0.1900,-0.019691,-0.090375,0.286151,-0.2796,-1.1763,1.6176,0.00
0.1910,-0.019972,-0.091558,0.287775,-0.2823,-1.1863,1.6289,0.00
0.1920,-0.020256,-0.092750,0.289412,-0.2850,-1.1962,1.6403,0.00
0.1930,-0.020543,-0.093953,0.291059,-0.2877,-1.2062,1.6516,0.00
0.1940,-0.020833,-0.095165,0.292718,-0.2905,-1.2162,1.6629,0.00
0.1950,-0.021125,-0.096387,0.294388,-0.2932,-1.2262,1.6743,0.00
0.1960,-0.021420,-0.097620,0.296069,-0.2960,-1.2362,1.6856,0.00
0.1970,-0.021717,-0.098862,0.297762,-0.2987,-1.2462,1.6969,0.00
0.1980,-0.022018,-0.100115,0.299466,-0.3015,-1.2562,1.7082,0.00
0.1990,-0.022321,-0.101377,0.301181,-0.3043,-1.2663,1.7196,0.00
0.2000,-0.022627,-0.102650,0.302908,-0.3070,-1.2763,1.7309,0.00
0.2010,-0.022936,-0.103932,0.304646,-0.3098,-1.2864,1.7422,0.00
0.2020,-0.023247,-0.105225,0.306395,-0.3126,-1.2965,1.7535,0.00
0.2030,-0.023562,-0.106528,0.308155,-0.3154,-1.3066,1.7648,0.00
0.2040,-0.023879,-0.107841,0.309927,-0.3182,-1.3167,1.7761,0.00
0.2050,-0.024199,-0.109164,0.311710,-0.3210,-1.3267,1.7874,0.00
0.2060,-0.024521,-0.110497,0.313505,-0.3238,-1.3368,1.7987,0.00
0.2070,-0.024847,-0.111840,0.315311,-0.3265,-1.3469,1.8099,0.00
0.2080,-0.025175,-0.113193,0.317127,-0.3293,-1.3570,1.8212,0.00
0.2090,-0.025506,-0.114557,0.318956,-0.3321,-1.3671,1.8324,0.00
0.2100,-0.025840,-0.115930,0.320795,-0.3349,-1.3772,1.8436,0.00
0.2110,-0.026177,-0.117313,0.322646,-0.3377,-1.3873,1.8548,0.00
0.2120,-0.026516,-0.118707,0.324508,-0.3406,-1.3974,1.8660,0.00
0.2130,-0.026859,-0.120111,0.326381,-0.3434,-1.4075,1.8772,0.00
0.2140,-0.027204,-0.121525,0.328265,-0.3462,-1.4175,1.8883,0.00
0.2150,-0.027552,-0.122948,0.330160,-0.3490,-1.4276,1.8995,0.00
0.2160,-0.027902,-0.124382,0.332066,-0.3518,-1.4377,1.9106,0.00
0.2170,-0.028256,-0.125826,0.333984,-0.3546,-1.4477,1.9216,0.00
0.2180,-0.028612,-0.127280,0.335912,-0.3574,-1.4578,1.9327,0.00
0.2190,-0.028971,-0.128744,0.337852,-0.3602,-1.4678,1.9437,0.00
0.2200,-0.029333,-0.130218,0.339803,-0.3629,-1.4778,1.9547,0.00
0.2210,-0.029698,-0.131702,0.341764,-0.3657,-1.4878,1.9657,0.00
0.2220,-0.030065,-0.133196,0.343737,-0.3685,-1.4978,1.9767,0.00
0.2230,-0.030436,-0.134700,0.345720,-0.3713,-1.5077,1.9876,0.00
0.2240,-0.030809,-0.136214,0.347715,-0.3741,-1.5177,1.9985,0.00
0.2250,-0.031185,-0.137738,0.349720,-0.3769,-1.5276,2.0094,0.00
0.2260,-0.031563,-0.139272,0.351736,-0.3796,-1.5375,2.0202,0.00
0.2270,-0.031945,-0.140816,0.353763,-0.3824,-1.5474,2.0310,0.00
0.2280,-0.032329,-0.142369,0.355801,-0.3852,-1.5573,2.0418,0.00
0.2290,-0.032716,-0.143933,0.357849,-0.3879,-1.5672,2.0525,0.00
0.2300,-0.033105,-0.145506,0.359908,-0.3907,-1.5770,2.0632,0.00
0.2310,-0.033498,-0.147089,0.361978,-0.3934,-1.5868,2.0739,0.00
0.2320,-0.033893,-0.148682,0.364059,-0.3962,-1.5966,2.0845,0.00
0.2330,-0.034291,-0.150285,0.366150,-0.3989,-1.6063,2.0951,0.00
0.2340,-0.034691,-0.151897,0.368252,-0.4016,-1.6160,2.1056,0.00
0.2350,-0.035095,-0.153519,0.370364,-0.4043,-1.6257,2.1161,0.00
0.2360,-0.035501,-0.155151,0.372487,-0.4071,-1.6354,2.1266,0.00
0.2370,-0.035909,-0.156792,0.374620,-0.4098,-1.6450,2.1370,0.00
0.2380,-0.036321,-0.158443,0.376763,-0.4124,-1.6546,2.1474,0.00
0.2390,-0.036735,-0.160104,0.378917,-0.4151,-1.6642,2.1578,0.00
0.2400,-0.037152,-0.161774,0.381081,-0.4178,-1.6737,2.1681,0.00
0.2410,-0.037571,-0.163454,0.383256,-0.4205,-1.6832,2.1783,0.00
0.2420,-0.037993,-0.165143,0.385441,-0.4231,-1.6927,2.1885,0.00
0.2430,-0.038418,-0.166842,0.387635,-0.4258,-1.7021,2.1987,0.00
0.2440,-0.038846,-0.168550,0.389840,-0.4284,-1.7115,2.2088,0.00
0.2450,-0.039276,-0.170267,0.392056,-0.4310,-1.7209,2.2189,0.00
0.2460,-0.039708,-0.171994,0.394281,-0.4337,-1.7302,2.2290,0.00
0.2470,-0.040144,-0.173730,0.396516,-0.4363,-1.7395,2.2389,0.00
0.2480,-0.040582,-0.175475,0.398761,-0.4389,-1.7488,2.2489,0.00
0.2490,-0.041022,-0.177230,0.401016,-0.4414,-1.7580,2.2588,0.00
0.2500,-0.041465,-0.178993,0.403281,-0.4440,-1.7672,2.2686,0.00
0.2510,-0.041911,-0.180766,0.405556,-0.4466,-1.7763,2.2784,0.00
0.2520,-0.042359,-0.182548,0.407840,-0.4491,-1.7854,2.2881,0.00
0.2530,-0.042810,-0.184339,0.410135,-0.4517,-1.7945,2.2978,0.00
0.2540,-0.043263,-0.186140,0.412438,-0.4542,-1.8035,2.3074,0.00
0.2550,-0.043719,-0.187949,0.414752,-0.4567,-1.8124,2.3170,0.00
0.2560,-0.044177,-0.189767,0.417075,-0.4592,-1.8214,2.3266,0.00
0.2570,-0.044638,-0.191594,0.419407,-0.4617,-1.8302,2.3360,0.00
0.2580,-0.045101,-0.193429,0.421749,-0.4641,-1.8391,2.3455,0.00
0.2590,-0.045566,-0.195274,0.424100,-0.4666,-1.8479,2.3548,0.00
0.2600,-0.046035,-0.197127,0.426461,-0.4691,-1.8566,2.3642,0.00
0.2610,-0.046505,-0.198989,0.428831,-0.4715,-1.8653,2.3734,0.00
0.2620,-0.046978,-0.200860,0.431210,-0.4739,-1.8740,2.3827,0.00
0.2630,-0.047454,-0.202739,0.433599,-0.4763,-1.8826,2.3918,0.00
0.2640,-0.047931,-0.204627,0.435996,-0.4787,-1.8912,2.4009,0.00
0.2650,-0.048412,-0.206524,0.438403,-0.4811,-1.8997,2.4100,0.00
0.2660,-0.048894,-0.208429,0.440819,-0.4834,-1.9082,2.4190,0.00
0.2670,-0.049379,-0.210342,0.443243,-0.4858,-1.9166,2.4279,0.00
0.2680,-0.049866,-0.212264,0.445677,-0.4881,-1.9250,2.4368,0.00
0.2690,-0.050356,-0.214194,0.448119,-0.4904,-1.9333,2.4456,0.00
0.2700,-0.050848,-0.216133,0.450570,-0.4927,-1.9416,2.4544,0.00
0.2710,-0.051342,-0.218079,0.453030,-0.4950,-1.9498,2.4631,0.00
0.2720,-0.051838,-0.220034,0.455498,-0.4973,-1.9580,2.4718,0.00
0.2730,-0.052337,-0.221997,0.457976,-0.4995,-1.9661,2.4804,0.00
0.2740,-0.052838,-0.223969,0.460461,-0.5018,-1.9742,2.4890,0.00
0.2750,-0.053341,-0.225948,0.462956,-0.5040,-1.9823,2.4975,0.00
0.2760,-0.053846,-0.227935,0.465458,-0.5062,-1.9903,2.5059,0.00
0.2770,-0.054354,-0.229930,0.467970,-0.5084,-1.9982,2.5143,0.00
0.2780,-0.054864,-0.231934,0.470489,-0.5106,-2.0061,2.5226,0.00
0.2790,-0.055376,-0.233945,0.473017,-0.5128,-2.0140,2.5309,0.00
0.2800,-0.055890,-0.235963,0.475553,-0.5149,-2.0218,2.5391,0.00
0.2810,-0.056406,-0.237990,0.478097,-0.5170,-2.0295,2.5473,0.00
0.2820,-0.056924,-0.240024,0.480650,-0.5192,-2.0372,2.5554,0.00
0.2830,-0.057445,-0.242066,0.483210,-0.5213,-2.0449,2.5635,0.00
0.2840,-0.057967,-0.244116,0.485778,-0.5233,-2.0525,2.5715,0.00
0.2850,-0.058492,-0.246173,0.488355,-0.5254,-2.0600,2.5794,0.00
0.2860,-0.059019,-0.248238,0.490939,-0.5275,-2.0675,2.5873,0.00
0.2870,-0.059547,-0.250310,0.493531,-0.5295,-2.0750,2.5951,0.00
0.2880,-0.060078,-0.252390,0.496131,-0.5315,-2.0824,2.6029,0.00
0.2890,-0.060611,-0.254477,0.498739,-0.5335,-2.0898,2.6106,0.00
0.2900,-0.061146,-0.256571,0.501355,-0.5355,-2.0971,2.6183,0.00
0.2910,-0.061683,-0.258673,0.503978,-0.5375,-2.1044,2.6259,0.00
0.2920,-0.062221,-0.260782,0.506608,-0.5394,-2.1116,2.6335,0.00
0.2930,-0.062762,-0.262898,0.509246,-0.5414,-2.1187,2.6410,0.00
0.2940,-0.063304,-0.265021,0.511892,-0.5433,-2.1259,2.6484,0.00
0.2950,-0.063849,-0.267151,0.514545,-0.5452,-2.1329,2.6558,0.00
0.2960,-0.064395,-0.269288,0.517205,-0.5471,-2.1400,2.6632,0.00
0.2970,-0.064944,-0.271433,0.519873,-0.5490,-2.1470,2.6704,0.00
0.2980,-0.065494,-0.273584,0.522548,-0.5508,-2.1539,2.6777,0.00
0.2990,-0.066046,-0.275742,0.525230,-0.5527,-2.1608,2.6849,0.00
0.3000,-0.066600,-0.277907,0.527920,-0.5545,-2.1676,2.6920,0.00
0.3010,-0.067155,-0.280079,0.530616,-0.5563,-2.1744,2.6991,0.00
0.3020,-0.067713,-0.282258,0.533320,-0.5581,-2.1812,2.7061,0.00
0.3030,-0.068272,-0.284443,0.536030,-0.5599,-2.1879,2.7131,0.00
0.3040,-0.068833,-0.286635,0.538747,-0.5617,-2.1945,2.7200,0.00
0.3050,-0.069396,-0.288834,0.541472,-0.5634,-2.2012,2.7269,0.00
0.3060,-0.069960,-0.291039,0.544203,-0.5651,-2.2077,2.7337,0.00
0.3070,-0.070526,-0.293251,0.546941,-0.5669,-2.2143,2.7405,0.00
0.3080,-0.071094,-0.295469,0.549685,-0.5686,-2.2207,2.7472,0.00
0.3090,-0.071664,-0.297694,0.552437,-0.5702,-2.2272,2.7539,0.00
0.3100,-0.072235,-0.299925,0.555195,-0.5719,-2.2336,2.7605,0.00
0.3110,-0.072808,-0.302163,0.557959,-0.5736,-2.2399,2.7671,0.00
0.3120,-0.073383,-0.304407,0.560731,-0.5752,-2.2462,2.7736,0.00
0.3130,-0.073959,-0.306657,0.563508,-0.5768,-2.2525,2.7800,0.00
0.3140,-0.074537,-0.308913,0.566292,-0.5784,-2.2587,2.7865,0.00
0.3150,-0.075116,-0.311176,0.569083,-0.5800,-2.2649,2.7928,0.00
0.3160,-0.075697,-0.313445,0.571880,-0.5816,-2.2711,2.7992,0.00
0.3170,-0.076280,-0.315720,0.574683,-0.5832,-2.2772,2.8055,0.00
0.3180,-0.076864,-0.318001,0.577492,-0.5847,-2.2832,2.8117,0.00
0.3190,-0.077450,-0.320288,0.580308,-0.5863,-2.2893,2.8179,0.00
0.3200,-0.078037,-0.322581,0.583129,-0.5878,-2.2952,2.8240,0.00
0.3210,-0.078626,-0.324880,0.585957,-0.5893,-2.3012,2.8301,0.00
0.3220,-0.079216,-0.327184,0.588791,-0.5908,-2.3071,2.8361,0.00
0.3230,-0.079808,-0.329495,0.591631,-0.5923,-2.3130,2.8422,0.00
0.3240,-0.080401,-0.331812,0.594477,-0.5937,-2.3188,2.8481,0.00
0.3250,-0.080995,-0.334134,0.597329,-0.5952,-2.3246,2.8540,0.00
0.3260,-0.081591,-0.336462,0.600186,-0.5966,-2.3303,2.8599,0.00
0.3270,-0.082189,-0.338796,0.603050,-0.5980,-2.3360,2.8657,0.00
0.3280,-0.082788,-0.341136,0.605919,-0.5994,-2.3417,2.8715,0.00
0.3290,-0.083388,-0.343481,0.608794,-0.6008,-2.3474,2.8772,0.00
0.3300,-0.083990,-0.345832,0.611675,-0.6022,-2.3530,2.8829,0.00
0.3310,-0.084593,-0.348188,0.614561,-0.6036,-2.3586,2.8886,0.00
0.3320,-0.085197,-0.350550,0.617453,-0.6049,-2.3641,2.8942,0.00
0.3330,-0.085803,-0.352918,0.620351,-0.6063,-2.3696,2.8997,0.00
0.3340,-0.086410,-0.355291,0.623254,-0.6076,-2.3751,2.9053,0.00
0.3350,-0.087019,-0.357669,0.626163,-0.6089,-2.3805,2.9107,0.00
0.3360,-0.087628,-0.360053,0.629077,-0.6102,-2.3859,2.9162,0.00
0.3370,-0.088239,-0.362443,0.631997,-0.6115,-2.3913,2.9216,0.00
0.3380,-0.088851,-0.364837,0.634922,-0.6127,-2.3966,2.9269,0.00
0.3390,-0.089465,-0.367237,0.637852,-0.6140,-2.4019,2.9323,0.00
0.3400,-0.090080,-0.369642,0.640787,-0.6152,-2.4072,2.9375,0.00
0.3410,-0.090696,-0.372053,0.643728,-0.6165,-2.4125,2.9428,0.00
0.3420,-0.091313,-0.374469,0.646674,-0.6177,-2.4177,2.9480,0.00
0.3430,-0.091931,-0.376890,0.649625,-0.6189,-2.4229,2.9531,0.00
0.3440,-0.092551,-0.379316,0.652582,-0.6201,-2.4280,2.9583,0.00
0.3450,-0.093172,-0.381747,0.655543,-0.6213,-2.4331,2.9633,0.00
0.3460,-0.093794,-0.384183,0.658510,-0.6224,-2.4382,2.9684,0.00
0.3470,-0.094417,-0.386625,0.661481,-0.6236,-2.4433,2.9734,0.00
0.3480,-0.095041,-0.389071,0.664458,-0.6247,-2.4484,2.9784,0.00
0.3490,-0.095667,-0.391523,0.667439,-0.6259,-2.4534,2.9833,0.00
0.3500,-0.096293,-0.393979,0.670426,-0.6270,-2.4584,2.9882,0.00
0.3510,-0.096921,-0.396441,0.673417,-0.6281,-2.4633,2.9931,0.00
0.3520,-0.097550,-0.398907,0.676413,-0.6292,-2.4683,2.9979,0.00
0.3530,-0.098180,-0.401378,0.679414,-0.6303,-2.4732,3.0027,0.00
0.3540,-0.098810,-0.403855,0.682419,-0.6313,-2.4781,3.0074,0.00
0.3550,-0.099442,-0.406336,0.685430,-0.6324,-2.4829,3.0121,0.00
0.3560,-0.100075,-0.408822,0.688445,-0.6334,-2.4878,3.0168,0.00
0.3570,-0.100710,-0.411312,0.691465,-0.6345,-2.4926,3.0215,0.00
0.3580,-0.101345,-0.413808,0.694489,-0.6355,-2.4974,3.0261,0.00
0.3590,-0.101981,-0.416308,0.697518,-0.6365,-2.5021,3.0307,0.00
0.3600,-0.102618,-0.418813,0.700551,-0.6375,-2.5069,3.0352,0.00
0.3610,-0.103256,-0.421323,0.703590,-0.6385,-2.5116,3.0397,0.00
0.3620,-0.103895,-0.423838,0.706632,-0.6395,-2.5163,3.0442,0.00
0.3630,-0.104535,-0.426357,0.709679,-0.6405,-2.5210,3.0487,0.00
0.3640,-0.105176,-0.428881,0.712730,-0.6414,-2.5256,3.0531,0.00
0.3650,-0.105818,-0.431409,0.715786,-0.6424,-2.5303,3.0575,0.00
0.3660,-0.106461,-0.433943,0.718846,-0.6433,-2.5349,3.0618,0.00
0.3670,-0.107105,-0.436480,0.721911,-0.6442,-2.5395,3.0661,0.00
0.3680,-0.107750,-0.439023,0.724980,-0.6452,-2.5441,3.0704,0.00
0.3690,-0.108396,-0.441570,0.728053,-0.6461,-2.5486,3.0747,0.00
0.3700,-0.109042,-0.444121,0.731130,-0.6470,-2.5532,3.0789,0.00
0.3710,-0.109690,-0.446677,0.734212,-0.6479,-2.5577,3.0831,0.00
0.3720,-0.110338,-0.449238,0.737297,-0.6487,-2.5622,3.0872,0.00
0.3730,-0.110988,-0.451803,0.740387,-0.6496,-2.5667,3.0914,0.00
0.3740,-0.111638,-0.454372,0.743481,-0.6505,-2.5712,3.0955,0.00
0.3750,-0.112289,-0.456946,0.746579,-0.6513,-2.5757,3.0995,0.00
0.3760,-0.112941,-0.459525,0.749681,-0.6522,-2.5801,3.1036,0.00
0.3770,-0.113593,-0.462108,0.752787,-0.6530,-2.5845,3.1076,0.00
0.3780,-0.114247,-0.464695,0.755897,-0.6538,-2.5889,3.1116,0.00
0.3790,-0.114901,-0.467287,0.759011,-0.6546,-2.5933,3.1155,0.00
0.3800,-0.115556,-0.469883,0.762129,-0.6554,-2.5977,3.1194,0.00
0.3810,-0.116212,-0.472483,0.765251,-0.6562,-2.6021,3.1233,0.00
0.3820,-0.116869,-0.475088,0.768377,-0.6570,-2.6065,3.1272,0.00
0.3830,-0.117526,-0.477697,0.771507,-0.6578,-2.6108,3.1310,0.00
0.3840,-0.118185,-0.480311,0.774640,-0.6585,-2.6151,3.1348,0.00
0.3850,-0.118844,-0.482929,0.777777,-0.6593,-2.6195,3.1386,0.00
0.3860,-0.119503,-0.485551,0.780918,-0.6600,-2.6238,3.1423,0.00
0.3870,-0.120164,-0.488177,0.784062,-0.6608,-2.6281,3.1461,0.00
0.3880,-0.120825,-0.490808,0.787211,-0.6615,-2.6324,3.1498,0.00
0.3890,-0.121487,-0.493443,0.790363,-0.6622,-2.6366,3.1534,0.00
0.3900,-0.122150,-0.496082,0.793519,-0.6629,-2.6409,3.1571,0.00
0.3910,-0.122813,-0.498726,0.796678,-0.6636,-2.6452,3.1607,0.00
0.3920,-0.123477,-0.501374,0.799841,-0.6643,-2.6494,3.1642,0.00
0.3930,-0.124142,-0.504026,0.803007,-0.6650,-2.6537,3.1678,0.00
0.3940,-0.124807,-0.506682,0.806177,-0.6657,-2.6579,3.1713,0.00
0.3950,-0.125474,-0.509343,0.809351,-0.6664,-2.6621,3.1748,0.00
0.3960,-0.126140,-0.512007,0.812528,-0.6671,-2.6663,3.1783,0.00
0.3970,-0.126808,-0.514676,0.815708,-0.6677,-2.6705,3.1817,0.00
0.3980,-0.127476,-0.517349,0.818892,-0.6684,-2.6748,3.1851,0.00
0.3990,-0.128145,-0.520027,0.822079,-0.6690,-2.6790,3.1885,0.00
0.4000,-0.128814,-0.522708,0.825270,-0.6696,-2.6831,3.1919,0.00
0.4010,-0.129484,-0.525394,0.828464,-0.6703,-2.6873,3.1952,0.00
0.4020,-0.130155,-0.528084,0.831661,-0.6709,-2.6915,3.1985,0.00
0.4030,-0.130826,-0.530778,0.834862,-0.6715,-2.6957,3.2018,0.00
0.4040,-0.131498,-0.533476,0.838066,-0.6721,-2.6999,3.2051,0.00
0.4050,-0.132170,-0.536179,0.841273,-0.6727,-2.7040,3.2083,0.00
0.4060,-0.132843,-0.538886,0.844483,-0.6733,-2.7082,3.2115,0.00
0.4070,-0.133517,-0.541596,0.847697,-0.6738,-2.7123,3.2147,0.00
0.4080,-0.134191,-0.544311,0.850913,-0.6744,-2.7165,3.2178,0.00
0.4090,-0.134866,-0.547030,0.854133,-0.6750,-2.7207,3.2210,0.00
0.4100,-0.135541,-0.549754,0.857356,-0.6755,-2.7248,3.2241,0.00
0.4110,-0.136217,-0.552481,0.860582,-0.6761,-2.7290,3.2271,0.00
0.4120,-0.136894,-0.555213,0.863811,-0.6766,-2.7331,3.2302,0.00
0.4130,-0.137570,-0.557948,0.867043,-0.6772,-2.7373,3.2332,0.00
0.4140,-0.138248,-0.560688,0.870278,-0.6777,-2.7414,3.2362,0.00
0.4150,-0.138926,-0.563432,0.873516,-0.6782,-2.7455,3.2391,0.00
0.4160,-0.139605,-0.566180,0.876757,-0.6787,-2.7497,3.2421,0.00
0.4170,-0.140284,-0.568933,0.880001,-0.6792,-2.7538,3.2450,0.00
0.4180,-0.140963,-0.571689,0.883248,-0.6797,-2.7580,3.2479,0.00
0.4190,-0.141643,-0.574450,0.886498,-0.6802,-2.7621,3.2507,0.00
0.4200,-0.142324,-0.577214,0.889750,-0.6807,-2.7663,3.2536,0.00
0.4210,-0.143005,-0.579983,0.893006,-0.6812,-2.7704,3.2564,0.00
0.4220,-0.143686,-0.582756,0.896264,-0.6817,-2.7746,3.2592,0.00
0.4230,-0.144368,-0.585533,0.899525,-0.6821,-2.7787,3.2619,0.00
0.4240,-0.145051,-0.588315,0.902788,-0.6826,-2.7829,3.2647,0.00
0.4250,-0.145733,-0.591100,0.906054,-0.6830,-2.7871,3.2674,0.00
0.4260,-0.146417,-0.593890,0.909324,-0.6835,-2.7912,3.2700,0.00
0.4270,-0.147100,-0.596684,0.912595,-0.6839,-2.7954,3.2727,0.00
0.4280,-0.147785,-0.599482,0.915870,-0.6844,-2.7996,3.2753,0.00
0.4290,-0.148469,-0.602284,0.919147,-0.6848,-2.8038,3.2779,0.00
0.4300,-0.149154,-0.605090,0.922426,-0.6852,-2.8079,3.2805,0.00
0.4310,-0.149840,-0.607901,0.925708,-0.6856,-2.8121,3.2830,0.00
0.4320,-0.150526,-0.610716,0.928993,-0.6860,-2.8163,3.2855,0.00
0.4330,-0.151212,-0.613535,0.932280,-0.6864,-2.8205,3.2880,0.00
0.4340,-0.151899,-0.616358,0.935569,-0.6868,-2.8247,3.2905,0.00
0.4350,-0.152586,-0.619185,0.938861,-0.6872,-2.8290,3.2929,0.00
0.4360,-0.153273,-0.622017,0.942155,-0.6876,-2.8332,3.2953,0.00
0.4370,-0.153961,-0.624853,0.945452,-0.6879,-2.8374,3.2977,0.00
0.4380,-0.154649,-0.627693,0.948751,-0.6883,-2.8416,3.3000,0.00
0.4390,-0.155338,-0.630537,0.952053,-0.6887,-2.8459,3.3023,0.00
0.4400,-0.156026,-0.633385,0.955357,-0.6890,-2.8501,3.3046,0.00
0.4410,-0.156716,-0.636238,0.958663,-0.6894,-2.8544,3.3069,0.00
0.4420,-0.157405,-0.639095,0.961971,-0.6897,-2.8587,3.3091,0.00
0.4430,-0.158095,-0.641957,0.965282,-0.6901,-2.8630,3.3113,0.00
0.4440,-0.158786,-0.644822,0.968594,-0.6904,-2.8673,3.3135,0.00
0.4450,-0.159476,-0.647692,0.971909,-0.6907,-2.8716,3.3156,0.00
0.4460,-0.160167,-0.650567,0.975226,-0.6910,-2.8759,3.3178,0.00
0.4470,-0.160858,-0.653445,0.978545,-0.6913,-2.8802,3.3199,0.00
0.4480,-0.161550,-0.656328,0.981866,-0.6916,-2.8845,3.3219,0.00
0.4490,-0.162241,-0.659215,0.985189,-0.6919,-2.8889,3.3239,0.00
0.4500,-0.162934,-0.662107,0.988515,-0.6922,-2.8932,3.3259,0.00
0.4510,-0.163626,-0.665003,0.991842,-0.6925,-2.8976,3.3279,0.00
0.4520,-0.164319,-0.667903,0.995171,-0.6928,-2.9020,3.3299,0.00
0.4530,-0.165012,-0.670808,0.998502,-0.6930,-2.9064,3.3318,0.00
0.4540,-0.165705,-0.673717,1.001835,-0.6933,-2.9108,3.3336,0.00
0.4550,-0.166398,-0.676631,1.005170,-0.6935,-2.9152,3.3355,0.00
0.4560,-0.167092,-0.679549,1.008506,-0.6938,-2.9196,3.3373,0.00
0.4570,-0.167786,-0.682471,1.011845,-0.6940,-2.9241,3.3391,0.00
0.4580,-0.168480,-0.685398,1.015185,-0.6943,-2.9286,3.3409,0.00
0.4590,-0.169174,-0.688329,1.018527,-0.6945,-2.9330,3.3426,0.00
0.4600,-0.169869,-0.691265,1.021870,-0.6947,-2.9375,3.3443,0.00
0.4610,-0.170564,-0.694205,1.025216,-0.6949,-2.9420,3.3459,0.00
0.4620,-0.171259,-0.697150,1.028563,-0.6951,-2.9466,3.3476,0.00
0.4630,-0.171954,-0.700100,1.031911,-0.6953,-2.9511,3.3491,0.00
0.4640,-0.172650,-0.703054,1.035261,-0.6955,-2.9557,3.3507,0.00
0.4650,-0.173345,-0.706012,1.038613,-0.6957,-2.9602,3.3522,0.00
0.4660,-0.174041,-0.708975,1.041966,-0.6959,-2.9648,3.3537,0.00
0.4670,-0.174737,-0.711943,1.045321,-0.6960,-2.9694,3.3552,0.00
0.4680,-0.175433,-0.714915,1.048677,-0.6962,-2.9741,3.3566,0.00
0.4690,-0.176129,-0.717892,1.052034,-0.6963,-2.9787,3.3580,0.00
0.4700,-0.176826,-0.720874,1.055393,-0.6965,-2.9834,3.3594,0.00
0.4710,-0.177522,-0.723860,1.058754,-0.6966,-2.9881,3.3607,0.00
0.4720,-0.178219,-0.726851,1.062115,-0.6968,-2.9928,3.3620,0.00
0.4730,-0.178916,-0.729847,1.065478,-0.6969,-2.9975,3.3632,0.00
0.4740,-0.179613,-0.732847,1.068842,-0.6970,-3.0022,3.3644,0.00
0.4750,-0.180310,-0.735853,1.072207,-0.6971,-3.0070,3.3656,0.00
0.4760,-0.181007,-0.738863,1.075573,-0.6972,-3.0118,3.3668,0.00
0.4770,-0.181704,-0.741877,1.078941,-0.6973,-3.0166,3.3679,0.00
0.4780,-0.182402,-0.744897,1.082309,-0.6974,-3.0214,3.3689,0.00
0.4790,-0.183099,-0.747922,1.085679,-0.6974,-3.0262,3.3700,0.00
0.4800,-0.183796,-0.750951,1.089049,-0.6975,-3.0311,3.3710,0.00
0.4810,-0.184494,-0.753985,1.092421,-0.6975,-3.0360,3.3719,0.00
0.4820,-0.185192,-0.757024,1.095793,-0.6976,-3.0409,3.3728,0.00
0.4830,-0.185889,-0.760068,1.099167,-0.6976,-3.0458,3.3737,0.00
0.4840,-0.186587,-0.763117,1.102541,-0.6976,-3.0508,3.3745,0.00
0.4850,-0.187284,-0.766171,1.105916,-0.6977,-3.0557,3.3753,0.00
0.4860,-0.187982,-0.769230,1.109292,-0.6977,-3.0607,3.3761,0.00
0.4870,-0.188680,-0.772293,1.112668,-0.6977,-3.0658,3.3768,0.00
0.4880,-0.189377,-0.775362,1.116046,-0.6977,-3.0708,3.3775,0.00
0.4890,-0.190075,-0.778436,1.119424,-0.6976,-3.0759,3.3781,0.00
0.4900,-0.190773,-0.781515,1.122802,-0.6976,-3.0810,3.3787,0.00
0.4910,-0.191470,-0.784600,1.126181,-0.6976,-3.0861,3.3793,0.00
0.4920,-0.192168,-0.787689,1.129561,-0.6975,-3.0912,3.3798,0.00
0.4930,-0.192865,-0.790783,1.132941,-0.6974,-3.0964,3.3803,0.00
0.4940,-0.193563,-0.793883,1.136322,-0.6974,-3.1016,3.3807,0.00
0.4950,-0.194260,-0.796988,1.139703,-0.6973,-3.1068,3.3811,0.00
0.4960,-0.194957,-0.800098,1.143084,-0.6972,-3.1120,3.3815,0.00
0.4970,-0.195654,-0.803213,1.146466,-0.6971,-3.1173,3.3818,0.00
0.4980,-0.196351,-0.806334,1.149848,-0.6969,-3.1226,3.3820,0.00
0.4990,-0.197048,-0.809460,1.153230,-0.6968,-3.1279,3.3822,0.00
0.5000,-0.197745,-0.812591,1.156612,-0.6967,-3.1332,3.3824,0.00
0.5010,-0.198441,-0.815727,1.159994,-0.6965,-3.1386,3.3825,0.00
0.5020,-0.199138,-0.818869,1.163377,-0.6963,-3.1440,3.3826,0.00
0.5030,-0.199834,-0.822017,1.166760,-0.6962,-3.1494,3.3827,0.00
0.5040,-0.200530,-0.825170,1.170143,-0.6960,-3.1549,3.3826,0.00
0.5050,-0.201226,-0.828328,1.173525,-0.6958,-3.1604,3.3826,0.00
0.5060,-0.201921,-0.831492,1.176908,-0.6955,-3.1659,3.3825,0.00
0.5070,-0.202617,-0.834661,1.180290,-0.6953,-3.1714,3.3823,0.00
0.5080,-0.203312,-0.837836,1.183672,-0.6950,-3.1770,3.3821,0.00
0.5090,-0.204007,-0.841016,1.187054,-0.6948,-3.1825,3.3819,0.00
0.5100,-0.204702,-0.844203,1.190436,-0.6945,-3.1882,3.3816,0.00
0.5110,-0.205396,-0.847394,1.193817,-0.6942,-3.1938,3.3813,0.00
0.5120,-0.206090,-0.850592,1.197198,-0.6939,-3.1995,3.3809,0.00
0.5130,-0.206784,-0.853794,1.200579,-0.6936,-3.2052,3.3804,0.00
0.5140,-0.207477,-0.857003,1.203959,-0.6932,-3.2109,3.3799,0.00
0.5150,-0.208170,-0.860218,1.207338,-0.6929,-3.2167,3.3794,0.00
0.5160,-0.208863,-0.863438,1.210718,-0.6925,-3.2224,3.3788,0.00
0.5170,-0.209555,-0.866664,1.214096,-0.6921,-3.2283,3.3782,0.00
0.5180,-0.210247,-0.869896,1.217474,-0.6917,-3.2341,3.3775,0.00
0.5190,-0.210938,-0.873134,1.220851,-0.6913,-3.2400,3.3768,0.00
0.5200,-0.211629,-0.876377,1.224227,-0.6909,-3.2459,3.3760,0.00
0.5210,-0.212320,-0.879627,1.227603,-0.6904,-3.2518,3.3751,0.00
0.5220,-0.213010,-0.882882,1.230977,-0.6900,-3.2578,3.3743,0.00
0.5230,-0.213700,-0.886144,1.234351,-0.6895,-3.2638,3.3733,0.00
0.5240,-0.214389,-0.889412,1.237723,-0.6890,-3.2698,3.3723,0.00
0.5250,-0.215078,-0.892685,1.241095,-0.6884,-3.2758,3.3713,0.00
0.5260,-0.215766,-0.895965,1.244466,-0.6879,-3.2819,3.3702,0.00
0.5270,-0.216453,-0.899251,1.247835,-0.6873,-3.2880,3.3690,0.00
0.5280,-0.217140,-0.902542,1.251204,-0.6867,-3.2942,3.3678,0.00
0.5290,-0.217826,-0.905840,1.254571,-0.6861,-3.3003,3.3666,0.00
0.5300,-0.218512,-0.909145,1.257936,-0.6855,-3.3065,3.3653,0.00
0.5310,-0.219197,-0.912455,1.261301,-0.6849,-3.3128,3.3639,0.00
0.5320,-0.219882,-0.915772,1.264664,-0.6842,-3.3190,3.3625,0.00
0.5330,-0.220565,-0.919095,1.268026,-0.6835,-3.3253,3.3610,0.00
0.5340,-0.221249,-0.922424,1.271385,-0.6828,-3.3316,3.3595,0.00
0.5350,-0.221931,-0.925759,1.274744,-0.6820,-3.3380,3.3580,0.00
0.5360,-0.222612,-0.929101,1.278101,-0.6813,-3.3443,3.3563,0.00
0.5370,-0.223293,-0.932450,1.281456,-0.6805,-3.3507,3.3547,0.00
0.5380,-0.223973,-0.935804,1.284810,-0.6797,-3.3572,3.3529,0.00
0.5390,-0.224652,-0.939165,1.288162,-0.6789,-3.3636,3.3511,0.00
0.5400,-0.225331,-0.942533,1.291512,-0.6780,-3.3701,3.3493,0.00
0.5410,-0.226008,-0.945907,1.294860,-0.6771,-3.3766,3.3474,0.00
0.5420,-0.226685,-0.949288,1.298206,-0.6762,-3.3832,3.3454,0.00
0.5430,-0.227360,-0.952675,1.301550,-0.6753,-3.3898,3.3434,0.00
0.5440,-0.228035,-0.956069,1.304892,-0.6743,-3.3964,3.3414,0.00
0.5450,-0.228709,-0.959470,1.308232,-0.6734,-3.4030,3.3393,0.00
0.5460,-0.229382,-0.962877,1.311570,-0.6723,-3.4097,3.3371,0.00
0.5470,-0.230053,-0.966291,1.314907,-0.6713,-3.4164,3.3349,0.00
0.5480,-0.230724,-0.969712,1.318240,-0.6702,-3.4231,3.3326,0.00
0.5490,-0.231393,-0.973139,1.321571,-0.6691,-3.4298,3.3303,0.00
0.5500,-0.232062,-0.976573,1.324900,-0.6680,-3.4366,3.3279,0.00
0.5510,-0.232729,-0.980014,1.328226,-0.6669,-3.4434,3.3255,0.00
0.5520,-0.233395,-0.983462,1.331550,-0.6657,-3.4503,3.3230,0.00
0.5530,-0.234060,-0.986916,1.334871,-0.6645,-3.4571,3.3204,0.00
0.5540,-0.234724,-0.990378,1.338190,-0.6632,-3.4640,3.3178,0.00
0.5550,-0.235386,-0.993846,1.341506,-0.6620,-3.4709,3.3152,0.00
0.5560,-0.236048,-0.997321,1.344820,-0.6607,-3.4778,3.3125,0.00
0.5570,-0.236707,-1.000803,1.348131,-0.6593,-3.4848,3.3098,0.00
0.5580,-0.237366,-1.004292,1.351439,-0.6579,-3.4918,3.3069,0.00
0.5590,-0.238023,-1.007789,1.354744,-0.6565,-3.4988,3.3041,0.00
0.5600,-0.238679,-1.011292,1.358046,-0.6551,-3.5058,3.3012,0.00
0.5610,-0.239333,-1.014802,1.361346,-0.6536,-3.5129,3.2982,0.00
0.5620,-0.239985,-1.018319,1.364642,-0.6521,-3.5200,3.2952,0.00
0.5630,-0.240637,-1.021844,1.367935,-0.6506,-3.5271,3.2922,0.00
0.5640,-0.241286,-1.025375,1.371225,-0.6490,-3.5342,3.2891,0.00
0.5650,-0.241934,-1.028914,1.374513,-0.6474,-3.5414,3.2859,0.00
0.5660,-0.242581,-1.032460,1.377796,-0.6457,-3.5486,3.2827,0.00
0.5670,-0.243225,-1.036013,1.381077,-0.6441,-3.5558,3.2794,0.00
0.5680,-0.243868,-1.039573,1.384354,-0.6423,-3.5630,3.2761,0.00
0.5690,-0.244510,-1.043141,1.387628,-0.6406,-3.5703,3.2728,0.00
0.5700,-0.245149,-1.046716,1.390899,-0.6388,-3.5775,3.2694,0.00
0.5710,-0.245787,-1.050298,1.394166,-0.6369,-3.5848,3.2660,0.00
0.5720,-0.246422,-1.053887,1.397430,-0.6351,-3.5921,3.2625,0.00
0.5730,-0.247056,-1.057484,1.400691,-0.6331,-3.5995,3.2589,0.00
0.5740,-0.247688,-1.061088,1.403947,-0.6312,-3.6068,3.2554,0.00
0.5750,-0.248318,-1.064699,1.407201,-0.6292,-3.6142,3.2517,0.00
0.5760,-0.248946,-1.068318,1.410450,-0.6271,-3.6216,3.2481,0.00
0.5770,-0.249572,-1.071944,1.413695,-0.6251,-3.6290,3.2444,0.00
0.5780,-0.250196,-1.075578,1.416937,-0.6229,-3.6364,3.2406,0.00
0.5790,-0.250817,-1.079219,1.420176,-0.6208,-3.6439,3.2368,0.00
0.5800,-0.251437,-1.082868,1.423410,-0.6186,-3.6513,3.2330,0.00
0.5810,-0.252054,-1.086524,1.426641,-0.6163,-3.6588,3.2291,0.00
0.5820,-0.252669,-1.090187,1.429868,-0.6140,-3.6663,3.2252,0.00
0.5830,-0.253281,-1.093858,1.433090,-0.6117,-3.6738,3.2213,0.00
0.5840,-0.253891,-1.097537,1.436309,-0.6093,-3.6813,3.2173,0.00
0.5850,-0.254499,-1.101223,1.439524,-0.6069,-3.6889,3.2133,0.00
0.5860,-0.255104,-1.104916,1.442734,-0.6044,-3.6964,3.2092,0.00
0.5870,-0.255707,-1.108618,1.445942,-0.6019,-3.7040,3.2052,0.00
0.5880,-0.256308,-1.112326,1.449144,-0.5993,-3.7116,3.2010,0.00
0.5890,-0.256905,-1.116043,1.452342,-0.5967,-3.7192,3.1969,0.00
0.5900,-0.257500,-1.119766,1.455537,-0.5940,-3.7268,3.1927,0.00
0.5910,-0.258093,-1.123498,1.458727,-0.5913,-3.7344,3.1885,0.00
0.5920,-0.258682,-1.127237,1.461912,-0.5885,-3.7421,3.1843,0.00
0.5930,-0.259269,-1.130984,1.465094,-0.5857,-3.7497,3.1800,0.00
0.5940,-0.259853,-1.134739,1.468272,-0.5829,-3.7574,3.1757,0.00
0.5950,-0.260434,-1.138501,1.471445,-0.5800,-3.7650,3.1714,0.00
0.5960,-0.261012,-1.142271,1.474614,-0.5770,-3.7727,3.1670,0.00
0.5970,-0.261587,-1.146048,1.477777,-0.5740,-3.7804,3.1627,0.00
0.5980,-0.262159,-1.149833,1.480937,-0.5709,-3.7881,3.1583,0.00
0.5990,-0.262728,-1.153627,1.484094,-0.5678,-3.7958,3.1539,0.00
0.6000,-0.263294,-1.157427,1.487244,-0.5647,-3.8035,3.1494,0.00
0.6010,-0.263857,-1.161235,1.490390,-0.5614,-3.8112,3.1450,0.00
0.6020,-0.264416,-1.165051,1.493532,-0.5582,-3.8189,3.1405,0.00
0.6030,-0.264972,-1.168875,1.496669,-0.5549,-3.8267,3.1360,0.00
0.6040,-0.265525,-1.172706,1.499803,-0.5515,-3.8344,3.1315,0.00
0.6050,-0.266074,-1.176546,1.502933,-0.5481,-3.8421,3.1270,0.00
0.6060,-0.266620,-1.180393,1.506056,-0.5446,-3.8499,3.1225,0.00
0.6070,-0.267162,-1.184247,1.509176,-0.5411,-3.8576,3.1180,0.00
0.6080,-0.267701,-1.188110,1.512292,-0.5375,-3.8654,3.1134,0.00
0.6090,-0.268237,-1.191980,1.515400,-0.5338,-3.8731,3.1089,0.00
0.6100,-0.268768,-1.195858,1.518510,-0.5301,-3.8809,3.1043,0.00
0.6110,-0.269296,-1.199744,1.521609,-0.5264,-3.8887,3.0998,0.00
0.6120,-0.269820,-1.203637,1.524706,-0.5226,-3.8964,3.0952,0.00
0.6130,-0.270340,-1.207539,1.527800,-0.5187,-3.9042,3.0906,0.00
0.6140,-0.270856,-1.211448,1.530887,-0.5148,-3.9119,3.0860,0.00
0.6150,-0.271369,-1.215364,1.533969,-0.5108,-3.9197,3.0815,0.00
0.6160,-0.271877,-1.219289,1.537049,-0.5068,-3.9275,3.0769,0.00
0.6170,-0.272381,-1.223221,1.540122,-0.5027,-3.9353,3.0723,0.00
0.6180,-0.272881,-1.227161,1.543193,-0.4986,-3.9430,3.0678,0.00
0.6190,-0.273377,-1.231109,1.546255,-0.4944,-3.9508,3.0632,0.00
0.6200,-0.273869,-1.235065,1.549317,-0.4902,-3.9586,3.0586,0.00
0.6210,-0.274357,-1.239029,1.552374,-0.4858,-3.9663,3.0541,0.00
0.6220,-0.274840,-1.243000,1.555427,-0.4815,-3.9741,3.0496,0.00
0.6230,-0.275318,-1.246978,1.558472,-0.4771,-3.9819,3.0450,0.00
0.6240,-0.275793,-1.250966,1.561515,-0.4726,-3.9896,3.0405,0.00
0.6250,-0.276262,-1.254960,1.564541,-0.4681,-3.9974,3.0360,0.00
0.6260,-0.276728,-1.258962,1.570796,-0.4635,-4.0051,3.0315,0.00
0.6270,-0.277188,-1.262972,1.570796,-0.4588,-4.0129,3.0271,0.00
0.6280,-0.277644,-1.266990,1.570796,-0.4541,-4.0207,3.0226,0.00
0.6290,-0.278095,-1.271015,1.564942,-0.4493,-4.0284,3.0182,0.00
0.6300,-0.278542,-1.275048,1.561923,-0.4445,-4.0362,3.0138,0.00
0.6310,-0.278983,-1.279089,1.558900,-0.4396,-4.0439,3.0094,0.00
0.6320,-0.279420,-1.283139,1.555905,-0.4347,-4.0516,3.0050,0.00
0.6330,-0.279851,-1.287195,1.552898,-0.4297,-4.0594,3.0007,0.00
0.6340,-0.280278,-1.291259,1.549908,-0.4246,-4.0671,2.9964,0.00
0.6350,-0.280699,-1.295331,1.546908,-0.4195,-4.0749,2.9921,0.00
0.6360,-0.281115,-1.299411,1.543919,-0.4144,-4.0826,2.9878,0.00
0.6370,-0.281527,-1.303498,1.540935,-0.4091,-4.0903,2.9836,0.00
0.6380,-0.281932,-1.307593,1.537952,-0.4038,-4.0980,2.9794,0.00
0.6390,-0.282333,-1.311696,1.534976,-0.3985,-4.1058,2.9753,0.00
0.6400,-0.282728,-1.315807,1.532003,-0.3931,-4.1135,2.9711,0.00
0.6410,-0.283118,-1.319925,1.529035,-0.3876,-4.1212,2.9670,0.00
0.6420,-0.283502,-1.324051,1.526071,-0.3821,-4.1289,2.9630,0.00
0.6430,-0.283880,-1.328185,1.523111,-0.3765,-4.1366,2.9590,0.00
0.6440,-0.284253,-1.332326,1.520154,-0.3709,-4.1443,2.9550,0.00
0.6450,-0.284621,-1.336475,1.517200,-0.3652,-4.1520,2.9511,0.00
0.6460,-0.284982,-1.340632,1.514253,-0.3595,-4.1597,2.9472,0.00
0.6470,-0.285338,-1.344796,1.511307,-0.3537,-4.1674,2.9433,0.00
0.6480,-0.285688,-1.348968,1.508366,-0.3478,-4.1751,2.9395,0.00
0.6490,-0.286032,-1.353148,1.505429,-0.3419,-4.1827,2.9358,0.00
0.6500,-0.286370,-1.357336,1.502494,-0.3359,-4.1904,2.9321,0.00
0.6510,-0.286703,-1.361531,1.499566,-0.3298,-4.1981,2.9284,0.00
0.6520,-0.287029,-1.365734,1.496640,-0.3238,-4.2058,2.9248,0.00
0.6530,-0.287349,-1.369945,1.493716,-0.3176,-4.2135,2.9212,0.00
0.6540,-0.287662,-1.374163,1.490799,-0.3114,-4.2211,2.9177,0.00
0.6550,-0.287970,-1.378389,1.487882,-0.3051,-4.2288,2.9143,0.00
0.6560,-0.288271,-1.382622,1.484970,-0.2988,-4.2365,2.9109,0.00
0.6570,-0.288566,-1.386864,1.482061,-0.2924,-4.2442,2.9075,0.00
0.6580,-0.288854,-1.391113,1.479156,-0.2860,-4.2518,2.9043,0.00
0.6590,-0.289136,-1.395369,1.476254,-0.2795,-4.2595,2.9010,0.00
0.6600,-0.289411,-1.399634,1.473355,-0.2729,-4.2672,2.8979,0.00
0.6610,-0.289680,-1.403906,1.470459,-0.2663,-4.2749,2.8947,0.00
0.6620,-0.289943,-1.408186,1.467565,-0.2597,-4.2825,2.8917,0.00
0.6630,-0.290198,-1.412473,1.464677,-0.2530,-4.2902,2.8887,0.00
0.6640,-0.290447,-1.416768,1.461791,-0.2462,-4.2979,2.8858,0.00
0.6650,-0.290689,-1.421070,1.458907,-0.2394,-4.3056,2.8829,0.00
0.6660,-0.290924,-1.425380,1.456025,-0.2325,-4.3133,2.8801,0.00
0.6670,-0.291152,-1.429698,1.453146,-0.2255,-4.3210,2.8774,0.00
0.6680,-0.291373,-1.434025,1.450271,-0.2186,-4.3287,2.8748,0.00
0.6690,-0.291587,-1.438359,1.447398,-0.2115,-4.3364,2.8722,0.00
0.6700,-0.291794,-1.442699,1.444527,-0.2044,-4.3441,2.8696,0.00
0.6710,-0.291994,-1.447049,1.441659,-0.1973,-4.3518,2.8672,0.00
0.6720,-0.292187,-1.451406,1.438793,-0.1900,-4.3595,2.8648,0.00
0.6730,-0.292372,-1.455769,1.435930,-0.1828,-4.3673,2.8625,0.00
0.6740,-0.292551,-1.460140,1.433068,-0.1755,-4.3750,2.8603,0.00
0.6750,-0.292722,-1.464521,1.430209,-0.1681,-4.3827,2.8581,0.00
0.6760,-0.292885,-1.468909,1.427353,-0.1607,-4.3905,2.8560,0.00
0.6770,-0.293041,-1.473303,1.424499,-0.1532,-4.3983,2.8540,0.00
0.6780,-0.293189,-1.477708,1.421645,-0.1456,-4.4061,2.8521,0.00
0.6790,-0.293330,-1.482119,1.418794,-0.1380,-4.4139,2.8502,0.00
0.6800,-0.293464,-1.486537,1.415945,-0.1304,-4.4217,2.8484,0.00
0.6810,-0.293589,-1.490965,1.413098,-0.1227,-4.4295,2.8467,0.00
0.6820,-0.293707,-1.495398,1.410252,-0.1150,-4.4373,2.8451,0.00
0.6830,-0.293817,-1.499840,1.407408,-0.1072,-4.4452,2.8436,0.00
0.6840,-0.293919,-1.504291,1.404565,-0.0993,-4.4530,2.8421,0.00
0.6850,-0.294014,-1.508748,1.401724,-0.0914,-4.4609,2.8407,0.00
0.6860,-0.294100,-1.513215,1.398885,-0.0835,-4.4688,2.8394,0.00
0.6870,-0.294179,-1.517688,1.396045,-0.0754,-4.4767,2.8382,0.00
0.6880,-0.294249,-1.522170,1.393208,-0.0674,-4.4847,2.8371,0.00
0.6890,-0.294311,-1.526659,1.390371,-0.0593,-4.4927,2.8361,0.00
0.6900,-0.294366,-1.531158,1.387537,-0.0511,-4.5006,2.8351,0.00
0.6910,-0.294412,-1.535664,1.384701,-0.0429,-4.5086,2.8342,0.00
0.6920,-0.294449,-1.540180,1.381867,-0.0346,-4.5167,2.8334,0.00
0.6930,-0.294479,-1.544697,1.379034,-0.0263,-4.5247,2.8327,0.00
0.6940,-0.294500,-1.549229,1.376202,-0.0179,-4.5328,2.8321,0.00
0.6950,-0.294512,-1.553765,1.373371,-0.0095,-4.5409,2.8316,0.00
0.6960,-0.294517,-1.558311,1.370540,-0.0010,-4.5491,2.8312,0.00
0.6970,-0.294512,-1.562867,1.367708,0.0075,-4.5572,2.8309,0.00
0.6980,-0.294499,-1.570796,1.364878,0.0161,-4.5654,2.8306,0.00
0.6990,-0.294478,-1.570796,1.362047,0.0247,-4.5737,2.8305,0.00
0.7000,-0.294448,-1.565011,1.359217,0.0334,-4.5819,2.8304,0.00
0.7010,-0.294409,-1.560440,1.356386,0.0421,-4.5902,2.8304,0.00
0.7020,-0.294361,-1.555842,1.353556,0.0509,-4.5986,2.8306,0.00
0.7030,-0.294305,-1.551225,1.350725,0.0597,-4.6069,2.8308,0.00
0.7040,-0.294240,-1.546619,1.347894,0.0686,-4.6154,2.8311,0.00
0.7050,-0.294166,-1.541998,1.345063,0.0775,-4.6238,2.8315,0.00
0.7060,-0.294082,-1.537367,1.342231,0.0865,-4.6323,2.8320,0.00
0.7070,-0.293990,-1.532730,1.339399,0.0956,-4.6408,2.8326,0.00
0.7080,-0.293889,-1.528084,1.336565,0.1047,-4.6494,2.8333,0.00
0.7090,-0.293779,-1.523430,1.333732,0.1138,-4.6580,2.8341,0.00
0.7100,-0.293659,-1.518765,1.330897,0.1230,-4.6667,2.8350,0.00
0.7110,-0.293530,-1.514091,1.328062,0.1322,-4.6754,2.8360,0.00
0.7120,-0.293392,-1.509412,1.325225,0.1415,-4.6841,2.8371,0.00
0.7130,-0.293245,-1.504723,1.322386,0.1509,-4.6929,2.8383,0.00
0.7140,-0.293088,-1.500024,1.319547,0.1602,-4.7018,2.8397,0.00
0.7150,-0.292922,-1.495318,1.316707,0.1697,-4.7107,2.8411,0.00
0.7160,-0.292746,-1.490602,1.313865,0.1792,-4.7197,2.8426,0.00
0.7170,-0.292561,-1.485875,1.311021,0.1887,-4.7287,2.8442,0.00
0.7180,-0.292367,-1.481140,1.308176,0.1983,-4.7378,2.8459,0.00
0.7190,-0.292162,-1.476397,1.305329,0.2080,-4.7469,2.8477,0.00
0.7200,-0.291948,-1.471644,1.302480,0.2177,-4.7561,2.8497,0.00
0.7210,-0.291724,-1.466883,1.299629,0.2274,-4.7654,2.8517,0.00
0.7220,-0.291491,-1.462111,1.296776,0.2372,-4.7747,2.8539,0.00
0.7230,-0.291247,-1.457331,1.293921,0.2471,-4.7841,2.8561,0.00
0.7240,-0.290994,-1.452541,1.291063,0.2570,-4.7935,2.8585,0.00
0.7250,-0.290731,-1.447741,1.288203,0.2670,-4.8031,2.8609,0.00
0.7260,-0.290458,-1.442933,1.285341,0.2770,-4.8126,2.8635,0.00
0.7270,-0.290174,-1.438113,1.282475,0.2871,-4.8223,2.8662,0.00
0.7280,-0.289881,-1.433285,1.279608,0.2972,-4.8320,2.8690,0.00
0.7290,-0.289577,-1.428447,1.276737,0.3074,-4.8419,2.8720,0.00
0.7300,-0.289264,-1.423599,1.273863,0.3176,-4.8517,2.8750,0.00
0.7310,-0.288940,-1.418741,1.270986,0.3279,-4.8617,2.8781,0.00
0.7320,-0.288605,-1.413873,1.268106,0.3382,-4.8718,2.8814,0.00
0.7330,-0.288260,-1.408996,1.265222,0.3486,-4.8819,2.8848,0.00
0.7340,-0.287905,-1.404107,1.262335,0.3591,-4.8921,2.8883,0.00
0.7350,-0.287540,-1.399208,1.259445,0.3696,-4.9024,2.8919,0.00
0.7360,-0.287163,-1.394299,1.256550,0.3802,-4.9128,2.8956,0.00
0.7370,-0.286777,-1.389380,1.253652,0.3908,-4.9233,2.8995,0.00
0.7380,-0.286379,-1.384450,1.250750,0.4015,-4.9339,2.9035,0.00
0.7390,-0.285971,-1.379510,1.247844,0.4122,-4.9445,2.9076,0.00
0.7400,-0.285552,-1.374558,1.244934,0.4230,-4.9553,2.9118,0.00
0.7410,-0.285122,-1.369596,1.242020,0.4338,-4.9662,2.9162,0.00
0.7420,-0.284682,-1.364623,1.239101,0.4447,-4.9771,2.9206,0.00
0.7430,-0.284230,-1.359639,1.236177,0.4557,-4.9882,2.9252,0.00
0.7440,-0.283768,-1.354645,1.233249,0.4667,-4.9994,2.9300,0.00
0.7450,-0.283294,-1.349637,1.230316,0.4778,-5.0107,2.9348,0.00
0.7460,-0.282809,-1.344620,1.227378,0.4890,-5.0221,2.9398,0.00
0.7470,-0.282313,-1.339590,1.224435,0.5002,-5.0336,2.9449,0.00
0.7480,-0.281806,-1.334550,1.221487,0.5114,-5.0452,2.9502,0.00
0.7490,-0.281287,-1.329497,1.218534,0.5228,-5.0569,2.9556,0.00
0.7500,-0.280758,-1.324432,1.215574,0.5342,-5.0688,2.9611,0.00
0.7510,-0.280216,-1.319356,1.212610,0.5456,-5.0808,2.9667,0.00
0.7520,-0.279663,-1.314268,1.209640,0.5572,-5.0929,2.9725,0.00
0.7530,-0.279099,-1.309167,1.206663,0.5688,-5.1051,2.9785,0.00
0.7540,-0.278523,-1.304055,1.203681,0.5804,-5.1175,2.9845,0.00
0.7550,-0.277935,-1.298929,1.200693,0.5921,-5.1300,2.9908,0.00
0.7560,-0.277336,-1.293791,1.197698,0.6039,-5.1426,2.9971,0.00
0.7570,-0.276724,-1.288641,1.194697,0.6158,-5.1554,3.0036,0.00
0.7580,-0.276101,-1.283477,1.191689,0.6277,-5.1683,3.0103,0.00
0.7590,-0.275466,-1.278301,1.188674,0.6397,-5.1814,3.0171,0.00
0.7600,-0.274819,-1.273111,1.185653,0.6518,-5.1946,3.0241,0.00
0.7610,-0.274159,-1.267908,1.182625,0.6639,-5.2080,3.0312,0.00
0.7620,-0.273488,-1.262692,1.179589,0.6762,-5.2215,3.0384,0.00
0.7630,-0.272804,-1.257462,1.176546,0.6884,-5.2352,3.0459,0.00
0.7640,-0.272108,-1.252218,1.173496,0.7008,-5.2490,3.0534,0.00
0.7650,-0.271399,-1.246960,1.170437,0.7133,-5.2630,3.0612,0.00
0.7660,-0.270678,-1.241688,1.167371,0.7258,-5.2772,3.0691,0.00
0.7670,-0.269944,-1.236402,1.164297,0.7384,-5.2915,3.0771,0.00
0.7680,-0.269198,-1.231102,1.161215,0.7510,-5.3060,3.0854,0.00
0.7690,-0.268439,-1.225787,1.158124,0.7638,-5.3207,3.0938,0.00
0.7700,-0.267667,-1.220456,1.155025,0.7766,-5.3356,3.1024,0.00
0.7710,-0.266883,-1.215112,1.151917,0.7896,-5.3507,3.1111,0.00
0.7720,-0.266085,-1.209751,1.148800,0.8026,-5.3659,3.1200,0.00
0.7730,-0.265274,-1.204375,1.145674,0.8157,-5.3814,3.1291,0.00
0.7740,-0.264450,-1.198984,1.142540,0.8288,-5.3970,3.1384,0.00
0.7750,-0.263613,-1.193578,1.139395,0.8421,-5.4129,3.1479,0.00
0.7760,-0.262763,-1.188154,1.136241,0.8555,-5.4289,3.1576,0.00
0.7770,-0.261899,-1.182715,1.133077,0.8689,-5.4452,3.1674,0.00
0.7780,-0.261021,-1.177260,1.129904,0.8825,-5.4617,3.1775,0.00
0.7790,-0.260130,-1.171788,1.126720,0.8961,-5.4784,3.1877,0.00
0.7800,-0.259226,-1.166299,1.123526,0.9099,-5.4954,3.1982,0.00
0.7810,-0.258307,-1.160793,1.120321,0.9237,-5.5125,3.2088,0.00
0.7820,-0.257375,-1.155270,1.117105,0.9376,-5.5299,3.2196,0.00
0.7830,-0.256428,-1.149728,1.113879,0.9517,-5.5476,3.2307,0.00
0.7840,-0.255468,-1.144170,1.110641,0.9658,-5.5655,3.2420,0.00
0.7850,-0.254493,-1.138593,1.107392,0.9801,-5.5836,3.2535,0.00
0.7860,-0.253504,-1.132998,1.104131,0.9944,-5.6020,3.2652,0.00
0.7870,-0.252501,-1.127384,1.100858,1.0089,-5.6207,3.2771,0.00
0.7880,-0.251483,-1.121752,1.097574,1.0235,-5.6396,3.2893,0.00
0.7890,-0.250450,-1.116100,1.094277,1.0381,-5.6588,3.3017,0.00
0.7900,-0.249403,-1.110429,1.090967,1.0530,-5.6783,3.3143,0.00
0.7910,-0.248340,-1.104739,1.087645,1.0679,-5.6981,3.3272,0.00
0.7920,-0.247263,-1.099028,1.084309,1.0829,-5.7182,3.3404,0.00
0.7930,-0.246171,-1.093297,1.080961,1.0981,-5.7386,3.3537,0.00
0.7940,-0.245063,-1.087545,1.077598,1.1134,-5.7593,3.3674,0.00
0.7950,-0.243940,-1.081773,1.074222,1.1288,-5.7803,3.3813,0.00
0.7960,-0.242802,-1.075980,1.070832,1.1444,-5.8016,3.3954,0.00
0.7970,-0.241647,-1.070165,1.067428,1.1601,-5.8233,3.4099,0.00
0.7980,-0.240477,-1.064327,1.064009,1.1759,-5.8453,3.4246,0.00
0.7990,-0.239291,-1.058468,1.060575,1.1919,-5.8676,3.4396,0.00
0.8000,-0.238089,-1.052586,1.057126,1.2080,-5.8903,3.4549,0.00
0.8010,-0.236871,-1.046682,1.053661,1.2243,-5.9134,3.4705,0.00
0.8020,-0.235637,-1.040754,1.050181,1.2407,-5.9369,3.4864,0.00
0.8030,-0.234386,-1.034802,1.046684,1.2573,-5.9607,3.5026,0.00
0.8040,-0.233118,-1.028826,1.043171,1.2740,-5.9849,3.5192,0.00
0.8050,-0.231833,-1.022826,1.039641,1.2909,-6.0096,3.5360,0.00
0.8060,-0.230532,-1.016801,1.036095,1.3080,-6.0346,3.5532,0.00
0.8070,-0.229213,-1.010750,1.032531,1.3252,-6.0601,3.5708,0.00
0.8080,-0.227877,-1.004674,1.028949,1.3426,-6.0860,3.5886,0.00
0.8090,-0.226524,-0.998571,1.025349,1.3602,-6.1124,3.6069,0.00
0.8100,-0.225152,-0.992442,1.021730,1.3779,-6.1392,3.6255,0.00
0.8110,-0.223763,-0.986286,1.018093,1.3959,-6.1665,3.6445,0.00
0.8120,-0.222356,-0.980102,1.014436,1.4140,-6.1943,3.6638,0.00
0.8130,-0.220930,-0.973890,1.010760,1.4324,-6.2226,3.6836,0.00
0.8140,-0.219487,-0.967650,1.007064,1.4509,-6.2513,3.7038,0.00
0.8150,-0.218024,-0.961380,1.003347,1.4696,-6.2807,3.7244,0.00
0.8160,-0.216542,-0.955081,0.999609,1.4886,-6.3105,3.7454,0.00
0.8170,-0.215042,-0.948751,0.995851,1.5078,-6.3409,3.7669,0.00
0.8180,-0.213522,-0.942391,0.992070,1.5272,-6.3719,3.7888,0.00
0.8190,-0.211983,-0.936000,0.988268,1.5468,-6.4035,3.8112,0.00
0.8200,-0.210423,-0.929576,0.984442,1.5667,-6.4357,3.8340,0.00
0.8210,-0.208844,-0.923120,0.980594,1.5868,-6.4685,3.8574,0.00
0.8220,-0.207245,-0.916630,0.976721,1.6071,-6.5019,3.8812,0.00
0.8230,-0.205625,-0.910107,0.972825,1.6278,-6.5361,3.9056,0.00
0.8240,-0.203984,-0.903549,0.968904,1.6486,-6.5709,3.9305,0.00
0.8250,-0.202322,-0.896957,0.964957,1.6698,-6.6063,3.9560,0.00
0.8260,-0.200639,-0.890327,0.960985,1.6912,-6.6426,3.9820,0.00
0.8270,-0.198934,-0.883662,0.956987,1.7130,-6.6795,4.0087,0.00
0.8280,-0.197207,-0.876959,0.952961,1.7350,-6.7173,4.0359,0.00
0.8290,-0.195459,-0.870218,0.948908,1.7573,-6.7558,4.0638,0.00
0.8300,-0.193687,-0.863437,0.944826,1.7800,-6.7952,4.0923,0.00
0.8310,-0.191893,-0.856617,0.940716,1.8029,-6.8354,4.1215,0.00
0.8320,-0.190075,-0.849756,0.936576,1.8262,-6.8765,4.1513,0.00
0.8330,-0.188234,-0.842853,0.932405,1.8499,-6.9185,4.1819,0.00
0.8340,-0.186369,-0.835908,0.928204,1.8739,-6.9615,4.2132,0.00
0.8350,-0.184480,-0.828919,0.923971,1.8983,-7.0054,4.2453,0.00
0.8360,-0.182567,-0.821886,0.919705,1.9231,-7.0503,4.2782,0.00
0.8370,-0.180628,-0.814807,0.915405,1.9483,-7.0963,4.3119,0.00
0.8380,-0.178663,-0.807681,0.911072,1.9739,-7.1433,4.3465,0.00
0.8390,-0.176673,-0.800508,0.906703,1.9999,-7.1915,4.3820,0.00
0.8400,-0.174657,-0.793286,0.902299,2.0263,-7.2408,4.4183,0.00
0.8410,-0.172614,-0.786013,0.897857,2.0533,-7.2913,4.4556,0.00
0.8420,-0.170544,-0.778690,0.893378,2.0806,-7.3431,4.4939,0.00
0.8430,-0.168446,-0.771314,0.888859,2.1085,-7.3962,4.5333,0.00
0.8440,-0.166319,-0.763883,0.884301,2.1369,-7.4506,4.5737,0.00
0.8450,-0.164164,-0.756398,0.879701,2.1658,-7.5065,4.6152,0.00
0.8460,-0.161980,-0.748856,0.875059,2.1953,-7.5638,4.6579,0.00
0.8470,-0.159766,-0.741255,0.870374,2.2253,-7.6226,4.7018,0.00
0.8480,-0.157522,-0.733595,0.865644,2.2559,-7.6830,4.7470,0.00
0.8490,-0.155246,-0.725874,0.860868,2.2872,-7.7450,4.7935,0.00
0.8500,-0.152939,-0.718089,0.856045,2.3191,-7.8088,4.8413,0.00
0.8510,-0.150600,-0.710239,0.851173,2.3516,-7.8744,4.8906,0.00
0.8520,-0.148228,-0.702323,0.846251,2.3849,-7.9418,4.9415,0.00
0.8530,-0.145822,-0.694338,0.841277,2.4189,-8.0112,4.9938,0.00
0.8540,-0.143381,-0.686282,0.836249,2.4536,-8.0827,5.0479,0.00
0.8550,-0.140905,-0.678153,0.831166,2.4891,-8.1563,5.1037,0.00
0.8560,-0.138393,-0.669950,0.826027,2.5255,-8.2322,5.1613,0.00
0.8570,-0.135845,-0.661669,0.820829,2.5627,-8.3104,5.2208,0.00
0.8580,-0.133258,-0.653308,0.815570,2.6009,-8.3910,5.2823,0.00
0.8590,-0.130633,-0.644866,0.810248,2.6399,-8.4743,5.3460,0.00
0.8600,-0.127968,-0.636338,0.804861,2.6800,-8.5603,5.4118,0.00
0.8610,-0.125263,-0.627722,0.799406,2.7212,-8.6492,5.4801,0.00
0.8620,-0.122515,-0.619016,0.793882,2.7634,-8.7411,5.5508,0.00
0.8630,-0.119725,-0.610216,0.788286,2.8067,-8.8361,5.6241,0.00
0.8640,-0.116890,-0.601318,0.782614,2.8513,-8.9346,5.7003,0.00
0.8650,-0.114010,-0.592320,0.776865,2.8972,-9.0365,5.7793,0.00
0.8660,-0.111084,-0.583218,0.771034,2.9444,-9.1422,5.8615,0.00
0.8670,-0.108109,-0.574007,0.765120,2.9930,-9.2519,5.9471,0.00
0.8680,-0.105085,-0.564685,0.759117,3.0431,-9.3657,6.0361,0.00
0.8690,-0.102010,-0.555245,0.753024,3.0948,-9.4840,6.1289,0.00
0.8700,-0.098882,-0.545685,0.746834,3.1482,-9.6070,6.2257,0.00
0.8710,-0.095699,-0.535998,0.740546,3.2033,-9.7351,6.3268,0.00
0.8720,-0.092460,-0.526180,0.734153,3.2603,-9.8684,6.4325,0.00
0.8730,-0.089163,-0.516226,0.727652,3.3193,-10.0075,6.5431,0.00
0.8740,-0.085806,-0.506128,0.721037,3.3804,-10.1526,6.6589,0.00
0.8750,-0.082386,-0.495881,0.714303,3.4437,-10.3042,6.7804,0.00
0.8760,-0.078902,-0.485478,0.707443,3.5095,-10.4628,6.9080,0.00
0.8770,-0.075350,-0.474912,0.700452,3.5778,-10.6287,7.0421,0.00
0.8780,-0.071728,-0.464176,0.693322,3.6488,-10.8027,7.1834,0.00
0.8790,-0.068033,-0.453260,0.686046,3.7227,-10.9852,7.3323,0.00
0.8800,-0.064262,-0.442155,0.678616,3.7998,-11.1770,7.4896,0.00
0.8810,-0.060413,-0.430853,0.671023,3.8802,-11.3787,7.6559,0.00
0.8820,-0.056480,-0.419342,0.663258,3.9641,-11.5911,7.8321,0.00
0.8830,-0.052462,-0.407612,0.655310,4.0519,-11.8152,8.0191,0.00
0.8840,-0.048353,-0.395650,0.647168,4.1438,-12.0518,8.2179,0.00
0.8850,-0.044149,-0.383443,0.638819,4.2401,-12.3020,8.4297,0.00
0.8860,-0.039846,-0.370977,0.630249,4.3412,-12.5670,8.6557,0.00
0.8870,-0.035439,-0.358235,0.621443,4.4474,-12.8481,8.8974,0.00
0.8880,-0.030922,-0.345202,0.612386,4.5590,-13.1467,9.1564,0.00
0.8890,-0.026290,-0.331858,0.603057,4.6766,-13.4644,9.4347,0.00
0.8900,-0.021537,-0.318184,0.593437,4.8004,-13.8027,9.7343,0.00
0.8910,-0.016655,-0.304158,0.583502,4.9310,-14.1636,10.0575,0.00
0.8920,-0.011639,-0.289755,0.573228,5.0688,-14.5489,10.4072,0.00
0.8930,-0.006480,-0.274951,0.562587,5.2141,-14.9607,10.7862,0.00
0.8940,-0.001171,-0.259718,0.551546,5.3673,-15.4012,11.1980,0.00
0.8950,0.004297,-0.244024,0.540071,5.5286,-15.8722,11.6463,0.00
0.8960,0.009931,-0.227840,0.528122,5.6980,-16.3756,12.1352,0.00
0.8970,0.015739,-0.211132,0.515657,5.8753,-16.9128,12.6689,0.00
0.8980,0.021729,-0.193864,0.502628,6.0597,-17.4841,13.2519,0.00
0.8990,0.027907,-0.176005,0.488983,6.2497,-18.0888,13.8884,0.00
0.9000,0.034278,-0.157522,0.474665,6.4429,-18.7234,14.5815,0.00
0.9010,0.040841,-0.138388,0.459619,6.6352,-19.3815,15.3330,0.00
0.9020,0.047593,-0.118588,0.443785,6.8208,-20.0516,16.1416,0.00
0.9030,0.054522,-0.098120,0.427110,6.9914,-20.7158,17.0012,0.00
0.9040,0.061606,-0.077006,0.409550,7.1361,-21.3483,17.8991,0.00
0.9050,0.068812,-0.055297,0.391079,7.2413,-21.9148,18.8138,0.00
0.9060,0.076089,-0.033084,0.371700,7.2919,-22.3744,19.7142,0.00
0.9070,0.083376,-0.010503,0.351450,7.2739,-22.6843,20.5611,0.00
0.9080,0.090595,0.012274,0.330411,7.1768,-22.8077,21.3120,0.00
0.9090,0.097666,0.035045,0.308702,6.9976,-22.7231,21.9291,0.00
0.9100,0.104510,0.057601,0.286473,6.7420,-22.4309,22.3870,0.00
0.9110,0.111057,0.079747,0.263892,6.4237,-21.9536,22.6780,0.00
0.9120,0.117257,0.101321,0.241119,6.0610,-21.3294,22.8115,0.00
0.9130,0.123077,0.122202,0.218299,5.6733,-20.6031,22.8094,0.00
0.9140,0.128503,0.142318,0.195551,5.2773,-19.8175,22.6991,0.00
0.9150,0.133535,0.161630,0.172966,4.8863,-19.0080,22.5085,0.00
0.9160,0.138184,0.180133,0.150608,4.5091,-18.2013,22.2622,0.00
0.9170,0.142468,0.197841,0.128520,4.1512,-17.4153,21.9801,0.00
0.9180,0.146407,0.214782,0.106727,3.8153,-16.6611,21.6776,0.00
0.9190,0.150025,0.230992,0.085244,3.5024,-15.9448,21.3659,0.00
0.9200,0.153345,0.246511,0.064074,3.2120,-15.2687,21.0529,0.00
0.9210,0.156387,0.261380,0.043215,2.9432,-14.6332,20.7441,0.00
0.9220,0.159173,0.275637,0.022659,2.6946,-14.0368,20.4430,0.00
0.9230,0.161723,0.289322,0.002399,2.4647,-13.4777,20.1518,0.00
0.9240,0.164053,0.302469,-0.017577,2.2519,-12.9534,19.8719,0.00
0.9250,0.166181,0.315113,-0.037280,2.0547,-12.4613,19.6039,0.00
0.9260,0.168120,0.327283,-0.056723,1.8716,-11.9989,19.3482,0.00
0.9270,0.169884,0.339008,-0.075918,1.7015,-11.5637,19.1045,0.00
0.9280,0.171486,0.350313,-0.094877,1.5431,-11.1534,18.8727,0.00
0.9290,0.172936,0.361223,-0.113611,1.3953,-10.7659,18.6524,0.00
0.9300,0.174244,0.371758,-0.132132,1.2573,-10.3993,18.4431,0.00
0.9310,0.175420,0.381939,-0.150450,1.1280,-10.0517,18.2444,0.00
0.9320,0.176472,0.391783,-0.168576,1.0068,-9.7215,18.0557,0.00
0.9330,0.177407,0.401306,-0.186519,0.8929,-9.4073,17.8766,0.00
0.9340,0.178232,0.410525,-0.204289,0.7858,-9.1077,17.7066,0.00
0.9350,0.178954,0.419453,-0.221894,0.6848,-8.8216,17.5452,0.00
0.9360,0.179579,0.428103,-0.239342,0.5896,-8.5479,17.3919,0.00
0.9370,0.180112,0.436486,-0.256643,0.4996,-8.2855,17.2463,0.00
0.9380,0.180558,0.444613,-0.273802,0.4145,-8.0336,17.1081,0.00
0.9390,0.180922,0.452495,-0.290827,0.3338,-7.7915,16.9768,0.00
0.9400,0.181208,0.460140,-0.307726,0.2573,-7.5583,16.8521,0.00
0.9410,0.181419,0.467557,-0.324503,0.1847,-7.3334,16.7336,0.00
0.9420,0.181560,0.474754,-0.341166,0.1156,-7.1162,16.6212,0.00
0.9430,0.181635,0.481739,-0.357720,0.0499,-6.9062,16.5143,0.00
0.9440,0.181645,0.488517,-0.374171,-0.0126,-6.7028,16.4129,0.00
0.9450,0.181595,0.495096,-0.390523,-0.0723,-6.5056,16.3166,0.00
0.9460,0.181487,0.501482,-0.406782,-0.1292,-6.3142,16.2252,0.00
0.9470,0.181324,0.507679,-0.422953,-0.1835,-6.1281,16.1385,0.00
0.9480,0.181108,0.513694,-0.439040,-0.2354,-5.9471,16.0563,0.00
0.9490,0.180841,0.519530,-0.455047,-0.2850,-5.7707,15.9783,0.00
0.9500,0.180526,0.525193,-0.470979,-0.3325,-5.5988,15.9045,0.00
0.9510,0.180165,0.530687,-0.486839,-0.3780,-5.4309,15.8346,0.00
0.9520,0.179760,0.536015,-0.502632,-0.4215,-5.2669,15.7685,0.00
0.9530,0.179312,0.541181,-0.518361,-0.4632,-5.1065,15.7060,0.00
0.9540,0.178824,0.546189,-0.534030,-0.5032,-4.9495,15.6470,0.00
0.9550,0.178297,0.551042,-0.549642,-0.5416,-4.7956,15.5913,0.00
0.9560,0.177732,0.555744,-0.565200,-0.5784,-4.6448,15.5390,0.00
0.9570,0.177131,0.560296,-0.580708,-0.6138,-4.4967,15.4897,0.00
0.9580,0.176496,0.564701,-0.596169,-0.6477,-4.3514,15.4434,0.00
0.9590,0.175828,0.568963,-0.611585,-0.6803,-4.2085,15.4001,0.00
0.9600,0.175128,0.573084,-0.626960,-0.7116,-4.0679,15.3596,0.00
0.9610,0.174397,0.577065,-0.642295,-0.7417,-3.9296,15.3218,0.00
0.9620,0.173638,0.580909,-0.657595,-0.7707,-3.7933,15.2866,0.00
0.9630,0.172849,0.584618,-0.672861,-0.7985,-3.6590,15.2540,0.00
0.9640,0.172034,0.588194,-0.688096,-0.8253,-3.5266,15.2239,0.00
0.9650,0.171193,0.591639,-0.703302,-0.8510,-3.3959,15.1962,0.00
0.9660,0.170326,0.594954,-0.718482,-0.8757,-3.2668,15.1708,0.00
0.9670,0.169436,0.598141,-0.733639,-0.8995,-3.1393,15.1477,0.00
0.9680,0.168522,0.601202,-0.748773,-0.9224,-3.0133,15.1268,0.00
0.9690,0.167585,0.604137,-0.763888,-0.9444,-2.8887,15.1081,0.00
0.9700,0.166628,0.606948,-0.778986,-0.9655,-2.7654,15.0915,0.00
0.9710,0.165650,0.609638,-0.794068,-0.9858,-2.6433,15.0769,0.00
0.9720,0.164651,0.612205,-0.809137,-1.0054,-2.5224,15.0643,0.00
0.9730,0.163634,0.614653,-0.824194,-1.0241,-2.4026,15.0537,0.00
0.9740,0.162599,0.616981,-0.839242,-1.0422,-2.2839,15.0450,0.00
0.9750,0.161546,0.619191,-0.854283,-1.0595,-2.1662,15.0381,0.00
0.9760,0.160476,0.621284,-0.869318,-1.0761,-2.0494,15.0330,0.00
0.9770,0.159390,0.623261,-0.884348,-1.0921,-1.9335,15.0298,0.00
0.9780,0.158288,0.625123,-0.899377,-1.1074,-1.8184,15.0282,0.00
0.9790,0.157171,0.626870,-0.914405,-1.1221,-1.7041,15.0284,0.00
0.9800,0.156040,0.628503,-0.929435,-1.1362,-1.5906,15.0302,0.00
0.9810,0.154896,0.630023,-0.944467,-1.1496,-1.4778,15.0336,0.00
0.9820,0.153738,0.631431,-0.959504,-1.1625,-1.3657,15.0387,0.00
0.9830,0.152568,0.632727,-0.974546,-1.1748,-1.2543,15.0453,0.00
0.9840,0.151386,0.633912,-0.989597,-1.1866,-1.1434,15.0535,0.00
0.9850,0.150192,0.634986,-1.004656,-1.1978,-1.0331,15.0631,0.00
0.9860,0.148987,0.635951,-1.019726,-1.2085,-0.9234,15.0743,0.00
0.9870,0.147772,0.636806,-1.034808,-1.2187,-0.8142,15.0869,0.00
0.9880,0.146548,0.637552,-1.049904,-1.2284,-0.7055,15.1009,0.00
0.9890,0.145313,0.638190,-1.065014,-1.2376,-0.5973,15.1163,0.00
0.9900,0.144070,0.638720,-1.080141,-1.2463,-0.4895,15.1331,0.00
0.9910,0.142819,0.639142,-1.095285,-1.2545,-0.3822,15.1513,0.00
0.9920,0.141559,0.639457,-1.110449,-1.2623,-0.2753,15.1708,0.00
0.9930,0.140293,0.639666,-1.125632,-1.2697,-0.1688,15.1916,0.00
0.9940,0.139019,0.639768,-1.140838,-1.2765,-0.0627,15.2137,0.00
0.9950,0.137738,0.639765,-1.156066,-1.2830,0.0431,15.2370,0.00
0.9960,0.136451,0.639656,-1.171318,-1.2890,0.1485,15.2616,0.00
0.9970,0.135159,0.639442,-1.186596,-1.2946,0.2535,15.2874,0.00
0.9980,0.133861,0.639123,-1.201900,-1.2997,0.3582,15.3144,0.00
0.9990,0.132558,0.638699,-1.217232,-1.3045,0.4626,15.3425,0.00
1.0000,0.131251,0.638172,-1.232593,-1.3088,0.5666,15.3719,0.00
1.0100,0.118017,0.627236,-1.388033,-1.3309,1.5897,15.7248,0.00
1.0200,0.104755,0.606240,-1.547507,-1.3158,2.5781,16.1728,0.00
1.0300,0.091833,0.575596,-1.429731,-1.2635,3.5171,16.6962,0.00
1.0400,0.079640,0.535935,-1.259850,-1.1702,4.3771,17.2718,0.00
1.0500,0.068622,0.488274,-1.084069,-1.0278,5.1107,17.8704,0.00
1.0600,0.059337,0.434213,-0.902350,-0.8226,5.6483,18.4516,0.00
1.0700,0.052507,0.376177,-0.715153,-0.5351,5.8949,18.9560,0.00
1.0800,0.049065,0.317659,-0.523680,-0.1445,5.7351,19.2924,0.00
1.0900,0.050103,0.263290,-0.330242,0.3572,5.0649,19.3335,0.00
1.1000,0.056636,0.218380,-0.138440,0.9446,3.8652,18.9626,0.00
1.1100,0.069210,0.187629,0.047516,1.5512,2.2822,18.1941,0.00
1.1200,0.087596,0.173475,0.224601,2.0964,0.5991,17.2404,0.00
1.1300,0.110870,0.175503,0.392413,2.5263,-0.9261,16.3771,0.00
1.1400,0.137779,0.191429,0.552836,2.8269,-2.1813,15.7719,0.00
1.1500,0.167077,0.218551,0.708728,3.0099,-3.1803,15.4623,0.00
1.1600,0.197677,0.254625,0.862942,3.0926,-3.9884,15.4233,0.00
1.1700,0.228645,0.298097,1.017997,3.0872,-4.6732,15.6195,0.00
1.1800,0.259124,0.348016,1.176105,2.9963,-5.2867,16.0254,0.00
1.1900,0.288225,0.403850,1.339275,2.8116,-5.8606,16.6246,0.00
1.2000,0.314916,0.465260,1.509352,2.5128,-6.4011,17.3974,0.00
1.2100,0.337903,0.531786,1.453740,2.0686,-6.8757,18.2939,0.00
1.2200,0.355560,0.602356,1.266123,1.4470,-7.1928,19.1917,0.00
1.2300,0.366056,0.674640,1.070441,0.6453,-7.1970,19.8687,0.00
1.2400,0.367875,0.744671,0.870209,-0.2671,-6.7359,20.0809,0.00
1.2500,0.360571,0.807548,0.670639,-1.1556,-5.7909,19.7620,0.00
1.2600,0.345035,0.859069,0.476262,-1.9040,-4.5044,19.0946,0.00
1.2700,0.322917,0.896755,0.289227,-2.4771,-3.0536,18.3333,0.00
1.2800,0.295870,0.919609,0.109529,-2.9003,-1.5514,17.6429,0.00
1.2900,0.265168,0.927391,-0.063917,-3.2185,-0.0429,17.0832,0.00
1.3000,0.231630,0.920089,-0.232442,-3.4758,1.4663,16.6518,0.00
1.3100,0.195666,0.897639,-0.397180,-3.7105,2.9898,16.3166,0.00
1.3200,0.157312,0.859773,-0.558859,-3.9594,4.5539,16.0296,0.00
1.3300,0.116231,0.805887,-0.717648,-4.2621,6.2008,15.7266,0.00
1.3400,0.071632,0.734827,-0.872932,-4.6705,7.9994,15.3107,0.00
1.3500,0.022098,0.644532,-1.022783,-5.2597,10.0650,14.6071,0.00
1.3600,-0.034702,0.531504,-1.162644,-6.1356,12.5644,13.2366,0.00
1.3700,-0.102029,0.390951,-1.281924,-7.3398,15.5097,10.3236,0.00
1.3800,-0.180997,0.223218,-1.358690,-8.2643,17.6033,4.7160,0.00
1.3900,-0.262086,0.049767,-1.371912,-7.7194,16.6281,-1.6586,0.00
1.4000,-0.332716,-0.104742,-1.332761,-6.4230,14.3391,-5.6533,0.00
1.4100,-0.390744,-0.238216,-1.264354,-5.2509,12.5083,-7.7588,0.00
1.4200,-0.438190,-0.356411,-1.180237,-4.2925,11.2400,-8.9277,0.00
1.4300,-0.476856,-0.463977,-1.087193,-3.4802,10.3428,-9.6016,0.00
1.4400,-0.507915,-0.563799,-0.989113,-2.7625,9.6660,-9.9617,0.00
1.4500,-0.532166,-0.657554,-0.888674,-2.1145,9.1138,-10.0886,0.00
1.4600,-0.550256,-0.746169,-0.787950,-1.5285,8.6294,-10.0303,0.00
1.4700,-0.562807,-0.830148,-0.688575,-1.0052,8.1824,-9.8296,0.00
1.4800,-0.570452,-0.909790,-0.591746,-0.5460,7.7603,-9.5308,0.00
1.4900,-0.573831,-0.985322,-0.498225,-0.1501,7.3597,-9.1763,0.00
1.5000,-0.573558,-1.056960,-0.408377,0.1871,6.9810,-8.8017,0.00
1.5100,-0.570186,-1.124924,-0.322263,0.4719,6.6243,-8.4330,0.00
1.5200,-0.564204,-1.189430,-0.239729,0.7115,6.2886,-8.0871,0.00
1.5300,-0.556029,-1.250677,-0.160494,0.9127,5.9715,-7.7736,0.00
1.5400,-0.546013,-1.308835,-0.084207,1.0812,5.6698,-7.4973,0.00
1.5500,-0.534458,-1.364038,-0.010482,1.2220,5.3797,-7.2602,0.00
1.5600,-0.521621,-1.416384,0.061073,1.3387,5.0974,-7.0622,0.00
1.5700,-0.507728,-1.465929,0.130847,1.4341,4.8188,-6.9028,0.00
1.5800,-0.492981,-1.512691,0.199219,1.5103,4.5403,-6.7808,0.00
1.5900,-0.477564,-1.556651,0.266558,1.5688,4.2581,-6.6951,0.00
1.6000,-0.461649,-1.543833,0.333220,1.6104,3.9690,-6.6444,0.00
1.6100,-0.445401,-1.505669,0.399550,1.6358,3.6700,-6.6275,0.00
1.6200,-0.428981,-1.470552,0.465877,1.6452,3.3589,-6.6428,0.00
1.6300,-0.412550,-1.438617,0.532514,1.6387,3.0337,-6.6885,0.00
1.6400,-0.396264,-1.410011,0.599756,1.6164,2.6936,-6.7624,0.00
1.6500,-0.380282,-1.384882,0.667867,1.5784,2.3388,-6.8613,0.00
1.6600,-0.364760,-1.363370,0.737079,1.5250,1.9708,-6.9813,0.00
1.6700,-0.349848,-1.345594,0.807579,1.4568,1.5925,-7.1175,0.00
1.6800,-0.335689,-1.331636,0.879499,1.3748,1.2083,-7.2641,0.00
1.6900,-0.322415,-1.321526,0.952911,1.2805,0.8239,-7.4145,0.00
1.7000,-0.310138,-1.315232,1.027817,1.1760,0.4461,-7.5620,0.00
1.7100,-0.298949,-1.312651,1.104155,1.0635,0.0820,-7.7001,0.00
1.7200,-0.288915,-1.313610,1.181800,0.9456,-0.2614,-7.8227,0.00
1.7300,-0.280074,-1.317872,1.260571,0.8253,-0.5781,-7.9255,0.00
1.7400,-0.272439,-1.325143,1.340256,0.7050,-0.8634,-8.0054,0.00
1.7500,-0.265996,-1.335093,1.420616,0.5871,-1.1144,-8.0611,0.00
1.7600,-0.260711,-1.347371,1.501410,0.4737,-1.3298,-8.0928,0.00
1.7700,-0.256531,-1.361621,1.559191,0.3661,-1.5100,-8.1020,0.00
1.7800,-0.253392,-1.377498,1.478211,0.2655,-1.6565,-8.0910,0.00
1.7900,-0.251219,-1.394680,1.397433,0.1726,-1.7720,-8.0627,0.00
1.8000,-0.249935,-1.412870,1.317014,0.0876,-1.8594,-8.0201,0.00
1.8100,-0.249461,-1.431805,1.237081,0.0105,-1.9221,-7.9662,0.00
1.8200,-0.249717,-1.451253,1.157731,-0.0587,-1.9634,-7.9040,0.00
1.8300,-0.250626,-1.471019,1.079036,-0.1203,-1.9863,-7.8360,0.00
1.8400,-0.252114,-1.490932,1.001041,-0.1748,-1.9938,-7.7643,0.00
1.8500,-0.254112,-1.510852,0.923773,-0.2225,-1.9884,-7.6909,0.00
1.8600,-0.256554,-1.530664,0.847241,-0.2638,-1.9724,-7.6174,0.00
1.8700,-0.259377,-1.550265,0.771440,-0.2990,-1.9476,-7.5450,0.00
1.8800,-0.262524,-1.570796,0.696351,-0.3287,-1.9157,-7.4748,0.00
1.8900,-0.265940,-1.553044,0.621950,-0.3531,-1.8779,-7.4077,0.00
1.9000,-0.269575,-1.534476,0.548202,-0.3726,-1.8355,-7.3442,0.00
1.9100,-0.273380,-1.516357,0.475068,-0.3874,-1.7893,-7.2849,0.00
1.9200,-0.277311,-1.498714,0.402503,-0.3978,-1.7400,-7.2302,0.00
1.9300,-0.281324,-1.481577,0.330460,-0.4040,-1.6882,-7.1805,0.00
1.9400,-0.285378,-1.464969,0.258888,-0.4062,-1.6344,-7.1359,0.00
1.9500,-0.289436,-1.448907,0.187735,-0.4047,-1.5790,-7.0966,0.00
1.9600,-0.293459,-1.433407,0.116946,-0.3995,-1.5222,-7.0629,0.00
1.9700,-0.297412,-1.418481,0.046466,-0.3907,-1.4643,-7.0348,0.00
1.9800,-0.301260,-1.404139,-0.023763,-0.3785,-1.4054,-7.0124,0.00
1.9900,-0.304968,-1.390392,-0.093797,-0.3629,-1.3456,-6.9958,0.00
2.0000,-0.308502,-1.377245,-0.163696,-0.3439,-1.2852,-6.9851,0.00
2.0100,-0.311830,-1.364705,-0.233517,-0.3216,-1.2242,-6.9803,0.00
2.0200,-0.314917,-1.352778,-0.303320,-0.2959,-1.1626,-6.9814,0.00
2.0300,-0.317731,-1.341469,-0.373165,-0.2669,-1.1007,-6.9885,0.00
2.0400,-0.320236,-1.330781,-0.443112,-0.2344,-1.0385,-7.0015,0.00
2.0500,-0.322399,-1.320714,-0.513219,-0.1984,-0.9764,-7.0205,0.00
2.0600,-0.324182,-1.311268,-0.583547,-0.1587,-0.9144,-7.0454,0.00
2.0700,-0.325549,-1.302440,-0.654153,-0.1152,-0.8530,-7.0760,0.00
2.0800,-0.326462,-1.294220,-0.725094,-0.0678,-0.7926,-7.1122,0.00
2.0900,-0.326879,-1.286597,-0.796424,-0.0163,-0.7337,-7.1537,0.00
2.1000,-0.326759,-1.279552,-0.868194,0.0397,-0.6772,-7.1999,0.00
2.1100,-0.326056,-1.273057,-0.940449,0.1002,-0.6238,-7.2504,0.00
2.1200,-0.324724,-1.267073,-1.013228,0.1655,-0.5749,-7.3043,0.00
2.1300,-0.322713,-1.261551,-1.086558,0.2358,-0.5318,-7.3606,0.00
2.1400,-0.319973,-1.256422,-1.160457,0.3114,-0.4963,-7.4178,0.00
2.1500,-0.316449,-1.251600,-1.234925,0.3923,-0.4706,-7.4743,0.00
2.1600,-0.312087,-1.246974,-1.309946,0.4787,-0.4570,-7.5280,0.00
0.0010,0.000000,-0.000000,0.150000,0.0000,0.0000,0.0000,312.15
0.0020,-0.000027,-0.000091,0.150090,-0.0432,-0.1457,0.1437,292.84
0.0030,-0.000096,-0.000322,0.150318,-0.0838,-0.2825,0.2788,274.51
0.0040,-0.000203,-0.000685,0.150676,-0.1218,-0.4109,0.4057,257.11
0.0050,-0.000347,-0.001171,0.151156,-0.1575,-0.5312,0.5248,240.59
0.0060,-0.000526,-0.001773,0.151751,-0.1908,-0.6439,0.6364,224.92
0.0070,-0.000736,-0.002482,0.152452,-0.2220,-0.7493,0.7410,210.05
0.0080,-0.000976,-0.003293,0.153255,-0.2511,-0.8478,0.8390,195.93
0.0090,-0.001244,-0.004199,0.154151,-0.2783,-0.9397,0.9305,182.54
0.0100,-0.001538,-0.005192,0.155135,-0.3036,-1.0255,1.0160,169.83
0.0110,-0.001857,-0.006267,0.156201,-0.3272,-1.1054,1.0958,157.78
0.0120,-0.002197,-0.007419,0.157343,-0.3491,-1.1797,1.1701,146.34
0.0130,-0.002559,-0.008642,0.158556,-0.3695,-1.2488,1.2392,135.49
0.0140,-0.002941,-0.009931,0.159836,-0.3883,-1.3128,1.3035,125.20
0.0150,-0.003340,-0.011281,0.161176,-0.4058,-1.3721,1.3632,115.44
0.0160,-0.003756,-0.012687,0.162574,-0.4219,-1.4269,1.4184,106.19
0.0170,-0.004187,-0.014146,0.164025,-0.4367,-1.4775,1.4696,97.41
0.0180,-0.004632,-0.015652,0.165524,-0.4504,-1.5241,1.5168,89.08
0.0190,-0.005090,-0.017203,0.167068,-0.4629,-1.5668,1.5603,81.19
0.0200,-0.005560,-0.018794,0.168653,-0.4744,-1.6060,1.6003,73.70
0.0210,-0.006041,-0.020423,0.170276,-0.4849,-1.6419,1.6370,66.60
0.0220,-0.006532,-0.022085,0.171934,-0.4944,-1.6745,1.6706,59.87
0.0230,-0.007032,-0.023778,0.173624,-0.5030,-1.7041,1.7012,53.48
0.0240,-0.007540,-0.025499,0.175343,-0.5107,-1.7309,1.7291,47.43
0.0250,-0.008055,-0.027245,0.177087,-0.5177,-1.7550,1.7544,41.68
0.0260,-0.008576,-0.029014,0.178856,-0.5239,-1.7766,1.7771,36.23
0.0270,-0.009104,-0.030802,0.180646,-0.5294,-1.7959,1.7976,31.06
0.0280,-0.009636,-0.032609,0.182455,-0.5342,-1.8129,1.8159,26.16
0.0290,-0.010173,-0.034431,0.184281,-0.5385,-1.8278,1.8322,21.51
0.0300,-0.010714,-0.036267,0.186122,-0.5421,-1.8407,1.8465,17.09
0.0310,-0.011258,-0.038114,0.187977,-0.5451,-1.8518,1.8590,12.89
0.0320,-0.011805,-0.039972,0.189842,-0.5477,-1.8612,1.8699,8.91
0.0330,-0.012353,-0.041838,0.191718,-0.5497,-1.8689,1.8791,5.13
0.0340,-0.012904,-0.043711,0.193602,-0.5513,-1.8751,1.8868,1.54
0.0350,-0.013456,-0.045589,0.195493,-0.5524,-1.8799,1.8932,-1.88
0.0360,-0.014009,-0.047471,0.197389,-0.5532,-1.8833,1.8982,-5.13
0.0370,-0.014563,-0.049356,0.199290,-0.5536,-1.8855,1.9020,-8.22
0.0380,-0.015116,-0.051242,0.201193,-0.5536,-1.8865,1.9047,-11.16
0.0390,-0.015669,-0.053128,0.203099,-0.5533,-1.8864,1.9063,-13.96
0.0400,-0.016222,-0.055014,0.205006,-0.5526,-1.8852,1.9068,-16.63
0.0410,-0.016774,-0.056898,0.206912,-0.5517,-1.8832,1.9065,-19.17
0.0420,-0.017325,-0.058779,0.208818,-0.5505,-1.8802,1.9053,-21.59
0.0430,-0.017875,-0.060657,0.210722,-0.5491,-1.8764,1.9032,-23.91
0.0440,-0.018423,-0.062530,0.212623,-0.5474,-1.8718,1.9004,-26.11
0.0450,-0.018969,-0.064399,0.214522,-0.5455,-1.8665,1.8969,-28.22
0.0460,-0.019513,-0.066262,0.216416,-0.5434,-1.8606,1.8927,-30.24
0.0470,-0.020055,-0.068118,0.218306,-0.5411,-1.8540,1.8879,-32.17
0.0480,-0.020595,-0.069967,0.220190,-0.5387,-1.8468,1.8825,-34.01
0.0490,-0.021132,-0.071809,0.222069,-0.5360,-1.8391,1.8766,-35.78
0.0500,-0.021666,-0.073643,0.223942,-0.5332,-1.8309,1.8703,-37.48
0.0510,-0.022198,-0.075469,0.225808,-0.5303,-1.8222,1.8634,-39.11
0.0520,-0.022726,-0.077285,0.227666,-0.5272,-1.8131,1.8561,-40.67
0.0530,-0.023251,-0.079093,0.229518,-0.5241,-1.8036,1.8485,-42.17
0.0540,-0.023773,-0.080890,0.231361,-0.5208,-1.7938,1.8404,-43.62
0.0550,-0.024292,-0.082677,0.233196,-0.5174,-1.7836,1.8321,-45.01
0.0560,-0.024807,-0.084454,0.235023,-0.5139,-1.7731,1.8234,-46.35
0.0570,-0.025319,-0.086221,0.236841,-0.5103,-1.7623,1.8144,-47.64
0.0580,-0.025827,-0.087976,0.238649,-0.5066,-1.7513,1.8052,-48.89
0.0590,-0.026331,-0.089720,0.240448,-0.5029,-1.7400,1.7957,-50.09
0.0600,-0.026831,-0.091453,0.242238,-0.4991,-1.7285,1.7859,-51.26
0.0610,-0.027328,-0.093174,0.244018,-0.4952,-1.7168,1.7760,-52.38
0.0620,-0.027821,-0.094884,0.245787,-0.4912,-1.7049,1.7659,-53.47
0.0630,-0.028310,-0.096581,0.247547,-0.4873,-1.6929,1.7556,-54.53
0.0640,-0.028794,-0.098266,0.249296,-0.4832,-1.6807,1.7452,-55.56
0.0650,-0.029275,-0.099939,0.251035,-0.4792,-1.6683,1.7346,-56.55
0.0660,-0.029752,-0.101600,0.252762,-0.4750,-1.6559,1.7238,-57.52
0.0670,-0.030224,-0.103248,0.254479,-0.4709,-1.6433,1.7130,-58.46
0.0680,-0.030692,-0.104883,0.256186,-0.4667,-1.6306,1.7020,-59.38
0.0690,-0.031156,-0.106506,0.257881,-0.4625,-1.6179,1.6909,-60.27
0.0700,-0.031616,-0.108116,0.259565,-0.4583,-1.6051,1.6798,-61.14
0.0710,-0.032072,-0.109713,0.261237,-0.4540,-1.5922,1.6685,-61.99
0.0720,-0.032523,-0.111297,0.262899,-0.4497,-1.5792,1.6572,-62.82
0.0730,-0.032970,-0.112868,0.264549,-0.4454,-1.5662,1.6458,-63.63
0.0740,-0.033413,-0.114426,0.266187,-0.4411,-1.5531,1.6344,-64.42
0.0750,-0.033851,-0.115971,0.267815,-0.4368,-1.5400,1.6229,-65.20
0.0760,-0.034285,-0.117502,0.269430,-0.4325,-1.5269,1.6113,-65.96
0.0770,-0.034715,-0.119021,0.271034,-0.4281,-1.5138,1.5997,-66.70
0.0780,-0.035141,-0.120527,0.272627,-0.4238,-1.5006,1.5881,-67.43
0.0790,-0.035562,-0.122019,0.274208,-0.4194,-1.4874,1.5765,-68.14
0.0800,-0.035978,-0.123498,0.275777,-0.4151,-1.4742,1.5648,-68.85
0.0810,-0.036391,-0.124964,0.277334,-0.4107,-1.4611,1.5531,-69.53
0.0820,-0.036799,-0.126417,0.278880,-0.4064,-1.4479,1.5414,-70.21
0.0830,-0.037202,-0.127857,0.280414,-0.4020,-1.4347,1.5296,-70.88
0.0840,-0.037602,-0.129283,0.281936,-0.3977,-1.4215,1.5179,-71.53
0.0850,-0.037997,-0.130696,0.283447,-0.3933,-1.4083,1.5061,-72.17
0.0860,-0.038387,-0.132096,0.284946,-0.3890,-1.3952,1.4944,-72.81
0.0870,-0.038774,-0.133483,0.286432,-0.3846,-1.3821,1.4826,-73.43
0.0880,-0.039155,-0.134857,0.287908,-0.3803,-1.3690,1.4708,-74.05
0.0890,-0.039533,-0.136218,0.289371,-0.3759,-1.3559,1.4591,-74.65
0.0900,-0.039906,-0.137566,0.290823,-0.3716,-1.3428,1.4473,-75.25
0.0910,-0.040275,-0.138900,0.292263,-0.3673,-1.3297,1.4355,-75.84
0.0920,-0.040640,-0.140222,0.293691,-0.3630,-1.3167,1.4238,-76.42
0.0930,-0.041000,-0.141530,0.295107,-0.3587,-1.3037,1.4120,-76.99
0.0940,-0.041356,-0.142826,0.296512,-0.3544,-1.2908,1.4003,-77.56
0.0950,-0.041708,-0.144109,0.297905,-0.3501,-1.2779,1.3886,-78.12
0.0960,-0.042055,-0.145379,0.299286,-0.3458,-1.2650,1.3769,-78.67
0.0970,-0.042398,-0.146635,0.300656,-0.3415,-1.2521,1.3652,-79.21
0.0980,-0.042737,-0.147880,0.302014,-0.3373,-1.2393,1.3535,-79.75
0.0990,-0.043072,-0.149111,0.303360,-0.3330,-1.2265,1.3418,-80.28
0.1000,-0.043402,-0.150329,0.304695,-0.3288,-1.2137,1.3302,-80.81
0.1010,-0.043728,-0.151535,0.306018,-0.3246,-1.2010,1.3186,-81.33
0.1020,-0.044050,-0.152728,0.307329,-0.3204,-1.1884,1.3069,-81.84
0.1030,-0.044368,-0.153909,0.308628,-0.3162,-1.1757,1.2953,-82.35
0.1040,-0.044682,-0.155076,0.309917,-0.3120,-1.1631,1.2838,-82.85
0.1050,-0.044991,-0.156232,0.311193,-0.3078,-1.1506,1.2722,-83.34
0.1060,-0.045296,-0.157374,0.312458,-0.3037,-1.1380,1.2606,-83.83
0.1070,-0.045597,-0.158505,0.313711,-0.2995,-1.1256,1.2491,-84.32
0.1080,-0.045894,-0.159622,0.314953,-0.2954,-1.1131,1.2376,-84.80
0.1090,-0.046187,-0.160728,0.316184,-0.2912,-1.1007,1.2261,-85.27
0.1100,-0.046476,-0.161821,0.317403,-0.2871,-1.0884,1.2147,-85.74
0.1110,-0.046760,-0.162902,0.318610,-0.2830,-1.0761,1.2032,-86.21
0.1120,-0.047041,-0.163970,0.319806,-0.2789,-1.0638,1.1918,-86.67
0.1130,-0.047317,-0.165026,0.320991,-0.2749,-1.0516,1.1804,-87.12
0.1140,-0.047589,-0.166070,0.322164,-0.2708,-1.0394,1.1690,-87.57
0.1150,-0.047858,-0.167102,0.323326,-0.2667,-1.0272,1.1576,-88.01
0.1160,-0.048122,-0.168121,0.324477,-0.2627,-1.0151,1.1463,-88.45
0.1170,-0.048382,-0.169129,0.325616,-0.2587,-1.0030,1.1349,-88.89
0.1180,-0.048638,-0.170124,0.326744,-0.2547,-0.9910,1.1236,-89.32
0.1190,-0.048890,-0.171108,0.327860,-0.2507,-0.9790,1.1123,-89.74
0.1200,-0.049138,-0.172079,0.328965,-0.2467,-0.9671,1.1011,-90.16
0.1210,-0.049383,-0.173039,0.330059,-0.2427,-0.9551,1.0898,-90.58
0.1220,-0.049623,-0.173987,0.331142,-0.2388,-0.9433,1.0786,-90.99
0.1230,-0.049859,-0.174923,0.332214,-0.2348,-0.9315,1.0674,-91.40
0.1240,-0.050092,-0.175847,0.333274,-0.2309,-0.9197,1.0562,-91.80
0.1250,-0.050320,-0.176759,0.334323,-0.2270,-0.9079,1.0450,-92.20
0.1260,-0.050544,-0.177660,0.335361,-0.2230,-0.8962,1.0339,-92.59
0.1270,-0.050765,-0.178548,0.336388,-0.2191,-0.8845,1.0228,-92.98
0.1280,-0.050982,-0.179426,0.337404,-0.2153,-0.8729,1.0116,-93.36
0.1290,-0.051195,-0.180291,0.338409,-0.2114,-0.8613,1.0006,-93.74
0.1300,-0.051404,-0.181145,0.339403,-0.2075,-0.8497,0.9895,-94.11
0.1310,-0.051609,-0.181988,0.340385,-0.2037,-0.8382,0.9784,-94.48
0.1320,-0.051810,-0.182819,0.341357,-0.1998,-0.8268,0.9674,-94.84
0.1330,-0.052007,-0.183639,0.342317,-0.1960,-0.8153,0.9564,-95.20
0.1340,-0.052201,-0.184447,0.343267,-0.1922,-0.8039,0.9454,-95.56
0.1350,-0.052391,-0.185243,0.344205,-0.1884,-0.7925,0.9344,-95.91
0.1360,-0.052577,-0.186029,0.345133,-0.1846,-0.7812,0.9234,-96.25
0.1370,-0.052759,-0.186803,0.346049,-0.1809,-0.7699,0.9125,-96.60
0.1380,-0.052938,-0.187566,0.346955,-0.1771,-0.7587,0.9016,-96.93
0.1390,-0.053112,-0.188318,0.347850,-0.1733,-0.7474,0.8907,-97.26
0.1400,-0.053283,-0.189058,0.348733,-0.1696,-0.7363,0.8798,-97.59
0.1410,-0.053451,-0.189787,0.349606,-0.1659,-0.7251,0.8689,-97.91
0.1420,-0.053614,-0.190505,0.350469,-0.1622,-0.7140,0.8580,-98.23
0.1430,-0.053774,-0.191212,0.351320,-0.1585,-0.7029,0.8472,-98.54
0.1440,-0.053930,-0.191908,0.352160,-0.1548,-0.6919,0.8364,-98.85
0.1450,-0.054083,-0.192593,0.352990,-0.1511,-0.6809,0.8256,-99.15
0.1460,-0.054231,-0.193267,0.353809,-0.1474,-0.6699,0.8148,-99.45
0.1470,-0.054377,-0.193930,0.354617,-0.1437,-0.6589,0.8040,-99.74
0.1480,-0.054518,-0.194583,0.355414,-0.1401,-0.6480,0.7933,-100.02
0.1490,-0.054656,-0.195224,0.356201,-0.1365,-0.6372,0.7825,-100.31
0.1500,-0.054790,-0.195854,0.356976,-0.1328,-0.6263,0.7718,-100.58
0.1510,-0.054921,-0.196474,0.357741,-0.1292,-0.6155,0.7611,-100.86
0.1520,-0.055048,-0.197083,0.358496,-0.1256,-0.6048,0.7504,-101.12
0.1530,-0.055171,-0.197681,0.359240,-0.1220,-0.5940,0.7397,-101.39
0.1540,-0.055291,-0.198268,0.359973,-0.1185,-0.5833,0.7291,-101.64
0.1550,-0.055407,-0.198845,0.360695,-0.1149,-0.5726,0.7185,-101.90
0.1560,-0.055520,-0.199411,0.361407,-0.1113,-0.5620,0.7078,-102.14
0.1570,-0.055629,-0.199966,0.362108,-0.1078,-0.5514,0.6972,-102.38
0.1580,-0.055734,-0.200511,0.362799,-0.1042,-0.5408,0.6867,-102.62
0.1590,-0.055836,-0.201045,0.363479,-0.1007,-0.5303,0.6761,-102.85
0.1600,-0.055935,-0.201569,0.364148,-0.0972,-0.5198,0.6655,-103.08
0.1610,-0.056030,-0.202082,0.364807,-0.0937,-0.5093,0.6550,-103.30
0.1620,-0.056121,-0.202585,0.365456,-0.0902,-0.4989,0.6445,-103.51
0.1630,-0.056210,-0.203077,0.366094,-0.0867,-0.4885,0.6340,-103.72
0.1640,-0.056294,-0.203559,0.366721,-0.0833,-0.4781,0.6235,-103.93
0.1650,-0.056375,-0.204031,0.367338,-0.0798,-0.4677,0.6130,-104.13
0.1660,-0.056453,-0.204492,0.367944,-0.0763,-0.4574,0.6026,-104.32
0.1670,-0.056527,-0.204943,0.368541,-0.0729,-0.4471,0.5921,-104.51
0.1680,-0.056598,-0.205384,0.369126,-0.0695,-0.4369,0.5817,-104.69
0.1690,-0.056665,-0.205814,0.369701,-0.0661,-0.4266,0.5713,-104.87
0.1700,-0.056729,-0.206234,0.370266,-0.0627,-0.4165,0.5610,-105.04
0.1710,-0.056790,-0.206644,0.370821,-0.0593,-0.4063,0.5506,-105.21
0.1720,-0.056847,-0.207044,0.371365,-0.0559,-0.3962,0.5402,-105.37
0.1730,-0.056900,-0.207434,0.371899,-0.0525,-0.3861,0.5299,-105.52
0.1740,-0.056951,-0.207814,0.372422,-0.0491,-0.3760,0.5196,-105.67
0.1750,-0.056998,-0.208184,0.372935,-0.0458,-0.3660,0.5093,-105.81
0.1760,-0.057042,-0.208543,0.373438,-0.0424,-0.3560,0.4990,-105.95
0.1770,-0.057082,-0.208893,0.373931,-0.0391,-0.3460,0.4888,-106.08
0.1780,-0.057119,-0.209233,0.374413,-0.0358,-0.3361,0.4786,-106.21
0.1790,-0.057153,-0.209563,0.374885,-0.0325,-0.3261,0.4683,-106.33
0.1800,-0.057183,-0.209883,0.375347,-0.0292,-0.3163,0.4581,-106.45
0.1810,-0.057210,-0.210193,0.375799,-0.0259,-0.3064,0.4480,-106.56
0.1820,-0.057234,-0.210493,0.376241,-0.0226,-0.2966,0.4378,-106.66
0.1830,-0.057254,-0.210784,0.376672,-0.0193,-0.2868,0.4277,-106.76
0.1840,-0.057272,-0.211064,0.377094,-0.0161,-0.2771,0.4176,-106.85
0.1850,-0.057286,-0.211335,0.377505,-0.0128,-0.2674,0.4075,-106.94
0.1860,-0.057297,-0.211597,0.377906,-0.0096,-0.2577,0.3974,-107.02
0.1870,-0.057304,-0.211848,0.378297,-0.0063,-0.2480,0.3873,-107.09
0.1880,-0.057308,-0.212090,0.378678,-0.0031,-0.2384,0.3773,-107.16
0.1890,-0.057310,-0.212323,0.379049,0.0001,-0.2288,0.3673,-107.22
0.1900,-0.057308,-0.212545,0.379410,0.0033,-0.2192,0.3573,-107.28
0.1910,-0.057302,-0.212759,0.379761,0.0064,-0.2097,0.3473,-107.33
0.1920,-0.057294,-0.212962,0.380102,0.0096,-0.2002,0.3374,-107.37
0.1930,-0.057282,-0.213157,0.380433,0.0128,-0.1907,0.3274,-107.41
0.1940,-0.057267,-0.213342,0.380755,0.0159,-0.1813,0.3175,-107.44
0.1950,-0.057250,-0.213517,0.381066,0.0191,-0.1719,0.3077,-107.47
0.1960,-0.057229,-0.213683,0.381368,0.0222,-0.1625,0.2978,-107.49
0.1970,-0.057204,-0.213840,0.381659,0.0253,-0.1532,0.2880,-107.50
0.1980,-0.057177,-0.213987,0.381941,0.0284,-0.1439,0.2782,-107.51
0.1990,-0.057147,-0.214125,0.382213,0.0315,-0.1347,0.2684,-107.52
0.2000,-0.057113,-0.214254,0.382475,0.0346,-0.1254,0.2586,-107.51
0.2010,-0.057077,-0.214374,0.382728,0.0377,-0.1162,0.2489,-107.50
0.2020,-0.057037,-0.214484,0.382971,0.0407,-0.1071,0.2392,-107.49
0.2030,-0.056995,-0.214586,0.383204,0.0438,-0.0979,0.2295,-107.46
0.2040,-0.056949,-0.214678,0.383427,0.0468,-0.0888,0.2199,-107.44
0.2050,-0.056900,-0.214761,0.383641,0.0498,-0.0798,0.2102,-107.40
0.2060,-0.056849,-0.214835,0.383845,0.0528,-0.0708,0.2006,-107.36
0.2070,-0.056794,-0.214900,0.384040,0.0558,-0.0618,0.1911,-107.32
0.2080,-0.056736,-0.214957,0.384225,0.0588,-0.0528,0.1815,-107.26
0.2090,-0.056675,-0.215004,0.384401,0.0618,-0.0439,0.1720,-107.21
0.2100,-0.056612,-0.215042,0.384567,0.0648,-0.0350,0.1625,-107.14
0.2110,-0.056545,-0.215072,0.384723,0.0677,-0.0262,0.1530,-107.07
0.2120,-0.056476,-0.215092,0.384871,0.0707,-0.0174,0.1436,-107.00
0.2130,-0.056403,-0.215104,0.385008,0.0736,-0.0086,0.1342,-106.91
0.2140,-0.056328,-0.215107,0.385137,0.0765,0.0002,0.1249,-106.82
0.2150,-0.056249,-0.215102,0.385256,0.0794,0.0088,0.1155,-106.73
0.2160,-0.056168,-0.215088,0.385365,0.0823,0.0175,0.1062,-106.63
0.2170,-0.056084,-0.215065,0.385466,0.0852,0.0261,0.0969,-106.52
0.2180,-0.055997,-0.215033,0.385557,0.0881,0.0347,0.0877,-106.41
0.2190,-0.055907,-0.214993,0.385639,0.0909,0.0433,0.0785,-106.29
0.2200,-0.055814,-0.214944,0.385712,0.0937,0.0518,0.0693,-106.17
0.2210,-0.055719,-0.214887,0.385775,0.0966,0.0602,0.0602,-106.04
0.2220,-0.055621,-0.214822,0.385830,0.0994,0.0687,0.0511,-105.90
0.2230,-0.055519,-0.214748,0.385875,0.1022,0.0771,0.0420,-105.76
0.2240,-0.055416,-0.214666,0.385912,0.1050,0.0854,0.0330,-105.61
0.2250,-0.055309,-0.214575,0.385939,0.1077,0.0937,0.0240,-105.46
0.2260,-0.055199,-0.214476,0.385957,0.1105,0.1020,0.0150,-105.30
0.2270,-0.055087,-0.214369,0.385967,0.1133,0.1102,0.0061,-105.13
0.2280,-0.054972,-0.214254,0.385967,0.1160,0.1184,-0.0028,-104.96
0.2290,-0.054854,-0.214130,0.385959,0.1187,0.1265,-0.0116,-104.79
0.2300,-0.054734,-0.213999,0.385942,0.1214,0.1346,-0.0204,-104.60
0.2310,-0.054611,-0.213859,0.385916,0.1241,0.1427,-0.0292,-104.42
0.2320,-0.054485,-0.213711,0.385881,0.1268,0.1507,-0.0379,-104.22
0.2330,-0.054357,-0.213556,0.385838,0.1294,0.1587,-0.0466,-104.02
0.2340,-0.054226,-0.213392,0.385786,0.1321,0.1666,-0.0553,-103.82
0.2350,-0.054092,-0.213221,0.385725,0.1347,0.1745,-0.0639,-103.61
0.2360,-0.053956,-0.213041,0.385656,0.1373,0.1823,-0.0725,-103.39
0.2370,-0.053817,-0.212854,0.385578,0.1399,0.1901,-0.0810,-103.17
0.2380,-0.053675,-0.212659,0.385492,0.1425,0.1978,-0.0895,-102.94
0.2390,-0.053531,-0.212456,0.385397,0.1451,0.2055,-0.0979,-102.71
0.2400,-0.053384,-0.212246,0.385294,0.1477,0.2132,-0.1063,-102.47
0.2410,-0.053235,-0.212028,0.385182,0.1502,0.2208,-0.1147,-102.23
0.2420,-0.053083,-0.211803,0.385063,0.1527,0.2284,-0.1230,-101.98
0.2430,-0.052929,-0.211570,0.384934,0.1552,0.2359,-0.1312,-101.73
0.2440,-0.052772,-0.211329,0.384798,0.1577,0.2434,-0.1394,-101.47
0.2450,-0.052613,-0.211081,0.384654,0.1602,0.2508,-0.1476,-101.21
0.2460,-0.052451,-0.210826,0.384501,0.1627,0.2581,-0.1557,-100.94
0.2470,-0.052287,-0.210563,0.384340,0.1651,0.2655,-0.1638,-100.67
0.2480,-0.052120,-0.210293,0.384171,0.1676,0.2727,-0.1718,-100.39
0.2490,-0.051951,-0.210016,0.383994,0.1700,0.2800,-0.1798,-100.10
0.2500,-0.051780,-0.209731,0.383810,0.1724,0.2871,-0.1877,-99.82
0.2510,-0.051606,-0.209440,0.383617,0.1748,0.2942,-0.1956,-99.52
0.2520,-0.051430,-0.209141,0.383416,0.1771,0.3013,-0.2034,-99.23
0.2530,-0.051251,-0.208835,0.383208,0.1795,0.3083,-0.2112,-98.92
0.2540,-0.051070,-0.208523,0.382992,0.1818,0.3153,-0.2189,-98.62
0.2550,-0.050887,-0.208203,0.382768,0.1841,0.3222,-0.2266,-98.31
0.2560,-0.050701,-0.207877,0.382537,0.1864,0.3291,-0.2342,-97.99
0.2570,-0.050514,-0.207543,0.382298,0.1887,0.3359,-0.2418,-97.67
0.2580,-0.050323,-0.207203,0.382052,0.1910,0.3426,-0.2493,-97.35
0.2590,-0.050131,-0.206856,0.381798,0.1932,0.3493,-0.2568,-97.02
0.2600,-0.049936,-0.206503,0.381536,0.1954,0.3560,-0.2642,-96.69
0.2610,-0.049740,-0.206143,0.381267,0.1976,0.3626,-0.2715,-96.35
0.2620,-0.049541,-0.205776,0.380991,0.1998,0.3691,-0.2788,-96.01
0.2630,-0.049339,-0.205403,0.380708,0.2020,0.3756,-0.2861,-95.66
0.2640,-0.049136,-0.205023,0.380417,0.2042,0.3820,-0.2933,-95.32
0.2650,-0.048931,-0.204637,0.380120,0.2063,0.3884,-0.3004,-94.96
0.2660,-0.048723,-0.204245,0.379815,0.2084,0.3947,-0.3075,-94.61
0.2670,-0.048513,-0.203846,0.379503,0.2105,0.4009,-0.3145,-94.25
0.2680,-0.048301,-0.203442,0.379184,0.2126,0.4071,-0.3214,-93.89
0.2690,-0.048088,-0.203031,0.378858,0.2147,0.4133,-0.3283,-93.52
0.2700,-0.047872,-0.202614,0.378526,0.2167,0.4194,-0.3352,-93.15
0.2710,-0.047654,-0.202190,0.378186,0.2187,0.4254,-0.3419,-92.78
0.2720,-0.047434,-0.201761,0.377840,0.2207,0.4314,-0.3487,-92.40
0.2730,-0.047212,-0.201326,0.377487,0.2227,0.4373,-0.3553,-92.02
0.2740,-0.046988,-0.200885,0.377128,0.2247,0.4431,-0.3619,-91.64
0.2750,-0.046762,-0.200439,0.376762,0.2266,0.4489,-0.3684,-91.25
0.2760,-0.046534,-0.199986,0.376390,0.2286,0.4546,-0.3749,-90.86
0.2770,-0.046304,-0.199528,0.376011,0.2305,0.4603,-0.3813,-90.47
0.2780,-0.046073,-0.199064,0.375625,0.2324,0.4659,-0.3877,-90.08
0.2790,-0.045839,-0.198595,0.375234,0.2342,0.4714,-0.3940,-89.68
0.2800,-0.045604,-0.198120,0.374836,0.2361,0.4769,-0.4002,-89.28
0.2810,-0.045366,-0.197640,0.374432,0.2379,0.4823,-0.4063,-88.88
0.2820,-0.045127,-0.197154,0.374022,0.2397,0.4877,-0.4124,-88.48
0.2830,-0.044886,-0.196663,0.373605,0.2415,0.4930,-0.4185,-88.07
0.2840,-0.044644,-0.196167,0.373183,0.2433,0.4982,-0.4244,-87.66
0.2850,-0.044399,-0.195665,0.372755,0.2450,0.5034,-0.4303,-87.25
0.2860,-0.044153,-0.195159,0.372321,0.2468,0.5085,-0.4362,-86.84
0.2870,-0.043905,-0.194647,0.371881,0.2485,0.5136,-0.4419,-86.43
0.2880,-0.043656,-0.194130,0.371436,0.2502,0.5185,-0.4476,-86.01
0.2890,-0.043405,-0.193609,0.370985,0.2518,0.5235,-0.4533,-85.59
0.2900,-0.043152,-0.193082,0.370528,0.2535,0.5283,-0.4589,-85.17
0.2910,-0.042897,-0.192551,0.370066,0.2551,0.5331,-0.4644,-84.75
0.2920,-0.042641,-0.192015,0.369598,0.2567,0.5378,-0.4698,-84.33
0.2930,-0.042383,-0.191474,0.369125,0.2583,0.5425,-0.4752,-83.91
0.2940,-0.042124,-0.190929,0.368646,0.2599,0.5471,-0.4805,-83.48
0.2950,-0.041863,-0.190379,0.368163,0.2614,0.5516,-0.4857,-83.05
0.2960,-0.041601,-0.189824,0.367674,0.2629,0.5561,-0.4909,-82.63
0.2970,-0.041337,-0.189265,0.367180,0.2644,0.5605,-0.4960,-82.20
0.2980,-0.041072,-0.188702,0.366681,0.2659,0.5648,-0.5010,-81.77
0.2990,-0.040805,-0.188135,0.366176,0.2674,0.5691,-0.5060,-81.34
0.3000,-0.040537,-0.187563,0.365667,0.2688,0.5733,-0.5109,-80.91
0.3010,-0.040267,-0.186987,0.365154,0.2702,0.5774,-0.5157,-80.48
0.3020,-0.039996,-0.186407,0.364635,0.2716,0.5815,-0.5204,-80.05
0.3030,-0.039723,-0.185823,0.364112,0.2730,0.5855,-0.5251,-79.61
0.3040,-0.039450,-0.185235,0.363583,0.2744,0.5895,-0.5297,-79.18
0.3050,-0.039174,-0.184643,0.363051,0.2757,0.5933,-0.5343,-78.75
0.3060,-0.038898,-0.184047,0.362514,0.2770,0.5972,-0.5388,-78.32
0.3070,-0.038620,-0.183448,0.361972,0.2783,0.6009,-0.5432,-77.88
0.3080,-0.038341,-0.182845,0.361426,0.2795,0.6046,-0.5475,-77.45
0.3090,-0.038061,-0.182238,0.360876,0.2808,0.6082,-0.5518,-77.02
0.3100,-0.037779,-0.181628,0.360322,0.2820,0.6117,-0.5560,-76.58
0.3110,-0.037496,-0.181014,0.359763,0.2832,0.6152,-0.5601,-76.15
0.3120,-0.037212,-0.180396,0.359200,0.2844,0.6186,-0.5642,-75.72
0.3130,-0.036927,-0.179776,0.358634,0.2856,0.6220,-0.5682,-75.28
0.3140,-0.036641,-0.179152,0.358063,0.2867,0.6252,-0.5721,-74.85
0.3150,-0.036354,-0.178524,0.357489,0.2878,0.6285,-0.5760,-74.42
0.3160,-0.036065,-0.177894,0.356910,0.2889,0.6316,-0.5798,-73.99
0.3170,-0.035776,-0.177260,0.356328,0.2900,0.6347,-0.5835,-73.56
0.3180,-0.035485,-0.176624,0.355742,0.2910,0.6377,-0.5871,-73.13
0.3190,-0.035193,-0.175984,0.355153,0.2921,0.6407,-0.5907,-72.71
0.3200,-0.034901,-0.175342,0.354560,0.2931,0.6435,-0.5942,-72.28
0.3210,-0.034607,-0.174696,0.353964,0.2941,0.6464,-0.5977,-71.85
0.3220,-0.034312,-0.174048,0.353364,0.2950,0.6491,-0.6010,-71.43
0.3230,-0.034017,-0.173398,0.352761,0.2960,0.6518,-0.6043,-71.00
0.3240,-0.033720,-0.172744,0.352155,0.2969,0.6544,-0.6076,-70.58
0.3250,-0.033422,-0.172088,0.351545,0.2978,0.6570,-0.6107,-70.16
0.3260,-0.033124,-0.171430,0.350932,0.2987,0.6595,-0.6138,-69.74
0.3270,-0.032825,-0.170769,0.350317,0.2996,0.6619,-0.6169,-69.32
0.3280,-0.032525,-0.170105,0.349698,0.3004,0.6643,-0.6198,-68.90
0.3290,-0.032224,-0.169439,0.349076,0.3012,0.6666,-0.6227,-68.49
0.3300,-0.031922,-0.168771,0.348452,0.3020,0.6688,-0.6256,-68.08
0.3310,-0.031620,-0.168101,0.347824,0.3028,0.6710,-0.6283,-67.66
0.3320,-0.031316,-0.167429,0.347194,0.3036,0.6731,-0.6310,-67.25
0.3330,-0.031012,-0.166755,0.346562,0.3043,0.6752,-0.6337,-66.85
0.3340,-0.030708,-0.166078,0.345926,0.3050,0.6772,-0.6362,-66.44
0.3350,-0.030402,-0.165400,0.345289,0.3057,0.6791,-0.6387,-66.03
0.3360,-0.030096,-0.164720,0.344648,0.3064,0.6809,-0.6412,-65.63
0.3370,-0.029789,-0.164038,0.344006,0.3071,0.6827,-0.6435,-65.23
0.3380,-0.029482,-0.163354,0.343361,0.3077,0.6845,-0.6458,-64.83
0.3390,-0.029174,-0.162668,0.342714,0.3083,0.6862,-0.6481,-64.44
0.3400,-0.028865,-0.161981,0.342064,0.3089,0.6878,-0.6502,-64.04
0.3410,-0.028556,-0.161292,0.341413,0.3095,0.6893,-0.6524,-63.65
0.3420,-0.028246,-0.160602,0.340759,0.3101,0.6908,-0.6544,-63.26
0.3430,-0.027935,-0.159910,0.340103,0.3106,0.6923,-0.6564,-62.87
0.3440,-0.027624,-0.159217,0.339446,0.3111,0.6937,-0.6583,-62.49
0.3450,-0.027313,-0.158523,0.338786,0.3116,0.6950,-0.6602,-62.10
0.3460,-0.027001,-0.157827,0.338125,0.3121,0.6963,-0.6620,-61.72
0.3470,-0.026689,-0.157130,0.337462,0.3126,0.6975,-0.6637,-61.35
0.3480,-0.026376,-0.156432,0.336797,0.3130,0.6986,-0.6654,-60.97
0.3490,-0.026063,-0.155732,0.336131,0.3134,0.6997,-0.6670,-60.60
0.3500,-0.025749,-0.155032,0.335463,0.3138,0.7007,-0.6686,-60.23
0.3510,-0.025435,-0.154331,0.334793,0.3142,0.7017,-0.6701,-59.86
0.3520,-0.025120,-0.153628,0.334122,0.3146,0.7027,-0.6715,-59.50
0.3530,-0.024806,-0.152925,0.333450,0.3150,0.7035,-0.6729,-59.13
0.3540,-0.024490,-0.152221,0.332776,0.3153,0.7043,-0.6742,-58.77
0.3550,-0.024175,-0.151516,0.332101,0.3156,0.7051,-0.6755,-58.42
0.3560,-0.023859,-0.150811,0.331425,0.3159,0.7058,-0.6767,-58.06
0.3570,-0.023543,-0.150104,0.330748,0.3162,0.7065,-0.6778,-57.71
0.3580,-0.023227,-0.149398,0.330069,0.3165,0.7071,-0.6789,-57.36
0.3590,-0.022910,-0.148690,0.329390,0.3167,0.7076,-0.6800,-57.02
0.3600,-0.022593,-0.147982,0.328709,0.3169,0.7081,-0.6810,-56.67
0.3610,-0.022276,-0.147274,0.328027,0.3172,0.7086,-0.6819,-56.33
0.3620,-0.021959,-0.146565,0.327345,0.3174,0.7090,-0.6828,-56.00
0.3630,-0.021641,-0.145856,0.326662,0.3175,0.7093,-0.6836,-55.66
0.3640,-0.021324,-0.145146,0.325977,0.3177,0.7096,-0.6844,-55.33
0.3650,-0.021006,-0.144437,0.325293,0.3178,0.7099,-0.6851,-55.00
0.3660,-0.020688,-0.143727,0.324607,0.3180,0.7101,-0.6858,-54.68
0.3670,-0.020370,-0.143016,0.323921,0.3181,0.7102,-0.6864,-54.35
0.3680,-0.020052,-0.142306,0.323234,0.3182,0.7104,-0.6870,-54.03
0.3690,-0.019734,-0.141596,0.322547,0.3183,0.7104,-0.6875,-53.71
0.3700,-0.019415,-0.140885,0.321859,0.3184,0.7104,-0.6880,-53.40
0.3710,-0.019097,-0.140175,0.321171,0.3184,0.7104,-0.6884,-53.09
0.3720,-0.018778,-0.139464,0.320482,0.3184,0.7103,-0.6888,-52.78
0.3730,-0.018460,-0.138754,0.319793,0.3185,0.7102,-0.6892,-52.47
0.3740,-0.018141,-0.138044,0.319104,0.3185,0.7101,-0.6894,-52.17
0.3750,-0.017823,-0.137334,0.318414,0.3185,0.7099,-0.6897,-51.87
0.3760,-0.017505,-0.136624,0.317724,0.3185,0.7096,-0.6899,-51.57
0.3770,-0.017186,-0.135915,0.317034,0.3184,0.7094,-0.6900,-51.28
0.3780,-0.016868,-0.135206,0.316344,0.3184,0.7090,-0.6901,-50.99
0.3790,-0.016549,-0.134497,0.315654,0.3183,0.7087,-0.6902,-50.70
0.3800,-0.016231,-0.133789,0.314964,0.3183,0.7083,-0.6902,-50.41
0.3810,-0.015913,-0.133081,0.314274,0.3182,0.7078,-0.6902,-50.13
0.3820,-0.015595,-0.132373,0.313583,0.3181,0.7074,-0.6902,-49.85
0.3830,-0.015277,-0.131666,0.312893,0.3180,0.7068,-0.6901,-49.57
0.3840,-0.014959,-0.130960,0.312203,0.3178,0.7063,-0.6899,-49.30
0.3850,-0.014641,-0.130254,0.311514,0.3177,0.7057,-0.6897,-49.03
0.3860,-0.014324,-0.129548,0.310824,0.3175,0.7051,-0.6895,-48.76
0.3870,-0.014006,-0.128844,0.310135,0.3174,0.7044,-0.6893,-48.49
0.3880,-0.013689,-0.128140,0.309446,0.3172,0.7037,-0.6890,-48.23
0.3890,-0.013372,-0.127436,0.308757,0.3170,0.7030,-0.6886,-47.97
0.3900,-0.013055,-0.126734,0.308068,0.3168,0.7022,-0.6883,-47.71
0.3910,-0.012738,-0.126032,0.307380,0.3166,0.7014,-0.6879,-47.45
0.3920,-0.012422,-0.125331,0.306693,0.3164,0.7006,-0.6874,-47.20
0.3930,-0.012105,-0.124631,0.306006,0.3162,0.6997,-0.6870,-46.95
0.3940,-0.011789,-0.123932,0.305319,0.3159,0.6988,-0.6865,-46.70
0.3950,-0.011474,-0.123234,0.304633,0.3157,0.6979,-0.6859,-46.46
0.3960,-0.011158,-0.122537,0.303947,0.3154,0.6970,-0.6854,-46.21
0.3970,-0.010843,-0.121840,0.303262,0.3151,0.6960,-0.6848,-45.97
0.3980,-0.010528,-0.121145,0.302578,0.3148,0.6950,-0.6841,-45.74
0.3990,-0.010213,-0.120450,0.301894,0.3146,0.6939,-0.6835,-45.50
0.4000,-0.009899,-0.119757,0.301211,0.3142,0.6929,-0.6828,-45.27
0.4010,-0.009585,-0.119065,0.300529,0.3139,0.6918,-0.6821,-45.04
0.4020,-0.009271,-0.118374,0.299847,0.3136,0.6907,-0.6813,-44.81
0.4030,-0.008958,-0.117684,0.299166,0.3133,0.6895,-0.6805,-44.58
0.4040,-0.008645,-0.116995,0.298486,0.3129,0.6884,-0.6797,-44.36
0.4050,-0.008332,-0.116308,0.297807,0.3126,0.6872,-0.6789,-44.14
0.4060,-0.008020,-0.115621,0.297129,0.3122,0.6860,-0.6780,-43.92
0.4070,-0.007708,-0.114936,0.296451,0.3119,0.6847,-0.6771,-43.71
0.4080,-0.007396,-0.114252,0.295775,0.3115,0.6835,-0.6762,-43.49
0.4090,-0.007085,-0.113569,0.295099,0.3111,0.6822,-0.6753,-43.28
0.4100,-0.006774,-0.112888,0.294425,0.3107,0.6809,-0.6743,-43.07
0.4110,-0.006463,-0.112208,0.293751,0.3103,0.6795,-0.6733,-42.87
0.4120,-0.006153,-0.111529,0.293078,0.3099,0.6782,-0.6723,-42.66
0.4130,-0.005844,-0.110852,0.292406,0.3095,0.6768,-0.6713,-42.46
0.4140,-0.005535,-0.110176,0.291736,0.3091,0.6754,-0.6703,-42.26
0.4150,-0.005226,-0.109501,0.291066,0.3086,0.6740,-0.6692,-42.06
0.4160,-0.004917,-0.108828,0.290398,0.3082,0.6726,-0.6681,-41.86
0.4170,-0.004610,-0.108157,0.289730,0.3077,0.6712,-0.6670,-41.67
0.4180,-0.004302,-0.107486,0.289064,0.3073,0.6697,-0.6658,-41.47
0.4190,-0.003995,-0.106818,0.288399,0.3068,0.6682,-0.6647,-41.28
0.4200,-0.003689,-0.106150,0.287735,0.3064,0.6667,-0.6635,-41.10
0.4210,-0.003383,-0.105485,0.287072,0.3059,0.6652,-0.6623,-40.91
0.4220,-0.003077,-0.104820,0.286411,0.3054,0.6637,-0.6611,-40.72
0.4230,-0.002772,-0.104158,0.285750,0.3049,0.6621,-0.6599,-40.54
0.4240,-0.002467,-0.103497,0.285091,0.3044,0.6606,-0.6586,-40.36
0.4250,-0.002163,-0.102837,0.284433,0.3039,0.6590,-0.6574,-40.18
0.4260,-0.001860,-0.102179,0.283777,0.3034,0.6574,-0.6561,-40.00
0.4270,-0.001556,-0.101523,0.283122,0.3029,0.6558,-0.6548,-39.83
0.4280,-0.001254,-0.100868,0.282468,0.3024,0.6542,-0.6535,-39.65
0.4290,-0.000952,-0.100215,0.281815,0.3019,0.6525,-0.6522,-39.48
0.4300,-0.000650,-0.099563,0.281164,0.3013,0.6509,-0.6508,-39.31
0.4310,-0.000349,-0.098913,0.280514,0.3008,0.6493,-0.6495,-39.14
0.4320,-0.000049,-0.098265,0.279865,0.3003,0.6476,-0.6481,-38.97
0.4330,0.000251,-0.097619,0.279218,0.2997,0.6459,-0.6467,-38.80
0.4340,0.000551,-0.096974,0.278572,0.2992,0.6442,-0.6453,-38.64
0.4350,0.000849,-0.096330,0.277927,0.2986,0.6425,-0.6439,-38.48
0.4360,0.001148,-0.095689,0.277284,0.2981,0.6408,-0.6425,-38.31
0.4370,0.001445,-0.095049,0.276643,0.2975,0.6391,-0.6411,-38.15
0.4380,0.001742,-0.094411,0.276003,0.2969,0.6374,-0.6397,-38.00
0.4390,0.002039,-0.093775,0.275364,0.2964,0.6356,-0.6382,-37.84
0.4400,0.002335,-0.093140,0.274727,0.2958,0.6339,-0.6367,-37.68
0.4410,0.002631,-0.092508,0.274091,0.2952,0.6321,-0.6353,-37.53
0.4420,0.002925,-0.091877,0.273456,0.2946,0.6304,-0.6338,-37.37
0.4430,0.003220,-0.091247,0.272824,0.2941,0.6286,-0.6323,-37.22
0.4440,0.003513,-0.090620,0.272192,0.2935,0.6268,-0.6308,-37.07
0.4450,0.003806,-0.089994,0.271562,0.2929,0.6250,-0.6293,-36.92
0.4460,0.004099,-0.089370,0.270934,0.2923,0.6232,-0.6278,-36.77
0.4470,0.004391,-0.088748,0.270307,0.2917,0.6214,-0.6263,-36.63
0.4480,0.004682,-0.088128,0.269682,0.2911,0.6196,-0.6247,-36.48
0.4490,0.004973,-0.087509,0.269058,0.2904,0.6178,-0.6232,-36.34
0.4500,0.005263,-0.086893,0.268436,0.2898,0.6160,-0.6216,-36.19
0.4510,0.005552,-0.086278,0.267815,0.2892,0.6142,-0.6201,-36.05
0.4520,0.005841,-0.085665,0.267196,0.2886,0.6124,-0.6185,-35.91
0.4530,0.006129,-0.085053,0.266579,0.2880,0.6105,-0.6170,-35.77
0.4540,0.006417,-0.084444,0.265963,0.2874,0.6087,-0.6154,-35.63
0.4550,0.006704,-0.083837,0.265348,0.2867,0.6069,-0.6138,-35.49
0.4560,0.006990,-0.083231,0.264735,0.2861,0.6050,-0.6122,-35.36
0.4570,0.007276,-0.082627,0.264124,0.2855,0.6032,-0.6106,-35.22
0.4580,0.007561,-0.082025,0.263514,0.2848,0.6013,-0.6090,-35.08
0.4590,0.007845,-0.081425,0.262906,0.2842,0.5994,-0.6074,-34.95
0.4600,0.008129,-0.080827,0.262300,0.2835,0.5976,-0.6058,-34.82
0.4610,0.008412,-0.080230,0.261695,0.2829,0.5957,-0.6042,-34.69
0.4620,0.008695,-0.079636,0.261092,0.2822,0.5939,-0.6026,-34.55
0.4630,0.008977,-0.079043,0.260490,0.2816,0.5920,-0.6010,-34.42
0.4640,0.009258,-0.078452,0.259890,0.2809,0.5901,-0.5994,-34.30
0.4650,0.009538,-0.077863,0.259292,0.2803,0.5882,-0.5978,-34.17
0.4660,0.009818,-0.077276,0.258695,0.2796,0.5864,-0.5961,-34.04
0.4670,0.010097,-0.076691,0.258100,0.2790,0.5845,-0.5945,-33.91
0.4680,0.010376,-0.076108,0.257507,0.2783,0.5826,-0.5929,-33.79
0.4690,0.010654,-0.075526,0.256915,0.2776,0.5807,-0.5913,-33.66
0.4700,0.010931,-0.074947,0.256324,0.2770,0.5788,-0.5896,-33.54
0.4710,0.011208,-0.074369,0.255736,0.2763,0.5769,-0.5880,-33.41
0.4720,0.011484,-0.073793,0.255149,0.2756,0.5751,-0.5863,-33.29
0.4730,0.011759,-0.073219,0.254564,0.2750,0.5732,-0.5847,-33.17
0.4740,0.012033,-0.072647,0.253980,0.2743,0.5713,-0.5830,-33.05
0.4750,0.012307,-0.072077,0.253398,0.2736,0.5694,-0.5814,-32.93
0.4760,0.012580,-0.071509,0.252818,0.2729,0.5675,-0.5798,-32.81
0.4770,0.012853,-0.070943,0.252239,0.2723,0.5656,-0.5781,-32.69
0.4780,0.013125,-0.070378,0.251662,0.2716,0.5637,-0.5765,-32.57
0.4790,0.013396,-0.069816,0.251086,0.2709,0.5618,-0.5748,-32.45
0.4800,0.013666,-0.069255,0.250513,0.2702,0.5599,-0.5732,-32.34
0.4810,0.013936,-0.068696,0.249940,0.2695,0.5581,-0.5715,-32.22
0.4820,0.014205,-0.068140,0.249370,0.2688,0.5562,-0.5699,-32.10
0.4830,0.014474,-0.067585,0.248801,0.2682,0.5543,-0.5682,-31.99
0.4840,0.014741,-0.067032,0.248234,0.2675,0.5524,-0.5665,-31.87
0.4850,0.015008,-0.066480,0.247669,0.2668,0.5505,-0.5649,-31.76
0.4860,0.015275,-0.065931,0.247105,0.2661,0.5486,-0.5632,-31.65
0.4870,0.015540,-0.065384,0.246542,0.2654,0.5467,-0.5616,-31.53
0.4880,0.015805,-0.064838,0.245982,0.2647,0.5448,-0.5599,-31.42
0.4890,0.016070,-0.064294,0.245423,0.2640,0.5429,-0.5583,-31.31
0.4900,0.016333,-0.063753,0.244866,0.2633,0.5410,-0.5566,-31.20
0.4910,0.016596,-0.063213,0.244310,0.2626,0.5392,-0.5550,-31.09
0.4920,0.016858,-0.062675,0.243756,0.2619,0.5373,-0.5533,-30.98
0.4930,0.017120,-0.062139,0.243204,0.2612,0.5354,-0.5517,-30.87
0.4940,0.017380,-0.061605,0.242653,0.2605,0.5335,-0.5500,-30.76
0.4950,0.017640,-0.061072,0.242104,0.2598,0.5316,-0.5484,-30.65
0.4960,0.017900,-0.060542,0.241557,0.2591,0.5298,-0.5467,-30.55
0.4970,0.018158,-0.060013,0.241011,0.2584,0.5279,-0.5451,-30.44
0.4980,0.018416,-0.059486,0.240467,0.2576,0.5260,-0.5434,-30.33
0.4990,0.018673,-0.058962,0.239925,0.2569,0.5241,-0.5418,-30.23
0.5000,0.018930,-0.058439,0.239384,0.2562,0.5223,-0.5402,-30.12
0.5010,0.019186,-0.057918,0.238845,0.2555,0.5204,-0.5385,-30.01
0.5020,0.019441,-0.057398,0.238307,0.2548,0.5185,-0.5369,-29.91
0.5030,0.019695,-0.056881,0.237771,0.2541,0.5166,-0.5353,-29.81
0.5040,0.019949,-0.056366,0.237237,0.2534,0.5148,-0.5336,-29.70
0.5050,0.020202,-0.055852,0.236705,0.2526,0.5129,-0.5320,-29.60
0.5060,0.020454,-0.055340,0.236174,0.2519,0.5111,-0.5304,-29.49
0.5070,0.020705,-0.054830,0.235644,0.2512,0.5092,-0.5287,-29.39
0.5080,0.020956,-0.054322,0.235117,0.2505,0.5073,-0.5271,-29.29
0.5090,0.021206,-0.053816,0.234591,0.2498,0.5055,-0.5255,-29.19
0.5100,0.021455,-0.053312,0.234066,0.2490,0.5036,-0.5238,-29.09
0.5110,0.021704,-0.052809,0.233543,0.2483,0.5018,-0.5222,-28.99
0.5120,0.021952,-0.052309,0.233022,0.2476,0.4999,-0.5206,-28.89
0.5130,0.022199,-0.051810,0.232502,0.2469,0.4981,-0.5190,-28.79
0.5140,0.022445,-0.051313,0.231984,0.2461,0.4962,-0.5174,-28.69
0.5150,0.022691,-0.050818,0.231468,0.2454,0.4944,-0.5158,-28.59
0.5160,0.022936,-0.050325,0.230953,0.2447,0.4925,-0.5142,-28.49
0.5170,0.023180,-0.049833,0.230440,0.2440,0.4907,-0.5125,-28.39
0.5180,0.023424,-0.049344,0.229929,0.2432,0.4889,-0.5109,-28.29
0.5190,0.023667,-0.048856,0.229419,0.2425,0.4870,-0.5093,-28.20
0.5200,0.023909,-0.048370,0.228910,0.2418,0.4852,-0.5077,-28.10
0.5210,0.024150,-0.047886,0.228404,0.2410,0.4834,-0.5061,-28.00
0.5220,0.024390,-0.047404,0.227898,0.2403,0.4816,-0.5046,-27.90
0.5230,0.024630,-0.046923,0.227395,0.2396,0.4797,-0.5030,-27.81
0.5240,0.024869,-0.046445,0.226893,0.2388,0.4779,-0.5014,-27.71
0.5250,0.025108,-0.045968,0.226393,0.2381,0.4761,-0.4998,-27.62
0.5260,0.025345,-0.045493,0.225894,0.2374,0.4743,-0.4982,-27.52
0.5270,0.025582,-0.045020,0.225397,0.2366,0.4725,-0.4966,-27.43
0.5280,0.025818,-0.044549,0.224901,0.2359,0.4707,-0.4951,-27.33
0.5290,0.026054,-0.044079,0.224407,0.2351,0.4688,-0.4935,-27.24
0.5300,0.026289,-0.043611,0.223914,0.2344,0.4670,-0.4919,-27.15
0.5310,0.026522,-0.043145,0.223423,0.2337,0.4652,-0.4903,-27.05
0.5320,0.026756,-0.042681,0.222934,0.2329,0.4634,-0.4888,-26.96
0.5330,0.026988,-0.042219,0.222446,0.2322,0.4616,-0.4872,-26.87
0.5340,0.027220,-0.041759,0.221960,0.2314,0.4598,-0.4857,-26.78
0.5350,0.027451,-0.041300,0.221475,0.2307,0.4580,-0.4841,-26.68
0.5360,0.027681,-0.040843,0.220992,0.2299,0.4563,-0.4825,-26.59
0.5370,0.027910,-0.040388,0.220511,0.2292,0.4545,-0.4810,-26.50
0.5380,0.028139,-0.039934,0.220031,0.2284,0.4527,-0.4795,-26.41
0.5390,0.028367,-0.039483,0.219552,0.2277,0.4509,-0.4779,-26.32
0.5400,0.028594,-0.039033,0.219075,0.2269,0.4491,-0.4764,-26.23
0.5410,0.028821,-0.038585,0.218600,0.2262,0.4473,-0.4748,-26.14
0.5420,0.029047,-0.038139,0.218126,0.2254,0.4456,-0.4733,-26.05
0.5430,0.029272,-0.037694,0.217654,0.2247,0.4438,-0.4718,-25.96
0.5440,0.029496,-0.037252,0.217183,0.2239,0.4420,-0.4702,-25.87
0.5450,0.029719,-0.036811,0.216713,0.2232,0.4403,-0.4687,-25.79
0.5460,0.029942,-0.036372,0.216246,0.2224,0.4385,-0.4672,-25.70
0.5470,0.030164,-0.035934,0.215779,0.2217,0.4367,-0.4657,-25.61
0.5480,0.030385,-0.035499,0.215315,0.2209,0.4350,-0.4642,-25.52
0.5490,0.030606,-0.035065,0.214851,0.2202,0.4332,-0.4627,-25.44
0.5500,0.030825,-0.034633,0.214390,0.2194,0.4315,-0.4612,-25.35
0.5510,0.031044,-0.034202,0.213930,0.2187,0.4297,-0.4597,-25.26
0.5520,0.031262,-0.033774,0.213471,0.2179,0.4280,-0.4582,-25.18
0.5530,0.031480,-0.033347,0.213014,0.2172,0.4262,-0.4567,-25.09
0.5540,0.031697,-0.032922,0.212558,0.2164,0.4245,-0.4552,-25.00
0.5550,0.031913,-0.032498,0.212104,0.2156,0.4227,-0.4537,-24.92
0.5560,0.032128,-0.032077,0.211651,0.2149,0.4210,-0.4522,-24.83
0.5570,0.032342,-0.031657,0.211200,0.2141,0.4193,-0.4507,-24.75
0.5580,0.032556,-0.031238,0.210750,0.2134,0.4175,-0.4492,-24.67
0.5590,0.032769,-0.030822,0.210301,0.2126,0.4158,-0.4478,-24.58
0.5600,0.032981,-0.030407,0.209855,0.2118,0.4141,-0.4463,-24.50
0.5610,0.033192,-0.029994,0.209409,0.2111,0.4124,-0.4448,-24.42
0.5620,0.033403,-0.029583,0.208965,0.2103,0.4106,-0.4434,-24.33
0.5630,0.033612,-0.029173,0.208523,0.2095,0.4089,-0.4419,-24.25
0.5640,0.033821,-0.028765,0.208082,0.2088,0.4072,-0.4404,-24.17
0.5650,0.034030,-0.028359,0.207642,0.2080,0.4055,-0.4390,-24.08
0.5660,0.034237,-0.027955,0.207204,0.2072,0.4038,-0.4375,-24.00
0.5670,0.034444,-0.027552,0.206768,0.2065,0.4021,-0.4361,-23.92
0.5680,0.034650,-0.027151,0.206332,0.2057,0.4004,-0.4347,-23.84
0.5690,0.034855,-0.026752,0.205899,0.2049,0.3987,-0.4332,-23.76
0.5700,0.035060,-0.026354,0.205466,0.2042,0.3970,-0.4318,-23.68
0.5710,0.035263,-0.025958,0.205035,0.2034,0.3953,-0.4303,-23.60
0.5720,0.035466,-0.025564,0.204606,0.2026,0.3936,-0.4289,-23.52
0.5730,0.035668,-0.025172,0.204178,0.2018,0.3919,-0.4275,-23.44
0.5740,0.035870,-0.024781,0.203751,0.2011,0.3902,-0.4261,-23.36
0.5750,0.036070,-0.024392,0.203326,0.2003,0.3885,-0.4247,-23.28
0.5760,0.036270,-0.024004,0.202902,0.1995,0.3868,-0.4232,-23.20
0.5770,0.036469,-0.023618,0.202480,0.1987,0.3851,-0.4218,-23.12
0.5780,0.036667,-0.023234,0.202059,0.1980,0.3835,-0.4204,-23.05
0.5790,0.036865,-0.022852,0.201640,0.1972,0.3818,-0.4190,-22.97
0.5800,0.037062,-0.022471,0.201221,0.1964,0.3801,-0.4176,-22.89
0.5810,0.037258,-0.022092,0.200805,0.1956,0.3784,-0.4162,-22.81
0.5820,0.037453,-0.021715,0.200389,0.1949,0.3768,-0.4148,-22.74
0.5830,0.037647,-0.021339,0.199975,0.1941,0.3751,-0.4135,-22.66
0.5840,0.037841,-0.020965,0.199563,0.1933,0.3735,-0.4121,-22.58
0.5850,0.038034,-0.020592,0.199152,0.1925,0.3718,-0.4107,-22.51
0.5860,0.038226,-0.020222,0.198742,0.1917,0.3701,-0.4093,-22.43
0.5870,0.038417,-0.019853,0.198333,0.1910,0.3685,-0.4079,-22.36
0.5880,0.038607,-0.019485,0.197926,0.1902,0.3668,-0.4066,-22.28
0.5890,0.038797,-0.019119,0.197520,0.1894,0.3652,-0.4052,-22.21
0.5900,0.038986,-0.018755,0.197116,0.1886,0.3635,-0.4038,-22.13
0.5910,0.039174,-0.018393,0.196713,0.1878,0.3619,-0.4025,-22.06
0.5920,0.039361,-0.018032,0.196311,0.1870,0.3602,-0.4011,-21.98
0.5930,0.039548,-0.017673,0.195911,0.1863,0.3586,-0.3998,-21.91
0.5940,0.039734,-0.017315,0.195512,0.1855,0.3570,-0.3984,-21.84
0.5950,0.039919,-0.016959,0.195115,0.1847,0.3553,-0.3971,-21.76
0.5960,0.040103,-0.016605,0.194718,0.1839,0.3537,-0.3958,-21.69
0.5970,0.040286,-0.016252,0.194323,0.1831,0.3521,-0.3944,-21.62
0.5980,0.040469,-0.015901,0.193930,0.1823,0.3504,-0.3931,-21.55
0.5990,0.040651,-0.015552,0.193538,0.1815,0.3488,-0.3918,-21.47
0.6000,0.040832,-0.015204,0.193147,0.1807,0.3472,-0.3904,-21.40
0.6010,0.041012,-0.014858,0.192757,0.1799,0.3456,-0.3891,-21.33
0.6020,0.041191,-0.014513,0.192369,0.1792,0.3439,-0.3878,-21.26
0.6030,0.041370,-0.014170,0.191982,0.1784,0.3423,-0.3865,-21.19
0.6040,0.041548,-0.013829,0.191596,0.1776,0.3407,-0.3852,-21.12
0.6050,0.041725,-0.013489,0.191212,0.1768,0.3391,-0.3839,-21.05
0.6060,0.041901,-0.013151,0.190829,0.1760,0.3375,-0.3826,-20.98
0.6070,0.042077,-0.012815,0.190447,0.1752,0.3359,-0.3813,-20.91
0.6080,0.042251,-0.012480,0.190066,0.1744,0.3343,-0.3800,-20.84
0.6090,0.042425,-0.012147,0.189687,0.1736,0.3327,-0.3787,-20.77
0.6100,0.042598,-0.011815,0.189309,0.1728,0.3311,-0.3774,-20.70
0.6110,0.042771,-0.011485,0.188933,0.1720,0.3295,-0.3761,-20.63
0.6120,0.042942,-0.011156,0.188557,0.1712,0.3279,-0.3749,-20.56
0.6130,0.043113,-0.010830,0.188183,0.1704,0.3263,-0.3736,-20.50
0.6140,0.043283,-0.010504,0.187811,0.1696,0.3247,-0.3723,-20.43
0.6150,0.043452,-0.010181,0.187439,0.1688,0.3231,-0.3710,-20.36
0.6160,0.043620,-0.009858,0.187069,0.1680,0.3215,-0.3698,-20.30
0.6170,0.043788,-0.009538,0.186700,0.1672,0.3200,-0.3685,-20.23
0.6180,0.043954,-0.009219,0.186332,0.1664,0.3184,-0.3673,-20.16
0.6190,0.044120,-0.008902,0.185966,0.1656,0.3168,-0.3660,-20.10
0.6200,0.044285,-0.008586,0.185600,0.1648,0.3152,-0.3648,-20.03
0.6210,0.044450,-0.008271,0.185236,0.1640,0.3136,-0.3635,-19.96
0.6220,0.044613,-0.007959,0.184874,0.1632,0.3121,-0.3623,-19.90
0.6230,0.044776,-0.007648,0.184512,0.1624,0.3105,-0.3610,-19.83
0.6240,0.044938,-0.007338,0.184152,0.1616,0.3089,-0.3598,-19.77
0.6250,0.045099,-0.007030,0.183793,0.1608,0.3074,-0.3586,-19.70
0.6260,0.045259,-0.006724,0.183435,0.1600,0.3058,-0.3574,-19.64
0.6270,0.045419,-0.006419,0.183078,0.1592,0.3043,-0.3561,-19.58
0.6280,0.045577,-0.006116,0.182723,0.1584,0.3027,-0.3549,-19.51
0.6290,0.045735,-0.005814,0.182369,0.1576,0.3011,-0.3537,-19.45
0.6300,0.045892,-0.005514,0.182016,0.1567,0.2996,-0.3525,-19.39
0.6310,0.046048,-0.005215,0.181664,0.1559,0.2980,-0.3513,-19.32
0.6320,0.046204,-0.004918,0.181314,0.1551,0.2965,-0.3501,-19.26
0.6330,0.046358,-0.004623,0.180964,0.1543,0.2950,-0.3489,-19.20
0.6340,0.046512,-0.004329,0.180616,0.1535,0.2934,-0.3477,-19.14
0.6350,0.046665,-0.004036,0.180269,0.1527,0.2919,-0.3465,-19.08
0.6360,0.046817,-0.003745,0.179924,0.1519,0.2903,-0.3453,-19.01
0.6370,0.046969,-0.003456,0.179579,0.1511,0.2888,-0.3441,-18.95
0.6380,0.047119,-0.003168,0.179236,0.1503,0.2873,-0.3430,-18.89
0.6390,0.047269,-0.002882,0.178893,0.1494,0.2857,-0.3418,-18.83
0.6400,0.047418,-0.002597,0.178552,0.1486,0.2842,-0.3406,-18.77
0.6410,0.047566,-0.002314,0.178212,0.1478,0.2827,-0.3394,-18.71
0.6420,0.047713,-0.002032,0.177874,0.1470,0.2812,-0.3383,-18.65
0.6430,0.047860,-0.001752,0.177536,0.1462,0.2796,-0.3371,-18.59
0.6440,0.048006,-0.001473,0.177200,0.1454,0.2781,-0.3360,-18.53
0.6450,0.048150,-0.001196,0.176865,0.1446,0.2766,-0.3348,-18.47
0.6460,0.048295,-0.000920,0.176530,0.1437,0.2751,-0.3337,-18.42
0.6470,0.048438,-0.000646,0.176197,0.1429,0.2736,-0.3325,-18.36
0.6480,0.048580,-0.000373,0.175866,0.1421,0.2721,-0.3314,-18.30
0.6490,0.048722,-0.000102,0.175535,0.1413,0.2706,-0.3302,-18.24
0.6500,0.048863,0.000167,0.175205,0.1405,0.2691,-0.3291,-18.18
0.6510,0.049002,0.000435,0.174877,0.1396,0.2676,-0.3280,-18.13
0.6520,0.049142,0.000702,0.174550,0.1388,0.2661,-0.3268,-18.07
0.6530,0.049280,0.000967,0.174224,0.1380,0.2646,-0.3257,-18.01
0.6540,0.049417,0.001231,0.173899,0.1372,0.2631,-0.3246,-17.96
0.6550,0.049554,0.001493,0.173575,0.1364,0.2616,-0.3235,-17.90
0.6560,0.049690,0.001754,0.173252,0.1355,0.2601,-0.3224,-17.84
0.6570,0.049825,0.002013,0.172930,0.1347,0.2586,-0.3213,-17.79
0.6580,0.049959,0.002270,0.172610,0.1339,0.2571,-0.3202,-17.73
0.6590,0.050093,0.002527,0.172290,0.1331,0.2556,-0.3191,-17.68
0.6600,0.050225,0.002781,0.171972,0.1323,0.2541,-0.3180,-17.62
0.6610,0.050357,0.003034,0.171655,0.1314,0.2527,-0.3169,-17.57
0.6620,0.050488,0.003286,0.171338,0.1306,0.2512,-0.3158,-17.51
0.6630,0.050618,0.003536,0.171023,0.1298,0.2497,-0.3147,-17.46
0.6640,0.050747,0.003785,0.170709,0.1290,0.2482,-0.3136,-17.41
0.6650,0.050876,0.004032,0.170396,0.1281,0.2468,-0.3126,-17.35
0.6660,0.051003,0.004278,0.170084,0.1273,0.2453,-0.3115,-17.30
0.6670,0.051130,0.004523,0.169773,0.1265,0.2438,-0.3104,-17.25
0.6680,0.051256,0.004766,0.169464,0.1257,0.2424,-0.3094,-17.19
0.6690,0.051381,0.005007,0.169155,0.1248,0.2409,-0.3083,-17.14
0.6700,0.051505,0.005247,0.168847,0.1240,0.2394,-0.3072,-17.09
0.6710,0.051629,0.005485,0.168541,0.1232,0.2380,-0.3062,-17.04
0.6720,0.051752,0.005723,0.168235,0.1224,0.2365,-0.3051,-16.99
0.6730,0.051873,0.005958,0.167931,0.1215,0.2351,-0.3041,-16.94
0.6740,0.051994,0.006192,0.167627,0.1207,0.2336,-0.3031,-16.88
0.6750,0.052115,0.006425,0.167325,0.1199,0.2322,-0.3020,-16.83
0.6760,0.052234,0.006656,0.167023,0.1190,0.2307,-0.3010,-16.78
0.6770,0.052353,0.006886,0.166723,0.1182,0.2293,-0.3000,-16.73
0.6780,0.052470,0.007115,0.166424,0.1174,0.2278,-0.2989,-16.68
0.6790,0.052587,0.007341,0.166126,0.1166,0.2264,-0.2979,-16.63
0.6800,0.052703,0.007567,0.165828,0.1157,0.2250,-0.2969,-16.58
0.6810,0.052818,0.007791,0.165532,0.1149,0.2235,-0.2959,-16.53
0.6820,0.052933,0.008014,0.165237,0.1141,0.2221,-0.2949,-16.48
0.6830,0.053046,0.008235,0.164943,0.1132,0.2207,-0.2939,-16.44
0.6840,0.053159,0.008455,0.164649,0.1124,0.2192,-0.2929,-16.39
0.6850,0.053271,0.008673,0.164357,0.1116,0.2178,-0.2919,-16.34
0.6860,0.053382,0.008890,0.164066,0.1107,0.2164,-0.2909,-16.29
0.6870,0.053492,0.009105,0.163776,0.1099,0.2150,-0.2899,-16.24
0.6880,0.053601,0.009319,0.163486,0.1091,0.2136,-0.2889,-16.20
0.6890,0.053710,0.009532,0.163198,0.1082,0.2121,-0.2879,-16.15
0.6900,0.053818,0.009743,0.162911,0.1074,0.2107,-0.2869,-16.10
0.6910,0.053925,0.009953,0.162624,0.1066,0.2093,-0.2860,-16.05
0.6920,0.054031,0.010162,0.162339,0.1057,0.2079,-0.2850,-16.01
0.6930,0.054136,0.010369,0.162055,0.1049,0.2065,-0.2840,-15.96
0.6940,0.054240,0.010574,0.161771,0.1041,0.2051,-0.2830,-15.92
0.6950,0.054344,0.010779,0.161489,0.1032,0.2037,-0.2821,-15.87
0.6960,0.054446,0.010981,0.161207,0.1024,0.2023,-0.2811,-15.82
0.6970,0.054548,0.011183,0.160927,0.1016,0.2009,-0.2802,-15.78
0.6980,0.054649,0.011383,0.160647,0.1007,0.1995,-0.2792,-15.73
0.6990,0.054750,0.011581,0.160369,0.0999,0.1981,-0.2783,-15.69
0.7000,0.054849,0.011779,0.160091,0.0991,0.1967,-0.2773,-15.64
0.7010,0.054948,0.011974,0.159814,0.0982,0.1953,-0.2764,-15.60
0.7020,0.055045,0.012169,0.159538,0.0974,0.1939,-0.2755,-15.56
0.7030,0.055142,0.012362,0.159263,0.0966,0.1926,-0.2745,-15.51
0.7040,0.055238,0.012554,0.158989,0.0957,0.1912,-0.2736,-15.47
0.7050,0.055333,0.012744,0.158716,0.0949,0.1898,-0.2727,-15.43
0.7060,0.055428,0.012933,0.158444,0.0940,0.1884,-0.2718,-15.38
0.7070,0.055521,0.013120,0.158173,0.0932,0.1870,-0.2709,-15.34
0.7080,0.055614,0.013307,0.157903,0.0924,0.1857,-0.2700,-15.30
0.7090,0.055706,0.013491,0.157633,0.0915,0.1843,-0.2690,-15.26
0.7100,0.055797,0.013675,0.157365,0.0907,0.1829,-0.2681,-15.21
0.7110,0.055887,0.013857,0.157097,0.0899,0.1816,-0.2672,-15.17
0.7120,0.055976,0.014038,0.156831,0.0890,0.1802,-0.2663,-15.13
0.7130,0.056065,0.014217,0.156565,0.0882,0.1788,-0.2655,-15.09
0.7140,0.056152,0.014395,0.156300,0.0873,0.1775,-0.2646,-15.05
0.7150,0.056239,0.014572,0.156036,0.0865,0.1761,-0.2637,-15.01
0.7160,0.056325,0.014747,0.155773,0.0857,0.1748,-0.2628,-14.97
0.7170,0.056410,0.014921,0.155511,0.0848,0.1734,-0.2619,-14.93
0.7180,0.056495,0.015093,0.155249,0.0840,0.1721,-0.2611,-14.89
0.7190,0.056578,0.015265,0.154989,0.0832,0.1707,-0.2602,-14.85
0.7200,0.056661,0.015434,0.154729,0.0823,0.1694,-0.2593,-14.81
0.7210,0.056743,0.015603,0.154470,0.0815,0.1680,-0.2585,-14.77
0.7220,0.056823,0.015770,0.154212,0.0806,0.1667,-0.2576,-14.73
0.7230,0.056904,0.015936,0.153955,0.0798,0.1654,-0.2567,-14.69
0.7240,0.056983,0.016101,0.153699,0.0790,0.1640,-0.2559,-14.65
0.7250,0.057061,0.016264,0.153444,0.0781,0.1627,-0.2551,-14.61
0.7260,0.057139,0.016426,0.153189,0.0773,0.1614,-0.2542,-14.57
0.7270,0.057216,0.016586,0.152936,0.0764,0.1600,-0.2534,-14.53
0.7280,0.057292,0.016745,0.152683,0.0756,0.1587,-0.2525,-14.50
0.7290,0.057367,0.016903,0.152431,0.0748,0.1574,-0.2517,-14.46
0.7300,0.057441,0.017060,0.152180,0.0739,0.1561,-0.2509,-14.42
0.7310,0.057514,0.017215,0.151929,0.0731,0.1547,-0.2501,-14.38
0.7320,0.057587,0.017369,0.151680,0.0723,0.1534,-0.2492,-14.35
0.7330,0.057659,0.017521,0.151431,0.0714,0.1521,-0.2484,-14.31
0.7340,0.057730,0.017673,0.151183,0.0706,0.1508,-0.2476,-14.27
0.7350,0.057800,0.017823,0.150936,0.0697,0.1495,-0.2468,-14.24
0.7360,0.057869,0.017971,0.150690,0.0689,0.1482,-0.2460,-14.20
0.7370,0.057937,0.018119,0.150444,0.0681,0.1469,-0.2452,-14.17
0.7380,0.058005,0.018265,0.150199,0.0672,0.1456,-0.2444,-14.13
0.7390,0.058071,0.018410,0.149955,0.0664,0.1443,-0.2436,-14.10
0.7400,0.058137,0.018553,0.149712,0.0656,0.1430,-0.2428,-14.06
0.7410,0.058202,0.018695,0.149470,0.0647,0.1417,-0.2420,-14.03
0.7420,0.058267,0.018836,0.149228,0.0639,0.1404,-0.2412,-13.99
0.7430,0.058330,0.018976,0.148988,0.0630,0.1391,-0.2405,-13.96
0.7440,0.058392,0.019114,0.148748,0.0622,0.1378,-0.2397,-13.92
0.7450,0.058454,0.019251,0.148509,0.0614,0.1365,-0.2389,-13.89
0.7460,0.058515,0.019387,0.148270,0.0605,0.1352,-0.2382,-13.85
0.7470,0.058575,0.019521,0.148032,0.0597,0.1340,-0.2374,-13.82
0.7480,0.058634,0.019654,0.147796,0.0588,0.1327,-0.2366,-13.79
0.7490,0.058692,0.019786,0.147559,0.0580,0.1314,-0.2359,-13.75
0.7500,0.058750,0.019917,0.147324,0.0572,0.1301,-0.2351,-13.72
0.7510,0.058807,0.020046,0.147089,0.0563,0.1289,-0.2344,-13.69
0.7520,0.058862,0.020174,0.146855,0.0555,0.1276,-0.2336,-13.66
0.7530,0.058917,0.020301,0.146622,0.0547,0.1263,-0.2329,-13.62
0.7540,0.058971,0.020426,0.146390,0.0538,0.1251,-0.2322,-13.59
0.7550,0.059025,0.020551,0.146158,0.0530,0.1238,-0.2314,-13.56
0.7560,0.059077,0.020674,0.145927,0.0522,0.1225,-0.2307,-13.53
0.7570,0.059129,0.020795,0.145697,0.0513,0.1213,-0.2300,-13.50
0.7580,0.059180,0.020916,0.145467,0.0505,0.1200,-0.2292,-13.46
0.7590,0.059230,0.021035,0.145239,0.0496,0.1188,-0.2285,-13.43
0.7600,0.059279,0.021153,0.145010,0.0488,0.1175,-0.2278,-13.40
0.7610,0.059327,0.021270,0.144783,0.0480,0.1163,-0.2271,-13.37
0.7620,0.059375,0.021385,0.144556,0.0471,0.1150,-0.2264,-13.34
0.7630,0.059421,0.021500,0.144330,0.0463,0.1138,-0.2257,-13.31
0.7640,0.059467,0.021613,0.144105,0.0455,0.1125,-0.2250,-13.28
0.7650,0.059512,0.021724,0.143881,0.0446,0.1113,-0.2243,-13.25
0.7660,0.059556,0.021835,0.143657,0.0438,0.1101,-0.2236,-13.22
0.7670,0.059599,0.021944,0.143434,0.0430,0.1088,-0.2229,-13.19
0.7680,0.059642,0.022052,0.143211,0.0421,0.1076,-0.2222,-13.16
0.7690,0.059683,0.022159,0.142989,0.0413,0.1064,-0.2215,-13.13
0.7700,0.059724,0.022265,0.142768,0.0405,0.1052,-0.2209,-13.11
0.7710,0.059764,0.022369,0.142548,0.0396,0.1039,-0.2202,-13.08
0.7720,0.059803,0.022472,0.142328,0.0388,0.1027,-0.2195,-13.05
0.7730,0.059841,0.022574,0.142109,0.0380,0.1015,-0.2188,-13.02
0.7740,0.059879,0.022675,0.141891,0.0371,0.1003,-0.2182,-12.99
0.7750,0.059916,0.022774,0.141673,0.0363,0.0991,-0.2175,-12.96
0.7760,0.059951,0.022873,0.141456,0.0355,0.0979,-0.2169,-12.94
0.7770,0.059986,0.022970,0.141239,0.0347,0.0966,-0.2162,-12.91
0.7780,0.060020,0.023066,0.141023,0.0338,0.0954,-0.2156,-12.88
0.7790,0.060054,0.023160,0.140808,0.0330,0.0942,-0.2149,-12.86
0.7800,0.060086,0.023254,0.140594,0.0322,0.0930,-0.2143,-12.83
0.7810,0.060118,0.023346,0.140380,0.0313,0.0918,-0.2136,-12.80
0.7820,0.060149,0.023437,0.140167,0.0305,0.0906,-0.2130,-12.78
0.7830,0.060179,0.023527,0.139954,0.0297,0.0895,-0.2124,-12.75
0.7840,0.060208,0.023616,0.139742,0.0288,0.0883,-0.2118,-12.72
0.7850,0.060236,0.023703,0.139531,0.0280,0.0871,-0.2111,-12.70
0.7860,0.060264,0.023790,0.139320,0.0272,0.0859,-0.2105,-12.67
0.7870,0.060290,0.023875,0.139110,0.0264,0.0847,-0.2099,-12.65
0.7880,0.060316,0.023959,0.138900,0.0255,0.0835,-0.2093,-12.62
0.7890,0.060341,0.024042,0.138691,0.0247,0.0823,-0.2087,-12.60
0.7900,0.060365,0.024123,0.138483,0.0239,0.0812,-0.2081,-12.57
0.7910,0.060389,0.024204,0.138275,0.0231,0.0800,-0.2075,-12.55
0.7920,0.060411,0.024283,0.138068,0.0222,0.0788,-0.2069,-12.52
0.7930,0.060433,0.024361,0.137862,0.0214,0.0777,-0.2063,-12.50
0.7940,0.060454,0.024438,0.137656,0.0206,0.0765,-0.2057,-12.47
0.7950,0.060474,0.024514,0.137451,0.0198,0.0753,-0.2051,-12.45
0.7960,0.060493,0.024588,0.137246,0.0189,0.0742,-0.2045,-12.42
0.7970,0.060512,0.024662,0.137042,0.0181,0.0730,-0.2039,-12.40
0.7980,0.060529,0.024734,0.136838,0.0173,0.0719,-0.2033,-12.38
0.7990,0.060546,0.024805,0.136635,0.0165,0.0707,-0.2028,-12.35
0.8000,0.060562,0.024875,0.136433,0.0157,0.0696,-0.2022,-12.33
0.8010,0.060577,0.024944,0.136231,0.0148,0.0684,-0.2016,-12.31
0.8020,0.060591,0.025012,0.136030,0.0140,0.0673,-0.2011,-12.29
0.8030,0.060605,0.025078,0.135829,0.0132,0.0661,-0.2005,-12.26
0.8040,0.060618,0.025144,0.135629,0.0124,0.0650,-0.2000,-12.24
0.8050,0.060629,0.025208,0.135429,0.0116,0.0638,-0.1994,-12.22
0.8060,0.060641,0.025271,0.135230,0.0107,0.0627,-0.1989,-12.20
0.8070,0.060651,0.025333,0.135032,0.0099,0.0616,-0.1983,-12.17
0.8080,0.060660,0.025394,0.134834,0.0091,0.0605,-0.1978,-12.15
0.8090,0.060669,0.025454,0.134636,0.0083,0.0593,-0.1972,-12.13
0.8100,0.060677,0.025512,0.134439,0.0075,0.0582,-0.1967,-12.11
0.8110,0.060683,0.025570,0.134243,0.0067,0.0571,-0.1962,-12.09
0.8120,0.060690,0.025626,0.134047,0.0058,0.0560,-0.1956,-12.07
0.8130,0.060695,0.025681,0.133852,0.0050,0.0548,-0.1951,-12.05
0.8140,0.060699,0.025736,0.133657,0.0042,0.0537,-0.1946,-12.03
0.8150,0.060703,0.025789,0.133463,0.0034,0.0526,-0.1941,-12.01
0.8160,0.060706,0.025841,0.133269,0.0026,0.0515,-0.1936,-11.99
0.8170,0.060708,0.025891,0.133076,0.0018,0.0504,-0.1930,-11.96
0.8180,0.060709,0.025941,0.132883,0.0010,0.0493,-0.1925,-11.94
0.8190,0.060710,0.025990,0.132691,0.0002,0.0482,-0.1920,-11.93
0.8200,0.060710,0.026037,0.132499,-0.0007,0.0471,-0.1915,-11.91
0.8210,0.060708,0.026084,0.132308,-0.0015,0.0460,-0.1910,-11.89
0.8220,0.060706,0.026129,0.132117,-0.0023,0.0449,-0.1905,-11.87
0.8230,0.060704,0.026173,0.131927,-0.0031,0.0438,-0.1901,-11.85
0.8240,0.060700,0.026216,0.131737,-0.0039,0.0427,-0.1896,-11.83
0.8250,0.060696,0.026258,0.131548,-0.0047,0.0417,-0.1891,-11.81
0.8260,0.060690,0.026299,0.131359,-0.0055,0.0406,-0.1886,-11.79
0.8270,0.060685,0.026339,0.131171,-0.0063,0.0395,-0.1881,-11.77
0.8280,0.060678,0.026378,0.130983,-0.0071,0.0384,-0.1877,-11.75
0.8290,0.060670,0.026416,0.130796,-0.0079,0.0373,-0.1872,-11.74
0.8300,0.060662,0.026452,0.130609,-0.0087,0.0363,-0.1867,-11.72
0.8310,0.060652,0.026488,0.130422,-0.0095,0.0352,-0.1863,-11.70
0.8320,0.060642,0.026523,0.130236,-0.0103,0.0341,-0.1858,-11.68
0.8330,0.060632,0.026556,0.130051,-0.0111,0.0331,-0.1853,-11.66
0.8340,0.060620,0.026589,0.129866,-0.0119,0.0320,-0.1849,-11.65
0.8350,0.060608,0.026620,0.129681,-0.0127,0.0310,-0.1844,-11.63
0.8360,0.060594,0.026650,0.129497,-0.0135,0.0299,-0.1840,-11.61
0.8370,0.060580,0.026679,0.129313,-0.0143,0.0288,-0.1836,-11.60
0.8380,0.060566,0.026708,0.129130,-0.0151,0.0278,-0.1831,-11.58
0.8390,0.060550,0.026735,0.128947,-0.0159,0.0267,-0.1827,-11.56
0.8400,0.060534,0.026761,0.128765,-0.0167,0.0257,-0.1822,-11.55
0.8410,0.060516,0.026786,0.128583,-0.0175,0.0247,-0.1818,-11.53
0.8420,0.060498,0.026810,0.128401,-0.0183,0.0236,-0.1814,-11.51
0.8430,0.060480,0.026833,0.128220,-0.0191,0.0226,-0.1810,-11.50
0.8440,0.060460,0.026855,0.128039,-0.0199,0.0215,-0.1805,-11.48
0.8450,0.060440,0.026876,0.127859,-0.0207,0.0205,-0.1801,-11.46
0.8460,0.060419,0.026896,0.127679,-0.0214,0.0195,-0.1797,-11.45
0.8470,0.060397,0.026914,0.127500,-0.0222,0.0185,-0.1793,-11.43
0.8480,0.060374,0.026932,0.127321,-0.0230,0.0174,-0.1789,-11.42
0.8490,0.060350,0.026949,0.127142,-0.0238,0.0164,-0.1785,-11.40
0.8500,0.060326,0.026965,0.126964,-0.0246,0.0154,-0.1781,-11.39
0.8510,0.060301,0.026980,0.126786,-0.0254,0.0144,-0.1777,-11.37
0.8520,0.060275,0.026993,0.126608,-0.0262,0.0134,-0.1773,-11.36
0.8530,0.060249,0.027006,0.126431,-0.0269,0.0124,-0.1769,-11.34
0.8540,0.060221,0.027018,0.126255,-0.0277,0.0114,-0.1765,-11.33
0.8550,0.060193,0.027029,0.126078,-0.0285,0.0104,-0.1762,-11.31
0.8560,0.060164,0.027038,0.125902,-0.0293,0.0094,-0.1758,-11.30
0.8570,0.060134,0.027047,0.125727,-0.0301,0.0084,-0.1754,-11.29
0.8580,0.060104,0.027055,0.125552,-0.0308,0.0074,-0.1750,-11.27
0.8590,0.060072,0.027061,0.125377,-0.0316,0.0064,-0.1747,-11.26
0.8600,0.060040,0.027067,0.125203,-0.0324,0.0054,-0.1743,-11.24
0.8610,0.060007,0.027072,0.125029,-0.0332,0.0044,-0.1739,-11.23
0.8620,0.059974,0.027076,0.124855,-0.0340,0.0034,-0.1736,-11.22
0.8630,0.059939,0.027079,0.124681,-0.0347,0.0024,-0.1732,-11.20
0.8640,0.059904,0.027080,0.124508,-0.0355,0.0014,-0.1728,-11.19
0.8650,0.059868,0.027081,0.124336,-0.0363,0.0005,-0.1725,-11.18
0.8660,0.059831,0.027081,0.124164,-0.0370,-0.0005,-0.1721,-11.16
0.8670,0.059794,0.027080,0.123992,-0.0378,-0.0015,-0.1718,-11.15
0.8680,0.059755,0.027078,0.123820,-0.0386,-0.0024,-0.1715,-11.14
0.8690,0.059716,0.027075,0.123649,-0.0394,-0.0034,-0.1711,-11.13
0.8700,0.059677,0.027071,0.123478,-0.0401,-0.0044,-0.1708,-11.11
0.8710,0.059636,0.027066,0.123307,-0.0409,-0.0053,-0.1705,-11.10
0.8720,0.059595,0.027060,0.123137,-0.0416,-0.0063,-0.1701,-11.09
0.8730,0.059552,0.027053,0.122967,-0.0424,-0.0072,-0.1698,-11.08
0.8740,0.059510,0.027045,0.122798,-0.0432,-0.0082,-0.1695,-11.07
0.8750,0.059466,0.027036,0.122628,-0.0439,-0.0091,-0.1692,-11.05
0.8760,0.059421,0.027027,0.122459,-0.0447,-0.0101,-0.1688,-11.04
0.8770,0.059376,0.027016,0.122291,-0.0455,-0.0110,-0.1685,-11.03
0.8780,0.059330,0.027004,0.122122,-0.0462,-0.0120,-0.1682,-11.02
0.8790,0.059284,0.026992,0.121954,-0.0470,-0.0129,-0.1679,-11.01
0.8800,0.059236,0.026978,0.121787,-0.0477,-0.0138,-0.1676,-11.00
0.8810,0.059188,0.026964,0.121619,-0.0485,-0.0148,-0.1673,-10.99
0.8820,0.059139,0.026949,0.121452,-0.0492,-0.0157,-0.1670,-10.98
0.8830,0.059089,0.026932,0.121285,-0.0500,-0.0166,-0.1667,-10.96
0.8840,0.059039,0.026915,0.121119,-0.0507,-0.0175,-0.1664,-10.95
0.8850,0.058988,0.026897,0.120953,-0.0515,-0.0185,-0.1661,-10.94
0.8860,0.058936,0.026878,0.120787,-0.0522,-0.0194,-0.1658,-10.93
0.8870,0.058883,0.026858,0.120621,-0.0530,-0.0203,-0.1656,-10.92
0.8880,0.058830,0.026837,0.120456,-0.0537,-0.0212,-0.1653,-10.91
0.8890,0.058775,0.026815,0.120290,-0.0545,-0.0221,-0.1650,-10.90
0.8900,0.058720,0.026793,0.120126,-0.0552,-0.0230,-0.1647,-10.89
0.8910,0.058665,0.026769,0.119961,-0.0560,-0.0239,-0.1645,-10.88
0.8920,0.058608,0.026745,0.119797,-0.0567,-0.0248,-0.1642,-10.87
0.8930,0.058551,0.026719,0.119633,-0.0575,-0.0257,-0.1639,-10.86
0.8940,0.058493,0.026693,0.119469,-0.0582,-0.0266,-0.1637,-10.85
0.8950,0.058435,0.026666,0.119306,-0.0589,-0.0275,-0.1634,-10.84
0.8960,0.058375,0.026638,0.119142,-0.0597,-0.0284,-0.1631,-10.83
0.8970,0.058315,0.026609,0.118979,-0.0604,-0.0293,-0.1629,-10.83
0.8980,0.058254,0.026579,0.118817,-0.0611,-0.0302,-0.1626,-10.82
0.8990,0.058193,0.026548,0.118654,-0.0619,-0.0310,-0.1624,-10.81
0.9000,0.058130,0.026517,0.118492,-0.0626,-0.0319,-0.1621,-10.80
0.9010,0.058067,0.026484,0.118330,-0.0633,-0.0328,-0.1619,-10.79
0.9020,0.058003,0.026451,0.118168,-0.0641,-0.0337,-0.1617,-10.78
0.9030,0.057939,0.026417,0.118007,-0.0648,-0.0345,-0.1614,-10.77
0.9040,0.057874,0.026381,0.117845,-0.0655,-0.0354,-0.1612,-10.76
0.9050,0.057808,0.026346,0.117684,-0.0663,-0.0363,-0.1610,-10.75
0.9060,0.057741,0.026309,0.117523,-0.0670,-0.0371,-0.1607,-10.75
0.9070,0.057673,0.026271,0.117363,-0.0677,-0.0380,-0.1605,-10.74
0.9080,0.057605,0.026233,0.117203,-0.0684,-0.0388,-0.1603,-10.73
0.9090,0.057536,0.026193,0.117042,-0.0691,-0.0397,-0.1601,-10.72
0.9100,0.057467,0.026153,0.116882,-0.0699,-0.0405,-0.1599,-10.71
0.9110,0.057397,0.026112,0.116723,-0.0706,-0.0414,-0.1596,-10.71
0.9120,0.057325,0.026070,0.116563,-0.0713,-0.0422,-0.1594,-10.70
0.9130,0.057254,0.026027,0.116404,-0.0720,-0.0431,-0.1592,-10.69
0.9140,0.057181,0.025984,0.116245,-0.0727,-0.0439,-0.1590,-10.68
0.9150,0.057108,0.025939,0.116086,-0.0734,-0.0447,-0.1588,-10.68
0.9160,0.057034,0.025894,0.115927,-0.0742,-0.0456,-0.1586,-10.67
0.9170,0.056960,0.025848,0.115769,-0.0749,-0.0464,-0.1584,-10.66
0.9180,0.056884,0.025801,0.115610,-0.0756,-0.0472,-0.1582,-10.65
0.9190,0.056808,0.025753,0.115452,-0.0763,-0.0480,-0.1580,-10.65
0.9200,0.056732,0.025705,0.115294,-0.0770,-0.0489,-0.1578,-10.64
0.9210,0.056654,0.025655,0.115137,-0.0777,-0.0497,-0.1577,-10.63
0.9220,0.056576,0.025605,0.114979,-0.0784,-0.0505,-0.1575,-10.63
0.9230,0.056497,0.025554,0.114822,-0.0791,-0.0513,-0.1573,-10.62
0.9240,0.056418,0.025502,0.114665,-0.0798,-0.0521,-0.1571,-10.61
0.9250,0.056337,0.025450,0.114508,-0.0805,-0.0529,-0.1569,-10.61
0.9260,0.056257,0.025396,0.114351,-0.0812,-0.0537,-0.1568,-10.60
0.9270,0.056175,0.025342,0.114194,-0.0819,-0.0545,-0.1566,-10.59
0.9280,0.056093,0.025287,0.114038,-0.0826,-0.0553,-0.1564,-10.59
0.9290,0.056010,0.025231,0.113881,-0.0833,-0.0561,-0.1563,-10.58
0.9300,0.055926,0.025175,0.113725,-0.0840,-0.0569,-0.1561,-10.58
0.9310,0.055841,0.025117,0.113569,-0.0847,-0.0577,-0.1560,-10.57
0.9320,0.055756,0.025059,0.113413,-0.0853,-0.0585,-0.1558,-10.56
0.9330,0.055671,0.025000,0.113258,-0.0860,-0.0592,-0.1556,-10.56
0.9340,0.055584,0.024941,0.113102,-0.0867,-0.0600,-0.1555,-10.55
0.9350,0.055497,0.024880,0.112947,-0.0874,-0.0608,-0.1553,-10.55
0.9360,0.055409,0.024819,0.112791,-0.0881,-0.0616,-0.1552,-10.54
0.9370,0.055321,0.024757,0.112636,-0.0888,-0.0623,-0.1551,-10.54
0.9380,0.055231,0.024694,0.112481,-0.0894,-0.0631,-0.1549,-10.53
0.9390,0.055142,0.024630,0.112326,-0.0901,-0.0639,-0.1548,-10.52
0.9400,0.055051,0.024566,0.112172,-0.0908,-0.0646,-0.1546,-10.52
0.9410,0.054960,0.024501,0.112017,-0.0915,-0.0654,-0.1545,-10.51
0.9420,0.054868,0.024435,0.111863,-0.0922,-0.0661,-0.1544,-10.51
0.9430,0.054775,0.024369,0.111708,-0.0928,-0.0669,-0.1543,-10.50
0.9440,0.054682,0.024301,0.111554,-0.0935,-0.0676,-0.1541,-10.50
0.9450,0.054588,0.024233,0.111400,-0.0942,-0.0684,-0.1540,-10.49
0.9460,0.054494,0.024164,0.111246,-0.0948,-0.0691,-0.1539,-10.49
0.9470,0.054398,0.024095,0.111092,-0.0955,-0.0699,-0.1538,-10.48
0.9480,0.054302,0.024024,0.110939,-0.0962,-0.0706,-0.1537,-10.48
0.9490,0.054206,0.023953,0.110785,-0.0968,-0.0713,-0.1535,-10.48
0.9500,0.054109,0.023882,0.110632,-0.0975,-0.0721,-0.1534,-10.47
0.9510,0.054011,0.023809,0.110478,-0.0981,-0.0728,-0.1533,-10.47
0.9520,0.053912,0.023736,0.110325,-0.0988,-0.0735,-0.1532,-10.46
0.9530,0.053813,0.023662,0.110172,-0.0995,-0.0742,-0.1531,-10.46
0.9540,0.053713,0.023587,0.110019,-0.1001,-0.0749,-0.1530,-10.45
0.9550,0.053613,0.023512,0.109866,-0.1008,-0.0757,-0.1529,-10.45
0.9560,0.053511,0.023436,0.109713,-0.1014,-0.0764,-0.1528,-10.44
0.9570,0.053410,0.023359,0.109560,-0.1021,-0.0771,-0.1527,-10.44
0.9580,0.053307,0.023281,0.109408,-0.1027,-0.0778,-0.1526,-10.44
0.9590,0.053204,0.023203,0.109255,-0.1034,-0.0785,-0.1526,-10.43
0.9600,0.053100,0.023124,0.109102,-0.1040,-0.0792,-0.1525,-10.43
0.9610,0.052996,0.023045,0.108950,-0.1046,-0.0799,-0.1524,-10.43
0.9620,0.052891,0.022964,0.108798,-0.1053,-0.0806,-0.1523,-10.42
0.9630,0.052785,0.022883,0.108645,-0.1059,-0.0813,-0.1522,-10.42
0.9640,0.052679,0.022802,0.108493,-0.1066,-0.0820,-0.1522,-10.41
0.9650,0.052572,0.022719,0.108341,-0.1072,-0.0826,-0.1521,-10.41
0.9660,0.052464,0.022636,0.108189,-0.1078,-0.0833,-0.1520,-10.41
0.9670,0.052356,0.022552,0.108037,-0.1085,-0.0840,-0.1519,-10.40
0.9680,0.052247,0.022468,0.107885,-0.1091,-0.0847,-0.1519,-10.40
0.9690,0.052138,0.022383,0.107733,-0.1097,-0.0854,-0.1518,-10.40
0.9700,0.052027,0.022297,0.107582,-0.1104,-0.0860,-0.1518,-10.39
0.9710,0.051917,0.022211,0.107430,-0.1110,-0.0867,-0.1517,-10.39
0.9720,0.051805,0.022124,0.107278,-0.1116,-0.0874,-0.1516,-10.39
0.9730,0.051693,0.022036,0.107127,-0.1122,-0.0880,-0.1516,-10.38
0.9740,0.051581,0.021947,0.106975,-0.1129,-0.0887,-0.1515,-10.38
0.9750,0.051467,0.021858,0.106824,-0.1135,-0.0893,-0.1515,-10.38
0.9760,0.051354,0.021769,0.106672,-0.1141,-0.0900,-0.1514,-10.37
0.9770,0.051239,0.021678,0.106521,-0.1147,-0.0906,-0.1514,-10.37
0.9780,0.051124,0.021587,0.106369,-0.1153,-0.0913,-0.1513,-10.37
0.9790,0.051008,0.021495,0.106218,-0.1159,-0.0919,-0.1513,-10.37
0.9800,0.050892,0.021403,0.106067,-0.1165,-0.0926,-0.1513,-10.36
0.9810,0.050775,0.021310,0.105916,-0.1172,-0.0932,-0.1512,-10.36
0.9820,0.050658,0.021217,0.105764,-0.1178,-0.0938,-0.1512,-10.36
0.9830,0.050539,0.021122,0.105613,-0.1184,-0.0945,-0.1512,-10.36
0.9840,0.050421,0.021028,0.105462,-0.1190,-0.0951,-0.1511,-10.35
0.9850,0.050301,0.020932,0.105311,-0.1196,-0.0957,-0.1511,-10.35
0.9860,0.050181,0.020836,0.105160,-0.1202,-0.0963,-0.1511,-10.35
0.9870,0.050061,0.020739,0.105009,-0.1208,-0.0969,-0.1510,-10.35
0.9880,0.049940,0.020642,0.104858,-0.1214,-0.0976,-0.1510,-10.34
0.9890,0.049818,0.020544,0.104707,-0.1220,-0.0982,-0.1510,-10.34
0.9900,0.049696,0.020445,0.104556,-0.1225,-0.0988,-0.1510,-10.34
0.9910,0.049573,0.020346,0.104405,-0.1231,-0.0994,-0.1510,-10.34
0.9920,0.049449,0.020246,0.104254,-0.1237,-0.1000,-0.1510,-10.33
0.9930,0.049325,0.020146,0.104103,-0.1243,-0.1006,-0.1509,-10.33
0.9940,0.049200,0.020045,0.103952,-0.1249,-0.1012,-0.1509,-10.33
0.9950,0.049075,0.019944,0.103801,-0.1255,-0.1018,-0.1509,-10.33
0.9960,0.048949,0.019841,0.103650,-0.1261,-0.1024,-0.1509,-10.33
0.9970,0.048823,0.019739,0.103499,-0.1266,-0.1030,-0.1509,-10.32
0.9980,0.048696,0.019635,0.103348,-0.1272,-0.1035,-0.1509,-10.32
0.9990,0.048568,0.019531,0.103197,-0.1278,-0.1041,-0.1509,-10.32
1.0000,0.048440,0.019427,0.103046,-0.1284,-0.1047,-0.1509,-10.32
1.0100,0.047128,0.018351,0.101537,-0.1340,-0.1103,-0.1511,-10.30
1.0200,0.045760,0.017220,0.100024,-0.1394,-0.1156,-0.1514,-10.29
1.0300,0.044338,0.016038,0.098508,-0.1447,-0.1207,-0.1519,-10.28
1.0400,0.042866,0.014807,0.096985,-0.1497,-0.1254,-0.1526,-10.27
1.0500,0.041344,0.013530,0.095455,-0.1545,-0.1298,-0.1534,-10.26
1.0600,0.039775,0.012212,0.093916,-0.1591,-0.1339,-0.1544,-10.25
1.0700,0.038161,0.010853,0.092366,-0.1635,-0.1376,-0.1556,-10.25
1.0800,0.036504,0.009459,0.090804,-0.1677,-0.1411,-0.1568,-10.24
1.0900,0.034807,0.008031,0.089229,-0.1716,-0.1443,-0.1582,-10.23
1.1000,0.033072,0.006572,0.087640,-0.1753,-0.1472,-0.1597,-10.22
1.1100,0.031301,0.005087,0.086035,-0.1788,-0.1498,-0.1612,-10.21
1.1200,0.029496,0.003577,0.084414,-0.1820,-0.1521,-0.1629,-10.20
1.1300,0.027660,0.002045,0.082776,-0.1850,-0.1541,-0.1647,-10.19
1.1400,0.025795,0.000495,0.081120,-0.1878,-0.1558,-0.1665,-10.17
1.1500,0.023904,-0.001071,0.079446,-0.1903,-0.1572,-0.1683,-10.15
1.1600,0.021989,-0.002649,0.077753,-0.1926,-0.1584,-0.1702,-10.12
1.1700,0.020053,-0.004238,0.076041,-0.1946,-0.1592,-0.1722,-10.10
1.1800,0.018097,-0.005834,0.074309,-0.1964,-0.1598,-0.1741,-10.06
1.1900,0.016125,-0.007434,0.072558,-0.1979,-0.1601,-0.1761,-10.03
1.2000,0.014139,-0.009035,0.070787,-0.1992,-0.1602,-0.1781,-9.99
1.2100,0.012142,-0.010636,0.068995,-0.2002,-0.1599,-0.1801,-9.94
1.2200,0.010135,-0.012233,0.067184,-0.2010,-0.1594,-0.1821,-9.89
1.2300,0.008122,-0.013824,0.065354,-0.2015,-0.1587,-0.1840,-9.83
1.2400,0.006105,-0.015406,0.063504,-0.2018,-0.1577,-0.1859,-9.77
1.2500,0.004086,-0.016976,0.061635,-0.2019,-0.1564,-0.1878,-9.70
1.2600,0.002068,-0.018533,0.059748,-0.2016,-0.1549,-0.1896,-9.63
1.2700,0.000054,-0.020073,0.057842,-0.2012,-0.1532,-0.1914,-9.55
1.2800,-0.001954,-0.021595,0.055919,-0.2005,-0.1512,-0.1931,-9.46
1.2900,-0.003954,-0.023095,0.053979,-0.1995,-0.1490,-0.1948,-9.37
1.3000,-0.005944,-0.024573,0.052023,-0.1983,-0.1465,-0.1964,-9.27
1.3100,-0.007920,-0.026025,0.050052,-0.1969,-0.1439,-0.1978,-9.16
1.3200,-0.009880,-0.027449,0.048066,-0.1952,-0.1410,-0.1992,-9.05
1.3300,-0.011823,-0.028844,0.046067,-0.1933,-0.1379,-0.2006,-8.93
1.3400,-0.013746,-0.030206,0.044055,-0.1912,-0.1347,-0.2018,-8.81
1.3500,-0.015646,-0.031535,0.042032,-0.1888,-0.1312,-0.2029,-8.68
1.3600,-0.017521,-0.032829,0.039998,-0.1862,-0.1275,-0.2038,-8.54
1.3700,-0.019369,-0.034084,0.037955,-0.1834,-0.1237,-0.2047,-8.39
1.3800,-0.021188,-0.035301,0.035904,-0.1804,-0.1197,-0.2055,-8.24
1.3900,-0.022975,-0.036476,0.033846,-0.1772,-0.1155,-0.2061,-8.09
1.4000,-0.024730,-0.037609,0.031783,-0.1737,-0.1111,-0.2066,-7.92
1.4100,-0.026448,-0.038697,0.029715,-0.1701,-0.1066,-0.2069,-7.75
1.4200,-0.028129,-0.039739,0.027644,-0.1662,-0.1019,-0.2072,-7.58
1.4300,-0.029771,-0.040734,0.025572,-0.1622,-0.0971,-0.2073,-7.40
1.4400,-0.031371,-0.041680,0.023500,-0.1580,-0.0922,-0.2072,-7.21
1.4500,-0.032928,-0.042576,0.021429,-0.1535,-0.0871,-0.2070,-7.02
1.4600,-0.034441,-0.043421,0.019360,-0.1490,-0.0819,-0.2066,-6.82
1.4700,-0.035906,-0.044213,0.017296,-0.1442,-0.0766,-0.2062,-6.61
1.4800,-0.037323,-0.044952,0.015238,-0.1393,-0.0712,-0.2055,-6.40
1.4900,-0.038690,-0.045636,0.013187,-0.1342,-0.0657,-0.2047,-6.19
1.5000,-0.040005,-0.046264,0.011145,-0.1290,-0.0601,-0.2038,-5.97
1.5100,-0.041267,-0.046836,0.009113,-0.1236,-0.0544,-0.2026,-5.74
1.5200,-0.042475,-0.047351,0.007092,-0.1181,-0.0487,-0.2014,-5.51
1.5300,-0.043627,-0.047808,0.005086,-0.1124,-0.0428,-0.2000,-5.28
1.5400,-0.044722,-0.048206,0.003094,-0.1067,-0.0369,-0.1984,-5.04
1.5500,-0.045759,-0.048545,0.001119,-0.1008,-0.0310,-0.1967,-4.79
1.5600,-0.046737,-0.048824,-0.000838,-0.0948,-0.0250,-0.1948,-4.54
1.5700,-0.047654,-0.049044,-0.002775,-0.0887,-0.0190,-0.1927,-4.29
1.5800,-0.048509,-0.049203,-0.004691,-0.0825,-0.0130,-0.1905,-4.04
1.5900,-0.049303,-0.049302,-0.006585,-0.0763,-0.0069,-0.1882,-3.78
1.6000,-0.050033,-0.049340,-0.008453,-0.0699,-0.0008,-0.1856,-3.52
1.6100,-0.050700,-0.049317,-0.010296,-0.0635,0.0052,-0.1830,-3.25
1.6200,-0.051302,-0.049233,-0.012112,-0.0571,0.0113,-0.1801,-2.99
1.6300,-0.051839,-0.049090,-0.013898,-0.0505,0.0173,-0.1772,-2.72
1.6400,-0.052311,-0.048885,-0.015654,-0.0440,0.0234,-0.1740,-2.44
1.6500,-0.052717,-0.048621,-0.017377,-0.0374,0.0294,-0.1708,-2.17
1.6600,-0.053056,-0.048297,-0.019068,-0.0307,0.0353,-0.1673,-1.89
1.6700,-0.053329,-0.047913,-0.020723,-0.0241,0.0412,-0.1638,-1.62
1.6800,-0.053536,-0.047471,-0.022342,-0.0174,0.0471,-0.1601,-1.34
1.6900,-0.053675,-0.046971,-0.023923,-0.0107,0.0528,-0.1562,-1.06
1.7000,-0.053748,-0.046413,-0.025464,-0.0041,0.0585,-0.1522,-0.78
1.7100,-0.053755,-0.045799,-0.026966,0.0026,0.0642,-0.1481,-0.50
1.7200,-0.053695,-0.045129,-0.028425,0.0092,0.0697,-0.1438,-0.22
1.7300,-0.053569,-0.044404,-0.029841,0.0158,0.0752,-0.1394,0.06
1.7400,-0.053377,-0.043625,-0.031212,0.0224,0.0805,-0.1349,0.34
1.7500,-0.053120,-0.042793,-0.032537,0.0289,0.0857,-0.1303,0.62
1.7600,-0.052798,-0.041909,-0.033816,0.0354,0.0908,-0.1255,0.90
1.7700,-0.052411,-0.040975,-0.035047,0.0418,0.0958,-0.1207,1.17
1.7800,-0.051961,-0.039992,-0.036228,0.0481,0.1007,-0.1157,1.45
1.7900,-0.051448,-0.038961,-0.037358,0.0544,0.1054,-0.1106,1.72
1.8000,-0.050873,-0.037883,-0.038438,0.0605,0.1100,-0.1054,1.99
1.8100,-0.050236,-0.036760,-0.039465,0.0666,0.1144,-0.1001,2.26
1.8200,-0.049539,-0.035593,-0.040439,0.0726,0.1187,-0.0947,2.52
1.8300,-0.048783,-0.034385,-0.041358,0.0785,0.1228,-0.0893,2.78
1.8400,-0.047969,-0.033136,-0.042223,0.0842,0.1268,-0.0837,3.04
1.8500,-0.047098,-0.031849,-0.043031,0.0899,0.1306,-0.0781,3.29
1.8600,-0.046171,-0.030524,-0.043783,0.0954,0.1342,-0.0724,3.54
1.8700,-0.045189,-0.029164,-0.044478,0.1008,0.1376,-0.0667,3.79
1.8800,-0.044155,-0.027771,-0.045116,0.1060,0.1409,-0.0609,4.02
1.8900,-0.043068,-0.026346,-0.045694,0.1111,0.1440,-0.0550,4.26
1.9000,-0.041932,-0.024892,-0.046215,0.1160,0.1468,-0.0491,4.49
1.9100,-0.040747,-0.023409,-0.046675,0.1208,0.1495,-0.0432,4.71
1.9200,-0.039515,-0.021901,-0.047077,0.1255,0.1520,-0.0372,4.93
1.9300,-0.038237,-0.020369,-0.047418,0.1299,0.1543,-0.0312,5.14
1.9400,-0.036915,-0.018814,-0.047700,0.1342,0.1564,-0.0252,5.34
1.9500,-0.035552,-0.017240,-0.047921,0.1383,0.1583,-0.0192,5.54
1.9600,-0.034148,-0.015648,-0.048082,0.1423,0.1600,-0.0132,5.73
1.9700,-0.032706,-0.014039,-0.048184,0.1460,0.1615,-0.0072,5.91
1.9800,-0.031227,-0.012417,-0.048225,0.1496,0.1628,-0.0012,6.08
1.9900,-0.029714,-0.010783,-0.048206,0.1530,0.1639,0.0048,6.25
2.0000,-0.028168,-0.009139,-0.048127,0.1561,0.1648,0.0108,6.41
2.0100,-0.026591,-0.007488,-0.047989,0.1591,0.1655,0.0167,6.56
2.0200,-0.024986,-0.005830,-0.047792,0.1619,0.1659,0.0226,6.70
2.0300,-0.023354,-0.004169,-0.047537,0.1644,0.1662,0.0284,6.84
2.0400,-0.021697,-0.002507,-0.047223,0.1668,0.1663,0.0342,6.96
2.0500,-0.020018,-0.000845,-0.046852,0.1689,0.1661,0.0399,7.08
2.0600,-0.018318,0.000815,-0.046425,0.1709,0.1658,0.0455,7.18
2.0700,-0.016600,0.002471,-0.045941,0.1726,0.1653,0.0511,7.28
2.0800,-0.014866,0.004120,-0.045403,0.1741,0.1645,0.0565,7.37
2.0900,-0.013118,0.005760,-0.044810,0.1754,0.1636,0.0619,7.45
2.1000,-0.011358,0.007390,-0.044163,0.1765,0.1625,0.0672,7.52
2.1100,-0.009589,0.009008,-0.043465,0.1774,0.1611,0.0724,7.58
2.1200,-0.007812,0.010612,-0.042715,0.1780,0.1596,0.0775,7.64
2.1300,-0.006029,0.012200,-0.041915,0.1784,0.1579,0.0824,7.68
2.1400,-0.004244,0.013769,-0.041066,0.1786,0.1560,0.0872,7.71
2.1500,-0.002458,0.015319,-0.040169,0.1786,0.1539,0.0919,7.73
2.1600,-0.000672,0.016847,-0.039226,0.1784,0.1517,0.0965,7.75
2.1700,0.001109,0.018352,-0.038238,0.1779,0.1493,0.1009,7.75
2.1800,0.002886,0.019831,-0.037207,0.1773,0.1467,0.1052,7.75
2.1900,0.004654,0.021284,-0.036133,0.1764,0.1439,0.1094,7.74
2.2000,0.006413,0.022708,-0.035019,0.1753,0.1410,0.1134,7.71
2.2100,0.008160,0.024102,-0.033865,0.1740,0.1379,0.1172,7.68
2.2200,0.009893,0.025464,-0.032674,0.1725,0.1346,0.1209,7.64
2.2300,0.011610,0.026793,-0.031447,0.1708,0.1312,0.1244,7.59
2.2400,0.013308,0.028087,-0.030186,0.1689,0.1277,0.1277,7.53
2.2500,0.014987,0.029345,-0.028893,0.1668,0.1240,0.1309,7.46
2.2600,0.016643,0.030565,-0.027568,0.1645,0.1201,0.1339,7.39
2.2700,0.018275,0.031746,-0.026215,0.1620,0.1161,0.1367,7.30
2.2800,0.019882,0.032886,-0.024834,0.1593,0.1120,0.1394,7.21
2.2900,0.021460,0.033985,-0.023427,0.1564,0.1078,0.1418,7.11
2.3000,0.023008,0.035041,-0.021997,0.1533,0.1035,0.1441,7.00
2.3100,0.024525,0.036053,-0.020545,0.1501,0.0990,0.1462,6.88
2.3200,0.026009,0.037019,-0.019073,0.1467,0.0944,0.1481,6.76
2.3300,0.027458,0.037940,-0.017582,0.1431,0.0897,0.1499,6.63
2.3400,0.028870,0.038812,-0.016076,0.1393,0.0849,0.1514,6.49
2.3500,0.030243,0.039637,-0.014555,0.1354,0.0801,0.1528,6.34
2.3600,0.031576,0.040412,-0.013021,0.1313,0.0751,0.1539,6.19
2.3700,0.032868,0.041137,-0.011476,0.1271,0.0700,0.1549,6.03
2.3800,0.034117,0.041812,-0.009923,0.1228,0.0649,0.1557,5.86
2.3900,0.035322,0.042434,-0.008363,0.1182,0.0597,0.1563,5.69
2.4000,0.036481,0.043005,-0.006798,0.1136,0.0545,0.1567,5.51
2.4100,0.037593,0.043522,-0.005229,0.1088,0.0492,0.1569,5.32
2.4200,0.038656,0.043986,-0.003659,0.1039,0.0438,0.1570,5.13
2.4300,0.039670,0.044396,-0.002090,0.0989,0.0384,0.1568,4.94
2.4400,0.040633,0.044752,-0.000523,0.0938,0.0329,0.1565,4.74
2.4500,0.041545,0.045053,0.001040,0.0886,0.0274,0.1560,4.53
2.4600,0.042404,0.045299,0.002596,0.0833,0.0219,0.1553,4.32
2.4700,0.043209,0.045490,0.004145,0.0779,0.0164,0.1544,4.11
2.4800,0.043960,0.045626,0.005684,0.0724,0.0109,0.1534,3.89
2.4900,0.044655,0.045706,0.007212,0.0668,0.0053,0.1521,3.67
2.5000,0.045295,0.045731,0.008726,0.0612,-0.0002,0.1507,3.44
2.5100,0.045878,0.045701,0.010225,0.0555,-0.0058,0.1492,3.21
2.5200,0.046403,0.045615,0.011708,0.0498,-0.0113,0.1474,2.98
2.5300,0.046871,0.045474,0.013173,0.0440,-0.0168,0.1455,2.74
2.5400,0.047281,0.045278,0.014617,0.0381,-0.0222,0.1434,2.50
2.5500,0.047632,0.045028,0.016039,0.0323,-0.0277,0.1411,2.26
2.5600,0.047924,0.044724,0.017439,0.0264,-0.0330,0.1387,2.02
2.5700,0.048158,0.044366,0.018813,0.0204,-0.0384,0.1362,1.77
2.5800,0.048332,0.043955,0.020161,0.0145,-0.0437,0.1334,1.53
2.5900,0.048446,0.043492,0.021481,0.0086,-0.0489,0.1306,1.28
2.6000,0.048502,0.042977,0.022771,0.0027,-0.0540,0.1275,1.03
2.6100,0.048498,0.042411,0.024030,-0.0032,-0.0591,0.1244,0.78
2.6200,0.048436,0.041794,0.025257,-0.0091,-0.0641,0.1211,0.53
2.6300,0.048314,0.041128,0.026450,-0.0150,-0.0690,0.1176,0.28
2.6400,0.048134,0.040414,0.027608,-0.0208,-0.0738,0.1140,0.03
2.6500,0.047896,0.039652,0.028730,-0.0266,-0.0785,0.1103,-0.22
2.6600,0.047600,0.038844,0.029813,-0.0324,-0.0831,0.1065,-0.47
2.6700,0.047247,0.037990,0.030858,-0.0381,-0.0875,0.1025,-0.72
2.6800,0.046837,0.037092,0.031863,-0.0437,-0.0919,0.0985,-0.96
2.6900,0.046371,0.036152,0.032826,-0.0493,-0.0961,0.0943,-1.21
2.7000,0.045850,0.035169,0.033747,-0.0548,-0.1002,0.0900,-1.45
2.7100,0.045275,0.034146,0.034625,-0.0602,-0.1042,0.0856,-1.69
2.7200,0.044645,0.033084,0.035458,-0.0655,-0.1081,0.0811,-1.93
2.7300,0.043963,0.031985,0.036246,-0.0708,-0.1117,0.0766,-2.17
2.7400,0.043229,0.030849,0.036988,-0.0759,-0.1153,0.0719,-2.40
2.7500,0.042445,0.029679,0.037682,-0.0809,-0.1187,0.0672,-2.63
2.7600,0.041610,0.028475,0.038329,-0.0858,-0.1219,0.0623,-2.85
2.7700,0.040727,0.027240,0.038928,-0.0906,-0.1250,0.0575,-3.07
2.7800,0.039797,0.025975,0.039477,-0.0953,-0.1279,0.0525,-3.29
2.7900,0.038821,0.024682,0.039977,-0.0998,-0.1307,0.0475,-3.50
2.8000,0.037800,0.023362,0.040426,-0.1042,-0.1332,0.0425,-3.71
2.8100,0.036735,0.022017,0.040825,-0.1085,-0.1356,0.0374,-3.91
2.8200,0.035629,0.020649,0.041172,-0.1126,-0.1379,0.0323,-4.11
2.8300,0.034482,0.019260,0.041468,-0.1166,-0.1399,0.0271,-4.30
2.8400,0.033296,0.017851,0.041713,-0.1205,-0.1418,0.0219,-4.49
2.8500,0.032072,0.016424,0.041905,-0.1241,-0.1435,0.0167,-4.67
2.8600,0.030813,0.014981,0.042046,-0.1276,-0.1450,0.0115,-4.84
2.8700,0.029519,0.013523,0.042134,-0.1310,-0.1464,0.0063,-5.01
2.8800,0.028193,0.012054,0.042170,-0.1342,-0.1475,0.0011,-5.17
2.8900,0.026835,0.010573,0.042154,-0.1372,-0.1485,-0.0041,-5.32
2.9000,0.025449,0.009084,0.042087,-0.1400,-0.1493,-0.0093,-5.47
2.9100,0.024035,0.007588,0.041967,-0.1427,-0.1499,-0.0145,-5.61
2.9200,0.022596,0.006087,0.041796,-0.1451,-0.1503,-0.0196,-5.74
2.9300,0.021132,0.004583,0.041574,-0.1474,-0.1505,-0.0247,-5.86
2.9400,0.019647,0.003077,0.041302,-0.1495,-0.1506,-0.0297,-5.98
2.9500,0.018142,0.001571,0.040979,-0.1515,-0.1505,-0.0347,-6.09
2.9600,0.016618,0.000068,0.040606,-0.1532,-0.1502,-0.0397,-6.19
2.9700,0.015078,-0.001431,0.040184,-0.1547,-0.1497,-0.0446,-6.28
2.9800,0.013524,-0.002924,0.039714,-0.1561,-0.1490,-0.0494,-6.37
2.9900,0.011957,-0.004410,0.039196,-0.1572,-0.1481,-0.0541,-6.45
3.0000,0.010380,-0.005886,0.038631,-0.1582,-0.1471,-0.0588,-6.51
3.0100,0.008794,-0.007352,0.038020,-0.1590,-0.1459,-0.0633,-6.57
3.0200,0.007201,-0.008804,0.037364,-0.1595,-0.1446,-0.0678,-6.63
3.0300,0.005603,-0.010242,0.036663,-0.1599,-0.1430,-0.0722,-6.67
3.0400,0.004003,-0.011663,0.035919,-0.1601,-0.1413,-0.0765,-6.70
3.0500,0.002402,-0.013067,0.035133,-0.1601,-0.1394,-0.0806,-6.73
3.0600,0.000802,-0.014451,0.034306,-0.1599,-0.1374,-0.0847,-6.75
3.0700,-0.000795,-0.015814,0.033439,-0.1595,-0.1352,-0.0886,-6.76
3.0800,-0.002387,-0.017154,0.032533,-0.1589,-0.1329,-0.0924,-6.76
3.0900,-0.003973,-0.018470,0.031590,-0.1581,-0.1304,-0.0961,-6.75
3.1000,-0.005549,-0.019761,0.030610,-0.1572,-0.1277,-0.0997,-6.74
3.1100,-0.007115,-0.021024,0.029596,-0.1560,-0.1249,-0.1031,-6.72
3.1200,-0.008668,-0.022258,0.028548,-0.1547,-0.1220,-0.1064,-6.68
3.1300,-0.010207,-0.023463,0.027468,-0.1531,-0.1189,-0.1095,-6.64
3.1400,-0.011730,-0.024636,0.026358,-0.1514,-0.1157,-0.1125,-6.60
3.1500,-0.013234,-0.025776,0.025218,-0.1495,-0.1124,-0.1153,-6.54
3.1600,-0.014719,-0.026882,0.024051,-0.1475,-0.1089,-0.1180,-6.48
3.1700,-0.016183,-0.027953,0.022857,-0.1452,-0.1053,-0.1206,-6.41
3.1800,-0.017623,-0.028988,0.021639,-0.1428,-0.1016,-0.1230,-6.33
3.1900,-0.019038,-0.029985,0.020398,-0.1402,-0.0978,-0.1252,-6.24
3.2000,-0.020426,-0.030943,0.019135,-0.1375,-0.0939,-0.1273,-6.15
3.2100,-0.021787,-0.031861,0.017853,-0.1346,-0.0899,-0.1292,-6.05
3.2200,-0.023117,-0.032739,0.016552,-0.1315,-0.0857,-0.1309,-5.94
3.2300,-0.024416,-0.033575,0.015235,-0.1283,-0.0815,-0.1325,-5.83
3.2400,-0.025682,-0.034368,0.013903,-0.1250,-0.0772,-0.1339,-5.71
3.2500,-0.026914,-0.035118,0.012557,-0.1215,-0.0728,-0.1351,-5.58
3.2600,-0.028110,-0.035823,0.011200,-0.1178,-0.0684,-0.1362,-5.45
3.2700,-0.029269,-0.036483,0.009833,-0.1140,-0.0638,-0.1371,-5.31
3.2800,-0.030390,-0.037098,0.008458,-0.1101,-0.0592,-0.1379,-5.16
3.2900,-0.031470,-0.037666,0.007076,-0.1061,-0.0545,-0.1384,-5.01
3.3000,-0.032510,-0.038187,0.005690,-0.1020,-0.0498,-0.1388,-4.86
3.3100,-0.033508,-0.038661,0.004300,-0.0977,-0.0450,-0.1391,-4.69
3.3200,-0.034463,-0.039086,0.002909,-0.0933,-0.0402,-0.1392,-4.53
3.3300,-0.035373,-0.039463,0.001517,-0.0888,-0.0353,-0.1391,-4.36
3.3400,-0.036238,-0.039791,0.000128,-0.0843,-0.0304,-0.1388,-4.18
3.3500,-0.037057,-0.040070,-0.001258,-0.0796,-0.0255,-0.1384,-4.00
3.3600,-0.037829,-0.040300,-0.002639,-0.0748,-0.0205,-0.1378,-3.81
3.3700,-0.038552,-0.040480,-0.004013,-0.0700,-0.0156,-0.1370,-3.62
3.3800,-0.039227,-0.040610,-0.005379,-0.0651,-0.0106,-0.1361,-3.43
3.3900,-0.039853,-0.040691,-0.006735,-0.0601,-0.0056,-0.1351,-3.23
3.4000,-0.040429,-0.040722,-0.008079,-0.0551,-0.0007,-0.1338,-3.03
3.4100,-0.040954,-0.040703,-0.009411,-0.0500,0.0043,-0.1324,-2.83
3.4200,-0.041427,-0.040635,-0.010727,-0.0449,0.0093,-0.1309,-2.62
3.4300,-0.041850,-0.040517,-0.012028,-0.0397,0.0142,-0.1292,-2.41
3.4400,-0.042220,-0.040350,-0.013311,-0.0345,0.0191,-0.1274,-2.20
3.4500,-0.042537,-0.040134,-0.014574,-0.0292,0.0240,-0.1254,-1.99
3.4600,-0.042803,-0.039870,-0.015817,-0.0239,0.0288,-0.1233,-1.77
3.4700,-0.043015,-0.039557,-0.017038,-0.0187,0.0336,-0.1210,-1.55
3.4800,-0.043174,-0.039197,-0.018236,-0.0134,0.0383,-0.1186,-1.33
3.4900,-0.043281,-0.038790,-0.019409,-0.0081,0.0430,-0.1160,-1.11
3.5000,-0.043334,-0.038337,-0.020555,-0.0028,0.0476,-0.1133,-0.89
3.5100,-0.043335,-0.037838,-0.021674,0.0025,0.0521,-0.1105,-0.67
3.5200,-0.043283,-0.037293,-0.022764,0.0078,0.0566,-0.1076,-0.45
3.5300,-0.043178,-0.036705,-0.023824,0.0130,0.0610,-0.1045,-0.23
3.5400,-0.043020,-0.036073,-0.024853,0.0183,0.0653,-0.1013,-0.00
3.5500,-0.042811,-0.035398,-0.025850,0.0235,0.0695,-0.0980,0.22
3.5600,-0.042550,-0.034682,-0.026813,0.0286,0.0736,-0.0946,0.44
3.5700,-0.042238,-0.033925,-0.027741,0.0337,0.0776,-0.0911,0.66
3.5800,-0.041875,-0.033128,-0.028634,0.0387,0.0816,-0.0875,0.88
3.5900,-0.041462,-0.032293,-0.029490,0.0437,0.0854,-0.0838,1.10
3.6000,-0.041000,-0.031421,-0.030308,0.0486,0.0890,-0.0800,1.31
3.6100,-0.040489,-0.030512,-0.031088,0.0535,0.0926,-0.0760,1.53
3.6200,-0.039930,-0.029568,-0.031828,0.0582,0.0961,-0.0721,1.74
3.6300,-0.039323,-0.028590,-0.032528,0.0629,0.0994,-0.0680,1.95
3.6400,-0.038670,-0.027580,-0.033186,0.0675,0.1026,-0.0638,2.15
3.6500,-0.037972,-0.026539,-0.033803,0.0720,0.1056,-0.0596,2.36
3.6600,-0.037229,-0.025468,-0.034377,0.0764,0.1085,-0.0553,2.56
3.6700,-0.036443,-0.024368,-0.034908,0.0807,0.1113,-0.0510,2.75
3.6800,-0.035615,-0.023242,-0.035396,0.0849,0.1139,-0.0466,2.95
3.6900,-0.034745,-0.022090,-0.035839,0.0890,0.1164,-0.0421,3.14
3.7000,-0.033835,-0.020914,-0.036238,0.0929,0.1187,-0.0377,3.32
3.7100,-0.032886,-0.019716,-0.036591,0.0967,0.1209,-0.0331,3.50
3.7200,-0.031899,-0.018497,-0.036899,0.1004,0.1229,-0.0286,3.68
3.7300,-0.030876,-0.017258,-0.037161,0.1040,0.1248,-0.0240,3.85
3.7400,-0.029819,-0.016002,-0.037377,0.1074,0.1265,-0.0194,4.01
3.7500,-0.028727,-0.014729,-0.037547,0.1107,0.1280,-0.0147,4.17
3.7600,-0.027604,-0.013442,-0.037671,0.1139,0.1294,-0.0101,4.33
3.7700,-0.026449,-0.012142,-0.037748,0.1169,0.1306,-0.0055,4.47
3.7800,-0.025266,-0.010830,-0.037779,0.1197,0.1317,-0.0008,4.62
3.7900,-0.024054,-0.009509,-0.037764,0.1224,0.1325,0.0038,4.75
3.8000,-0.022817,-0.008179,-0.037702,0.1250,0.1333,0.0084,4.89
3.8100,-0.021554,-0.006844,-0.037594,0.1274,0.1338,0.0130,5.01
3.8200,-0.020269,-0.005503,-0.037441,0.1296,0.1342,0.0176,5.13
3.8300,-0.018962,-0.004160,-0.037242,0.1317,0.1345,0.0221,5.24
3.8400,-0.017636,-0.002815,-0.036998,0.1336,0.1345,0.0266,5.34
3.8500,-0.016292,-0.001470,-0.036709,0.1353,0.1344,0.0310,5.44
3.8600,-0.014931,-0.000126,-0.036376,0.1368,0.1342,0.0354,5.53
3.8700,-0.013555,0.001213,-0.036000,0.1382,0.1338,0.0398,5.61
3.8800,-0.012166,0.002548,-0.035580,0.1394,0.1332,0.0441,5.69
3.8900,-0.010766,0.003876,-0.035118,0.1405,0.1324,0.0483,5.76
3.9000,-0.009357,0.005196,-0.034613,0.1414,0.1315,0.0524,5.82
3.9100,-0.007940,0.006506,-0.034068,0.1421,0.1305,0.0565,5.87
3.9200,-0.006516,0.007805,-0.033482,0.1426,0.1293,0.0605,5.92
3.9300,-0.005088,0.009091,-0.032857,0.1429,0.1279,0.0644,5.96
3.9400,-0.003658,0.010363,-0.032194,0.1431,0.1264,0.0682,5.99
3.9500,-0.002227,0.011619,-0.031492,0.1431,0.1248,0.0719,6.02
3.9600,-0.000796,0.012857,-0.030754,0.1429,0.1230,0.0756,6.03
3.9700,0.000632,0.014077,-0.029981,0.1426,0.1210,0.0791,6.04
3.9800,0.002055,0.015276,-0.029173,0.1421,0.1189,0.0825,6.04
3.9900,0.003472,0.016454,-0.028331,0.1414,0.1167,0.0858,6.04
4.0000,0.004882,0.017609,-0.027457,0.1405,0.1143,0.0889,6.03
4.0100,0.006282,0.018740,-0.026552,0.1395,0.1119,0.0920,6.01
4.0200,0.007672,0.019845,-0.025616,0.1383,0.1092,0.0949,5.98
4.0300,0.009048,0.020923,-0.024652,0.1370,0.1065,0.0978,5.94
4.0400,0.010410,0.021974,-0.023661,0.1354,0.1036,0.1004,5.90
4.0500,0.011756,0.022995,-0.022644,0.1338,0.1007,0.1030,5.85
4.0600,0.013084,0.023986,-0.021601,0.1319,0.0976,0.1054,5.80
4.0700,0.014393,0.024945,-0.020535,0.1299,0.0944,0.1077,5.74
4.0800,0.015681,0.025872,-0.019448,0.1278,0.0911,0.1098,5.67
4.0900,0.016948,0.026765,-0.018339,0.1255,0.0876,0.1118,5.59
4.1000,0.018190,0.027623,-0.017211,0.1230,0.0841,0.1137,5.51
4.1100,0.019407,0.028446,-0.016065,0.1204,0.0805,0.1154,5.42
4.1200,0.020598,0.029233,-0.014903,0.1177,0.0768,0.1170,5.32
4.1300,0.021760,0.029982,-0.013726,0.1149,0.0731,0.1184,5.22
4.1400,0.022894,0.030693,-0.012536,0.1119,0.0692,0.1197,5.12
4.1500,0.023996,0.031365,-0.011333,0.1087,0.0653,0.1208,5.00
4.1600,0.025067,0.031998,-0.010120,0.1055,0.0613,0.1218,4.88
4.1700,0.026105,0.032590,-0.008898,0.1021,0.0572,0.1226,4.76
4.1800,0.027108,0.033141,-0.007669,0.0986,0.0531,0.1233,4.63
4.1900,0.028076,0.033651,-0.006433,0.0950,0.0489,0.1238,4.49
4.2000,0.029007,0.034119,-0.005193,0.0913,0.0447,0.1242,4.36
4.2100,0.029901,0.034544,-0.003950,0.0875,0.0404,0.1244,4.21
4.2200,0.030756,0.034926,-0.002706,0.0836,0.0361,0.1245,4.06
4.2300,0.031572,0.035265,-0.001461,0.0796,0.0318,0.1244,3.91
4.2400,0.032347,0.035560,-0.000218,0.0755,0.0274,0.1242,3.75
4.2500,0.033081,0.035811,0.001022,0.0714,0.0230,0.1238,3.59
4.2600,0.033773,0.036018,0.002257,0.0671,0.0185,0.1233,3.42
4.2700,0.034422,0.036181,0.003487,0.0628,0.0141,0.1226,3.25
4.2800,0.035028,0.036299,0.004709,0.0584,0.0097,0.1218,3.08
4.2900,0.035589,0.036373,0.005923,0.0540,0.0052,0.1209,2.90
4.3000,0.036106,0.036402,0.007126,0.0495,0.0008,0.1198,2.72
4.3100,0.036577,0.036387,0.008317,0.0449,-0.0037,0.1185,2.54
4.3200,0.037003,0.036328,0.009496,0.0403,-0.0081,0.1172,2.36
4.3300,0.037382,0.036224,0.010660,0.0357,-0.0125,0.1157,2.17
4.3400,0.037715,0.036077,0.011809,0.0310,-0.0169,0.1140,1.98
4.3500,0.038002,0.035886,0.012940,0.0263,-0.0212,0.1123,1.79
4.3600,0.038241,0.035651,0.014053,0.0216,-0.0255,0.1104,1.60
4.3700,0.038433,0.035374,0.015146,0.0169,-0.0298,0.1083,1.40
4.3800,0.038578,0.035054,0.016218,0.0122,-0.0341,0.1062,1.20
4.3900,0.038676,0.034692,0.017268,0.0074,-0.0382,0.1039,1.01
4.4000,0.038726,0.034289,0.018295,0.0027,-0.0424,0.1015,0.81
4.4100,0.038729,0.033844,0.019297,-0.0020,-0.0464,0.0990,0.61
4.4200,0.038684,0.033360,0.020273,-0.0067,-0.0504,0.0963,0.41
4.4300,0.038593,0.032835,0.021223,-0.0114,-0.0543,0.0936,0.21
4.4400,0.038455,0.032272,0.022144,-0.0161,-0.0582,0.0908,0.01
4.4500,0.038270,0.031671,0.023037,-0.0207,-0.0619,0.0878,-0.18
4.4600,0.038039,0.031033,0.023900,-0.0253,-0.0656,0.0848,-0.38
4.4700,0.037763,0.030358,0.024731,-0.0299,-0.0692,0.0816,-0.58
4.4800,0.037441,0.029648,0.025531,-0.0344,-0.0727,0.0784,-0.77
4.4900,0.037074,0.028903,0.026298,-0.0388,-0.0761,0.0751,-0.97
4.5000,0.036663,0.028125,0.027031,-0.0432,-0.0794,0.0716,-1.16
4.5100,0.036208,0.027315,0.027729,-0.0476,-0.0826,0.0682,-1.35
4.5200,0.035711,0.026473,0.028393,-0.0518,-0.0857,0.0646,-1.54
4.5300,0.035171,0.025600,0.029020,-0.0560,-0.0887,0.0609,-1.73
4.5400,0.034590,0.024699,0.029611,-0.0601,-0.0915,0.0572,-1.91
4.5500,0.033968,0.023770,0.030164,-0.0642,-0.0942,0.0535,-2.10
4.5600,0.033306,0.022814,0.030679,-0.0681,-0.0968,0.0496,-2.27
4.5700,0.032605,0.021833,0.031155,-0.0719,-0.0993,0.0458,-2.45
4.5800,0.031866,0.020828,0.031593,-0.0757,-0.1017,0.0418,-2.62
4.5900,0.031091,0.019800,0.031991,-0.0793,-0.1039,0.0379,-2.79
4.6000,0.030279,0.018750,0.032349,-0.0829,-0.1060,0.0339,-2.96
4.6100,0.029433,0.017680,0.032667,-0.0863,-0.1079,0.0298,-3.12
4.6200,0.028553,0.016591,0.032944,-0.0896,-0.1097,0.0257,-3.27
4.6300,0.027640,0.015485,0.033181,-0.0928,-0.1114,0.0216,-3.43
4.6400,0.026697,0.014363,0.033376,-0.0959,-0.1129,0.0175,-3.57
4.6500,0.025723,0.013226,0.033530,-0.0988,-0.1143,0.0134,-3.72
4.6600,0.024720,0.012077,0.033643,-0.1017,-0.1156,0.0093,-3.86
4.6700,0.023689,0.010915,0.033714,-0.1043,-0.1167,0.0051,-3.99
4.6800,0.022633,0.009743,0.033744,-0.1069,-0.1176,0.0010,-4.12
4.6900,0.021551,0.008563,0.033733,-0.1093,-0.1184,-0.0031,-4.24
4.7000,0.020446,0.007375,0.033680,-0.1116,-0.1191,-0.0073,-4.36
4.7100,0.019319,0.006181,0.033586,-0.1137,-0.1196,-0.0114,-4.47
4.7200,0.018171,0.004983,0.033452,-0.1157,-0.1200,-0.0154,-4.57
4.7300,0.017004,0.003781,0.033277,-0.1176,-0.1202,-0.0195,-4.67
4.7400,0.015819,0.002579,0.033061,-0.1193,-0.1203,-0.0235,-4.77
4.7500,0.014618,0.001376,0.032806,-0.1208,-0.1202,-0.0275,-4.85
4.7600,0.013403,0.000175,0.032511,-0.1222,-0.1200,-0.0314,-4.93
4.7700,0.012174,-0.001023,0.032177,-0.1235,-0.1196,-0.0353,-5.01
4.7800,0.010933,-0.002217,0.031805,-0.1246,-0.1191,-0.0391,-5.08
4.7900,0.009682,-0.003405,0.031394,-0.1255,-0.1185,-0.0429,-5.14
4.8000,0.008423,-0.004585,0.030947,-0.1263,-0.1177,-0.0466,-5.19
4.8100,0.007156,-0.005757,0.030462,-0.1270,-0.1167,-0.0502,-5.24
4.8200,0.005884,-0.006920,0.029942,-0.1274,-0.1157,-0.0538,-5.29
4.8300,0.004608,-0.008070,0.029386,-0.1278,-0.1145,-0.0573,-5.32
4.8400,0.003329,-0.009208,0.028796,-0.1279,-0.1131,-0.0607,-5.35
4.8500,0.002050,-0.010332,0.028172,-0.1279,-0.1117,-0.0640,-5.37
4.8600,0.000771,-0.011440,0.027515,-0.1278,-0.1100,-0.0672,-5.39
4.8700,-0.000505,-0.012532,0.026826,-0.1275,-0.1083,-0.0704,-5.40
4.8800,-0.001778,-0.013606,0.026107,-0.1270,-0.1065,-0.0734,-5.40
4.8900,-0.003045,-0.014660,0.025357,-0.1264,-0.1045,-0.0764,-5.40
4.9000,-0.004306,-0.015694,0.024578,-0.1257,-0.1024,-0.0792,-5.39
4.9100,-0.005558,-0.016707,0.023772,-0.1247,-0.1001,-0.0820,-5.37
4.9200,-0.006800,-0.017696,0.022939,-0.1237,-0.0978,-0.0846,-5.34
4.9300,-0.008031,-0.018662,0.022079,-0.1225,-0.0954,-0.0871,-5.31
4.9400,-0.009249,-0.019602,0.021196,-0.1211,-0.0928,-0.0895,-5.28
4.9500,-0.010452,-0.020517,0.020288,-0.1196,-0.0901,-0.0918,-5.24
4.9600,-0.011641,-0.021404,0.019359,-0.1180,-0.0874,-0.0940,-5.19
4.9700,-0.012811,-0.022264,0.018408,-0.1162,-0.0845,-0.0960,-5.13
4.9800,-0.013964,-0.023094,0.017438,-0.1143,-0.0816,-0.0980,-5.07
4.9900,-0.015097,-0.023894,0.016449,-0.1123,-0.0785,-0.0998,-5.00
5.0000,-0.016208,-0.024663,0.015442,-0.1101,-0.0754,-0.1014,-4.93
5.0100,-0.017297,-0.025400,0.014420,-0.1078,-0.0722,-0.1030,-4.85
5.0200,-0.018362,-0.026105,0.013383,-0.1053,-0.0689,-0.1044,-4.77
5.0300,-0.019403,-0.026777,0.012332,-0.1028,-0.0655,-0.1057,-4.68
5.0400,-0.020417,-0.027414,0.011269,-0.1001,-0.0620,-0.1068,-4.58
5.0500,-0.021404,-0.028016,0.010195,-0.0973,-0.0585,-0.1079,-4.48
5.0600,-0.022362,-0.028583,0.009112,-0.0944,-0.0550,-0.1088,-4.37
5.0700,-0.023291,-0.029114,0.008020,-0.0914,-0.0513,-0.1095,-4.26
5.0800,-0.024189,-0.029609,0.006922,-0.0883,-0.0476,-0.1101,-4.15
5.0900,-0.025055,-0.030066,0.005818,-0.0851,-0.0439,-0.1106,-4.03
5.1000,-0.025889,-0.030485,0.004710,-0.0818,-0.0401,-0.1110,-3.90
5.1100,-0.026690,-0.030867,0.003599,-0.0784,-0.0363,-0.1112,-3.77
5.1200,-0.027455,-0.031210,0.002487,-0.0749,-0.0324,-0.1113,-3.64
5.1300,-0.028186,-0.031514,0.001375,-0.0713,-0.0285,-0.1112,-3.50
5.1400,-0.028880,-0.031780,0.000263,-0.0677,-0.0246,-0.1110,-3.36
5.1500,-0.029538,-0.032006,-0.000845,-0.0639,-0.0207,-0.1107,-3.22
5.1600,-0.030158,-0.032192,-0.001950,-0.0601,-0.0167,-0.1102,-3.07
