t,phi,alpha,theta,phi_dot,alpha_dot,theta_dot,tau
0.000000000000000000e+00,0.000000000000000000e+00,-0.000000000000000000e+00,1.500983156715123557e-01,0.000000000000000000e+00,0.000000000000000000e+00,0.000000000000000000e+00,1.964432716083250652e+00
1.000000000000000021e-03,-1.939723163642687585e-04,-0.000000000000000000e+00,1.500983156715123557e-01,-1.939723163642687598e-01,0.000000000000000000e+00,0.000000000000000000e+00,2.200000000000000178e+00
2.000000000000000042e-03,-6.043976142226510466e-04,-6.119406008666970547e-04,1.507738349686138790e-01,-4.104252978583823319e-01,-6.119406008666254948e-01,6.755192971014685188e-01,2.200000000000000178e+00
3.000000000000000062e-03,-1.230027961183501137e-03,-1.905435125291660321e-03,1.522000259390354771e-01,-6.256303469608500700e-01,-1.293494524424549486e+00,1.426190970421180371e+00,2.200000000000000178e+00
4.000000000000000083e-03,-2.069686834650711661e-03,-3.875928116932868175e-03,1.543713048292945367e-01,-8.396588734672103538e-01,-1.970492991640306446e+00,2.171278890258256933e+00,2.200000000000000178e+00
5.000000000000000104e-03,-3.122280716459901236e-03,-6.518764005453621738e-03,1.572816986440210008e-01,-1.052593881809189558e+00,-2.642835888519599941e+00,2.910393814725251715e+00,2.126477123476293585e+00
6.000000000000000125e-03,-4.379408802762808917e-03,-9.829171569022295690e-03,1.609247653972682712e-01,-1.257128086302908176e+00,-3.310407563567852041e+00,3.643066753245857381e+00,1.914438880544137689e+00
7.000000000000000146e-03,-5.818848274366078197e-03,-1.377933961537084612e-02,1.652688294722806928e-01,-1.439439471603269460e+00,-3.950168046348432327e+00,4.344064075011230486e+00,1.651616350863614358e+00
8.000000000000000167e-03,-7.413371498289894786e-03,-1.829839622640451816e-02,1.702355187435654615e-01,-1.594523223923816513e+00,-4.519056611033990478e+00,4.966689271284133511e+00,1.383876760577480880e+00
9.000000000000001055e-03,-9.135357951000891083e-03,-2.330008091719372107e-02,1.757299526607311035e-01,-1.721986452710995819e+00,-5.001684690789440779e+00,5.494433917165389758e+00,1.133689187965734035e+00
1.000000000000000194e-02,-1.095904737420340044e-02,-2.869720207460834532e-02,1.816564846927716526e-01,-1.823689423202509596e+00,-5.397121157414383141e+00,5.926532032040568332e+00,9.106009843986964114e-01
1.100000000000000283e-02,-1.286149501591224778e-02,-3.440869602176533509e-02,1.879263851937480745e-01,-1.902447641708847392e+00,-5.711493947156155215e+00,6.269900500976463675e+00,7.172416467553510699e-01
1.200000000000000372e-02,-1.482283363972614412e-02,-4.036260124437499736e-02,1.944610624954467293e-01,-1.961338623813897009e+00,-5.953905222608406156e+00,6.534677301698461171e+00,5.527154647858480985e-01
1.300000000000000461e-02,-1.682618220923711230e-02,-4.649684510681958288e-02,2.011928895877666268e-01,-2.003348569510967625e+00,-6.134243862443301332e+00,6.731827092319220718e+00,4.144848384837587218e-01
1.400000000000000550e-02,-1.885738925487996653e-02,-5.275891492524456550e-02,2.080648091952713163e-01,-2.031207045642852371e+00,-6.262069818424070178e+00,6.871919607503727434e+00,2.993922673811191260e-01
1.500000000000000638e-02,-2.090471284823061313e-02,-5.910500888216754095e-02,2.150293711461433166e-01,-2.047323593350646842e+00,-6.346093956922739920e+00,6.964561950870612250e+00,2.041970989050732044e-01
1.600000000000000727e-02,-2.295849087948154468e-02,-6.549899068593986740e-02,2.220475585844147171e-01,-2.053778031250931058e+00,-6.393981803772744499e+00,7.018187438270036438e+00,1.258424320803257501e-01
1.700000000000000816e-02,-2.501082859677244280e-02,-7.191131886305719700e-02,2.290875912646203327e-01,-2.052337717290896535e+00,-6.412328177118127748e+00,7.040032680204563853e+00,6.157407233853362527e-02
1.800000000000000905e-02,-2.705531569891463442e-02,-7.831803631323076831e-02,2.361238000187274033e-01,-2.044487102142193091e+00,-6.406717450174118866e+00,7.036208754106503704e+00,8.979825694197529629e-03
1.900000000000000994e-02,-2.908677732811054337e-02,-8.469985879430158571e-02,2.431356144792975738e-01,-2.031461629195908447e+00,-6.381822481070368980e+00,7.011814460570329643e+00,-3.401291300633602077e-02
2.000000000000001082e-02,-3.110105908996759275e-02,-9.104137550442430171e-02,2.501066778772264021e-01,-2.014281761857048103e+00,-6.341516710120361111e+00,6.971063397930134187e+00,-6.916030186324206852e-02
2.100000000000001171e-02,-3.309484407205204315e-02,-9.733036139781615914e-02,2.570240877651588374e-01,-1.993784982084450208e+00,-6.288985893386703552e+00,6.917409887934740098e+00,-9.793438003307741724e-02
2.200000000000001260e-02,-3.506549882234452631e-02,-1.035571940032644078e-01,2.638777539803764394e-01,-1.970654750292486046e+00,-6.226832605439535762e+00,6.853666215220896696e+00,-1.215582635822123336e-01
2.300000000000001349e-02,-3.701094487876525896e-02,-1.097143643627774695e-01,2.706598617717557720e-01,-1.945446056420733871e+00,-6.157170359500005574e+00,6.782107791383577222e+00,-1.410407951075534072e-01
2.400000000000001438e-02,-3.892955242781478281e-02,-1.157960706295981801e-01,2.773644269367062654e-01,-1.918607549049522909e+00,-6.081706266802823890e+00,6.704565164955466727e+00,-1.572088650586991321e-01
2.500000000000001527e-02,-4.082005285332773736e-02,-1.217978829373198429e-01,2.839869300080073433e-01,-1.890500425512952498e+00,-6.001812307698522808e+00,6.622503071306357292e+00,-1.707365547512598170e-01
2.600000000000001615e-02,-4.268146722097405227e-02,-1.277164688465507458e-01,2.905240174017758026e-01,-1.861414367646314627e+00,-5.918585909202367823e+00,6.537087393773806987e+00,-1.821707926120055276e-01
2.700000000000001704e-02,-4.451304807347224168e-02,-1.335493696824918974e-01,2.969732586380439132e-01,-1.831580852498192025e+00,-5.832900835906976944e+00,6.449241236273324240e+00,-1.919535325053747243e-01
2.800000000000001793e-02,-4.631423225043828501e-02,-1.392948192099719984e-01,3.033329500673438983e-01,-1.801184176966045714e+00,-5.745449527440337434e+00,6.359691429304509924e+00,-2.004406462169150416e-01
2.900000000000001882e-02,-4.808460277390041310e-02,-1.449515972392307894e-01,3.096019568565291369e-01,-1.770370523462125867e+00,-5.656778029213478831e+00,6.269006789188981799e+00,-2.079178217241217652e-01
3.000000000000001971e-02,-4.982385814316184214e-02,-1.505189118486945643e-01,3.157795862325726288e-01,-1.739255369261425876e+00,-5.567314609413058335e+00,6.177629376046285259e+00,-2.146138045009244877e-01
3.100000000000002059e-02,-5.153178765429047847e-02,-1.559963049121714240e-01,3.218654861150190283e-01,-1.707929511128635003e+00,-5.477393063420949559e+00,6.085899882447733944e+00,-2.207113295946356857e-01
3.200000000000002148e-02,-5.320825159755122186e-02,-1.613835765088324214e-01,3.278595642684820066e-01,-1.676463943260744438e+00,-5.387271596600040624e+00,5.994078153462981007e+00,-2.263560802784194692e-01
3.300000000000002237e-02,-5.485316539079838211e-02,-1.666807245695726414e-01,3.337619239724981535e-01,-1.644913793247157141e+00,-5.297148060674478742e+00,5.902359704014440211e+00,-2.316639836603222591e-01
3.400000000000002326e-02,-5.646648688016559642e-02,-1.718878967758190046e-01,3.395728129424736563e-01,-1.613321489367213646e+00,-5.207172206175984641e+00,5.810888969972237916e+00,-2.367271210811203730e-01
3.500000000000002415e-02,-5.804820618426589918e-02,-1.770053522846461724e-01,3.452925828529629371e-01,-1.581719304100304813e+00,-5.117455508752463800e+00,5.719769910484176378e+00,-2.416184959172156255e-01
3.600000000000002504e-02,-5.959833757793144698e-02,-1.820334313180100860e-01,3.509216573262383121e-01,-1.550131393665549417e+00,-5.028079033285029809e+00,5.629074473268406820e+00,-2.463958665178811458e-01
3.700000000000002592e-02,-6.111691300975237440e-02,-1.869725310359017789e-01,3.564605066690928470e-01,-1.518575431820925026e+00,-4.939099717808928425e+00,5.538849342845861834e+00,-2.511048193093419201e-01
3.800000000000002681e-02,-6.260397692763358668e-02,-1.918230864251402601e-01,3.619096279827563323e-01,-1.487063917881206399e+00,-4.850555389151975483e+00,5.449121313652915966e+00,-2.557812276395257101e-01
3.900000000000002770e-02,-6.405958215130402866e-02,-1.965855551884876651e-01,3.672695295474034949e-01,-1.455605223670438209e+00,-4.762468763257352578e+00,5.359901564634927951e+00,-2.604532161520616285e-01
4.000000000000002859e-02,-6.548378658285614051e-02,-2.012604058228204817e-01,3.725407186053246722e-01,-1.424204431552105188e+00,-4.674850634239324343e+00,5.271189057907025521e+00,-2.651427284128864414e-01
4.100000000000002948e-02,-6.687665058826311459e-02,-2.058481082389797545e-01,3.777236918452159808e-01,-1.392864005406972749e+00,-4.587702416062692024e+00,5.182973239875630966e+00,-2.698667769575235909e-01
4.200000000000003036e-02,-6.823823491635742922e-02,-2.103491264071386813e-01,3.828189280325921540e-01,-1.361584328094316065e+00,-4.501018168059272462e+00,5.095236187358897162e+00,-2.746384395502694531e-01
4.300000000000003125e-02,-6.956859904856987908e-02,-2.147639126163226608e-01,3.878268823449461111e-01,-1.330364132212448425e+00,-4.414786209081602131e+00,5.007954312335214375e+00,-2.794676528302755258e-01
4.400000000000003214e-02,-7.086779989414755676e-02,-2.190929030202980743e-01,3.927479820607426286e-01,-1.299200845577678232e+00,-4.328990403870293768e+00,4.921099715776349193e+00,-2.843618442775648347e-01
4.500000000000003303e-02,-7.213589076267028222e-02,-2.233365142086223831e-01,3.975826233232662710e-01,-1.268090868522719683e+00,-4.243611188216689811e+00,4.834641262502085368e+00,-2.893264351598707762e-01
4.600000000000003392e-02,-7.337292055933844481e-02,-2.274951405946768757e-01,4.023311687575385487e-01,-1.237029796668164927e+00,-4.158626385944403481e+00,4.748545434249280106e+00,-2.943652404827048485e-01
4.700000000000003481e-02,-7.457893315941030443e-02,-2.315691524547260904e-01,4.069939457639898395e-01,-1.206012600071864505e+00,-4.074011859936968349e+00,4.662777006427528903e+00,-2.994807866609798808e-01
4.800000000000003569e-02,-7.575396692688286804e-02,-2.355588944856926437e-01,4.115712453487420652e-01,-1.175033767472560609e+00,-3.989742030852171162e+00,4.577299584727161808e+00,-3.046745633974738965e-01
4.900000000000003658e-02,-7.689805434948394913e-02,-2.394646847761529029e-01,4.160633213791349316e-01,-1.144087422601075987e+00,-3.905790290343901905e+00,4.492076030366687789e+00,-3.099472228904813775e-01
5.000000000000003747e-02,-7.801122176762846638e-02,-2.432868141064638279e-01,4.204703901760722951e-01,-1.113167418144510590e+00,-3.822129330192746366e+00,4.407068796910595054e+00,-3.152987368196642493e-01
5.100000000000003836e-02,-7.909348917947219004e-02,-2.470255455110254850e-01,4.247926303730449882e-01,-1.082267411843720550e+00,-3.738731404441724138e+00,4.322240196944967749e+00,-3.207285194340681045e-01
5.200000000000003925e-02,-8.014487010779451637e-02,-2.506811140493599988e-01,4.290301829862868122e-01,-1.051380928322320996e+00,-3.655568538212968122e+00,4.237552613213487085e+00,-3.262355233860185777e-01
5.300000000000004013e-02,-8.116537151733732580e-02,-2.542537267436400517e-01,4.331831516522013370e-01,-1.020501409542810656e+00,-3.572612694157106361e+00,4.152968665885672372e+00,-3.318183136112682341e-01
5.400000000000004102e-02,-8.215499377356065558e-02,-2.577435626490868215e-01,4.372516029975358487e-01,-9.896222562233339959e-01,-3.489835905322598464e+00,4.068451345305063249e+00,-3.374751234968385027e-01
5.500000000000004191e-02,-8.311373063565902219e-02,-2.611507730307162656e-01,4.412355671152760062e-01,-9.587368620983615086e-01,-3.407210381504049312e+00,3.983964117710535380e+00,-3.432038967360915294e-01
5.600000000000004280e-02,-8.404156927820694012e-02,-2.644754816255906471e-01,4.451350381252508481e-01,-9.278386425479199229e-01,-3.324708594747831647e+00,3.899471009944921462e+00,-3.490023175902612351e-01
5.700000000000004369e-02,-8.493849033703727847e-02,-2.677177849743143101e-01,4.489499748032734217e-01,-8.969210588303424547e-01,-3.242303348596273338e+00,3.814936677992208480e+00,-3.548678317500755242e-01
5.800000000000004458e-02,-8.580446797595907282e-02,-2.708777528092102815e-01,4.526803012665431281e-01,-8.659776389217901382e-01,-3.159967834767656747e+00,3.730326463239653556e+00,-3.607976595609243553e-01
5.900000000000004546e-02,-8.663946997173867237e-02,-2.739554284896031922e-01,4.563259077061820879e-01,-8.350019957795965508e-01,-3.077675680264004843e+00,3.645606439608702676e+00,-3.667888030345984873e-01
6.000000000000004635e-02,-8.744345781543420848e-02,-2.769508294770665069e-01,4.598866511603092455e-01,-8.039878436955322227e-01,-2.995400987333845411e+00,3.560743454097048843e+00,-3.728380478044752699e-01
6.100000000000004724e-02,-8.821638682871904558e-02,-2.798639478454565399e-01,4.633623563231260567e-01,-7.729290132848308792e-01,-2.913118368260102287e+00,3.475705162786920432e+00,-3.789419609582771464e-01
6.200000000000004813e-02,-8.895820629427639292e-02,-2.826947508221679395e-01,4.667528163871459412e-01,-7.418194655573429053e-01,-2.830802976581183295e+00,3.390460063990444084e+00,-3.850968855205429975e-01
6.300000000000004208e-02,-8.966885959971576670e-02,-2.854431813583521715e-01,4.700577939170585973e-01,-7.106533054393777693e-01,-2.748430536054021545e+00,3.304977529883440290e+00,-3.912989322082927046e-01
6.400000000000004297e-02,-9.034828439476469408e-02,-2.881091587269178911e-01,4.732770217548198932e-01,-6.794247950489237242e-01,-2.665977368435367811e+00,3.219227837732824060e+00,-3.975439689866879789e-01
6.500000000000004385e-02,-9.099641276174014193e-02,-2.906925791480094445e-01,4.764102039564611091e-01,-6.481283669754462906e-01,-2.583420420961414443e+00,3.133182201613280426e+00,-4.038276088561372212e-01
6.600000000000004474e-02,-9.161317139951227762e-02,-2.931933164423924931e-01,4.794570167618346090e-01,-6.167586377721326896e-01,-2.500737294253201792e+00,3.046812805346430064e+00,-4.101451962408604324e-01
6.700000000000004563e-02,-9.219848182134544878e-02,-2.956112227137695503e-01,4.824171095991203750e-01,-5.853104218331717234e-01,-2.417906271247669103e+00,2.960092837259161946e+00,-4.164917922946531625e-01
6.800000000000004652e-02,-9.275226056714572231e-02,-2.979461290615492697e-01,4.852901061263929505e-01,-5.537787458002791929e-01,-2.334906347650999692e+00,2.872996527246898246e+00,-4.228621593961872094e-01
6.900000000000004741e-02,-9.327441943076349162e-02,-3.001978463260057683e-01,4.880756053129560734e-01,-5.221588636177626475e-01,-2.251717264328497059e+00,2.785499186538642036e+00,-4.292507450811284819e-01
7.000000000000004829e-02,-9.376486570309956747e-02,-3.023661658681062181e-01,4.907731825634614742e-01,-4.904462723360736298e-01,-2.168319541973382059e+00,2.697577250481924871e+00,-4.356516656289746159e-01
7.100000000000004918e-02,-9.422350243184557383e-02,-3.044508603865740959e-01,4.933823908880893283e-01,-4.586367287459996445e-01,-2.084694518341892788e+00,2.609208324605482687e+00,-4.420586895122671223e-01
7.200000000000005007e-02,-9.465022869875701350e-02,-3.064516847749902961e-01,4.959027621222708571e-01,-4.267262669114367246e-01,-2.000824388291613687e+00,2.520371234160590390e+00,-4.484652209003687773e-01
7.300000000000005096e-02,-9.504493991541225484e-02,-3.083683770219338149e-01,4.983338081995880575e-01,-3.947112166552479429e-01,-1.916692246820399737e+00,2.431046077297131625e+00,-4.548642834076734864e-01
7.400000000000005185e-02,-9.540752813845435054e-02,-3.102006591573212013e-01,5.006750224815936789e-01,-3.625882230420899854e-01,-1.832282135266048995e+00,2.341214281987154422e+00,-4.612485042677612057e-01
7.500000000000005274e-02,-9.573788240534439331e-02,-3.119482382482386962e-01,5.029258811483849900e-01,-3.303542668900442125e-01,-1.747579090797950485e+00,2.250858666774286920e+00,-4.676100991246547878e-01
7.600000000000005362e-02,-9.603588909167902476e-02,-3.136108074476550711e-01,5.050858446537880297e-01,-2.980066863346259587e-01,-1.662569199298898237e+00,2.159963505387491711e+00,-4.739408576226460390e-01
7.700000000000005451e-02,-9.630143229113721781e-02,-3.151880470994838368e-01,5.071543592490325159e-01,-2.655431994581889943e-01,-1.577239651713546964e+00,2.068514595230780628e+00,-4.802321299913225872e-01
7.800000000000005540e-02,-9.653439421912629603e-02,-3.166796259035075667e-01,5.091308585787693852e-01,-2.329619279890849382e-01,-1.491578803911171480e+00,1.976499329724400233e+00,-4.864748148216664347e-01
7.900000000000005629e-02,-9.673465564119032578e-02,-3.180852021437048927e-01,5.110147653532243206e-01,-2.002614220640320519e-01,-1.405576240087504480e+00,1.883906774444169763e+00,-4.926593482450245531e-01
8.000000000000005718e-02,-9.690209632723031929e-02,-3.194044249835125693e-01,5.128054931002016259e-01,-1.674406860399954289e-01,-1.319222839700705530e+00,1.790727746968412637e+00,-4.987756947187556023e-01
8.100000000000005806e-02,-9.703659553256026304e-02,-3.206369358315339646e-01,5.145024480005261358e-01,-1.344992053299455537e-01,-1.232510847917785757e+00,1.696954900317404480e+00,-5.048133396488152513e-01
8.200000000000005895e-02,-9.713803250678729184e-02,-3.217823697811491024e-01,5.161050308103612982e-01,-1.014369742270222891e-01,-1.145433949514983674e+00,1.602582809829633970e+00,-5.107612840775619389e-01
8.300000000000005984e-02,-9.720628703145785254e-02,-3.228403571273945616e-01,5.176126388736507211e-01,-6.825452467056747352e-02,-1.057987346148896668e+00,1.507608063285877043e+00,-5.166080416758536131e-01
8.400000000000006073e-02,-9.724123998735394181e-02,-3.238105249643716821e-01,5.190246682277068757e-01,-3.495295589608552606e-02,-9.701678368845887412e-01,1.412029354054480823e+00,-5.223416382851162609e-01
8.500000000000006162e-02,-9.724277395225217058e-02,-3.246924988662953093e-01,5.203405158046997547e-01,-1.533964898223182105e-03,-8.819739018352867888e-01,1.315847576992954071e+00,-5.279496142652986279e-01
8.600000000000006251e-02,-9.721077382987536319e-02,-3.254859046551112356e-01,5.215595817314958582e-01,3.200012237680965876e-02,-7.934057887320641322e-01,1.219065926798229782e+00,-5.334190299058150231e-01
8.700000000000006339e-02,-9.714512751066715912e-02,-3.261903702573962227e-01,5.226812717299473832e-01,6.564631920819810618e-02,-7.044656022059612166e-01,1.121689998455658532e+00,-5.387364741678188906e-01
8.800000000000006428e-02,-9.704572656490793869e-02,-3.268055276529920894e-01,5.237049996193294810e-01,9.940094575922189812e-02,-6.151573955217912726e-01,1.023727889387693768e+00,-5.438880770180398727e-01
8.900000000000006517e-02,-9.691246696856065101e-02,-3.273310149175246431e-01,5.246301899221810228e-01,1.332595963472886780e-01,-5.254872644638698409e-01,9.251903028592222133e-01,-5.488595256259376498e-01
9.000000000000006606e-02,-9.674524986208932198e-02,-3.277664783606122900e-01,5.254562805743138165e-01,1.672171064713228739e-01,-4.354634430243702337e-01,8.260906521422473059e-01,-5.536360846863370710e-01
9.100000000000006695e-02,-9.654398234232908216e-02,-3.281115747611664801e-01,5.261827257391930024e-01,2.012675197602353527e-01,-3.450964004968127274e-01,7.264451648903857972e-01,-5.582026211260906479e-01
9.200000000000006783e-02,-9.630857828730407522e-02,-3.283659737007434409e-01,5.268089987262997154e-01,2.354040550250083297e-01,-2.543989395255780162e-01,6.262729871196573983e-01,-5.625436334454541054e-01
9.300000000000006872e-02,-9.603895921368750532e-02,-3.285293599953947874e-01,5.273345950124188608e-01,2.696190736165740010e-01,-1.633862946064421617e-01,5.255962861339392722e-01,-5.666432859325318816e-01
9.400000000000006961e-02,-9.573505516637563495e-02,-3.286014362259080390e-01,5.277590353640770893e-01,3.039040473118709285e-01,-7.207623047479577716e-02,4.244403516747908278e-01,-5.704854479719152494e-01
9.500000000000007050e-02,-9.539680563940496072e-02,-3.285819253656969696e-01,5.280818690585740161e-01,3.382495269706746188e-01,1.951086024260417773e-02,3.228336945151625281e-01,-5.740537386452260193e-01
9.600000000000007139e-02,-9.502416052717595207e-02,-3.284705735049237574e-01,5.283026772002125115e-01,3.726451122290143636e-01,1.113518607977274366e-01,2.208081416578873690e-01,-5.773315768055606867e-01
9.700000000000007228e-02,-9.461708110466152122e-02,-3.282671526686716246e-01,5.284210761274237278e-01,4.070794225144345191e-01,2.034208362693106786e-01,1.183989272322272385e-01,-5.803022367603336562e-01
9.800000000000007316e-02,-9.417554103496963980e-02,-3.279714637261761379e-01,5.284367209055292891e-01,4.415400696918773682e-01,2.956889425052113829e-01,1.564477812805598056e-02,-5.829489096767233036e-01
9.900000000000007405e-02,-9.369952740229858801e-02,-3.275833393872296662e-01,5.283493088988463482e-01,4.760136326710547872e-01,3.881243389484582140e-01,-8.741200665910525691e-02,-5.852547707764852447e-01
1.000000000000000749e-01,-9.318904176797250527e-02,-3.271026472809180352e-01,5.281585834147624059e-01,5.104856343260766316e-01,4.806921063058389176e-01,-1.907254840591217082e-01,-5.872030523318230166e-01
1.010000000000000758e-01,-9.264410124687140480e-02,-3.265292931108222940e-01,5.278643374112628184e-01,5.449405211010942551e-01,5.733541700819252407e-01,-2.942460034736735786e-01,-5.887771224355606847e-01
1.020000000000000767e-01,-9.206473960117690647e-02,-3.258632238797252723e-01,5.274664172581974286e-01,5.793616456944923332e-01,6.660692310750701006e-01,-3.979201530383870145e-01,-5.899605694460881011e-01
1.030000000000000776e-01,-9.145100834794403499e-02,-3.251044311757008698e-01,5.269647265413215376e-01,6.137312532328752512e-01,7.587927039943871410e-01,-5.016907168479758372e-01,-5.907372919477129614e-01
1.040000000000000785e-01,-9.080297787658007935e-02,-3.242529545102425526e-01,5.263592298968551297e-01,6.480304713639619685e-01,8.514766654197971629e-01,-6.054966444376777002e-01,-5.910915939994900725e-01
1.050000000000000794e-01,-9.012073857186896075e-02,-3.233088846978071640e-01,5.256499568629688923e-01,6.822393047111204867e-01,9.440698123887109050e-01,-7.092730338570493176e-01,-5.910082853611733356e-01
1.060000000000000803e-01,-8.940440193772408728e-02,-3.222723672648091786e-01,5.248370057332384375e-01,7.163366341448741403e-01,1.036517432942859251e+00,-8.129511297008085169e-01,-5.904727863101673080e-01
1.070000000000000812e-01,-8.865410171638885006e-02,-3.211436058747286770e-01,5.239205473957203596e-01,7.503002213352435446e-01,1.128761390016982391e+00,-9.164583374877228739e-01,-5.894712365744982918e-01
1.080000000000000820e-01,-8.786999499733517960e-02,-3.199228657545694632e-01,5.229008291398991037e-01,7.841067190536676890e-01,1.220740120087706604e+00,-1.019718255790676764e+00,-5.879906078174528261e-01
1.090000000000000829e-01,-8.705226330964155323e-02,-3.186104771064615093e-01,5.217781784123447508e-01,8.177316876936193690e-01,1.312388648028317784e+00,-1.122650727523583081e+00,-5.860188190169530742e-01
1.100000000000000838e-01,-8.620111369116741085e-02,-3.172068384867441360e-01,5.205530065005351537e-01,8.511496184741382809e-01,1.403638619629723916e+00,-1.225171911778911493e+00,-5.835448539871208595e-01
1.110000000000000847e-01,-8.531677972738754834e-02,-3.157124201334007285e-01,5.192258121229217371e-01,8.843339637798675046e-01,1.494418353247943365e+00,-1.327194377582622931e+00,-5.805588801941077293e-01
1.120000000000000856e-01,-8.439952255231350509e-02,-3.141277672212756666e-01,5.177971849020015505e-01,9.172571750740378116e-01,1.584652912022203708e+00,-1.428627220889477467e+00,-5.770523679229633274e-01
1.130000000000000865e-01,-8.344963180351590293e-02,-3.124535030230924382e-01,5.162678086958920609e-01,9.498907487975969399e-01,1.674264198072948240e+00,-1.529376206079261280e+00,-5.730182087629884791e-01
1.140000000000000874e-01,-8.246742652288281683e-02,-3.106903319529386587e-01,5.146384647627268993e-01,9.822052806330807684e-01,1.763171070036663179e+00,-1.629343933135093847e+00,-5.684508322755128518e-01
1.150000000000000883e-01,-8.145325599440833564e-02,-3.088390424676062951e-01,5.129100347311260633e-01,1.014170528474482191e+00,1.851289485208637675e+00,-1.728430031571198455e+00,-5.633463196463548428e-01
1.160000000000000892e-01,-8.040750051001638310e-02,-3.069005098000051612e-01,5.110835033490374046e-01,1.045755484391954537e+00,1.938532667471233983e+00,-1.826531382059689124e+00,-5.577025130242141415e-01
1.170000000000000900e-01,-7.933057205419354052e-02,-3.048756984978230888e-01,5.091599609824675188e-01,1.076928455822848907e+00,2.024811302046420902e+00,-1.923542366541071136e+00,-5.515191191970849616e-01
1.180000000000000909e-01,-7.822291489804343578e-02,-3.027656647397244938e-01,5.071406058350115265e-01,1.107657156150108957e+00,2.110033757957826328e+00,-2.019355147427759345e+00,-5.447978061900720093e-01
1.190000000000000918e-01,-7.708500609329263509e-02,-3.005715584006847796e-01,5.050267458586888969e-01,1.137908804750797254e+00,2.194106338894072472e+00,-2.113859976294979681e+00,-5.375422913356722177e-01
1.200000000000000927e-01,-7.591735585678596743e-02,-2.982946248375875076e-01,5.028198003264443550e-01,1.167650236506671435e+00,2.276933562947445200e+00,-2.206945532217606587e+00,-5.297584193323316981e-01
1.210000000000000936e-01,-7.472050783611719482e-02,-2.959362063659888853e-01,5.005213010367798310e-01,1.196848020668769719e+00,2.358418471445109077e+00,-2.298499289638254339e+00,-5.214542288040497908e-01
1.220000000000000945e-01,-7.349503924725900306e-02,-2.934977433990281215e-01,4.981328931214009104e-01,1.225468588858186436e+00,2.438462966804292975e+00,-2.388407915353231381e+00,-5.126400058874658328e-01
1.230000000000000954e-01,-7.224156087539454485e-02,-2.909807752198441122e-01,4.956563354275007605e-01,1.253478371864453988e+00,2.516968179025090180e+00,-2.476557693875077071e+00,-5.033283234017851271e-01
1.240000000000000963e-01,-7.096071693061958841e-02,-2.883869403596022729e-01,4.930935004474069627e-01,1.280843944774955334e+00,2.593834860081058125e+00,-2.562834980069454538e+00,-4.935340642228140950e-01
1.250000000000000833e-01,-6.965318475078763338e-02,-2.857179765543508276e-01,4.904463737698003811e-01,1.307532179831958574e+00,2.668963805089505481e+00,-2.647126677582565701e+00,-4.832744275631455366e-01
1.260000000000000842e-01,-6.831967434451700905e-02,-2.829757202554543660e-01,4.877170530286125683e-01,1.333510406270618454e+00,2.742256298734035092e+00,-2.729320741164410258e+00,-4.725689169724986982e-01
1.270000000000000850e-01,-6.696092776827111681e-02,-2.801621056703123003e-01,4.849077463280261902e-01,1.358746576245896565e+00,2.813614584979548638e+00,-2.809306700563532821e+00,-4.614393090234365502e-01
1.280000000000000859e-01,-6.557771833246736626e-02,-2.772791633124750965e-01,4.820207701247738452e-01,1.383209435803751663e+00,2.882942357675478462e+00,-2.886976203229967730e+00,-4.499096017976462747e-01
1.290000000000000868e-01,-6.417084963276283027e-02,-2.743290180431425251e-01,4.790585465521523534e-01,1.406868699704539649e+00,2.950145269172014917e+00,-2.962223572599353094e+00,-4.380059425076510138e-01
1.300000000000000877e-01,-6.274115440400350463e-02,-2.713138865893713891e-01,4.760236001738495926e-01,1.429695228759323200e+00,3.015131453612435841e+00,-3.034946378281011548e+00,-4.257565338044528858e-01
1.310000000000000886e-01,-6.128949319580600380e-02,-2.682360745281175407e-01,4.729185541598091569e-01,1.451661208197503328e+00,3.077812061097599194e+00,-3.105046014018651324e+00,-4.131915185700947291e-01
1.320000000000000895e-01,-5.981675287035063265e-02,-2.650979727295041943e-01,4.697461258809391693e-01,1.472740325455370813e+00,3.138101798460086300e+00,-3.172428278848639316e+00,-4.003428432885769439e-01
1.330000000000000904e-01,-5.832384492469649268e-02,-2.619020532573930748e-01,4.665091219244432152e-01,1.492907945654137647e+00,3.195919471961059966e+00,-3.237003956474553856e+00,-3.872441003655033853e-01
1.340000000000000913e-01,-5.681170364176010845e-02,-2.586508647304311959e-01,4.632104325369341136e-01,1.512141282936382058e+00,3.251188526815718127e+00,-3.298689387487707236e+00,-3.739303501023201193e-01
1.350000000000000921e-01,-5.528128407601123895e-02,-2.553470271521848245e-01,4.598530255081767493e-01,1.530419565748871058e+00,3.303837578104462658e+00,-3.357407028735960530e+00,-3.604379233515864200e-01
1.360000000000000930e-01,-5.373355988190847699e-02,-2.519932262247185917e-01,4.564399395142881288e-01,1.547724194102762851e+00,3.353800927328828063e+00,-3.413085993867074119e+00,-3.468042062145215709e-01
1.370000000000000939e-01,-5.216952099509300500e-02,-2.485922071659451005e-01,4.529742769454001561e-01,1.564038886815472429e+00,3.401019058641039372e+00,-3.465662568866285653e+00,-3.330674084884002184e-01
1.380000000000000948e-01,-5.059017117835211408e-02,-2.451467680571848273e-01,4.494591962490881443e-01,1.579349816740887702e+00,3.445439108632802672e+00,-3.515080696289885509e+00,-3.192663178932768631e-01
1.390000000000000957e-01,-4.899652544631825229e-02,-2.416597527535514767e-01,4.458979038272009032e-01,1.593645732033864615e+00,3.487015303511162401e+00,-3.561292421865079660e+00,-3.054400424358973964e-01
1.400000000000000966e-01,-4.738960738474945478e-02,-2.381340433958938074e-01,4.422936455299717462e-01,1.606918061568797240e+00,3.525709357540961264e+00,-3.604258297206652806e+00,-2.916277435566847487e-01
1.410000000000000975e-01,-4.577044638200359478e-02,-2.345725525689925095e-01,4.386496977973614042e-01,1.619161002745856948e+00,3.561490826790030262e+00,-3.643947732587278665e+00,-2.778683629795182242e-01
1.420000000000000984e-01,-4.414007479193338135e-02,-2.309782151563950503e-01,4.349693585033294618e-01,1.630371590070214483e+00,3.594337412491808159e+00,-3.680339294008783568e+00,-2.642003464080637798e-01
1.430000000000000993e-01,-4.249952504885324417e-02,-2.273539799475579049e-01,4.312559375640533377e-01,1.640549743080136569e+00,3.624235208736881653e+00,-3.713420939252384478e+00,-2.506613673965567557e-01
1.440000000000001001e-01,-4.084982675642495620e-02,-2.237028010577389592e-01,4.275127473758880137e-01,1.649698292428290358e+00,3.651178889724274956e+00,-3.743190188141326313e+00,-2.372880548538560674e-01
1.450000000000001010e-01,-3.919200377324187634e-02,-2.200276292252057453e-01,4.237430931529352351e-01,1.657822983183080856e+00,3.675171832443946407e+00,-3.769654222928552123e+00,-2.241157277062697517e-01
1.460000000000001019e-01,-3.752707131853198069e-02,-2.163314030537072663e-01,4.199502632373950939e-01,1.664932454709897369e+00,3.696226171414381589e+00,-3.792829915515416594e+00,-2.111781402461510027e-01
1.470000000000001028e-01,-3.585603312171928986e-02,-2.126170402706744622e-01,4.161375194582651038e-01,1.671038196812690835e+00,3.714362782953884334e+00,-3.812743779104994957e+00,-1.985072416332194223e-01
1.480000000000001037e-01,-3.417987863956422484e-02,-2.088874290731867756e-01,4.123080876153509267e-01,1.676154482155061798e+00,3.729611197413727375e+00,-3.829431842888817883e+00,-1.861329528698298930e-01
1.490000000000001046e-01,-3.249958036423066660e-02,-2.051454196342989977e-01,4.084651481658958527e-01,1.680298275333560909e+00,3.742009438818375777e+00,-3.842939449429558785e+00,-1.740829643683028394e-01
1.500000000000001055e-01,-3.081609124489615922e-02,-2.013938158418014657e-01,4.046118271903446084e-01,1.683489119334506068e+00,3.751603792432752105e+00,-3.853320975525276193e+00,-1.623825569469374841e-01
1.510000000000001064e-01,-2.913034224443615539e-02,-1.976353673398603683e-01,4.007511877118247745e-01,1.685749000460003977e+00,3.758448501880462533e+00,-3.860639478493981702e+00,-1.510544487399592128e-01
1.520000000000001072e-01,-2.744324005128196201e-02,-1.938727619412627667e-01,3.968862214408292455e-01,1.687102193154194740e+00,3.762605398541000401e+00,-3.864966270969066198e+00,-1.401186701106880150e-01
1.530000000000001081e-01,-2.575566496479791967e-02,-1.901086184741659912e-01,3.930198410123688646e-01,1.687575086484041309e+00,3.764143467043871372e+00,-3.866380428434073924e+00,-1.295924681923388277e-01
1.540000000000001090e-01,-2.406846897047266315e-02,-1.863454801224043167e-01,3.891548727775383520e-01,1.687195994325255910e+00,3.763138351712253638e+00,-3.864968234804121217e+00,-1.194902421881529619e-01
1.550000000000001099e-01,-2.238247401890989391e-02,-1.825858083125855291e-01,3.852940502051451221e-01,1.685994951562769018e+00,3.759671809772566764e+00,-3.860822572366705341e+00,-1.098235100301323541e-01
1.560000000000001108e-01,-2.069847052007749849e-02,-1.788319771945373338e-01,3.814400079418295286e-01,1.684003498832393753e+00,3.753831118004878231e+00,-3.854042263288948167e+00,-1.006009064582649160e-01
1.570000000000001117e-01,-1.901721606158044559e-02,-1.750862687542477647e-01,3.775952765711339532e-01,1.681254458497052129e+00,3.745708440248964433e+00,-3.844731370669067783e+00,-9.182821202961122253e-02
1.580000000000001126e-01,-1.733943435691424895e-02,-1.713508685904379381e-01,3.737622781033843045e-01,1.677781704666196694e+00,3.735400163771685378e+00,-3.832998467723102820e+00,-8.350841203979797456e-02
1.590000000000001135e-01,-1.566581442678990216e-02,-1.676278623774632159e-01,3.699433222192071158e-01,1.673619930124345290e+00,3.723006212938705595e+00,-3.818955884150658342e+00,-7.564178382425268410e-02
1.600000000000001144e-01,-1.399701001375356843e-02,-1.639192330285345056e-01,3.661406032801910460e-01,1.668804413036333978e+00,3.708629348894723954e+00,-3.802718938989812614e+00,-6.822601044440546048e-02
1.610000000000001152e-01,-1.233363922751298802e-02,-1.602268585644558985e-01,3.623561981108068264e-01,1.663370786240580212e+00,3.692374464046422666e+00,-3.784405169357848209e+00,-6.125631834163769440e-02
1.620000000000001161e-01,-1.067628441568233520e-02,-1.565525106843738135e-01,3.585920645464113488e-01,1.657354811830652919e+00,3.674347880051418880e+00,-3.764133564369304796e+00,-5.472563618520354112e-02
1.630000000000001170e-01,-9.025492252117097575e-03,-1.528978540265914510e-01,3.548500407331499629e-01,1.650792163565237836e+00,3.654656657753029059e+00,-3.742023813235514140e+00,-4.862477186078351110e-02
1.640000000000001179e-01,-7.381774032679503869e-03,-1.492644460994843880e-01,3.511318451570294985e-01,1.643718219437593442e+00,3.633407927078951438e+00,-3.718195576094564636e+00,-4.294260432188323762e-02
1.650000000000001188e-01,-5.745606166188358538e-03,-1.456537378551149009e-01,3.474390773715060332e-01,1.636167866491145650e+00,3.610708244342406115e+00,-3.692767785497778288e+00,-3.766628691042583910e-02
1.660000000000001197e-01,-4.117430846501018635e-03,-1.420670748714026876e-01,3.437732193857507279e-01,1.628175319687339861e+00,3.586662983685947825e+00,-3.665857985729925606e+00,-3.278145868250703643e-02
1.670000000000001206e-01,-2.497656890169528375e-03,-1.385056991027885376e-01,3.401356376694635308e-01,1.619773956331490128e+00,3.561375768588540769e+00,-3.637581716261752529e+00,-2.827246031770869195e-02
1.680000000000001215e-01,-8.866607229266233476e-04,-1.349707511542986293e-01,3.365275857247599367e-01,1.610996167242904953e+00,3.534947948464962852e+00,-3.608051944678591472e+00,-2.412255127396889520e-02
1.690000000000001223e-01,7.152125026049975607e-04,-1.314632730298488927e-01,3.329502071713366651e-01,1.601873225531620815e+00,3.507478124425178478e+00,-3.577378553398447458e+00,-2.031412502751805960e-02
1.700000000000001232e-01,2.307647676124379918e-03,-1.279842113025494166e-01,3.294045392878754974e-01,1.592435173519382019e+00,3.479061727275305493e+00,-3.545667883436504297e+00,-1.682891945500131214e-02
1.710000000000001241e-01,3.890358404152279796e-03,-1.245344206526824010e-01,3.258915169504490450e-01,1.582710728027899805e+00,3.449790649843099466e+00,-3.513022337402127881e+00,-1.364821969596263784e-02
1.720000000000001250e-01,5.463085608109773811e-03,-1.211146677179247982e-01,3.224119769075583508e-01,1.572727203957493769e+00,3.419752934733748972e+00,-3.479540042866497096e+00,-1.075305114425972874e-02
1.730000000000001259e-01,7.025596063911665294e-03,-1.177256352002198636e-01,3.189666623313048843e-01,1.562510455801891407e+00,3.389032517681205281e+00,-3.445314576229495440e+00,-8.124360564194077483e-03
1.740000000000001268e-01,8.577680900405460981e-03,-1.143679261744139919e-01,3.155562275850094522e-01,1.552084836493794917e+00,3.357709025782127377e+00,-3.410434746271607587e+00,-5.743183685623876045e-03
1.750000000000001277e-01,1.011915407316071359e-02,-1.110420685452943451e-01,3.121812431492731466e-01,1.541473172755252641e+00,3.325857629095795964e+00,-3.374984435712909736e+00,-3.590798000535855294e-03
1.760000000000001286e-01,1.164985082910087628e-02,-1.077485196018910796e-01,3.088422006509163320e-01,1.530696755940162967e+00,3.293548943379303928e+00,-3.339042498333563813e+00,-1.648859850963191320e-03
1.770000000000001295e-01,1.316962617630437239e-02,-1.044876706207526901e-01,3.055395179423425200e-01,1.519775347203496496e+00,3.260848981114266465e+00,-3.302682708550666035e+00,1.004747524948612636e-04
1.780000000000001303e-01,1.467835337201896066e-02,-1.012598514732574173e-01,3.022735441825228353e-01,1.508727195714588021e+00,3.227819147470912142e+00,-3.265973759796866993e+00,1.674445808056646001e-03
1.790000000000001312e-01,1.617592244056884065e-02,-9.806533519577910474e-02,2.990445648748867868e-01,1.497569068549878368e+00,3.194516277453687270e+00,-3.228979307613395466e+00,3.089601413579501354e-03
1.800000000000001321e-01,1.766223873141922057e-02,-9.490434248557434727e-02,2.958528068218095886e-01,1.486316290850380861e+00,3.160992710179853393e+00,-3.191758053054772670e+00,4.361725919070025270e-03
1.810000000000001330e-01,1.913722152623060710e-02,-9.177704608949981135e-02,2.926984429599933657e-01,1.474982794811384945e+00,3.127296396049345617e+00,-3.154363861794073465e+00,5.505783543341635777e-03
1.820000000000001339e-01,2.060080270231177263e-02,-8.868357505700137644e-02,2.895815970457520927e-01,1.463581176081164337e+00,3.093471032472889348e+00,-3.116845914219260827e+00,6.535876659890860196e-03
1.830000000000001348e-01,2.205292545849287314e-02,-8.562401883315551299e-02,2.865023481639248915e-01,1.452122756181101204e+00,3.059556223820024012e+00,-3.079248881805294769e+00,7.465217786725375504e-03
1.840000000000001357e-01,2.349354310810771243e-02,-8.259843117180117045e-02,2.834607350387705615e-01,1.440617649614840623e+00,3.025587661328111189e+00,-3.041613125132900386e+00,8.306114196278358008e-03
1.850000000000001366e-01,2.492261794251679485e-02,-7.960683385291807135e-02,2.804567601296694135e-01,1.429074834409083561e+00,2.991597318856568322e+00,-3.003974909079682121e+00,9.069963963057148248e-03
1.860000000000001374e-01,2.634012016743308288e-02,-7.664922019231260042e-02,2.774903934987135723e-01,1.417502224916286302e+00,2.957613660578573889e+00,-2.966366630934588411e+00,9.767262217161842841e-03
1.870000000000001383e-01,2.774602691324197165e-02,-7.372555833533198100e-02,2.745615764412339677e-01,1.405906745808889857e+00,2.923661856953395421e+00,-2.928817057458611650e+00,1.040761634243203559e-02
1.880000000000001392e-01,2.914032131954165383e-02,-7.083579432969126788e-02,2.716702248739834014e-01,1.394294406299683375e+00,2.889764005613170816e+00,-2.891351567229735409e+00,1.099976886803055720e-02
1.890000000000001401e-01,3.052299169327602965e-02,-6.797985497555381063e-02,2.688162324790147051e-01,1.382670373734375291e+00,2.855939354109518824e+00,-2.853992394948049238e+00,1.155162681962274007e-02
1.900000000000001410e-01,3.189403073908826658e-02,-6.515765045372520770e-02,2.659994736042534669e-01,1.371039045812236790e+00,2.822204521800432353e+00,-2.816758874740718177e+00,1.207029635711975857e-02
1.910000000000001419e-01,3.325343485989004644e-02,-6.236907673520607209e-02,2.632198059243652799e-01,1.359404120801777527e+00,2.788573718490650499e+00,-2.779667679867776187e+00,1.256212157965208576e-02
1.920000000000001428e-01,3.460120352511470571e-02,-5.961401777739888663e-02,2.604770728677461289e-01,1.347768665224660545e+00,2.755058957778413031e+00,-2.742733056598940067e+00,1.303272646286401937e-02
1.930000000000001437e-01,3.593733870369753003e-02,-5.689234751398136031e-02,2.577711058173389747e-01,1.336135178582820826e+00,2.721670263388477284e+00,-2.705967050387095174e+00,1.348705897807889187e-02
1.940000000000001446e-01,3.726184435849675541e-02,-5.420393164686561349e-02,2.551017260945121490e-01,1.324505654799226662e+00,2.688415867086474620e+00,-2.669379722807002864e+00,1.392943653545053451e-02
1.950000000000001454e-01,3.857472599862701856e-02,-5.154862924976880839e-02,2.524687467364404858e-01,1.312881640130260763e+00,2.655302397067310416e+00,-2.632979358051878549e+00,1.436359199150061272e-02
1.960000000000001463e-01,3.987599028601492707e-02,-4.892629419375463251e-02,2.498719740783420795e-01,1.301264287387910334e+00,2.622335055984470475e+00,-2.596772658078875917e+00,1.479271955489736001e-02
1.970000000000001472e-01,4.116564469239609309e-02,-4.633677640568466954e-02,2.473112091525522249e-01,1.289654406381163243e+00,2.589517788040074819e+00,-2.560764925770468103e+00,1.521952002142157312e-02
1.980000000000001481e-01,4.244369720294453863e-02,-4.377992297087353324e-02,2.447862489168084743e-01,1.278052510548445930e+00,2.556853434781094059e+00,-2.524960235724464930e+00,1.564624486139365445e-02
1.990000000000001490e-01,4.371015606275213683e-02,-4.125557909139698776e-02,2.422968873242863364e-01,1.266458859807596538e+00,2.524343879446366401e+00,-2.489361592502960185e+00,1.607473876586951178e-02
2.000000000000001499e-01,4.496502956244760596e-02,-3.876358891148228708e-02,2.398429162479054910e-01,1.254873499695469574e+00,2.491990179884397083e+00,-2.453971076361812553e+00,1.650648034229185157e-02
2.010000000000001508e-01,4.620832585935444325e-02,-3.630379622124244726e-02,2.374241262712431799e-01,1.243296296906840182e+00,2.459792690209424038e+00,-2.418789976643525463e+00,1.694262072427754617e-02
2.020000000000001517e-01,4.744005283072823959e-02,-3.387604504972614033e-02,2.350403073580741575e-01,1.231726971373798607e+00,2.427751171485831527e+00,-2.383818913150346219e+00,1.738401992170679478e-02
2.030000000000001525e-01,4.866021795577764320e-02,-3.148018015786088752e-02,2.326912494121275432e-01,1.220165125049403221e+00,2.395864891834723842e+00,-2.349057945927953917e+00,1.783128080556473094e-02
2.040000000000001534e-01,4.986882822335567123e-02,-2.911604744139807688e-02,2.303767427381361310e-01,1.208610267578027253e+00,2.364132716432196801e+00,-2.314506673973051321e+00,1.828478066425098802e-02
2.050000000000001543e-01,5.106589006240176698e-02,-2.678349425343526033e-02,2.280965784146703201e-01,1.197061839046092313e+00,2.332553187932190575e+00,-2.280164323447594121e+00,1.874470032110053808e-02
2.060000000000001552e-01,5.225140929241613164e-02,-2.448236965551791461e-02,2.258505485886258546e-01,1.185519230014363545e+00,2.301124597886726963e+00,-2.246029826026287868e+00,1.921105083566487792e-02
2.070000000000001561e-01,5.342539109145232057e-02,-2.221252460572303161e-02,2.236384467005731735e-01,1.173981799036189155e+00,2.269845049764256384e+00,-2.212101888034749830e+00,1.968369784320600502e-02
2.080000000000001570e-01,5.458783997931764692e-02,-1.997381209151159048e-02,2.214600676495040998e-01,1.162448887865326519e+00,2.238712514180893010e+00,-2.178379051051257065e+00,2.016238361353472897e-02
2.090000000000001579e-01,5.573875981387104578e-02,-1.776608721452022782e-02,2.193152079048396041e-01,1.150919834553399745e+00,2.207724876960825533e+00,-2.144859744646887556e+00,2.064674692948642587e-02
2.100000000000001588e-01,5.687815379850260505e-02,-1.558920723385534210e-02,2.172036655728913634e-01,1.139393984631558610e+00,2.176879980634451428e+00,-2.111542331930648331e+00,2.113634089779736769e-02
2.110000000000001597e-01,5.800602449906541724e-02,-1.344303157385643398e-02,2.151252404243235161e-01,1.127870700562811246e+00,2.146175659968514893e+00,-2.078425148550582691e+00,2.163064881863263622e-02
2.120000000000001605e-01,5.912237386870766026e-02,-1.132742180172605605e-02,2.130797338885287440e-01,1.116349369642242184e+00,2.115609772100103481e+00,-2.045506535777592116e+00,2.212909824507214296e-02
2.130000000000001614e-01,6.022720327921993883e-02,-9.242241579876226895e-03,2.110669490202421172e-01,1.104829410512277788e+00,2.085180221819650903e+00,-2.012784868269546834e+00,2.263107336621583698e-02
2.140000000000001623e-01,6.132051355766927198e-02,-7.187356597327373108e-03,2.090866904431439299e-01,1.093310278449333373e+00,2.054884982518816905e+00,-1.980258577081375648e+00,2.313592584835255650e-02
2.150000000000001632e-01,6.240230502723558698e-02,-5.162634484010679772e-03,2.071387642746759794e-01,1.081791469566316222e+00,2.024722113286796521e+00,-1.947926168451311391e+00,2.364298426968680644e-02
2.160000000000001641e-01,6.347257755130049361e-02,-3.167944711377636714e-03,2.052229780358041655e-01,1.070272524064900255e+00,1.994689772603313482e+00,-1.915786238855281098e+00,2.415156227423853608e-02
2.170000000000001650e-01,6.453133057995964761e-02,-1.203158482303580933e-03,2.033391405490020676e-01,1.058753028659154438e+00,1.964786229044450216e+00,-1.883837486785838067e+00,2.466096557372043918e-02
2.180000000000001659e-01,6.557856319824163782e-02,7.318513871059470662e-04,2.014870618273142677e-01,1.047232618281992877e+00,1.935009869380137859e+00,-1.852078721671621464e+00,2.517049791125991476e-02
2.190000000000001668e-01,6.661427417541607165e-02,2.637210591546305504e-03,1.996665529569791597e-01,1.035710977174431946e+00,1.905359204411191332e+00,-1.820508870319117900e+00,2.567946610197857638e-02
2.200000000000001676e-01,6.763846201486421739e-02,4.513043464433937925e-03,1.978774259757431764e-01,1.024187839448139847e+00,1.875832872858620881e+00,-1.789126981220272583e+00,2.618718425125798888e-02
2.210000000000001685e-01,6.865112500406568563e-02,6.359473108051258948e-03,1.961194937486906154e-01,1.012662989201469355e+00,1.846429643588552771e+00,-1.757932227036935302e+00,2.669297724998109800e-02
2.220000000000001694e-01,6.965226126432640108e-02,8.176621524504414096e-03,1.943925698431362425e-01,1.001136260260715005e+00,1.817148416424574364e+00,-1.726923905539032411e+00,2.719618363279519002e-02
2.230000000000001703e-01,7.064186879993636370e-02,9.964609746305594720e-03,1.926964684038770248e-01,9.896075356099643949e-01,1.787988221772903064e+00,-1.696101439243992814e+00,2.769615788046753124e-02
2.240000000000001712e-01,7.161994554650095990e-02,1.172355796559350002e-02,1.910310040298854872e-01,9.780767465645922032e-01,1.758948219259827361e+00,-1.665464373976562662e+00,2.819227224238574081e-02
2.250000000000001721e-01,7.258648941823840628e-02,1.345358566117643533e-02,1.893959916533304311e-01,9.665438717374468247e-01,1.730027695555159228e+00,-1.635012376540241563e+00,2.868391814073767421e-02
2.260000000000001730e-01,7.354149835407786107e-02,1.515481172274038037e-02,1.877912464216456301e-01,9.550089358394570072e-01,1.701226061536422751e+00,-1.604745231670193562e+00,2.917050721995018137e-02
2.270000000000001739e-01,7.448497036242918146e-02,1.682735457169347304e-02,1.862165835832181593e-01,9.434720083513231659e-01,1.672542848925848258e+00,-1.574662838413051880e+00,2.965147209096485881e-02
2.280000000000001747e-01,7.541690356452641908e-02,1.847133227823673923e-02,1.846718183771426935e-01,9.319332020972428410e-01,1.643977706516280612e+00,-1.544765206061235130e+00,3.012626681968733067e-02
2.290000000000001756e-01,7.633729623627397154e-02,2.008686267434753661e-02,1.831567659273788951e-01,9.203926717475477970e-01,1.615530396084167819e+00,-1.515052449749828778e+00,3.059436719837460572e-02
2.300000000000001765e-01,7.724614684854654023e-02,2.167406346244896490e-02,1.816712411415551953e-01,9.088506122725745762e-01,1.587200788075049385e+00,-1.485524785809964055e+00,3.105527083829606738e-02
2.310000000000001774e-01,7.814345410591339025e-02,2.323305231960751116e-02,1.802150586145848110e-01,8.973072573668533503e-01,1.558988857132517447e+00,-1.456182526956815382e+00,3.150849711341940917e-02
2.320000000000001783e-01,7.902921698377274318e-02,2.476394699716473816e-02,1.787880325371921653e-01,8.857628778593598096e-01,1.530894677531537074e+00,-1.427026077379225821e+00,3.195358698336203673e-02
2.330000000000001792e-01,7.990343476389547006e-02,2.626686541575646780e-02,1.773899766093928743e-01,8.742177801227255518e-01,1.502918418566314251e+00,-1.398055927786157060e+00,3.239010271935960361e-02
2.340000000000001801e-01,8.076610706838778520e-02,2.774192575571555325e-02,1.760207039589244127e-01,8.626723044923155781e-01,1.475060339934053832e+00,-1.369272650455583218e+00,3.281762755170714030e-02
2.350000000000001810e-01,8.161723389209135648e-02,2.918924654288963111e-02,1.746800270645878506e-01,8.511268237035738426e-01,1.447320787149376287e+00,-1.340676894323855173e+00,3.323576525787075298e-02
2.360000000000001819e-01,8.245681563344586795e-02,3.060894672993053067e-02,1.733677576844296631e-01,8.395817413545163532e-01,1.419700187016544657e+00,-1.312269380145654196e+00,3.364413970452417857e-02
2.370000000000001827e-01,8.328485312384455164e-02,3.200114577313598052e-02,1.720837067886688554e-01,8.280374903986841284e-01,1.392199043181483464e+00,-1.284050895748530152e+00,3.404239435605216357e-02
2.380000000000001836e-01,8.410134765551727232e-02,3.336596370494039621e-02,1.708276844972558273e-01,8.164945316727197921e-01,1.364817931780787141e+00,-1.256022291401020397e+00,3.443019175907124918e-02
2.390000000000001845e-01,8.490630100797867674e-02,3.470352120216477210e-02,1.695995000219349125e-01,8.049533524614056468e-01,1.337557497201142365e+00,-1.228184475308988777e+00,3.480721301253986155e-02
2.400000000000001854e-01,8.569971547308109783e-02,3.601393965014599435e-02,1.683989616126730371e-01,7.934144651024166439e-01,1.310418447958334731e+00,-1.200538409250295313e+00,3.517315722883118667e-02
2.410000000000001863e-01,8.648159387871311166e-02,3.729734120287174493e-02,1.672258765083057541e-01,7.818784056320079445e-01,1.283401552703258286e+00,-1.173085104355860775e+00,3.552774099272948405e-02
2.420000000000001872e-01,8.725193961118571373e-02,3.855384883925266210e-02,1.660800508912533280e-01,7.703457324726067368e-01,1.256507636358800806e+00,-1.145825617041311251e+00,3.587069782111251826e-02
2.430000000000001881e-01,8.801075663634809476e-02,3.978358641566524107e-02,1.649612898461497446e-01,7.588170251623820306e-01,1.229737576390857789e+00,-1.118761045092626638e+00,3.620177762872689442e-02
2.440000000000001890e-01,8.875804951947487142e-02,4.098667871490029729e-02,1.638693973222329070e-01,7.472928831267804384e-01,1.203092299213757377e+00,-1.091892523906110801e+00,3.652074620119760695e-02
2.450000000000001898e-01,8.949382344396650257e-02,4.216325149165128794e-02,1.628041760993399478e-01,7.357739244916362553e-01,1.176572776730084868e+00,-1.065221222882465124e+00,3.682738467775115154e-02
2.460000000000001907e-01,9.021808422890364998e-02,4.331343151467538510e-02,1.617654277573562227e-01,7.242607849371481832e-01,1.150180023003612551e+00,-1.038748341973375400e+00,3.712148904540946148e-02
2.470000000000001916e-01,9.093083834549550715e-02,4.443734660575861944e-02,1.607529526489680782e-01,7.127541165918526156e-01,1.123915091063118377e+00,-1.012475108378108279e+00,3.740286964554240257e-02
2.480000000000001925e-01,9.163209293246130094e-02,4.553512567561256164e-02,1.597665498755713731e-01,7.012545869657880182e-01,1.097779069834276866e+00,-9.864027733868596659e-01,3.767135069257543378e-02
2.490000000000001934e-01,9.232185581038286626e-02,4.660689875682868383e-02,1.588060172661944214e-01,6.897628779215646544e-01,1.071773081196822908e+00,-9.605326093673967058e-01,3.792676980699338785e-02
2.500000000000001665e-01,9.300013549506527810e-02,4.765279703401058969e-02,1.578711513592941096e-01,6.782796846824118431e-01,1.045898277163065826e+00,-9.348659068908637959e-01,3.816897756069215220e-02
2.510000000000001674e-01,9.366694120994124850e-02,4.867295287120340652e-02,1.569617473872924884e-01,6.668057148759679587e-01,1.020155837174389735e+00,-9.094039719924675857e-01,3.839783703605714749e-02
2.520000000000001683e-01,9.432228289755388573e-02,4.966749983673329066e-02,1.560775992637207787e-01,6.553416876126303414e-01,9.945469655118710506e-01,-8.841481235628469992e-01,3.861322339806916304e-02
2.530000000000001692e-01,9.496617123015135831e-02,5.063657272556786049e-02,1.552184995728466410e-01,6.438883325974729122e-01,9.690728888169933830e-01,-8.590996908653948383e-01,3.881502347839660416e-02
2.540000000000001701e-01,9.559861761942566039e-02,5.158030757930409660e-02,1.543842395616626673e-01,6.324463892743003024e-01,9.437348537190882736e-01,-8.342600111754859826e-01,3.900313537312527501e-02
2.550000000000001710e-01,9.621963422542675892e-02,5.249884170388575272e-02,1.535746091341177177e-01,6.210166060010922084e-01,9.185341245649325526e-01,-8.096304275366896785e-01,3.917746805055788428e-02
2.560000000000001719e-01,9.682923396468227917e-02,5.339231368514969073e-02,1.527893968474796083e-01,6.095997392555214667e-01,8.934719812476268341e-01,-7.852122866300599302e-01,3.933794097165232984e-02
2.570000000000001728e-01,9.742743051755183015e-02,5.426086340229618193e-02,1.520283899107196524e-01,5.981965528695529777e-01,8.685497171306424402e-01,-7.610069367521863359e-01,3.948448372098023462e-02
2.580000000000001736e-01,9.801423833484404491e-02,5.510463203937506632e-02,1.512913741848143645e-01,5.868078172922173152e-01,8.437686370634838173e-01,-7.370157258976313130e-01,3.961703564767149466e-02
2.590000000000001745e-01,9.858967264372366091e-02,5.592376209487595617e-02,1.505781341848648758e-01,5.754343088796142203e-01,8.191300554858831351e-01,-7.132399999420822034e-01,3.973554551632174636e-02
2.600000000000001754e-01,9.915374945293475850e-02,5.671839738950779086e-02,1.498884530839353635e-01,5.640768092110995946e-01,7.946352946172691167e-01,-6.896811009223905442e-01,3.983997116790605197e-02
2.610000000000001763e-01,9.970648555736573437e-02,5.748868307224993396e-02,1.492221127185189011e-01,5.527361044309699878e-01,7.702856827280231133e-01,-6.663403654095398920e-01,3.993027918879987759e-02
2.620000000000001772e-01,1.002478985419805319e-01,5.823476562475358997e-02,1.485788935955409951e-01,5.414129846147914815e-01,7.460825524899498129e-01,-6.432191229711917702e-01,4.000644458862967490e-02
2.630000000000001781e-01,1.007780067851401090e-01,5.895679286416991710e-02,1.479585749008139883e-01,5.301082431595710576e-01,7.220272394030842200e-01,-6.203186947205030499e-01,4.006845048638374429e-02
2.640000000000001790e-01,1.012968294613371262e-01,5.965491394447880458e-02,1.473609345088598421e-01,5.188226761970198275e-01,6.981210802960386985e-01,-5.976403919478630034e-01,4.011628780438303288e-02
2.650000000000001799e-01,1.018043865433664874e-01,6.032927935638841138e-02,1.467857489940215254e-01,5.075570820293576757e-01,6.743654118971957878e-01,-5.751855148322910782e-01,4.014995496903250860e-02
2.660000000000001807e-01,1.023006988039532605e-01,6.098004092587511193e-02,1.462327936427857689e-01,4.963122605867795190e-01,6.507615694747395096e-01,-5.529553512298572837e-01,4.016945761986057128e-02
2.670000000000001816e-01,1.027857878168593753e-01,6.160735181142922706e-02,1.457018424672442414e-01,4.850890129061151135e-01,6.273108855425909569e-01,-5.309511755359380691e-01,4.017480832455189166e-02
2.680000000000001825e-01,1.032596759574894579e-01,6.221136650007069030e-02,1.451926682196202356e-01,4.738881406300839982e-01,6.040146886303497942e-01,-5.091742476185946442e-01,4.016602630077292790e-02
2.690000000000001834e-01,1.037223864030159259e-01,6.279224080219653059e-02,1.447050424077944430e-01,4.627104455264658411e-01,5.808743021151625552e-01,-4.876258118206289183e-01,4.014313714494432972e-02
2.700000000000001843e-01,1.041739431320427428e-01,6.335013184532001240e-02,1.442387353117618454e-01,4.515567290268213130e-01,5.578910431131737235e-01,-4.663070960275647048e-01,4.010617256643422834e-02
2.710000000000001852e-01,1.046143709238267772e-01,6.388519806675879709e-02,1.437935160009578550e-01,4.404277917840274115e-01,5.350662214289878538e-01,-4.452193107992369336e-01,4.005517012893844431e-02
2.720000000000001861e-01,1.050436953570750148e-01,6.439759920532903137e-02,1.433691523523907829e-01,4.293244332482444303e-01,5.124011385607876168e-01,-4.243636485625081889e-01,3.999017299715257323e-02
2.730000000000001870e-01,1.054619428083358734e-01,6.488749629209759895e-02,1.429654110695236235e-01,4.182474512608612693e-01,4.898970867595532908e-01,-4.037412828628481054e-01,3.991122968930094217e-02
2.740000000000001878e-01,1.058691404500017585e-01,6.535505164024678348e-02,1.425820577018469537e-01,4.071976416658781850e-01,4.675553481406063971e-01,-3.833533676725182637e-01,3.981839383577523428e-02
2.750000000000001887e-01,1.062653162479400004e-01,6.580042883410072707e-02,1.422188566650896546e-01,3.961757979382386496e-01,4.453771938457609103e-01,-3.632010367533743400e-01,3.971172394361976998e-02
2.760000000000001896e-01,1.066504989587688107e-01,6.622379271736274220e-02,1.418755712620139720e-01,3.851827108288062296e-01,4.233638832542385710e-01,-3.432854030719482141e-01,3.959128316603455211e-02
2.770000000000001905e-01,1.070247181267942188e-01,6.662530938061110575e-02,1.415519637037456202e-01,3.742191680254144948e-01,4.015166632410297476e-01,-3.236075582648589855e-01,3.945713907822345767e-02
2.780000000000001914e-01,1.073880040806237945e-01,6.700514614809904845e-02,1.412477951315896652e-01,3.632859538295744040e-01,3.798367674809178807e-01,-3.041685721526449226e-01,3.930936345868851767e-02
2.790000000000001923e-01,1.077403879294723255e-01,6.736347156390218305e-02,1.409628256392866374e-01,3.523838488485255827e-01,3.583254157966134223e-01,-2.849694922999393421e-01,3.914803207567629784e-02
2.800000000000001932e-01,1.080819015591744925e-01,6.770045537745801589e-02,1.406968142956637191e-01,3.415136297021714729e-01,3.369838135496198706e-01,-2.660113436200329251e-01,3.897322447949269630e-02
2.810000000000001941e-01,1.084125776279189074e-01,6.801626852853623340e-02,1.404495191676388421e-01,3.306760687444214031e-01,3.158131510724270785e-01,-2.472951280222205894e-01,3.878502380067461175e-02
2.820000000000001950e-01,1.087324495617175146e-01,6.831108313168193780e-02,1.402206973435364823e-01,3.198719337986074551e-01,2.948146031403134915e-01,-2.288218240998328712e-01,3.858351655337943775e-02
2.830000000000001958e-01,1.090415515496240689e-01,6.858507246016845582e-02,1.400101049566769840e-01,3.091019879065575737e-01,2.739893284814949315e-01,-2.105923868571894508e-01,3.836879244449153958e-02
2.840000000000001967e-01,1.093399185387150946e-01,6.883841092949724572e-02,1.398174972092012247e-01,2.983669890910279898e-01,2.533384693241736429e-01,-1.926077474737274975e-01,3.814094418789282237e-02
2.850000000000001976e-01,1.096275862288460384e-01,6.907127408048083228e-02,1.396426283960955916e-01,2.876676901309399570e-01,2.328631509793448462e-01,-1.748688131036651439e-01,3.790006732517747778e-02
2.860000000000001985e-01,1.099045910671951620e-01,6.928383856194238188e-02,1.394852519293845183e-01,2.770048383491270361e-01,2.125644814576348463e-01,-1.573764667093940361e-01,3.764626005142535092e-02
2.870000000000001994e-01,1.101709702426073995e-01,6.947628211306489110e-02,1.393451203624562762e-01,2.663791754122379896e-01,1.924435511189792614e-01,-1.401315669268118347e-01,3.737962304654218748e-02
2.880000000000002003e-01,1.104267616797497825e-01,6.964878354542194949e-02,1.392219854144937929e-01,2.557914371423864464e-01,1.725014323539182659e-01,-1.231349479610758524e-01,3.710025931244009811e-02
2.890000000000002012e-01,1.106720040330897714e-01,6.980152272471992769e-02,1.391155979949816324e-01,2.452423533399956668e-01,1.527391792951623695e-01,-1.063874195111587373e-01,3.680827401657305042e-02
2.900000000000002021e-01,1.109067366807076627e-01,6.993468055228010960e-02,1.390257082282593259e-01,2.347326476178939747e-01,1.331578275577204873e-01,-8.988976672137669044e-02,3.650377433910778624e-02
2.910000000000002029e-01,1.111309997179534131e-01,7.004843894628938472e-02,1.389520654781001563e-01,2.242630372457507792e-01,1.137583940071803662e-01,-7.364275015843556316e-02,3.618686932849946025e-02
2.920000000000002038e-01,1.113448339509582885e-01,7.014298082284510516e-02,1.388944183722869707e-01,2.138342330048760009e-01,9.454187655395709933e-02,-5.764710581262832978e-02,3.585766976056392608e-02
2.930000000000002047e-01,1.115482808900111200e-01,7.021849007681932320e-02,1.388525148271654575e-01,2.034469390528257648e-01,7.550925397280419671e-02,-4.190354512113299290e-02,3.551628800437778288e-02
2.940000000000002056e-01,1.117413827428086343e-01,7.027515156256662621e-02,1.388261020721529571e-01,1.931018527975200405e-01,5.666148574618096179e-02,-2.641275501236448053e-02,3.516283789340035604e-02
2.950000000000002065e-01,1.119241824075890013e-01,7.031315107449769009e-02,1.388149266741832977e-01,1.827996647803662722e-01,3.799951193032508057e-02,-1.117539796965592858e-02,3.479743460291961910e-02
2.960000000000002074e-01,1.120967234661572470e-01,7.033267532754068629e-02,1.388187345620707502e-01,1.725410585682480014e-01,1.952425304253341265e-02,3.807887887230639035e-03,3.442019453208988722e-02
2.970000000000002083e-01,1.122590501768110510e-01,7.033391193750973547e-02,1.388372710507753127e-01,1.623267106538037741e-01,1.236609968928464864e-03,1.853648870416475108e-02,3.403123519274209308e-02
2.980000000000002092e-01,1.124112074671747563e-01,7.031704940140066917e-02,1.388702808655555010e-01,1.521572903637022078e-01,-1.686253610886859211e-02,3.300981477963216282e-02,3.363067510334749599e-02
2.990000000000002101e-01,1.125532409269493772e-01,7.028227707763096133e-02,1.389175081659944633e-01,1.420334597746182037e-01,-3.477232376922767543e-02,4.722730043822201407e-02,3.321863368839528263e-02
3.000000000000002109e-01,1.126851968005858212e-01,7.022978516624095446e-02,1.389786965698872889e-01,1.319558736364498663e-01,-5.249191138920161759e-02,6.118840389192414797e-02,3.279523118382421387e-02
3.010000000000002118e-01,1.128071219798883751e-01,7.015976468907220154e-02,1.390535891769788812e-01,1.219251793025475927e-01,-7.002047716764919771e-02,7.489260709045506004e-02,3.236058854746670654e-02
3.020000000000002127e-01,1.129190639965547693e-01,7.007240746993705083e-02,1.391419285925422633e-01,1.119420166663899485e-01,-8.735721913379237979e-02,8.833941556213631419e-02,3.191482737597772790e-02
3.030000000000002136e-01,1.130210710146593578e-01,6.996790611479275501e-02,1.392434569507902953e-01,1.020070181045859281e-01,-1.045013551426411946e-01,1.015283582465126566e-01,3.145806982606491609e-02
3.040000000000002145e-01,1.131131918230851297e-01,6.984645399193281645e-02,1.393579159381120036e-01,9.212080842577692608e-02,-1.214521228579841516e-01,1.144589873201096175e-01,3.099043854173566537e-02
3.050000000000002154e-01,1.131954758279101192e-01,6.970824521220646275e-02,1.394850468161301649e-01,8.228400482499574620e-02,-1.382087797241151050e-01,1.271308780163679097e-01,3.051205658725453240e-02
3.060000000000002163e-01,1.132679730447534866e-01,6.955347460927639724e-02,1.396245904445732045e-01,7.249721684336539462e-02,-1.547706029275600081e-01,1.395436284411145644e-01,3.002304738438210663e-02
3.070000000000002172e-01,1.133307340910861133e-01,6.938233771992419197e-02,1.397762873039600784e-01,6.276104633262995225e-02,-1.711368893494266685e-01,1.516968593847533575e-01,2.952353465585488834e-02
3.080000000000002180e-01,1.133838101785103053e-01,6.919503076441149703e-02,1.399398775180944743e-01,5.307608742418635367e-02,-1.873069555096673611e-01,1.635902141321680658e-01,2.901364237385761768e-02
3.090000000000002189e-01,1.134272531050127819e-01,6.899175062690389437e-02,1.401151008763686923e-01,4.344292650247100207e-02,-2.032801375043244985e-01,1.752233582717120375e-01,2.849349471284234880e-02
3.100000000000002198e-01,1.134611152471949186e-01,6.877269483596407107e-02,1.403016968558755129e-01,3.386214218214232685e-02,-2.190557909363232136e-01,1.865959795042011482e-01,2.796321600857609724e-02
3.110000000000002207e-01,1.134854495524839912e-01,6.853806154511900284e-02,1.404994046433312160e-01,2.433430528907818552e-02,-2.346332908412362972e-01,1.977077874529750146e-01,2.742293072048473945e-02
3.120000000000002216e-01,1.135003095313284471e-01,6.828804951350669894e-02,1.407079631568102507e-01,1.485997884445159484e-02,-2.500120316083014327e-01,2.085585134761033244e-01,2.687276340103395000e-02
3.130000000000002225e-01,1.135057492493805331e-01,6.802285808660404887e-02,1.409271110672949689e-01,5.439718052079642319e-03,-2.651914268983875944e-01,2.191479104816085322e-01,2.631283866729416943e-02
3.140000000000002234e-01,1.135018233196688209e-01,6.774268717704065579e-02,1.411565868200450602e-01,-3.925929711716251783e-03,-2.801709095589222653e-01,2.294757527469303837e-01,2.574328117967761287e-02
3.150000000000002243e-01,1.134885868947632243e-01,6.744773724549860128e-02,1.413961286557916530e-01,-1.323642490560235536e-02,-2.949499315373758090e-01,2.395418357431442491e-01,2.516421562295922953e-02
3.160000000000002252e-01,1.134660956589346043e-01,6.713820928170020907e-02,1.416454746317603874e-01,-2.249123582861353027e-02,-3.095279637934705286e-01,2.493459759652535968e-01,2.457576669328531693e-02
3.170000000000002260e-01,1.134344058203109185e-01,6.681430478548379404e-02,1.419043626425330051e-01,-3.168983862368679461e-02,-3.239044962112552772e-01,2.588880107689729426e-01,2.397805908921979423e-02
3.180000000000002269e-01,1.133935741030315247e-01,6.647622574796654971e-02,1.421725304407520096e-01,-4.083171727939106238e-02,-3.380790375118974400e-01,2.681677982151717266e-01,2.337121750610782200e-02
3.190000000000002278e-01,1.133436577394011380e-01,6.612417463279349206e-02,1.424497156576786383e-01,-4.991636363039293756e-02,-3.520511151675151940e-01,2.771852169226513007e-01,2.275536663592880871e-02
3.200000000000002287e-01,1.132847144620444946e-01,6.575835435747057200e-02,1.427356558236125283e-01,-5.894327735663659751e-02,-3.658202753171779786e-01,2.859401659297901022e-01,2.213063116978508660e-02
3.210000000000002296e-01,1.132168024960628627e-01,6.537896827477918116e-02,1.430300883881828189e-01,-6.791196598163559695e-02,-3.793860826854166257e-01,2.944325645661124424e-01,2.149713580515211220e-02
3.220000000000002305e-01,1.131399805511927592e-01,6.498622015426902543e-02,1.433327507405212919e-01,-7.682194487010202133e-02,-3.927481205040356249e-01,3.026623523340848942e-01,2.085500525673733563e-02
3.230000000000002314e-01,1.130543078139677471e-01,6.458031416382474521e-02,1.436433802293278494e-01,-8.567273722501390909e-02,-4.059059904379559436e-01,3.106294888020545431e-01,2.020436427041261140e-02
3.240000000000002323e-01,1.129598439398832171e-01,6.416145485130278492e-02,1.439617141828412883e-01,-9.446387408452613932e-02,-4.188593125154168040e-01,3.183339535088179351e-01,1.954533764156884956e-02
3.250000000000002331e-01,1.128566490455645693e-01,6.372984712623268322e-02,1.442874899287264201e-01,-1.031948943186494216e-01,-4.316077250634509088e-01,3.257757458803426376e-01,1.887805023545174876e-02
3.260000000000002340e-01,1.127447837009383919e-01,6.328569624157714957e-02,1.446204448138904419e-01,-1.118653446261793777e-01,-4.441508846486452722e-01,3.329548851592137870e-01,1.820262701223596125e-02
3.270000000000002349e-01,1.126243089214064852e-01,6.282920777554588943e-02,1.449603162242426302e-01,-1.204747795319101172e-01,-4.564884660242362058e-01,3.398714103471882630e-01,1.751919305421845152e-02
3.280000000000002358e-01,1.124952861600221621e-01,6.236058761345499718e-02,1.453068416044093203e-01,-1.290227613843243915e-01,-4.686201620837429083e-01,3.465253801614867069e-01,1.682787359617732292e-02
3.290000000000002367e-01,1.123577772996683238e-01,6.188004192962603262e-02,1.456597584774196041e-01,-1.375088603538425491e-01,-4.805456838216126680e-01,3.529168730051034375e-01,1.612879405816380896e-02
3.300000000000002376e-01,1.122118446452362306e-01,6.138777716931746731e-02,1.460188044643764005e-01,-1.459326544320886099e-01,-4.922647603010753548e-01,3.590459869514294189e-01,1.542208008234524641e-02
3.310000000000002385e-01,1.120575509158042299e-01,6.088400003067961919e-02,1.463837173041255546e-01,-1.542937294319947361e-01,-5.037771386302243304e-01,3.649128397436561810e-01,1.470785757060610877e-02
3.320000000000002394e-01,1.118949592368152640e-01,6.036891744672569921e-02,1.467542348729404811e-01,-1.625916789889596814e-01,-5.150825839460968503e-01,3.705175688093974573e-01,1.398625272521369922e-02
3.330000000000002403e-01,1.117241331322518516e-01,5.984273656731069202e-02,1.471300952042365329e-01,-1.708261045634122677e-01,-5.261808794070715889e-01,3.758603312903571192e-01,1.325739209259424456e-02
3.340000000000002411e-01,1.115451365168071973e-01,5.930566474110819664e-02,1.475110365083299180e-01,-1.789966154446559765e-01,-5.370718261944268379e-01,3.809413040876208356e-01,1.252140260787992787e-02
3.350000000000002420e-01,1.113580336880510141e-01,5.875790949757709464e-02,1.478967971922586222e-01,-1.871028287561803671e-01,-5.477552435228892902e-01,3.857606839228282514e-01,1.177841164194992629e-02
3.360000000000002429e-01,1.111628893185883787e-01,5.819967852890836624e-02,1.482871158796795485e-01,-1.951443694626360803e-01,-5.582309686603811327e-01,3.903186874149954244e-01,1.102854705063105456e-02
3.370000000000002438e-01,1.109597684482099417e-01,5.763117967194242297e-02,1.486817314308591098e-01,-2.031208703784381508e-01,-5.684988569575062378e-01,3.946155511734191768e-01,1.027193722486652305e-02
3.380000000000002447e-01,1.107487364760317283e-01,5.705262089004716625e-02,1.490803829627719290e-01,-2.110319721782068780e-01,-5.785587818866656518e-01,3.986515319066912255e-01,9.508711143022097190e-03
3.390000000000002456e-01,1.105298591526225893e-01,5.646421025494732793e-02,1.494828098693258833e-01,-2.188773234091392628e-01,-5.884106350911284533e-01,4.024269065477307228e-01,8.738998424521859931e-03
3.400000000000002465e-01,1.103032025721173010e-01,5.586615592849418499e-02,1.498887518417273412e-01,-2.266565805052825067e-01,-5.980543264443350937e-01,4.059419723951142034e-01,7.962929384153216716e-03
3.410000000000002474e-01,1.100688331643135953e-01,5.525866614436601709e-02,1.502979488890043014e-01,-2.343694078037099338e-01,-6.074897841192585801e-01,4.091970472705108719e-01,7.180635087335129896e-03
3.420000000000002482e-01,1.098268176867505108e-01,5.464194918968926645e-02,1.507101413587028371e-01,-2.420154775630886934e-01,-6.167169546677334635e-01,4.121924696920161724e-01,6.392247408177009760e-03
3.430000000000002491e-01,1.095772232167665367e-01,5.401621338656940191e-02,1.511250699577729451e-01,-2.495944699839705017e-01,-6.257358031107257412e-01,4.149285990635697141e-01,5.597899084833546368e-03
3.440000000000002500e-01,1.093201171435348590e-01,5.338166707352199475e-02,1.515424757736599515e-01,-2.571060732316807207e-01,-6.345463130381961969e-01,4.174058158803134466e-01,4.797723779684126555e-03
3.450000000000002509e-01,1.090555671600737520e-01,5.273851858679263344e-02,1.519621002956160205e-01,-2.645499834611071410e-01,-6.431484867200165656e-01,4.196245219494001422e-01,3.991856136064786398e-03
3.460000000000002518e-01,1.087836412552298931e-01,5.208697624155646938e-02,1.523836854362495552e-01,-2.719259048438540938e-01,-6.515423452267483651e-01,4.215851406266684087e-01,3.180431837879638124e-03
3.470000000000002527e-01,1.085044077056321887e-01,5.142724831298617350e-02,1.528069735533245654e-01,-2.792335495977033011e-01,-6.597279285607943189e-01,4.232881170682244454e-01,2.363587668621214277e-03
3.480000000000002536e-01,1.082179350676139712e-01,5.075954301717864464e-02,1.532317074718288485e-01,-2.864726380182174292e-01,-6.677052957979243697e-01,4.247339184972966919e-01,1.541461569740665283e-03
3.490000000000002545e-01,1.079242921691011686e-01,5.008406849193033222e-02,1.536576305063215575e-01,-2.936428985128085589e-01,-6.754745252386425980e-01,4.259230344857690698e-01,7.141927003448955702e-04
3.500000000000002554e-01,1.076235481014642670e-01,4.940103277735067439e-02,1.540844864835786976e-01,-3.007440676368950405e-01,-6.830357145698822130e-01,4.268559772501270277e-01,-1.180785052654620415e-04
3.510000000000002562e-01,1.073157722113319140e-01,4.871064379630465901e-02,1.545120197655472927e-01,-3.077758901323593421e-01,-6.903889810362000556e-01,4.275332819615393909e-01,-9.552102791769989665e-04
3.520000000000002571e-01,1.070010340923635006e-01,4.801310933467414083e-02,1.549399752726238477e-01,-3.147381189684201885e-01,-6.975344616206204940e-01,4.279555070694072150e-01,-1.797059461717154250e-03
3.530000000000002580e-01,1.066794035769789567e-01,4.730863702142880378e-02,1.553680985072694587e-01,-3.216305153845479547e-01,-7.044723132353619688e-01,4.281232346384425957e-01,-2.643481445699702448e-03
3.540000000000002589e-01,1.063509507280433336e-01,4.659743430849732498e-02,1.557961355779752533e-01,-3.284528489356241532e-01,-7.112027129214426591e-01,4.280370706985576756e-01,-3.494330120224375946e-03
3.550000000000002598e-01,1.060157458305041045e-01,4.587970845042983054e-02,1.562238332235894311e-01,-3.352048975392312169e-01,-7.177258580573591118e-01,4.276976456069663257e-01,-4.349457816080093409e-03
3.560000000000002607e-01,1.056738593829790046e-01,4.515566648384322646e-02,1.566509388380188383e-01,-3.418864475251011670e-01,-7.240419665764433743e-01,4.271056144221575535e-01,-5.208715251926676615e-03
3.570000000000002616e-01,1.053253620892924403e-01,4.442551520664014819e-02,1.570772004953153722e-01,-3.484972936865698423e-01,-7.301512771928100332e-01,4.262616572892492517e-01,-6.071951482419013502e-03
3.580000000000002625e-01,1.049703248499583713e-01,4.368946115699452737e-02,1.575023669751587918e-01,-3.550372393340663346e-01,-7.360540496353458195e-01,4.251664798361136643e-01,-6.939013847341968244e-03
3.590000000000002633e-01,1.046088187536080155e-01,4.294771059209462338e-02,1.579261877887457588e-01,-3.615060963503539115e-01,-7.417505648895486026e-01,4.238208135795966669e-01,-7.809747923392063029e-03
3.600000000000002642e-01,1.042409150683601543e-01,4.220046946663771892e-02,1.583484132050943516e-01,-3.679036852478640984e-01,-7.472411254464960129e-01,4.222254163412656469e-01,-8.683997475842808456e-03
3.610000000000002651e-01,1.038666852331325552e-01,4.144794341106800006e-02,1.587687942777736838e-01,-3.742298352275947315e-01,-7.525260555592763190e-01,4.203810726719632296e-01,-9.561604414432878229e-03
3.620000000000002660e-01,1.034862008488928314e-01,4.069033770955171603e-02,1.591870828720657882e-01,-3.804843842397189202e-01,-7.576057015057726662e-01,4.182885942847582861e-01,-1.044240875001545277e-02
3.630000000000002669e-01,1.030995336698469350e-01,3.992785727768352610e-02,1.596030316925683146e-01,-3.866671790458920399e-01,-7.624804318576523521e-01,4.159488204951602430e-01,-1.132624855332453606e-02
3.640000000000002678e-01,1.027067555945641170e-01,3.916070663991751827e-02,1.600163943112439258e-01,-3.927780752828130550e-01,-7.671506377553960476e-01,4.133626186682506365e-01,-1.221295991770432465e-02
3.650000000000002687e-01,1.023079386570368149e-01,3.838908990671870136e-02,1.604269251959230536e-01,-3.988169375273039052e-01,-7.716167331882035629e-01,4.105308846717687921e-01,-1.310237692250826314e-02
3.660000000000002696e-01,1.019031550176743017e-01,3.761321075142912140e-02,1.608343797392647045e-01,-4.047836393625197093e-01,-7.758791552789146007e-01,4.074545433342329215e-01,-1.399433160066765325e-02
3.670000000000002705e-01,1.014924769542288330e-01,3.683327238684531990e-02,1.612385142881797018e-01,-4.106780634454689771e-01,-7.799383645730839643e-01,4.041345489076300090e-01,-1.488865390768090435e-02
3.680000000000002713e-01,1.010759768526534874e-01,3.604947754150247818e-02,1.616390861737205809e-01,-4.165001015753504454e-01,-7.837948453321181841e-01,4.005718855335993478e-01,-1.578517169540649689e-02
3.690000000000002722e-01,1.006537271978908410e-01,3.526202843566237505e-02,1.620358537414403055e-01,-4.222496547626508612e-01,-7.874491058293162649e-01,3.967675677123860822e-01,-1.668371068831797643e-02
3.700000000000002731e-01,1.002258005645915717e-01,3.447112675700333972e-02,1.624285763822209128e-01,-4.279266332992720523e-01,-7.909016786482618855e-01,3.927226407733084290e-01,-1.758409446138387011e-02
3.710000000000002740e-01,9.979226960776264865e-02,3.367697363600866828e-02,1.628170145635743915e-01,-4.335309568289195115e-01,-7.941531209838434968e-01,3.884381813462112198e-01,-1.848614442435669858e-02
3.720000000000002749e-01,9.935320705334456381e-02,3.287976962105355200e-02,1.632009298614146287e-01,-4.390625544180800088e-01,-7.972040149442182200e-01,3.839152978330550026e-01,-1.938967980710071259e-02
3.730000000000002758e-01,9.890868568871742650e-02,3.207971465318890103e-02,1.635800849923000067e-01,-4.445213646271331531e-01,-8.000549678537804965e-01,3.791551308782121765e-01,-2.029451765022827203e-02
3.740000000000002767e-01,9.845877835313578130e-02,3.127700804062193141e-02,1.639542438461439877e-01,-4.499073355816426978e-01,-8.027066125560680110e-01,3.741588538368589845e-01,-2.120047279843717547e-02
3.750000000000002776e-01,9.800355792809230249e-02,3.047184843289470202e-02,1.643231715193914089e-01,-4.552204250434799815e-01,-8.051596077163079013e-01,3.689276732403312664e-01,-2.210735789871831614e-02
3.760000000000002784e-01,9.754309732761064222e-02,2.966443379476112197e-02,1.646866343486559636e-01,-4.604606004816571563e-01,-8.074146381226240399e-01,3.634628292575180497e-01,-2.301498340226748596e-02
3.770000000000002793e-01,9.707746948846779356e-02,2.885496137976499911e-02,1.650443999448139298e-01,-4.656278391428497199e-01,-8.094724149851689754e-01,3.577655961509705884e-01,-2.392315756991436615e-02
3.780000000000002802e-01,9.660674736034674526e-02,2.804362770352101727e-02,1.653962372275479542e-01,-4.707221281210547947e-01,-8.113336762329934615e-01,3.518372827271161185e-01,-2.483168648360178921e-02
3.790000000000002811e-01,9.613100389592015016e-02,2.723062851670304471e-02,1.657419164603339268e-01,-4.757434644266014256e-01,-8.129991868070136629e-01,3.456792327790803032e-01,-2.574037406016937979e-02
3.800000000000002820e-01,9.565031204086618666e-02,2.641615877774282015e-02,1.660812092858619249e-01,-4.806918550539689416e-01,-8.144697389492243644e-01,3.392928255212055433e-01,-2.664902207150987579e-02
3.810000000000002829e-01,9.516474472381758476e-02,2.560041262524508435e-02,1.664138887618828444e-01,-4.855673170485989010e-01,-8.157461524867163360e-01,3.326794760141914553e-01,-2.755743016741130091e-02
3.820000000000002838e-01,9.467437484624567634e-02,2.478358335012359470e-02,1.667397293974691996e-01,-4.903698775719150804e-01,-8.168292751104861971e-01,3.258406355797531795e-01,-2.846539590590824176e-02
3.830000000000002847e-01,9.417927527228067697e-02,2.396586336746547516e-02,1.670585071896791562e-01,-4.950995739650022598e-01,-8.177199826470784583e-01,3.187777922034888967e-01,-2.937271478509728695e-02
3.840000000000002855e-01,9.367951881847054463e-02,2.314744418813089247e-02,1.673699996606105300e-01,-4.997564538101346709e-01,-8.184191793235645607e-01,3.114924709248928503e-01,-3.027918028292742036e-02
3.850000000000002864e-01,9.317517824348006683e-02,2.232851639009588232e-02,1.676739858948304018e-01,-5.043405749904801283e-01,-8.189277980239597632e-01,3.039862342134924678e-01,-3.118458389917799778e-02
3.860000000000002873e-01,9.266632623773295163e-02,2.150926958954761312e-02,1.679702465771664155e-01,-5.088520057471084268e-01,-8.192468005372293138e-01,2.962606823297782022e-01,-3.208871520560885315e-02
3.870000000000002882e-01,9.215303541299911527e-02,2.068989241174172544e-02,1.682585640308423280e-01,-5.132908247338395791e-01,-8.193771777948511970e-01,2.883174536697784562e-01,-3.299136189746754155e-02
3.880000000000002891e-01,9.163537829193010853e-02,1.987057246163214524e-02,1.685387222559405207e-01,-5.176571210690025238e-01,-8.193199500985290928e-01,2.801582250921197392e-01,-3.389230985373359317e-02
3.890000000000002900e-01,9.111342729754585978e-02,1.905149629428514943e-02,1.688105069681730686e-01,-5.219509943842445265e-01,-8.190761673359834294e-01,2.717847122265906190e-01,-3.479134320039367623e-02
3.900000000000002909e-01,9.058725474267567690e-02,1.823284938508962574e-02,1.690737056379414405e-01,-5.261725548701834398e-01,-8.186469091844876811e-01,2.631986697625545712e-01,-3.568824437913376002e-02
3.910000000000002918e-01,9.005693281935729655e-02,1.741481609977702308e-02,1.693281075296636795e-01,-5.303219233183759096e-01,-8.180332853015401806e-01,2.544018917165524751e-01,-3.658279422253052360e-02
3.920000000000002927e-01,8.952253358819756146e-02,1.659757966426483877e-02,1.695735037413468316e-01,-5.343992311597414169e-01,-8.172364355011549897e-01,2.453962116775934010e-01,-3.747477203269689028e-02
3.930000000000002935e-01,8.898412896769880565e-02,1.578132213433816947e-02,1.698096872443813632e-01,-5.384046204987493756e-01,-8.162575299156846764e-01,2.361835030291035142e-01,-3.836395566742423213e-02
3.940000000000002944e-01,8.844179072355523585e-02,1.496622436518573254e-02,1.700364529235328659e-01,-5.423382441435729007e-01,-8.150977691414129644e-01,2.267656791462484556e-01,-3.925012162933771975e-02
3.950000000000002953e-01,8.789559045792355585e-02,1.415246598080682934e-02,1.702535976171055121e-01,-5.462002656316845561e-01,-8.137583843679188078e-01,2.171446935675038770e-01,-4.013304516188354043e-02
3.960000000000002962e-01,8.734559959867284340e-02,1.334022534330597462e-02,1.704609201572500343e-01,-5.499908592507145588e-01,-8.122406374898831771e-01,2.073225401395022427e-01,-4.101250035009629258e-02
3.970000000000002971e-01,8.679188938861846780e-02,1.252967952209448239e-02,1.706582214103886941e-01,-5.537102100543757066e-01,-8.105458212005309804e-01,1.973012531337874353e-01,-4.188826022643077351e-02
3.980000000000002980e-01,8.623453087474536316e-02,1.172100426301754886e-02,1.708453043177278474e-01,-5.573585138730996480e-01,-8.086752590659591622e-01,1.870829073344313365e-01,-4.276009688225501648e-02
3.990000000000002989e-01,8.567359489742598644e-02,1.091437395742725532e-02,1.710219739358278812e-01,-5.609359773193774990e-01,-8.066303055793622168e-01,1.766696180954899775e-01,-4.362778158343294521e-02
4.000000000000002998e-01,8.510915207963887230e-02,1.010996161122162083e-02,1.711880374771993785e-01,-5.644428177871162466e-01,-8.044123461947048082e-01,1.660635413671682770e-01,-4.449108489300224178e-02
4.010000000000003006e-01,8.454127281619346068e-02,9.307938813872564804e-03,1.713433043508931497e-01,-5.678792634454127297e-01,-8.020227973381867104e-01,1.552668736895486123e-01,-4.534977679578178211e-02
4.020000000000003015e-01,8.397002726296758091e-02,8.508475707463748761e-03,1.714875862030501574e-01,-5.712455532258735591e-01,-7.994631063979160679e-01,1.442818521529901643e-01,-4.620362683107170909e-02
4.030000000000003024e-01,8.339548532616390675e-02,7.711740955763048480e-03,1.716206969573783048e-01,-5.745419368036681629e-01,-7.967347516898652948e-01,1.331107543242823210e-01,-4.705240422785728072e-02
4.040000000000003033e-01,8.281771665159207152e-02,6.917901713352276293e-03,1.717424528555192009e-01,-5.777686745718416672e-01,-7.938392423999474090e-01,1.217558981371995586e-01,-4.789587804600481391e-02
4.050000000000003042e-01,8.223679061398311840e-02,6.127123594840303694e-03,1.718526724972695707e-01,-5.809260376089550038e-01,-7.907781185011659719e-01,1.102196417468872536e-01,-4.873381732058401639e-02
4.060000000000003051e-01,8.165277630634358574e-02,5.339570644183927635e-03,1.719511768806199770e-01,-5.840143076395322153e-01,-7.875529506456093731e-01,9.850438334713162991e-02,-4.956599121212468262e-02
4.070000000000003060e-01,8.106574252935651315e-02,4.555405304143147517e-03,1.720377894415727194e-01,-5.870337769870764832e-01,-7.841653400300144794e-01,8.661256094964198127e-02,-5.039216916090971665e-02
4.080000000000003069e-01,8.047575778083657094e-02,3.774788385898386438e-03,1.721123360936997748e-01,-5.899847485199443131e-01,-7.806169182340564339e-01,7.454665212419953058e-02,-5.121212104321370973e-02
4.090000000000003078e-01,7.988289024524733439e-02,2.997879038855880921e-03,1.721746452674018935e-01,-5.928675355892322196e-01,-7.769093470318061412e-01,6.230917369942789996e-02,-5.202561733457011783e-02
4.100000000000003086e-01,7.928720778328840479e-02,2.224834720670759800e-03,1.722245479488276054e-01,-5.956824619589362602e-01,-7.730443181744697245e-01,4.990268142327913825e-02,-5.283242927428011271e-02
4.110000000000003095e-01,7.868877792156038498e-02,1.455811167515589288e-03,1.722618777184123096e-01,-5.984298617280251475e-01,-7.690235531445712702e-01,3.732976958234279774e-02,-5.363232903449599576e-02
4.120000000000003104e-01,7.808766784231614688e-02,6.909623646241996918e-04,1.722864707889940061e-01,-6.011100792442363172e-01,-7.648488028807920447e-01,2.459307057967397014e-02,-5.442508989246430673e-02
4.130000000000003113e-01,7.748394437330656526e-02,-6.955948285921490849e-05,1.722981660434661499e-01,-6.037234690095794054e-01,-7.605218474728541178e-01,1.169525447037800259e-02,-5.521048640512882244e-02
4.140000000000003122e-01,7.687767397772939104e-02,-8.256039786959867236e-04,1.722968050719224098e-01,-6.062703955771774345e-01,-7.560444958262673154e-01,-1.360971545421585382e-03,-5.598829458751142241e-02
4.150000000000003131e-01,7.626892274428978546e-02,-1.577022564002544293e-03,1.722822322082510349e-01,-6.087512334396070202e-01,-7.514185852960871825e-01,-1.457286367272137007e-02,-5.675829209217164717e-02
4.160000000000003140e-01,7.565775637738156312e-02,-2.323668545302825118e-03,1.722542945661368619e-01,-6.111663669082163519e-01,-7.466459812898612602e-01,-2.793764211517768548e-02,-5.752025839271857066e-02
4.170000000000003149e-01,7.504424018739781765e-02,-3.065397122151862063e-03,1.722128420744253319e-01,-6.135161899837489052e-01,-7.417285768386507883e-01,-4.145249171246079278e-02,-5.827397496709973979e-02
4.180000000000003157e-01,7.442843908118006169e-02,-3.802065414298909721e-03,1.721577275118044426e-01,-6.158011062177544126e-01,-7.366682921366985992e-01,-5.511456262152414354e-02,-5.901922548460936113e-02
4.190000000000003166e-01,7.381041755261501247e-02,-4.533532488357857465e-03,1.720888065407627510e-01,-6.180215285650431101e-01,-7.314670740486471923e-01,-6.892097104206595937e-02,-5.975579599239422279e-02
4.200000000000003175e-01,7.319023967338807168e-02,-5.259659383952937015e-03,1.720059377407767154e-01,-6.201778792269416751e-01,-7.261268955848299012e-01,-8.286879998614593568e-02,-6.048347510399354476e-02
4.210000000000003184e-01,7.256796908390282519e-02,-5.980309139307284083e-03,1.719089826406847155e-01,-6.222705894852411657e-01,-7.206497553441596482e-01,-9.695510009191099510e-02,-6.120205418859336888e-02
4.220000000000003193e-01,7.194366898437581925e-02,-6.695346816241753464e-03,1.717978057502027867e-01,-6.243000995270120423e-01,-7.150376769243452779e-01,-1.111768904815982895e-01,-6.191132755964057210e-02
4.230000000000003202e-01,7.131740212611584195e-02,-7.404639524551808426e-03,1.716722745905388259e-01,-6.262668582599785205e-01,-7.092927082999569421e-01,-1.255311596633165161e-01,-6.261109266480824331e-02
4.240000000000003211e-01,7.068923080299696626e-02,-8.108056445729499087e-03,1.715322597240613034e-01,-6.281713231188745805e-01,-7.034169211676709610e-01,-1.400148664766938111e-01,-6.330115027353233614e-02
4.250000000000003220e-01,7.005921684313484721e-02,-8.805468855999257910e-03,1.713776347829784608e-01,-6.300139598621168346e-01,-6.974124102597986097e-01,-1.546249410816231684e-01,-6.398130466699525343e-02
4.260000000000003229e-01,6.942742160077518265e-02,-9.496750148633978372e-03,1.712082764969868331e-01,-6.317952423596709943e-01,-6.912812926247899892e-01,-1.693582859901766602e-01,-6.465136382287939298e-02
4.270000000000003237e-01,6.879390594840380235e-02,-1.018177585552043803e-02,1.710240647198442154e-01,-6.335156523713841858e-01,-6.850257068766153479e-01,-1.842117771408757765e-01,-6.531113960251189177e-02
4.280000000000003246e-01,6.815873026908729482e-02,-1.086042366794215397e-02,1.708248824548276590e-01,-6.351756793165030945e-01,-6.786478124119104116e-01,-1.991822650146711227e-01,-6.596044793287170194e-02
4.290000000000003255e-01,6.752195444905338684e-02,-1.153257345654826703e-02,1.706106158790332561e-01,-6.367758200339040942e-01,-6.721497885963831909e-01,-2.142665757920776959e-01,-6.659910898914156441e-02
4.300000000000003264e-01,6.688363787051977705e-02,-1.219810729047781338e-02,1.703811543664799921e-01,-6.383165785336051279e-01,-6.655338339198699771e-01,-2.294615125506671571e-01,-6.722694737224577111e-02
4.310000000000003273e-01,6.624383940478048571e-02,-1.285690945560885763e-02,1.701363905099752549e-01,-6.397984657392843388e-01,-6.588021651214454044e-01,-2.447638565019685797e-01,-6.784379228538517381e-02
4.320000000000003282e-01,6.560261740555799193e-02,-1.350886647190270053e-02,1.698762201417051143e-01,-6.412219992224940102e-01,-6.519570162842928118e-01,-2.601703682669950779e-01,-6.844947770457920910e-02
4.330000000000003291e-01,6.496002970262994280e-02,-1.415386710981431789e-02,1.696005423525127342e-01,-6.425877029280556707e-01,-6.450006379021590019e-01,-2.756777891889302667e-01,-6.904384254867457216e-02
4.340000000000003300e-01,6.431613359573837285e-02,-1.479180240574034903e-02,1.693092595098267539e-01,-6.438961068915708408e-01,-6.379352959166519899e-01,-2.912828426822442474e-01,-6.962673084154480385e-02
4.350000000000003308e-01,6.367098584878984335e-02,-1.542256567647734208e-02,1.690022772742060531e-01,-6.451477469485266125e-01,-6.307632707276590311e-01,-3.069822356167032917e-01,-7.019799187331132728e-02
4.360000000000003317e-01,6.302464268435399586e-02,-1.604605253266283213e-02,1.686795046144665688e-01,-6.463431644358519357e-01,-6.234868561762746397e-01,-3.227726597351717741e-01,-7.075748035342388498e-02
4.370000000000003326e-01,6.237715977846813170e-02,-1.666216089117437266e-02,1.683408538213583272e-01,-6.474829058858626585e-01,-6.161083585023747755e-01,-3.386507931036634167e-01,-7.130505656021313143e-02
4.380000000000003335e-01,6.172859225575525605e-02,-1.727079098646072328e-02,1.679862405197614095e-01,-6.485675227128786524e-01,-6.086300952772693007e-01,-3.546133015919932796e-01,-7.184058648446955964e-02
4.390000000000003344e-01,6.107899468486222005e-02,-1.787184538078213925e-02,1.676155836793725429e-01,-6.495975708930364911e-01,-6.010543943124307953e-01,-3.706568403836897341e-01,-7.236394196602313755e-02
4.400000000000003353e-01,6.042842107422492781e-02,-1.846522897333697025e-02,1.672288056238537546e-01,-6.505736106372947969e-01,-5.933835925459258753e-01,-3.867780555132335207e-01,-7.287500082542486268e-02
4.410000000000003362e-01,5.977692486816667261e-02,-1.905084900825290695e-02,1.668258320384189697e-01,-6.514962060582561998e-01,-5.856200349071061240e-01,-4.029735854290113495e-01,-7.337364698742909752e-02
4.420000000000003371e-01,5.912455894333572270e-02,-1.962861508142294681e-02,1.664065919758325462e-01,-6.523659248309480185e-01,-5.777660731612980216e-01,-4.192400625802198411e-01,-7.385977059848336523e-02
4.430000000000003380e-01,5.847137560548745783e-02,-2.019843914616713254e-02,1.659710178608005959e-01,-6.531833378482614361e-01,-5.698240647355415911e-01,-4.355741150255748595e-01,-7.433326813534635313e-02
4.440000000000003388e-01,5.781742658661647577e-02,-2.076023551770300388e-02,1.655190454927319699e-01,-6.539490188709810026e-01,-5.617963715273065484e-01,-4.519723680618670247e-01,-7.479404250820920197e-02
4.450000000000003397e-01,5.716276304244322093e-02,-2.131392087640818223e-02,1.650506140468544769e-01,-6.546635441732543415e-01,-5.536853586967235286e-01,-4.684314458704967321e-01,-7.524200315361806446e-02
4.460000000000003406e-01,5.650743555025938142e-02,-2.185941426986122427e-02,1.645656660736673493e-01,-6.553274921838383449e-01,-5.454933934446867250e-01,-4.849479731797391446e-01,-7.567706611992019994e-02
4.470000000000003415e-01,5.585149410713617646e-02,-2.239663711364779999e-02,1.640641474967193258e-01,-6.559414431232060139e-01,-5.372228437782960997e-01,-5.015185769402928928e-01,-7.609915414565526781e-02
4.480000000000003424e-01,5.519498812849851777e-02,-2.292551319092032275e-02,1.635460076086989178e-01,-6.565059786376555850e-01,-5.288760772643514851e-01,-5.181398880124742368e-01,-7.650819672607145350e-02
4.490000000000003433e-01,5.453796644706822988e-02,-2.344596865070241662e-02,1.630111990658283661e-01,-6.570216814302879405e-01,-5.204554597740249644e-01,-5.348085428621864867e-01,-7.690413017380448579e-02
4.500000000000003442e-01,5.388047731217846664e-02,-2.395793200492963779e-02,1.624596778805562913e-01,-6.574891348897651255e-01,-5.119633542192292275e-01,-5.515211852634596124e-01,-7.728689766822194329e-02
4.510000000000003451e-01,5.322256838946134994e-02,-2.446133412422064543e-02,1.618914034125419621e-01,-6.579089227171169840e-01,-5.034021192831449332e-01,-5.682744680053125608e-01,-7.765644929676795982e-02
4.520000000000003459e-01,5.256428676091019769e-02,-2.495610823237470050e-02,1.613063383579323440e-01,-6.582816285511495780e-01,-4.947741081462899704e-01,-5.850650546003870467e-01,-7.801274208650466058e-02
4.530000000000003468e-01,5.190567892531699340e-02,-2.544218989959228655e-02,1.607044487369297114e-01,-6.586078355932030171e-01,-4.860816672099476099e-01,-6.018896209930952867e-01,-7.835574002516509928e-02
4.540000000000003477e-01,5.124679079908534690e-02,-2.591951703441916499e-02,1.600857038796554277e-01,-6.588881262316478304e-01,-4.773271348193431907e-01,-6.187448572644307365e-01,-7.868541407338036642e-02
4.550000000000003486e-01,5.058766771741877999e-02,-2.638802987441468684e-02,1.594500764103141122e-01,-6.591230816665664127e-01,-4.685128399880956751e-01,-6.356274693310642876e-01,-7.900174216744582090e-02
4.560000000000003495e-01,4.992835443588344163e-02,-2.684767097554761894e-02,1.587975422296671602e-01,-6.593132815353381915e-01,-4.596411011255987500e-01,-6.525341806364157726e-01,-7.930470921148313757e-02
4.570000000000003504e-01,4.926889513234374018e-02,-2.729838520032438695e-02,1.581280804958252462e-01,-6.594593035397031677e-01,-4.507142247695512527e-01,-6.694617338311141808e-01,-7.959430705981040965e-02
4.580000000000003513e-01,4.860933340926896357e-02,-2.774011970465713531e-02,1.574416736033739939e-01,-6.595617230747776727e-01,-4.417345043256742931e-01,-6.864068924401003358e-01,-7.987053448986625170e-02
4.590000000000003522e-01,4.794971229640829224e-02,-2.817282392348041328e-02,1.567383071608485223e-01,-6.596211128606697116e-01,-4.327042188163107705e-01,-7.033664425140218057e-01,-8.013339716491918452e-02
4.600000000000003531e-01,4.729007425383099927e-02,-2.859644955512724920e-02,1.560179699665743547e-01,-6.596380425772953027e-01,-4.236256316399898969e-01,-7.203371942623932878e-01,-8.038290758692023807e-02
4.610000000000003539e-01,4.663046117532807650e-02,-2.901095054447795640e-02,1.552806539828963661e-01,-6.596130785029223897e-01,-4.145009893439790538e-01,-7.373159836659340938e-01,-8.061908503988890473e-02
4.620000000000003548e-01,4.597091439217129705e-02,-2.941628306489621827e-02,1.545263543088183089e-01,-6.595467831567781714e-01,-4.053325204116806080e-01,-7.542996740656014998e-01,-8.084195552459938483e-02
4.630000000000003557e-01,4.531147467722434347e-02,-2.981240549896882128e-02,1.537550691510791989e-01,-6.594397149469557462e-01,-3.961224340661266829e-01,-7.712851577264182579e-01,-8.105155168077748939e-02
4.640000000000003566e-01,4.465218224940091518e-02,-3.019927841806825664e-02,1.529667997936934309e-01,-6.592924278234264523e-01,-3.868729190930935702e-01,-7.882693573727452829e-01,-8.124791270367959228e-02
4.650000000000003575e-01,4.399307677846373693e-02,-3.057686456075850434e-02,1.521615505659868195e-01,-6.591054709371758635e-01,-3.775861426840275703e-01,-8.052492276933016502e-01,-8.143108424902778530e-02
4.660000000000003584e-01,4.333419739015788308e-02,-3.094512881006611024e-02,1.513393288091595401e-01,-6.588793883058547962e-01,-3.682642493014987028e-01,-8.222217568136211963e-01,-8.160111832992256176e-02
4.670000000000003593e-01,4.267558267167131936e-02,-3.130403816964084929e-02,1.505001448414121923e-01,-6.586147184865638327e-01,-3.589093595687861682e-01,-8.391839677334591574e-01,-8.175807320460370953e-02
4.680000000000003602e-01,4.201727067741509170e-02,-3.165356173883216578e-02,1.496440119216708720e-01,-6.583119942562307703e-01,-3.495235691854793325e-01,-8.561329197270427516e-01,-8.190201325609147709e-02
4.690000000000003610e-01,4.135929893511498812e-02,-3.199367068670852521e-02,1.487709462119522486e-01,-6.579717423001029131e-01,-3.401089478706703639e-01,-8.730657097040976922e-01,-8.203300886349529364e-02
4.700000000000003619e-01,4.070170445220609723e-02,-3.232433822504950788e-02,1.478809667384077542e-01,-6.575944829088888888e-01,-3.306675383354274467e-01,-8.899794735296340242e-01,-8.215113626528292023e-02
4.710000000000003628e-01,4.004452372252105541e-02,-3.264553958034115827e-02,1.469740953510921266e-01,-6.571807296850433744e-01,-3.212013552862248988e-01,-9.068713873005176396e-01,-8.225647741490615950e-02
4.720000000000003637e-01,3.938779273326242780e-02,-3.295725196480737279e-02,1.460503566824996602e-01,-6.567309892586290498e-01,-3.117123844609326899e-01,-9.237386685768986805e-01,-8.234911982930892549e-02
4.730000000000003646e-01,3.873154697224923115e-02,-3.325945454651130229e-02,1.451097781049172086e-01,-6.562457610131997576e-01,-3.022025816987794489e-01,-9.405785775667759863e-01,-8.242915643049686381e-02
4.740000000000003655e-01,3.807582143542707215e-02,-3.355212841856197031e-02,1.441523896866391541e-01,-6.557255368221607261e-01,-2.926738720456929510e-01,-9.573884182620461258e-01,-8.249668538042542743e-02
4.750000000000003664e-01,3.742065063463100028e-02,-3.383525656746325799e-02,1.431782241470982986e-01,-6.551708007960752589e-01,-2.831281488964259574e-01,-9.741655395244477322e-01,-8.255180990947574848e-02
4.760000000000003673e-01,3.676606860558990358e-02,-3.410882384064289202e-02,1.421873168109619168e-01,-6.545820290410970799e-01,-2.735672731749137498e-01,-9.909073361197895391e-01,-8.259463814005174598e-02
4.770000000000003681e-01,3.611210891616074836e-02,-3.437281691320104998e-02,1.411797055612456775e-01,-6.539596894291522799e-01,-2.639930725535776790e-01,-1.007611249699366995e+00,-8.262528290356785377e-02
4.780000000000003690e-01,3.545880467478071396e-02,-3.462722425391871056e-02,1.401554307915013620e-01,-6.533042413800336234e-01,-2.544073407132473319e-01,-1.024274769727122170e+00,-8.264386155338643292e-02
4.790000000000003699e-01,3.480618853912491317e-02,-3.487203609056742371e-02,1.391145353571325016e-01,-6.526161356558007887e-01,-2.448118366444147487e-01,-1.040895434351400528e+00,-8.265049577281158300e-02
4.800000000000003708e-01,3.415429272495728447e-02,-3.510724437456240465e-02,1.380570645258944185e-01,-6.518958141676297613e-01,-2.352082839908772871e-01,-1.057470831220369556e+00,-8.264531137961439455e-02
4.810000000000003717e-01,3.350314901516161098e-02,-3.533284274500272243e-02,1.369830659276360663e-01,-6.511437097956722653e-01,-2.255983704363257458e-01,-1.073998598240299973e+00,-8.262843812559461654e-02
4.820000000000003726e-01,3.285278876893983624e-02,-3.554882649214184676e-02,1.358925895033420705e-01,-6.503602462217736857e-01,-2.159837471352871185e-01,-1.090476424275656164e+00,-8.260000949475254650e-02
4.830000000000003735e-01,3.220324293116424291e-02,-3.575519252033385054e-02,1.347856874535329486e-01,-6.495458377755936041e-01,-2.063660281883019088e-01,-1.106902049790580600e+00,-8.256016249708264532e-02
4.840000000000003744e-01,3.155454204187021355e-02,-3.595193931049991964e-02,1.336624141860829063e-01,-6.487008892940310245e-01,-1.967467901625454263e-01,-1.123273267431172728e+00,-8.250903746144966355e-02
4.850000000000003753e-01,3.090671624587595229e-02,-3.613906688216118879e-02,1.325228262635156640e-01,-6.478257959942623767e-01,-1.871275716578750248e-01,-1.139587922548154664e+00,-8.244677782579556968e-02
4.860000000000003761e-01,3.025979530251550823e-02,-3.631657675508334626e-02,1.313669823498365419e-01,-6.469209433604432569e-01,-1.775098729189341085e-01,-1.155843913659731603e+00,-8.237352992636837179e-02
4.870000000000003770e-01,2.961380859547129221e-02,-3.648447191057989369e-02,1.301949431569625060e-01,-6.459867070442160131e-01,-1.678951554934927648e-01,-1.172039192854420708e+00,-8.228944278578920191e-02
4.880000000000003779e-01,2.896878514269231319e-02,-3.664275675252018361e-02,1.290067713908088776e-01,-6.450234527789785455e-01,-1.582848419373520388e-01,-1.188171766133725882e+00,-8.219466790116447541e-02
4.890000000000003788e-01,2.832475360638431194e-02,-3.679143706808853803e-02,1.278025316970936576e-01,-6.440315363080003630e-01,-1.486803155655845310e-01,-1.204239693694994173e+00,-8.208935903184433336e-02
4.900000000000003797e-01,2.768174230305793862e-02,-3.693051998834143146e-02,1.265822906069186959e-01,-6.430113033263719080e-01,-1.390829202502684714e-01,-1.220241090154549735e+00,-8.197367198772598229e-02
4.910000000000003806e-01,2.703977921362120049e-02,-3.706001394860843762e-02,1.253461164821866036e-01,-6.419630894367382989e-01,-1.294939602645508447e-01,-1.236174124711459710e+00,-8.184776441847718687e-02
4.920000000000003815e-01,2.639889199350229504e-02,-3.717992864878354176e-02,1.240940794609132480e-01,-6.408872201189059759e-01,-1.199147001727859374e-01,-1.252037021252419446e+00,-8.171179560344432602e-02
4.930000000000003824e-01,2.575910798278954403e-02,-3.729027501355249019e-02,1.228262514024939939e-01,-6.397840107127514830e-01,-1.103463647668087022e-01,-1.267828058398083435e+00,-8.156592624535452529e-02
4.940000000000003832e-01,2.512045421637452980e-02,-3.739106515260127994e-02,1.215427058329803661e-01,-6.386537664150148119e-01,-1.007901390467852432e-01,-1.283545569492201555e+00,-8.141031826283362527e-02
4.950000000000003841e-01,2.448295743408530900e-02,-3.748231232085085657e-02,1.202435178904251722e-01,-6.374967822892223523e-01,-9.124716824773482227e-02,-1.299187942533605256e+00,-8.124513458843130032e-02
4.960000000000003850e-01,2.384664409079638447e-02,-3.756403087876238056e-02,1.189287642703509423e-01,-6.363133432889247487e-01,-8.171855790985094181e-02,-1.314753620052327765e+00,-8.107053896761395873e-02
4.970000000000003859e-01,2.321154036650251509e-02,-3.763623625275654833e-02,1.175985231713980311e-01,-6.351037242938696314e-01,-7.220537399264892464e-02,-1.330241098930807775e+00,-8.088669576193940891e-02
4.980000000000003868e-01,2.257767217634354395e-02,-3.769894489578978075e-02,1.162528742412043681e-01,-6.338681901589714451e-01,-6.270864303183776300e-02,-1.345648930171262858e+00,-8.069376975527986495e-02
4.990000000000003877e-01,2.194506518056779307e-02,-3.775217424812924577e-02,1.148918985225713396e-01,-6.326069957757494144e-01,-5.322935233825398793e-02,-1.360975718610428764e+00,-8.049192596429788349e-02
5.000000000000003331e-01,2.131374479442173925e-02,-3.779594269836806381e-02,1.135156783999655694e-01,-6.313203861460540134e-01,-4.376845023776365640e-02,-1.376220122583001526e+00,-8.028132945261789999e-02
5.010000000000003340e-01,2.068373619795400159e-02,-3.783026954472033104e-02,1.121242975464074865e-01,-6.300085964677367700e-01,-3.432684635136584728e-02,-1.391380853535052697e+00,-8.006214514972809226e-02
5.020000000000003348e-01,2.005506434572200750e-02,-3.785517495663542203e-02,1.107178408707953227e-01,-6.286718522319935110e-01,-2.490541191433326418e-02,-1.406456675588873217e+00,-7.983453767436088366e-02
5.030000000000003357e-01,1.942775397639008930e-02,-3.787067993676938860e-02,1.092963944657111830e-01,-6.273103693319191931e-01,-1.550498013338719172e-02,-1.421446405060700524e+00,-7.959867116337659976e-02
5.040000000000003366e-01,1.880182962220801682e-02,-3.787680628335021032e-02,1.078600455557543747e-01,-6.259243541820727064e-01,-6.126346580401675901e-03,-1.436348909933127693e+00,-7.935470910507647080e-02
5.050000000000003375e-01,1.817731561835939091e-02,-3.787357655297227121e-02,1.064088824464468619e-01,-6.245140038486262091e-01,3.229730378230377674e-03,-1.451163109283627239e+00,-7.910281417819409189e-02
5.060000000000003384e-01,1.755423611216963553e-02,-3.786101402385440989e-02,1.049429944737518966e-01,-6.230795061897570486e-01,1.256252911796229554e-02,-1.465887972670886441e+00,-7.884314809624481946e-02
5.070000000000003393e-01,1.693261507216388753e-02,-3.783914265959495427e-02,1.034624719542469318e-01,-6.216210400057490260e-01,2.187136425941915707e-02,-1.480522519480650168e+00,-7.857587145816757879e-02
5.080000000000003402e-01,1.631247629696536139e-02,-3.780798707345436882e-02,1.019674061359893830e-01,-6.201387751985278918e-01,3.115558614038060892e-02,-1.495065818233055843e+00,-7.830114360410678209e-02
5.090000000000003411e-01,1.569384342402511956e-02,-3.776757249319648291e-02,1.004578891501115151e-01,-6.186328729402430504e-01,4.041458025752442396e-02,-1.509516985853148752e+00,-7.801912247710329762e-02
5.100000000000003419e-01,1.507673993817481087e-02,-3.771792472651674943e-02,9.893401396318035612e-02,-6.171034858503089415e-01,4.964776667924253317e-02,-1.523875186906267221e+00,-7.772996449152502763e-02
5.110000000000003428e-01,1.446118917999423756e-02,-3.765907012708472751e-02,9.739587433035487574e-02,-6.155507581805726991e-01,5.885459943136217564e-02,-1.538139632800385570e+00,-7.743382440705914860e-02
5.120000000000003437e-01,1.384721435398604365e-02,-3.759103556122687234e-02,9.584356474937233417e-02,-6.139748260081941966e-01,6.803456585704459325e-02,-1.552309580957270452e+00,-7.713085520880791357e-02
5.130000000000003446e-01,1.323483853655035500e-02,-3.751384837527364791e-02,9.427718041539263905e-02,-6.123758174356888073e-01,7.718718595224538515e-02,-1.566384333954208063e+00,-7.682120799405400824e-02
5.140000000000003455e-01,1.262408468375257435e-02,-3.742753636359404112e-02,9.269681717672860477e-02,-6.107538527977810494e-01,8.631201167848390199e-02,-1.580363238638335277e+00,-7.650503186474155726e-02
5.150000000000003464e-01,1.201497563887805355e-02,-3.733212773733855100e-02,9.110257149148733025e-02,-6.091090448745205554e-01,9.540862625421153709e-02,-1.594245685215412323e+00,-7.618247382665854772e-02
5.160000000000003473e-01,1.140753413976773600e-02,-3.722765109391061589e-02,8.949454038514628729e-02,-6.074414991103168626e-01,1.044766434265057553e-01,-1.608031106315008785e+00,-7.585367869428161214e-02
5.170000000000003482e-01,1.080178282592947694e-02,-3.711413538718469352e-02,8.787282140908624084e-02,-6.057513138382586426e-01,1.135157067243373064e-01,-1.621718976033861059e+00,-7.551878900261210781e-02
5.180000000000003491e-01,1.019774424541994989e-02,-3.699160989848762626e-02,8.623751260010030506e-02,-6.040385805095275229e-01,1.225254886953511813e-01,-1.635308808959528903e+00,-7.517794492390628136e-02
5.190000000000003499e-01,9.595440861492806131e-03,-3.686010420835869605e-02,8.458871244089793962e-02,-6.023033839271445533e-01,1.315056901270279521e-01,-1.648800159175854096e+00,-7.483128419192652814e-02
5.200000000000003508e-01,8.994895059008875191e-03,-3.671964816910222584e-02,8.292651982161877711e-02,-6.005458024839303022e-01,1.404560392544311753e-01,-1.662192619252415682e+00,-7.447894203061378171e-02
5.210000000000003517e-01,8.396129150605018479e-03,-3.657027187814478747e-02,8.125103400237242146e-02,-5.987659084038565727e-01,1.493762909552679430e-01,-1.675485819219458161e+00,-7.412105109040267870e-02
5.220000000000003526e-01,7.799165382618211684e-03,-3.641200565220786833e-02,7.956235457681490320e-02,-5.969637679868071700e-01,1.582662259345698486e-01,-1.688679425530463352e+00,-7.375774138817225989e-02
5.230000000000003535e-01,7.204025940762374437e-03,-3.624488000230600970e-02,7.786058143677412891e-02,-5.951394418558374477e-01,1.671256498993801687e-01,-1.701773140013613794e+00,-7.338914025516851680e-02
5.240000000000003544e-01,6.610732955555459651e-03,-3.606892560957745963e-02,7.614581473793237409e-02,-5.932929852069144250e-01,1.759543927259338281e-01,-1.714766698814338408e+00,-7.301537228841636917e-02
5.250000000000003553e-01,6.019308507494973252e-03,-3.588417330195486921e-02,7.441815486657456236e-02,-5.914244480604862186e-01,1.847523076198133163e-01,-1.727659871330275543e+00,-7.263655930877854772e-02
5.260000000000003562e-01,5.429774631980422914e-03,-3.569065403168104889e-02,7.267770240740653587e-02,-5.895338755145502763e-01,1.935192702708984358e-01,-1.740452459140353625e+00,-7.225282032380020425e-02
5.270000000000003570e-01,4.842153323981561279e-03,-3.548839885367367775e-02,7.092455811244904873e-02,-5.876213079988619192e-01,2.022551780043031489e-01,-1.753144294929637859e+00,-7.186427149549690085e-02
5.280000000000003579e-01,4.256466542451749734e-03,-3.527743890474201172e-02,6.915882287100975911e-02,-5.856867815298114621e-01,2.109599489284452734e-01,-1.765735241411321876e+00,-7.147102611345346190e-02
5.290000000000003588e-01,3.672736214485997335e-03,-3.505780538365696475e-02,6.738059768073412226e-02,-5.837303279657524158e-01,2.196335210816955374e-01,-1.778225190247479048e+00,-7.107319457196270562e-02
5.300000000000003597e-01,3.090984239223768144e-03,-3.482952953207502089e-02,6.558998361973608637e-02,-5.817519752622292151e-01,2.282758515784283349e-01,-1.790614060969776045e+00,-7.067088435261892343e-02
5.310000000000003606e-01,2.511232491496841451e-03,-3.459264261631532500e-02,6.378708181980595471e-02,-5.797517477269266140e-01,2.368869157560550276e-01,-1.802901799901721169e+00,-7.026420001045030617e-02
5.320000000000003615e-01,1.933502825222893195e-03,-3.434717590998775938e-02,6.197199344069376920e-02,-5.777296662739482835e-01,2.454667063237749858e-01,-1.815088379083622971e+00,-6.985324316459706750e-02
5.330000000000003624e-01,1.357817076545841158e-03,-3.409316067746964718e-02,6.014481964546362219e-02,-5.756857486770519117e-01,2.540152325141910028e-01,-1.827173795201439077e+00,-6.943811249315778866e-02
5.340000000000003633e-01,7.841970667241489248e-04,-3.383062815822663466e-02,5.830566157691387946e-02,-5.736200098216922560e-01,2.625325192389545981e-01,-1.839158068520876377e+00,-6.901890373115482369e-02
5.350000000000003642e-01,2.126646047687686964e-04,-3.355960955197340168e-02,5.645462033505735389e-02,-5.715324619553802110e-01,2.710186062490114178e-01,-1.851041241827596329e+00,-6.859570967303740829e-02
5.360000000000003650e-01,-3.567585101674995967e-04,-3.328013600466823985e-02,5.459179695565340856e-02,-5.694231149362682931e-01,2.794735473008265192e-01,-1.862823379374841215e+00,-6.816862017768476889e-02
5.370000000000003659e-01,-9.240504866471395146e-04,-3.299223859533471914e-02,5.271729238978489773e-02,-5.672919764796399145e-01,2.878974093290302960e-01,-1.874504565839293146e+00,-6.773772217698126319e-02
5.380000000000003668e-01,-1.489189539049108005e-03,-3.269594832370369825e-02,5.083120748446946779e-02,-5.651390524019684891e-01,2.962902716263975389e-01,-1.886084905286067981e+00,-6.730309968776149177e-02
5.390000000000003677e-01,-2.052153885911585981e-03,-3.239129609866678999e-02,4.893364296429607990e-02,-5.629643468624778713e-01,3.046522250321633818e-01,-1.897564520143930178e+00,-6.686483382579755386e-02
5.400000000000003686e-01,-2.612921748513460235e-03,-3.207831272753290663e-02,4.702469941407518700e-02,-5.607678626018745005e-01,3.129833711289938813e-01,-1.908943550191310567e+00,-6.642300282300017678e-02
5.410000000000003695e-01,-3.171471349691540841e-03,-3.175702890607837170e-02,4.510447726249149775e-02,-5.585496011780807235e-01,3.212838214495153943e-01,-1.920222151553954593e+00,-6.597768204684539839e-02
5.420000000000003704e-01,-3.727780912890366147e-03,-3.142747520938023870e-02,4.317307676674674716e-02,-5.563095631988252965e-01,3.295536966929673017e-01,-1.931400495714934662e+00,-6.552894402187847689e-02
5.430000000000003713e-01,-4.281828661441245201e-03,-3.108968208342252279e-02,4.123059799817925530e-02,-5.540477485508793487e-01,3.377931259524237229e-01,-1.942478768537547307e+00,-6.507685845347799258e-02
5.440000000000003721e-01,-4.833592818066972073e-03,-3.074367983746390670e-02,3.927714082884748575e-02,-5.517641566257271979e-01,3.460022459531885142e-01,-1.953457169301714647e+00,-6.462149225365987348e-02
5.450000000000003730e-01,-5.383051604608685842e-03,-3.038949863715539185e-02,3.731280491906277530e-02,-5.494587865417138728e-01,3.541812003029760625e-01,-1.964335909754534537e+00,-6.416290956778558652e-02
5.460000000000003739e-01,-5.930183241970986112e-03,-3.002716849839585228e-02,3.533768970585735025e-02,-5.471316373623006379e-01,3.623301387538443441e-01,-1.975115213175145712e+00,-6.370117180389467393e-02
5.470000000000003748e-01,-6.474965950281485506e-03,-2.965671928191323387e-02,3.335189439237236375e-02,-5.447827083104995749e-01,3.704492164768096174e-01,-1.985795313454594258e+00,-6.323633766245273513e-02
5.480000000000003757e-01,-7.017377949260794959e-03,-2.927818068855821132e-02,3.135551793815095217e-02,-5.424119989793090291e-01,3.785385933490701404e-01,-1.996376454190922800e+00,-6.276846316771034218e-02
5.490000000000003766e-01,-7.557397458798848291e-03,-2.889158225529788945e-02,2.934865905032060102e-02,-5.400195095380531107e-01,3.865984332542639068e-01,-2.006858887799757518e+00,-6.229760170007736519e-02
5.500000000000003775e-01,-8.095002699733424428e-03,-2.849695335189564999e-02,2.733141617564916956e-02,-5.376052409345762895e-01,3.946289033960505011e-01,-2.017242874640726047e+00,-6.182380402922582618e-02
5.510000000000003784e-01,-8.630171894826612830e-03,-2.809432317826417169e-02,2.530388749345850383e-02,-5.351691950931884989e-01,4.026301736251506336e-01,-2.027528682159873252e+00,-6.134711834810779862e-02
5.520000000000003793e-01,-9.162883269935008512e-03,-2.768372076247762464e-02,2.326617090937934187e-02,-5.327113751083958348e-01,4.106024157801055896e-01,-2.037716584048261836e+00,-6.086759030713673191e-02
5.530000000000003801e-01,-9.693115055369259936e-03,-2.726517495942938282e-02,2.121836404993159356e-02,-5.302317854342509795e-01,4.185458030416729924e-01,-2.047806859416767544e+00,-6.038526304940483591e-02
5.540000000000003810e-01,-1.022084548743862169e-02,-2.683871445012144322e-02,1.916056425791321655e-02,-5.277304320693610995e-01,4.264605093012467929e-01,-2.057799791987286575e+00,-5.990017724581675473e-02
5.550000000000003819e-01,-1.074605281017617341e-02,-2.640436774157140995e-02,1.709286858858168751e-02,-5.252073227375511077e-01,4.343467085432118902e-01,-2.067695669300351646e+00,-5.941237113037778350e-02
5.560000000000003828e-01,-1.126871527724027447e-02,-2.596216316732326973e-02,1.501537380661133875e-02,-5.226624670641013548e-01,4.422045742412078484e-01,-2.077494781939079882e+00,-5.892188053583491403e-02
5.570000000000003837e-01,-1.178881115398791243e-02,-2.551212888854776512e-02,1.292817638381048295e-02,-5.200958767476387967e-01,4.500342787684511459e-01,-2.087197422769499155e+00,-5.842873892890265708e-02
5.580000000000003846e-01,-1.230631871971550606e-02,-2.505429289571867169e-02,1.083137249758192762e-02,-5.175075657275930441e-01,4.578359928219168928e-01,-2.096803886197109001e+00,-5.793297744576264563e-02
5.590000000000003855e-01,-1.282121627006282787e-02,-2.458868301085085153e-02,8.725058030110741103e-03,-5.148975503473223192e-01,4.656098848605266793e-01,-2.106314467439660110e+00,-5.743462492687179122e-02
5.600000000000003864e-01,-1.333348211957568336e-02,-2.411532689028638224e-02,6.609328568263207575e-03,-5.122658495128548095e-01,4.733561205570546715e-01,-2.115729461815924140e+00,-5.693370795179042432e-02
5.610000000000003872e-01,-1.384309460442301881e-02,-2.363425202801503616e-02,4.484279404181138080e-03,-5.096124848473362334e-01,4.810748622638225669e-01,-2.125049164050374806e+00,-5.643025087325925782e-02
5.620000000000003881e-01,-1.435003208526419716e-02,-2.314548575951548906e-02,2.350005536555852328e-03,-5.069374808411778455e-01,4.887662684919041878e-01,-2.134273867593509788e+00,-5.592427585096526599e-02
5.630000000000003890e-01,-1.485427295026215712e-02,-2.264905526610394224e-02,2.066016725663379322e-04,-5.042408649979592816e-01,4.964304934037896411e-01,-2.143403863957657141e+00,-5.541580288461878112e-02
5.640000000000003899e-01,-1.535579561823829410e-02,-2.214498757977675925e-02,-1.945837769533601729e-03,-5.015226679761366491e-01,5.040676863193076507e-01,-2.152439442068009523e+00,-5.490484984635823906e-02
5.650000000000003908e-01,-1.585457854196489769e-02,-2.163330958853415184e-02,-4.107218657194238419e-03,-4.987829237266048210e-01,5.116779912346141046e-01,-2.161380887628634007e+00,-5.439143251240841082e-02
5.660000000000003917e-01,-1.635060021159109520e-02,-2.111404804217200878e-02,-6.277447139729503377e-03,-4.960216696261974811e-01,5.192615463540497522e-01,-2.170228482503180345e+00,-5.387556459384157392e-02
5.670000000000003926e-01,-1.684383915819823163e-02,-2.058722955852921102e-02,-8.456429643871610224e-03,-4.932389466071347983e-01,5.268184836345883859e-01,-2.178982504109949314e+00,-5.335725776667965548e-02
5.680000000000003935e-01,-1.733427395748077943e-02,-2.005288063017813052e-02,-1.064407286873492176e-02,-4.904347992825460190e-01,5.343489283427562686e-01,-2.187643224831091082e+00,-5.283652170081998278e-02
5.690000000000003944e-01,-1.782188323354887832e-02,-1.951102763154604486e-02,-1.284028378020275578e-02,-4.876092760680979521e-01,5.418529986236539919e-01,-2.196210911435537483e+00,-5.231336408816567030e-02
5.700000000000003952e-01,-1.830664566284870634e-02,-1.896169682645561586e-02,-1.504496960475049799e-02,-4.847624292998272133e-01,5.493308050818963562e-01,-2.204685824515368431e+00,-5.178779066962135857e-02
5.710000000000003961e-01,-1.878853997819695740e-02,-1.840491437607280970e-02,-1.725803782271815093e-02,-4.818943153482500019e-01,5.567824503741509723e-01,-2.213068217935228343e+00,-5.125980526107154489e-02
5.720000000000003970e-01,-1.926754497292577917e-02,-1.784070634725104521e-02,-1.947939616104510385e-02,-4.790049947288226861e-01,5.642080288130151278e-01,-2.221358338294455947e+00,-5.072940977827444797e-02
5.730000000000003979e-01,-1.974363950513463237e-02,-1.726909872126022871e-02,-2.170895258547919995e-02,-4.760945322088531162e-01,5.716076259819444783e-01,-2.229556424401538450e+00,-5.019660426055283509e-02
5.740000000000003988e-01,-2.021680250204557078e-02,-1.669011740289034346e-02,-2.394661529227235658e-02,-4.731629969109367728e-01,5.789813183609190395e-01,-2.237662706760540576e+00,-4.966138689340127144e-02
5.750000000000003997e-01,-2.068701296445859053e-02,-1.610378822991872030e-02,-2.619229269937410273e-02,-4.702104624130182264e-01,5.863291729625503823e-01,-2.245677407069059939e+00,-4.912375402980506678e-02
5.760000000000004006e-01,-2.115424997130374227e-02,-1.551013698293122849e-02,-2.844589343713423840e-02,-4.672370068451522918e-01,5.936512469783145063e-01,-2.253600737727394332e+00,-4.858370021045699261e-02
5.770000000000004015e-01,-2.161849268428682122e-02,-1.490918939548733536e-02,-3.070732633852550977e-02,-4.642427129830790089e-01,6.009475874346144053e-01,-2.261432901358462200e+00,-4.804121818260354004e-02
5.780000000000004023e-01,-2.207972035262550925e-02,-1.430097116461962782e-02,-3.297650042889647970e-02,-4.612276683386896670e-01,6.082182308583250485e-01,-2.269174090338117900e+00,-4.749629891773210488e-02
5.790000000000004032e-01,-2.253791231787299551e-02,-1.368550796165863767e-02,-3.525332491526481093e-02,-4.581919652474868432e-01,6.154632029515038072e-01,-2.276824486335404796e+00,-4.694893162794144814e-02
5.800000000000004041e-01,-2.299304801882611632e-02,-1.306282544337407890e-02,-3.753770917516018740e-02,-4.551357009531220021e-01,6.226825182749651244e-01,-2.284384259862413558e+00,-4.639910378107181543e-02
5.810000000000004050e-01,-2.344510699651524907e-02,-1.243294926342401741e-02,-3.982956274502648386e-02,-4.520589776891313916e-01,6.298761799403795880e-01,-2.291853569833276261e+00,-4.584680111444416895e-02
5.820000000000004059e-01,-2.389406889927318811e-02,-1.179590508410368124e-02,-4.212879530819148288e-02,-4.489619027579372923e-01,6.370441793105515726e-01,-2.299232563131923257e+00,-4.529200764741325713e-02
5.830000000000004068e-01,-2.433991348788041437e-02,-1.115171858838622486e-02,-4.443531668241277460e-02,-4.458445886072276432e-01,6.441864957075758014e-01,-2.306521374188170270e+00,-4.473470569255733054e-02
5.840000000000004077e-01,-2.478262064078423643e-02,-1.050041549224768958e-02,-4.674903680700773223e-02,-4.427071529038204001e-01,6.513030961285527498e-01,-2.313720124561777780e+00,-4.417487586548274336e-02
5.850000000000004086e-01,-2.522217035938930513e-02,-9.842021557269138229e-03,-4.906986572957495324e-02,-4.395497186050673077e-01,6.583939349684724274e-01,-2.320828922533998195e+00,-4.361249709352632564e-02
5.860000000000004095e-01,-2.565854277341727066e-02,-9.176562603508898325e-03,-5.139771359231455616e-02,-4.363724140279664487e-01,6.654589537500695817e-01,-2.327847862706322157e+00,-4.304754662281151667e-02
5.870000000000004103e-01,-2.609171814633326134e-02,-8.504064522638488458e-03,-5.373249061795375148e-02,-4.331753729159912858e-01,6.724980808601407345e-01,-2.334777025605883516e+00,-4.248000002437368749e-02
5.880000000000004112e-01,-2.652167688083706745e-02,-7.824553291335909974e-03,-5.607410709528438258e-02,-4.299587345038049513e-01,6.795112312922166886e-01,-2.341616477297276511e+00,-4.190983119864011286e-02
5.890000000000004121e-01,-2.694839952441698341e-02,-7.138054984930361675e-03,-5.842247336431805049e-02,-4.267226435799166828e-01,6.864983063950877984e-01,-2.348366269000263351e+00,-4.133701237879439105e-02
5.900000000000004130e-01,-2.737186677496435822e-02,-6.444595791292835954e-03,-6.077749980106458838e-02,-4.234672505473744963e-01,6.934591936269791645e-01,-2.355026436713083982e+00,-4.076151413282014246e-02
5.910000000000004139e-01,-2.779205948644697735e-02,-5.744202024967165823e-03,-6.313909680193899310e-02,-4.201927114826204956e-01,7.003937663150305859e-01,-2.361597000840911065e+00,-4.018330536409120413e-02
5.920000000000004148e-01,-2.820895867463951365e-02,-5.036900141536702034e-03,-6.550717476780164306e-02,-4.168991881925349086e-01,7.073018834197311033e-01,-2.368077965829112230e+00,-3.960235331098971301e-02
5.930000000000004157e-01,-2.862254552290935394e-02,-4.322716752221766531e-03,-6.788164408763615321e-02,-4.135868482698398796e-01,7.141833893041183989e-01,-2.374469319800943445e+00,-3.901862354484997297e-02
5.940000000000004166e-01,-2.903280138805625771e-02,-3.601678638703561912e-03,-7.026241512186906513e-02,-4.102558651469048745e-01,7.210381135072942982e-01,-2.380771034199288039e+00,-3.843207996689512740e-02
5.950000000000004174e-01,-2.943970780620429675e-02,-2.873812768170514939e-03,-7.264939818533476534e-02,-4.069064181480393505e-01,7.278658705220439895e-01,-2.386983063432064789e+00,-3.784268480388641720e-02
5.960000000000004183e-01,-2.984324649874467439e-02,-2.139146308583150108e-03,-7.504250352988944828e-02,-4.035386925403782743e-01,7.346664595762786298e-01,-2.393105344520986666e+00,-3.725039860245216161e-02
5.970000000000004192e-01,-3.024339937832811950e-02,-1.397706644153974814e-03,-7.744164132667649691e-02,-4.001528795834438657e-01,7.414396644179945817e-01,-2.399137796753314955e+00,-3.665518022217906235e-02
5.980000000000004201e-01,-3.064014855490558922e-02,-6.495213910392776905e-04,-7.984672164804648697e-02,-3.967491765774704970e-01,7.481852531034423048e-01,-2.405080321336228621e+00,-3.605698682748981199e-02
5.990000000000004210e-01,-3.103347634181614911e-02,1.053815867603090817e-04,-8.225765444913375746e-02,-3.933277869105608615e-01,7.549029777882372283e-01,-2.410932801053470520e+00,-3.545577387835319172e-02
6.000000000000004219e-01,-3.142336526192094498e-02,8.669741612929304656e-04,-8.467434954909158762e-02,-3.898889201047981978e-01,7.615925745211893361e-01,-2.416695099924009327e+00,-3.485149511962104540e-02
6.010000000000004228e-01,-3.180979805378222891e-02,1.635227924344880100e-03,-8.709671661198768733e-02,-3.864327918612866508e-01,7.682537630404397966e-01,-2.422367062862225584e+00,-3.424410256964183219e-02
6.020000000000004237e-01,-3.219275767788664505e-02,2.410114170928445102e-03,-8.952466512736119431e-02,-3.829596241044145866e-01,7.748862465719650316e-01,-2.427948515339593882e+00,-3.363354650673677781e-02
6.030000000000004245e-01,-3.257222732291176898e-02,3.191603882569744605e-03,-9.195810439044221907e-02,-3.794696450251231479e-01,7.814897116296199986e-01,-2.433439263047124435e+00,-3.301977545588252738e-02
6.040000000000004254e-01,-3.294819041203533860e-02,3.979667710398674015e-03,-9.439694348203488128e-02,-3.759630891235707928e-01,7.880638278171840927e-01,-2.438839091558697270e+00,-3.240273617278166540e-02
6.050000000000004263e-01,-3.332063060928629195e-02,4.774275958041979649e-03,-9.684109124806350444e-02,-3.724401972509515657e-01,7.946082476314650922e-01,-2.444147765994650001e+00,-3.178237362826408230e-02
6.060000000000004272e-01,-3.368953182593714679e-02,5.575398564320790257e-03,-9.929045627878312075e-02,-3.689012166508513491e-01,8.011226062668904691e-01,-2.449365030685598299e+00,-3.115863099013349569e-02
6.070000000000004281e-01,-3.405487822693715333e-02,6.383005085753479593e-03,-1.017449468876530927e-01,-3.653464010000099238e-01,8.076065214206911147e-01,-2.454490608835936172e+00,-3.053144960493092697e-02
6.080000000000004290e-01,-3.441665423738574786e-02,7.197064678864407809e-03,-1.042044710898740317e-01,-3.617760104485923667e-01,8.140595930988606677e-01,-2.459524202186860631e+00,-2.990076897838100933e-02
6.090000000000004299e-01,-3.477484454904582190e-02,8.017546082299185223e-03,-1.066689365805868345e-01,-3.581903116600749781e-01,8.204814034226368680e-01,-2.464465490678722226e+00,-2.926652675461927089e-02
6.100000000000004308e-01,-3.512943412689667477e-02,8.844417598746601161e-03,-1.091382507127333507e-01,-3.545895778508547647e-01,8.268715164351881919e-01,-2.469314132112364835e+00,-2.862865869422837051e-02
6.110000000000004317e-01,-3.548040821572621961e-02,9.677647076667109452e-03,-1.116123204745765873e-01,-3.509740888295451722e-01,8.332294779081907965e-01,-2.474069761809110979e+00,-2.798709865171122857e-02
6.120000000000004325e-01,-3.582775234676230380e-02,1.051720189182775607e-02,-1.140910524668799775e-01,-3.473441310360851353e-01,8.395548151482767896e-01,-2.478731992269194606e+00,-2.734177855163677506e-02
6.130000000000004334e-01,-3.617145234434303303e-02,1.136304892864331215e-02,-1.165743528797426737e-01,-3.436999975807263352e-01,8.458470368031092423e-01,-2.483300412828523207e+00,-2.669262836381225412e-02
6.140000000000004343e-01,-3.651149433262594612e-02,1.221515456132261229e-02,-1.190621274690902426e-01,-3.400419882829156526e-01,8.521056326667887371e-01,-2.487774589313340279e+00,-2.603957607766638205e-02
6.150000000000004352e-01,-3.684786474233624903e-02,1.307348463481976426e-02,-1.215542815328172072e-01,-3.363704097103011881e-01,8.583300734845563662e-01,-2.492154063692724186e+00,-2.538254767497161168e-02
6.160000000000004361e-01,-3.718055031755378853e-02,1.393800444558855600e-02,-1.240507198865797439e-01,-3.326855752175376657e-01,8.645198107561266054e-01,-2.496438353728305692e+00,-2.472146710334444109e-02
6.170000000000004370e-01,-3.750953812253927239e-02,1.480867872213978594e-02,-1.265513468392358565e-01,-3.289878049854812470e-01,8.706742765385016014e-01,-2.500626952621772592e+00,-2.405625624635199244e-02
6.180000000000004379e-01,-3.783481554859961793e-02,1.568547160539929958e-02,-1.290560661679291399e-01,-3.252774260603463752e-01,8.767928832467095646e-01,-2.504719328658997934e+00,-2.338683489509207902e-02
6.190000000000004388e-01,-3.815637032099279680e-02,1.656834662886566556e-02,-1.315647810928147754e-01,-3.215547723931755364e-01,8.828750234534847863e-01,-2.508714924851298989e+00,-2.271312071738318394e-02
6.200000000000004396e-01,-3.847419050587231465e-02,1.745726669856560720e-02,-1.340773942514224548e-01,-3.178201848795190188e-01,8.889200696870216412e-01,-2.512613158573296701e+00,-2.203502922693623134e-02
6.210000000000004405e-01,-3.878826451727188790e-02,1.835219407280561793e-02,-1.365938076726540829e-01,-3.140740113995759697e-01,8.949273742270016374e-01,-2.516413421197319700e+00,-2.135247375077842236e-02
6.220000000000004414e-01,-3.909858112413040071e-02,1.925309034171693301e-02,-1.391139227504124276e-01,-3.103166068585161419e-01,9.008962688982584677e-01,-2.520115077723929176e+00,-2.066536539743113465e-02
6.230000000000004423e-01,-3.940512945735775985e-02,2.015991640659275941e-02,-1.416376402168555149e-01,-3.065483332273609141e-01,9.068260648626815801e-01,-2.523717466408756493e+00,-1.997361302270173056e-02
6.240000000000004432e-01,-3.970789901694208451e-02,2.107263245901448701e-02,-1.441648601152752951e-01,-3.027695595843212795e-01,9.127160524085304871e-01,-2.527219898385276053e+00,-1.927712319558860798e-02
6.250000000000004441e-01,-4.000687967909869608e-02,2.199119795976493819e-02,-1.466954817725929228e-01,-2.989806621566119538e-01,9.185655007372141023e-01,-2.530621657283189663e+00,-1.857580016351434438e-02
6.260000000000004450e-01,-4.030206170346151140e-02,2.291557161752584212e-02,-1.492294037714700095e-01,-2.951820243628173746e-01,9.243736577475971661e-01,-2.533921998842606271e+00,-1.786954581672040021e-02
6.270000000000004459e-01,-4.059343574031740870e-02,2.384571136735680677e-02,-1.517665239220282458e-01,-2.913740368558963012e-01,9.301397498175743017e-01,-2.537120150523744844e+00,-1.715825965185668878e-02
6.280000000000004468e-01,-4.088099283788428767e-02,2.478157434895288114e-02,-1.543067392331746168e-01,-2.875570975668805818e-01,9.358629815826458032e-01,-2.540215311111851726e+00,-1.644183873495208559e-02
6.290000000000004476e-01,-4.116472444963339972e-02,2.572311688467778662e-02,-1.568499458835264648e-01,-2.837316117491101575e-01,9.415425357114035609e-01,-2.543206650317316075e+00,-1.572017766463984501e-02
6.300000000000004485e-01,-4.144462244165673243e-02,2.667029445736955259e-02,-1.593960391919320152e-01,-2.798979920233320429e-01,9.471775726782105664e-01,-2.546093308371028208e+00,-1.499316853353338530e-02
6.310000000000004494e-01,-4.172067910008018382e-02,2.762306168791551705e-02,-1.619449135875812018e-01,-2.760566584234480092e-01,9.527672305323668933e-01,-2.548874395614618038e+00,-1.426070089029218835e-02
6.320000000000004503e-01,-4.199288713852336596e-02,2.858137231259334429e-02,-1.644964625797013802e-01,-2.722080384431823097e-01,9.583106246641501791e-01,-2.551548992085622469e+00,-1.352266170016580560e-02
6.330000000000004512e-01,-4.226123970560677345e-02,2.954517916017421544e-02,-1.670505787268332376e-01,-2.683525670834063237e-01,9.638068475671409674e-01,-2.554116147097278855e+00,-1.277893530647133957e-02
6.340000000000004521e-01,-4.252573039250717724e-02,3.051443412878536779e-02,-1.696071536056810991e-01,-2.644906869004025607e-01,9.692549685974114482e-01,-2.556574878813236307e+00,-1.202940339048597096e-02
6.350000000000004530e-01,-4.278635324056224987e-02,3.148908816252814213e-02,-1.721660777795325503e-01,-2.606228480550718540e-01,9.746540337289414380e-01,-2.558924173816838454e+00,-1.127394493127997777e-02
6.360000000000004539e-01,-4.304310274892520632e-02,3.246909122784716328e-02,-1.747272407662418814e-01,-2.567495083629565689e-01,9.800030653051479135e-01,-2.561162986674744069e+00,-1.051243616597652419e-02
6.370000000000004547e-01,-4.329597388227029303e-02,3.345439228964797174e-02,-1.772905310057718009e-01,-2.528711333450883725e-01,9.853010617868895871e-01,-2.563290239495185308e+00,-9.744750549741887369e-03
6.380000000000004556e-01,-4.354496207855033246e-02,3.444493928715895020e-02,-1.798558358272874524e-01,-2.489881962800384319e-01,9.905469974969849378e-01,-2.565304821481011466e+00,-8.970758714102800013e-03
6.390000000000004565e-01,-4.379006325680710049e-02,3.544067910953315609e-02,-1.824230414157987645e-01,-2.451011782567684427e-01,9.957398223601887643e-01,-2.567205588476630940e+00,-8.190328427239546016e-03
6.400000000000004574e-01,-4.403127382503556342e-02,3.644155757118688888e-02,-1.849920327783430296e-01,-2.412105682284616248e-01,1.000878461639670869e+00,-2.568991362509585485e+00,-7.403324553310497436e-03
6.410000000000004583e-01,-4.426859068810298781e-02,3.744751938687059661e-02,-1.875626937097043812e-01,-2.373168630674259150e-01,1.005961815669583981e+00,-2.570660931326632426e+00,-6.609609011603900797e-03
6.420000000000004592e-01,-4.450201125572396388e-02,3.845850814646824961e-02,-1.901349067576632579e-01,-2.334205676209747948e-01,1.010988759583491214e+00,-2.572213047924116758e+00,-5.809040736318049625e-03
6.430000000000004601e-01,-4.473153345049215440e-02,3.947446628952130249e-02,-1.927085531877707758e-01,-2.295221947681936880e-01,1.015958143038843575e+00,-2.573646430072759728e+00,-5.001475636895680310e-03
6.440000000000004610e-01,-4.495715571597017762e-02,4.049533507947338656e-02,-1.952835129476427345e-01,-2.256222654780234427e-01,1.020868789937831256e+00,-2.574959759837237794e+00,-4.186766556820931129e-03
6.450000000000004619e-01,-4.517887702483826956e-02,4.152105457763118762e-02,-1.978596646307672902e-01,-2.217213088680893285e-01,1.025719498143494945e+00,-2.576151683089785038e+00,-3.364763235467194136e-03
6.460000000000004627e-01,-4.539669688710298856e-02,4.255156361683799793e-02,-2.004368854398208555e-01,-2.178198622647156690e-01,1.030509039192490706e+00,-2.577220809018720971e+00,-2.535312268276079806e-03
6.470000000000004636e-01,-4.561061535836680864e-02,4.358679977485594575e-02,-2.030150511494872301e-01,-2.139184712638179386e-01,1.035236158003577822e+00,-2.578165709631599967e+00,-1.698257068937669700e-03
6.480000000000004645e-01,-4.582063304815980898e-02,4.462669934745281536e-02,-2.055940360687753821e-01,-2.100176897929998676e-01,1.039899572582470677e+00,-2.578984919253263008e+00,-8.534378307716306011e-04
6.490000000000004654e-01,-4.602675112833418819e-02,4.567119732118961328e-02,-2.081737130028288030e-01,-2.061180801743825730e-01,1.044497973722369633e+00,-2.579676934018567014e+00,-6.914909289612580778e-07
6.500000000000004663e-01,-4.622897134152291476e-02,4.672022734590542542e-02,-2.107539532142241601e-01,-2.022202131887244347e-01,1.049030024701306019e+00,-2.580240211360562252e+00,8.601483071075666231e-04
6.510000000000004672e-01,-4.642729600966316594e-02,4.777372170689495046e-02,-2.133346263837524737e-01,-1.983246681402546507e-01,1.053494360974995159e+00,-2.580673169493445052e+00,1.729251247340801712e-03
6.520000000000004681e-01,-4.662172804258569309e-02,4.883161129677613538e-02,-2.159156005706786285e-01,-1.944320329225272537e-01,1.057889589866635172e+00,-2.580974186891277888e+00,2.606790375663692316e-03
6.530000000000004690e-01,-4.681227094667092525e-02,4.989382558704369419e-02,-2.184967421724759440e-01,-1.905429040852356370e-01,1.062214290252981419e+00,-2.581141601762320548e+00,3.492942132637066877e-03
6.540000000000004698e-01,-4.699892883357274787e-02,5.096029259930515837e-02,-2.210779158840298908e-01,-1.866578869018240550e-01,1.066467012246840040e+00,-2.581173711519086922e+00,4.387886384313866017e-03
6.550000000000004707e-01,-4.718170642901074741e-02,5.203093887619623936e-02,-2.236589846563095674e-01,-1.827775954379986523e-01,1.070646276876444647e+00,-2.581068772244649701e+00,5.291806452087488566e-03
6.560000000000004716e-01,-4.736060908163164385e-02,5.310568945197250562e-02,-2.262398096544998016e-01,-1.789026526208946921e-01,1.074750575761565852e+00,-2.580824998155338612e+00,6.204889140003722048e-03
6.570000000000004725e-01,-4.753564277194085447e-02,5.418446782277417523e-02,-2.288202502155952667e-01,-1.750336903092115093e-01,1.078778370786972918e+00,-2.580440561060412641e+00,7.127324761643905049e-03
6.580000000000004734e-01,-4.770681412130464705e-02,5.526719591656146374e-02,-2.314001638054487553e-01,-1.711713493637942174e-01,1.082728093772561406e+00,-2.579913589818454867e+00,8.059307162884277176e-03
6.590000000000004743e-01,-4.787413040102355549e-02,5.635379406271771169e-02,-2.339794059752753064e-01,-1.673162797189098050e-01,1.086598146141482424e+00,-2.579242169791613026e+00,9.001033743857078662e-03
6.600000000000004752e-01,-4.803759954147779343e-02,5.744418096131832796e-02,-2.365578303176081865e-01,-1.634691404542348847e-01,1.090386898585828268e+00,-2.578424342297790162e+00,9.952705478649903625e-03
6.610000000000004761e-01,-4.819723014134485312e-02,5.853827365206287769e-02,-2.391352884217040342e-01,-1.596305998670567439e-01,1.094092690729773221e+00,-2.577458104060749378e+00,1.091452693048600153e-02
6.620000000000004770e-01,-4.835303147688976150e-02,5.963598748286932927e-02,-2.417116298283986664e-01,-1.558013355449074377e-01,1.097713830791627210e+00,-2.576341406659624411e+00,1.188670626553145482e-02
6.630000000000004778e-01,-4.850501351132855549e-02,6.073723607812853142e-02,-2.442867019844116028e-01,-1.519820344387916577e-01,1.101248595244331385e+00,-2.575072155977847999e+00,1.286945526442728749e-02
6.640000000000004787e-01,-4.865318690426466419e-02,6.184193130661740784e-02,-2.468603501960981161e-01,-1.481733929361075952e-01,1.104695228474035007e+00,-2.573648211651425655e+00,1.386298932694574049e-02
6.650000000000004796e-01,-4.879756302119881567e-02,6.294998324907145892e-02,-2.494324175826519163e-01,-1.443761169341526429e-01,1.108051942439158610e+00,-2.572067386518674503e+00,1.486752747763508964e-02
6.660000000000004805e-01,-4.893815394311199635e-02,6.406130016541426719e-02,-2.520027450287576354e-01,-1.405909219131833698e-01,1.111316916327891313e+00,-2.570327446070528765e+00,1.588329236318086757e-02
6.670000000000004814e-01,-4.907497247612153946e-02,6.517578846164587270e-02,-2.545711711366962504e-01,-1.368185330095463559e-01,1.114488296216713081e+00,-2.568426107903361455e+00,1.691051024880074749e-02
6.680000000000004823e-01,-4.920803216121007184e-02,6.629335265638973407e-02,-2.571375321779057477e-01,-1.330596850885315263e-01,1.117564194728918325e+00,-2.566361041174353375e+00,1.794941100888047814e-02
6.690000000000004832e-01,-4.933734728402661834e-02,6.741389534709871234e-02,-2.597016620440011914e-01,-1.293151228165475564e-01,1.120542690694040999e+00,-2.564129866060253171e+00,1.900022811184287619e-02
6.700000000000004841e-01,-4.946293288475953759e-02,6.853731717592306816e-02,-2.622633921972574722e-01,-1.255856007329179680e-01,1.123421828809415324e+00,-2.561730153221049910e+00,2.006319860199412553e-02
6.710000000000004849e-01,-4.958480476808027615e-02,6.966351679524136753e-02,-2.648225516205614527e-01,-1.218718833207367708e-01,1.126199619303318133e+00,-2.559159423268748235e+00,2.113856307400308054e-02
6.720000000000004858e-01,-4.970297951315709450e-02,7.079239083285750189e-02,-2.673789667668395875e-01,-1.181747450768190350e-01,1.128874037601183211e+00,-2.556415146242696057e+00,2.222656564263836287e-02
6.730000000000004867e-01,-4.981747448373770315e-02,7.192383385686754171e-02,-2.699324615079672363e-01,-1.144949705806060647e-01,1.131443023995085895e+00,-2.553494741092381393e+00,2.332745390642232408e-02
6.740000000000004876e-01,-4.992830783829904640e-02,7.305773834019954616e-02,-2.724828570831711594e-01,-1.108333545613399140e-01,1.133904483316980238e+00,-2.550395575168544759e+00,2.444147890262282630e-02
6.750000000000004885e-01,-5.003549854026299870e-02,7.419399462483217134e-02,-2.750299720469313591e-01,-1.071907019639553593e-01,1.136256284617678691e+00,-2.547114963724801839e+00,2.556889505835679977e-02
6.760000000000004894e-01,-5.013906636827598212e-02,7.533249088569787810e-02,-2.775736222163966427e-01,-1.035678280129806450e-01,1.138496260850702324e+00,-2.543650169429919838e+00,2.670996013189075313e-02
6.770000000000004903e-01,-5.023903192655037458e-02,7.647311309427581860e-02,-2.801136206183247324e-01,-9.996555827439410069e-02,1.140622208562916295e+00,-2.539998401892670454e+00,2.786493514705723484e-02
6.780000000000004912e-01,-5.033541665526543307e-02,7.761574498188321403e-02,-2.826497774355608006e-01,-9.638472871505730788e-02,1.142631887592447271e+00,-2.536156817200611702e+00,2.903408431874998641e-02
6.790000000000004921e-01,-5.042824284102483817e-02,7.876026800267324490e-02,-2.851818999530705834e-01,-9.282618575940665417e-02,1.144523020775053856e+00,-2.532122517474387990e+00,3.021767496947913578e-02
6.800000000000004929e-01,-5.051753362736811914e-02,7.990656129634830795e-02,-2.877097925035455028e-01,-8.929078634328008190e-02,1.146293293660085144e+00,-2.527892550439331032e+00,3.141597743729795944e-02
6.810000000000004938e-01,-5.060331302533237902e-02,8.105450165059988055e-02,-2.902332564125967296e-01,-8.577939796425679275e-02,1.147940354236619109e+00,-2.523463909015698725e+00,3.262926497246732005e-02
6.820000000000004947e-01,-5.068560592406103765e-02,8.220396346328651127e-02,-2.927520899435621660e-01,-8.229289872865706845e-02,1.149461812671671135e+00,-2.518833530929893705e+00,3.385781362576523179e-02
6.830000000000004956e-01,-5.076443810145498531e-02,8.335481870436198260e-02,-2.952660882419454458e-01,-7.883217739394941803e-02,1.150855241060426692e+00,-2.513998298347678961e+00,3.510190212176311775e-02
6.840000000000004965e-01,-5.083983623486237891e-02,8.450693687756898054e-02,-2.977750432795140956e-01,-7.539813340739154324e-02,1.152118173192059780e+00,-2.508955037533081800e+00,3.636181172592589661e-02
6.850000000000004974e-01,-5.091182791180161316e-02,8.566018498191331487e-02,-3.002787437980828367e-01,-7.199167693923129441e-02,1.153248104329439361e+00,-2.503700518533022112e+00,3.763782609342491980e-02
6.860000000000004983e-01,-5.098044164071251910e-02,8.681442747293550977e-02,-3.027769752530103387e-01,-6.861372891090357362e-02,1.154242491007250626e+00,-2.498231454891885583e+00,3.893023110926407959e-02
6.870000000000004992e-01,-5.104570686172998917e-02,8.796952622379847209e-02,-3.052695197564433971e-01,-6.526522101746985716e-02,1.155098750848041256e+00,-2.492544503397400302e+00,4.023931471299113660e-02
6.880000000000005000e-01,-5.110765395747379064e-02,8.912534048621167937e-02,-3.077561560203395108e-01,-6.194709574379953648e-02,1.155814262398357384e+00,-2.486636263860338758e+00,4.156536670904587005e-02
6.890000000000005009e-01,-5.116631426384759401e-02,9.028172685121337027e-02,-3.102366592993061611e-01,-5.866030637380646728e-02,1.156386364986776272e+00,-2.480503278930966449e+00,4.290867856120739177e-02
6.900000000000005018e-01,-5.122172008084004136e-02,9.143853920983431582e-02,-3.127108013332973724e-01,-5.540581699244577496e-02,1.156812358606130742e+00,-2.474142033955426534e+00,4.426954317229636615e-02
6.910000000000005027e-01,-5.127390468332004847e-02,9.259562871367031656e-02,-3.151783502902077982e-01,-5.218460248000706542e-02,1.157089503821128629e+00,-2.467548956874490607e+00,4.564825464740018823e-02
6.920000000000005036e-01,-5.132290233181764638e-02,9.375284373538818328e-02,-3.176390707084109644e-01,-4.899764849759795371e-02,1.157215021703094315e+00,-2.460720418167485324e+00,4.704510803730377333e-02
6.930000000000005045e-01,-5.136874828328130693e-02,9.491002982919813369e-02,-3.200927234392924037e-01,-4.584595146365866986e-02,1.157186093795183446e+00,-2.453652730845568453e+00,4.846039906574950429e-02
6.940000000000005054e-01,-5.141147880180171187e-02,9.606702969132208114e-02,-3.225390655898253689e-01,-4.273051852040216786e-02,1.156999862109182375e+00,-2.446342150497112122e+00,4.989442383538400527e-02
6.950000000000005063e-01,-5.145113116929185548e-02,9.722368312049402272e-02,-3.249778504652507394e-01,-3.965236749014089401e-02,1.156653429157245672e+00,-2.438784875389397033e+00,5.134747851636367599e-02
6.960000000000005071e-01,-5.148774369611163609e-02,9.837982697852806768e-02,-3.274088275119159119e-01,-3.661252681977887613e-02,1.156143858019355708e+00,-2.430977046629195559e+00,5.281985900935204370e-02
6.970000000000005080e-01,-5.152135573162536231e-02,9.953529515099426850e-02,-3.298317422603398996e-01,-3.361203551372875242e-02,1.155468172451557640e+00,-2.422914748387912987e+00,5.431186059119874621e-02
6.980000000000005089e-01,-5.155200767467874035e-02,1.006899185080439851e-01,-3.322463362685696420e-01,-3.065194305337635983e-02,1.154623357035111209e+00,-2.414594008193767127e+00,5.582377753249501140e-02
6.990000000000005098e-01,-5.157974098398197121e-02,1.018435248654305791e-01,-3.346523470659027444e-01,-2.773330930322744775e-02,1.153606357372026769e+00,-2.406010797296988635e+00,5.735590269568846544e-02
7.000000000000005107e-01,-5.160459818838426110e-02,1.029959389457726221e-01,-3.370495080970498103e-01,-2.485720440229106931e-02,1.152414080327508472e+00,-2.397161031111028962e+00,5.890852710505078971e-02
7.010000000000005116e-01,-5.162662289702368845e-02,1.041469823401107442e-01,-3.394375486668211317e-01,-2.202470863942507934e-02,1.151043394323719715e+00,-2.388040569735129459e+00,6.048193948924185381e-02
7.020000000000005125e-01,-5.164585980933621839e-02,1.052964734698143418e-01,-3.418161938854215043e-01,-1.923691231252952494e-02,1.149491129689127478e+00,-2.378645218564224173e+00,6.207642580038941205e-02
7.030000000000005134e-01,-5.166235472490609409e-02,1.064442275488933498e-01,-3.441851646144472032e-01,-1.649491556987473656e-02,1.147754079064577271e+00,-2.368970728989583385e+00,6.369226870117095096e-02
7.040000000000005143e-01,-5.167615455313856465e-02,1.075900565467790837e-01,-3.465441774136800990e-01,-1.379982823247032434e-02,1.145828997871376709e+00,-2.359012799196659849e+00,6.532974702254001897e-02
7.050000000000005151e-01,-5.168730732273534717e-02,1.087337691516385985e-01,-3.488929444887823306e-01,-1.115276959678061092e-02,1.143712604845236847e+00,-2.348767075065997467e+00,6.698913519249660720e-02
7.060000000000005160e-01,-5.169586219095148594e-02,1.098751707342917744e-01,-3.512311736400008377e-01,-8.554868216142090531e-03,1.141401582638907009e+00,-2.338229151182282362e+00,6.867070263053443036e-02
7.070000000000005169e-01,-5.170186945261139727e-02,1.110140633128046256e-01,-3.535585682119953832e-01,-6.007261659914176974e-03,1.138892578498715613e+00,-2.327394571958263825e+00,7.037471311024129372e-02
7.080000000000005178e-01,-5.170538054886026497e-02,1.121502455178374213e-01,-3.558748270449113016e-01,-3.511096248865583965e-03,1.136182205018665181e+00,-2.316258832879567464e+00,7.210142408641018186e-02
7.090000000000005187e-01,-5.170644807562595896e-02,1.132835125588285696e-01,-3.581796444268249835e-01,-1.067526765696181004e-03,1.133267040977101070e+00,-2.304817381877365179e+00,7.385108598755479870e-02
7.100000000000005196e-01,-5.170512579176503309e-02,1.144136561911025113e-01,-3.604727100476965429e-01,1.322283860923376478e-03,1.130143632259965392e+00,-2.293065620835244012e+00,7.562394147046613835e-02
7.110000000000005205e-01,-5.170146862686465783e-02,1.155404646839924832e-01,-3.627537089549707217e-01,3.657164900373799030e-03,1.126808492876028467e+00,-2.280998907237752782e+00,7.742022463620168438e-02
7.120000000000005214e-01,-5.169553268867136536e-02,1.166637227900758772e-01,-3.650223215109754116e-01,5.935938193293828838e-03,1.123258106069525919e+00,-2.268612555968350097e+00,7.924016020848534403e-02
7.130000000000005222e-01,-5.168737527011551397e-02,1.177832117156240865e-01,-3.672782233522754458e-01,8.157418555848391234e-03,1.119488925534417145e+00,-2.255901841263612262e+00,8.108396266995074320e-02
7.140000000000005231e-01,-5.167705485589862979e-02,1.188987090923741968e-01,-3.695210853511439186e-01,1.032041421688169314e-02,1.115497376736442448e+00,-2.242861998831983783e+00,8.295183535600753055e-02
7.150000000000005240e-01,-5.166463112860966017e-02,1.200099889507370149e-01,-3.717505735793261157e-01,1.242372728896641576e-02,1.111279858349197847e+00,-2.229488228145797279e+00,8.484396950869457776e-02
7.160000000000005249e-01,-5.165016497433357751e-02,1.211168216945588960e-01,-3.739663492742761330e-01,1.446615427608327967e-02,1.106832743808325414e+00,-2.215775694913648231e+00,8.676054328190564713e-02
7.170000000000005258e-01,-5.163371848771475259e-02,1.222189740775646849e-01,-3.761680688080560886e-01,1.644648661882352689e-02,1.102152382992333868e+00,-2.201719533743427881e+00,8.870172070577783674e-02
7.180000000000005267e-01,-5.161535497643499754e-02,1.233162091816121242e-01,-3.783553836590962116e-01,1.836351127975291431e-02,1.097235104034087527e+00,-2.187314851003596239e+00,9.066765060107932761e-02
7.190000000000005276e-01,-5.159513896506454783e-02,1.244082863968967168e-01,-3.805279403870255317e-01,2.021601137045253571e-02,1.092077215271294754e+00,-2.172556727892922979e+00,9.265846544843787946e-02
7.200000000000005285e-01,-5.157313619824223372e-02,1.254949614042515926e-01,-3.826853806107896605e-01,2.200276682231530612e-02,1.086675007341691979e+00,-2.157440223727635775e+00,9.467428020867318939e-02
7.210000000000005294e-01,-5.154941364313893326e-02,1.265759861596947033e-01,-3.848273409902818187e-01,2.372255510330279621e-02,1.081024755430008533e+00,-2.141960379455644770e+00,9.671519109335535713e-02
7.220000000000005302e-01,-5.152403949115595683e-02,1.276511088813818140e-01,-3.869534532117264169e-01,2.537415198297345714e-02,1.075122721674167003e+00,-2.126112221407982172e+00,9.878127428466312865e-02
7.230000000000005311e-01,-5.149708315880891646e-02,1.287200740391333253e-01,-3.890633439770609381e-01,2.695633234703994491e-02,1.068965157738628546e+00,-2.109890765298191972e+00,1.008725846084008726e-01
7.240000000000005320e-01,-5.146861528774369920e-02,1.297826223467060114e-01,-3.911566349975753032e-01,2.846787106522030361e-02,1.062548307559938232e+00,-2.093291020478011966e+00,1.029891541487110707e-01
7.250000000000005329e-01,-5.143870774383018513e-02,1.308384907569947742e-01,-3.932329429920743968e-01,2.990754391351144181e-02,1.055868410276091129e+00,-2.076307994462708528e+00,1.051309908167045171e-01
7.260000000000005338e-01,-5.140743361527663063e-02,1.318874124603520992e-01,-3.952918796898460818e-01,3.127412855355529014e-02,1.048921703344839917e+00,-2.058936697735158639e+00,1.072980768649008376e-01
7.270000000000005347e-01,-5.137486720970484838e-02,1.329291168862241079e-01,-3.973330518387217514e-01,3.256640557178536871e-02,1.041704425859602434e+00,-2.041172148839469180e+00,1.094903673481403827e-01
7.280000000000005356e-01,-5.134108405012453163e-02,1.339633297083084873e-01,-3.993560612185342862e-01,3.378315958031473387e-02,1.034212822072102744e+00,-2.023009379776056882e+00,1.117077885341284382e-01
7.290000000000005365e-01,-5.130616086974176121e-02,1.349897728534495411e-01,-4.013605046602787829e-01,3.492318038277314463e-02,1.026443145128891121e+00,-2.004443441708361640e+00,1.139502362584667861e-01
7.300000000000005373e-01,-5.127017560553477626e-02,1.360081645144937401e-01,-4.033459740713085662e-01,3.598526420698452272e-02,1.018391661032129969e+00,-1.985469410993719874e+00,1.162175742306801318e-01
7.310000000000005382e-01,-5.123320739052744655e-02,1.370182191673373351e-01,-4.053120564668936665e-01,3.696821500733205729e-02,1.010054652831753774e+00,-1.966082395548643280e+00,1.185096322873262498e-01
7.320000000000005391e-01,-5.119533654468804568e-02,1.380196475924075628e-01,-4.072583340084896530e-01,3.787084583940363708e-02,1.001428425058425109e+00,-1.946277541560045510e+00,1.208262045945817098e-01
7.330000000000005400e-01,-5.115664456437833685e-02,1.390121569008253566e-01,-4.091843840490795303e-01,3.869198030970727453e-02,9.925093084062116544e-01,-1.926050040553823894e+00,1.231670478004721625e-01
7.340000000000005409e-01,-5.111721411027575490e-02,1.399954505655111869e-01,-4.110897791859479677e-01,3.943045410257852573e-02,9.832936646744181441e-01,-1.905395136832389591e+00,1.255318791412456392e-01
7.350000000000005418e-01,-5.107712899368787446e-02,1.409692284574987076e-01,-4.129740873212750518e-01,4.008511658788254522e-02,9.737778919761762575e-01,-1.884308135291145714e+00,1.279203744968323564e-01
7.360000000000005427e-01,-5.103647416117716024e-02,1.419331868877351244e-01,-4.148368717309374731e-01,4.065483251071596443e-02,9.639584302253313419e-01,-1.862784409626739190e+00,1.303321664083023634e-01
7.370000000000005436e-01,-5.099533567740982543e-02,1.428870186546529752e-01,-4.166776911419184937e-01,4.113848376733403311e-02,9.538317669069217297e-01,-1.840819410945156775e+00,1.327668420456715737e-01
7.380000000000005445e-01,-5.095380070614081297e-02,1.438304130978080020e-01,-4.184960998187368664e-01,4.153497126901133096e-02,9.433944431441516620e-01,-1.818408676782732325e+00,1.352239411410267600e-01
7.390000000000005453e-01,-5.091195748924488146e-02,1.447630561578872044e-01,-4.202916476593215878e-01,4.184321689593410720e-02,9.326430600686302919e-01,-1.795547840549145846e+00,1.377029538868794756e-01
7.400000000000005462e-01,-5.086989532369977363e-02,1.456846304433987438e-01,-4.220638803007573658e-01,4.206216554511058719e-02,9.215742855011082035e-01,-1.772232641400506736e+00,1.402033187955435967e-01
7.410000000000005471e-01,-5.082770453642670300e-02,1.465948153043640234e-01,-4.238123392353471131e-01,4.219078727306767307e-02,9.101848609549991753e-01,-1.748458934554548483e+00,1.427244205378528363e-01
7.420000000000005480e-01,-5.078547645688966106e-02,1.474932869133409319e-01,-4.255365619374361086e-01,4.222807953703983097e-02,8.984716089667844630e-01,-1.724222702053800127e+00,1.452655877515931504e-01
7.430000000000005489e-01,-5.074330338735350693e-02,1.483797183541151476e-01,-4.272360820014572957e-01,4.217306953615625187e-02,8.864314407643723026e-01,-1.699520063986364127e+00,1.478260908351700653e-01
7.440000000000005498e-01,-5.070127857069876842e-02,1.492537797184041171e-01,-4.289104292916627870e-01,4.202481665473719458e-02,8.740613642792748328e-01,-1.674347290170670188e+00,1.504051397280370406e-01
7.450000000000005507e-01,-5.065949615568842573e-02,1.501151382109230381e-01,-4.305591301040070928e-01,4.178241501034452715e-02,8.613584925094045497e-01,-1.648700812309749963e+00,1.530018816817864113e-01
7.460000000000005516e-01,-5.061805115958097068e-02,1.509634582631730337e-01,-4.321817073406629683e-01,4.144499610745214918e-02,8.483200522407973176e-01,-1.622577236621640662e+00,1.556153990359581130e-01
7.470000000000005524e-01,-5.057703942798173063e-02,1.517984016563140026e-01,-4.337776806976455513e-01,4.101173159924242917e-02,8.349433931318340774e-01,-1.595973356948334310e+00,1.582447069976717913e-01
7.480000000000005533e-01,-5.053655759182321128e-02,1.526196276534900753e-01,-4.353465668660265186e-01,4.048183615851926043e-02,8.212259971672509762e-01,-1.568886168347177534e+00,1.608887514397472351e-01
7.490000000000005542e-01,-5.049670302136454597e-02,1.534267931419842357e-01,-4.368878797472262598e-01,3.985457045866279413e-02,8.071654884855805623e-01,-1.541312881165930238e+00,1.635464067248959541e-01
7.500000000000005551e-01,-5.045757377709823854e-02,1.542195527855754478e-01,-4.384011306828599630e-01,3.912924426630708802e-02,7.927596435827878318e-01,-1.513250935600371605e+00,1.662164735614655164e-01
7.510000000000005560e-01,-5.041926855745289954e-02,1.549975591874803438e-01,-4.398858286996275013e-01,3.830521964534109453e-02,7.780064018968158024e-01,-1.484698016734292025e+00,1.688976769091796726e-01
7.520000000000005569e-01,-5.038188664317954507e-02,1.557604630642603627e-01,-4.413414807697167985e-01,3.738191427335587486e-02,7.629038767720917047e-01,-1.455652070056546732e+00,1.715886639374950562e-01
7.530000000000005578e-01,-5.034552783830983924e-02,1.565079134310744247e-01,-4.427675920872000126e-01,3.635880486970823056e-02,7.474503668064077511e-01,-1.426111317450768023e+00,1.742880020560488852e-01
7.540000000000005587e-01,-5.031029240757441123e-02,1.572395577986593074e-01,-4.441636663608812818e-01,3.523543073543073528e-02,7.316443675775112787e-01,-1.396074273649027919e+00,1.769941770232907885e-01
7.550000000000005596e-01,-5.027628101017138362e-02,1.579550423824152283e-01,-4.455292061240539447e-01,3.401139740302984438e-02,7.154845837488108540e-01,-1.365539763140512841e+00,1.797055911549039209e-01
7.560000000000005604e-01,-5.024359462977592838e-02,1.586540123239698619e-01,-4.468637130616063269e-01,3.268638039545648799e-02,6.989699415477139688e-01,-1.334506937520947734e+00,1.824205616383087758e-01
7.570000000000005613e-01,-5.021233450068384591e-02,1.593361119255889968e-01,-4.481666883549059177e-01,3.126012909208530921e-02,6.820996016126246175e-01,-1.302975293268489487e+00,1.851373189733869218e-01
7.580000000000005622e-01,-5.018260202998510444e-02,1.600009848977961002e-01,-4.494376330448647816e-01,2.973247069874366405e-02,6.648729722007253873e-01,-1.270944689928119598e+00,1.878540055561277455e-01
7.590000000000005631e-01,-5.015449871566620560e-02,1.606482746205478707e-01,-4.506760484135772793e-01,2.810331431889655229e-02,6.472897227457831137e-01,-1.238415368682270756e+00,1.905686744189472037e-01
7.600000000000005640e-01,-5.012812606054428688e-02,1.612776244183085073e-01,-4.518814363848909221e-01,2.637265512192182512e-02,6.293497977548665467e-01,-1.205387971283648385e+00,1.932792881480422942e-01
7.610000000000005649e-01,-5.010358548194013273e-02,1.618886778493432432e-01,-4.530532999442422049e-01,2.454057860415262068e-02,6.110534310293551652e-01,-1.171863559322131376e+00,1.959837179941303908e-01
7.620000000000005658e-01,-5.008097821700376040e-02,1.624810790095425894e-01,-4.541911435780656148e-01,2.260726493637118042e-02,5.924011601941371330e-01,-1.137843633794489939e+00,1.986797432010920517e-01
7.630000000000005667e-01,-5.006040522361082656e-02,1.630544728510605612e-01,-4.552944737330333891e-01,2.057299339293525847e-02,5.733938415131388799e-01,-1.103330154939630159e+00,2.013650505621753517e-01
7.640000000000005675e-01,-5.004196707675688527e-02,1.636085055160374224e-01,-4.563627992953633306e-01,1.843814685394358846e-02,5.540326649723524843e-01,-1.068325562302240961e+00,2.040372342377327897e-01
7.650000000000005684e-01,-5.002576386038341816e-02,1.641428246856428408e-01,-4.573956320903689865e-01,1.620321637346501878e-02,5.343191696011951874e-01,-1.032832794978486568e+00,2.066937958434422740e-01
7.660000000000005693e-01,-5.001189505457932089e-02,1.646570799446528677e-01,-4.583924874023925233e-01,1.386880580409901621e-02,5.142552590061127971e-01,-9.968553119969597587e-01,2.093321448393958839e-01
7.670000000000005702e-01,-5.000045941811106370e-02,1.651509231617390716e-01,-4.593528845151994000e-01,1.143563646825815003e-02,4.938432170826156375e-01,-9.603971127809454167e-01,2.119495992364073267e-01
7.680000000000005711e-01,-4.999155486624655420e-02,1.656240088856134607e-01,-4.602763472728595984e-01,8.904551864507363398e-03,4.730857238711659862e-01,-9.234627576348618527e-01,2.145433866464947492e-01
7.690000000000005720e-01,-4.998527834384931118e-02,1.660759947571326944e-01,-4.611624046610754979e-01,6.276522397243779194e-03,4.519858715162294871e-01,-8.860573881913695882e-01,2.171106456951079622e-01
7.700000000000005729e-01,-4.998172569373401236e-02,1.665065419374217592e-01,-4.620105914088517007e-01,3.552650115298673465e-03,4.305471802865625253e-01,-8.481867477522810894e-01,2.196484278244512645e-01
7.710000000000005738e-01,-4.998099152028804421e-02,1.669153155520310128e-01,-4.628204486103233983e-01,7.341734459662750505e-04,4.087736146069721466e-01,-8.098572014486488113e-01,2.221536995007973303e-01
7.720000000000005747e-01,-4.998316904838100844e-02,1.673019851510858524e-01,-4.635915243664897045e-01,-2.177528092967216146e-03,3.866695990529760985e-01,-7.710757561438175145e-01,2.246233448600891691e-01
7.730000000000005755e-01,-4.998834997760069621e-02,1.676662251853363317e-01,-4.643233744465043999e-01,-5.180929219689777571e-03,3.642400342488263387e-01,-7.318500799934091194e-01,2.270541688029648064e-01
7.740000000000005764e-01,-4.999662433187281041e-02,1.680077154979478238e-01,-4.650155629680990943e-01,-8.274354272112045827e-03,3.414903126103120967e-01,-6.921885215740144481e-01,2.294429005652993681e-01
7.750000000000005773e-01,-5.000808030454207548e-02,1.683261418318158786e-01,-4.656676630966053998e-01,-1.145597266926532375e-02,3.184263338671834975e-01,-6.521001284863143788e-01,2.317861977853352684e-01
7.760000000000005782e-01,-5.002280409901393304e-02,1.686211963521109802e-01,-4.662792577619559453e-01,-1.472379447185498923e-02,2.950545202945921153e-01,-6.115946653317669846e-01,2.340806510851431987e-01
7.770000000000005791e-01,-5.004087976507868435e-02,1.688925781836901618e-01,-4.668499403929310954e-01,-1.807566606475288079e-02,2.713818315789790492e-01,-5.706826309572599065e-01,2.363227891840327111e-01
7.780000000000005800e-01,-5.006238903106453864e-02,1.691399939629293081e-01,-4.673793156678051619e-01,-2.150926598585300303e-02,2.474157792394101330e-01,-5.293752748570608180e-01,2.385090845613939692e-01
7.790000000000005809e-01,-5.008741113199186717e-02,1.693631584034489546e-01,-4.678670002804373174e-01,-2.502210092733151564e-02,2.231644405202204973e-01,-4.876846126161852868e-01,2.406359596842229109e-01
7.800000000000005818e-01,-5.011602263392779533e-02,1.695617948751134696e-01,-4.683126237207257958e-01,-2.861150193593139587e-02,1.986364716653928608e-01,-4.456234402734584599e-01,2.426997938082653405e-01
7.810000000000005826e-01,-5.014829725476956795e-02,1.697356359955949634e-01,-4.687158290682196249e-01,-3.227462084177562529e-02,1.738411204827682022e-01,-4.032053474798347192e-01,2.446969303696606701e-01
7.820000000000005835e-01,-5.018430568171429462e-02,1.698844242336911003e-01,-4.690762737975525676e-01,-3.600842694472912442e-02,1.487882380977269270e-01,-3.604447293201478164e-01,2.466236849660186081e-01
7.830000000000005844e-01,-5.022411538570455830e-02,1.700079125234854605e-01,-4.693936305942299492e-01,-3.980970399026598910e-02,1.234882897962779752e-01,-3.173567966657266370e-01,2.484763539391909859e-01
7.840000000000005853e-01,-5.026779043317183837e-02,1.701058648883323476e-01,-4.696675881791597118e-01,-4.367504746727755849e-02,9.795236484923286469e-02,-2.739575849190354351e-01,2.502512235568099541e-01
7.850000000000005862e-01,-5.031539129543261685e-02,1.701780570735367537e-01,-4.698978521401782626e-01,-4.760086226077820531e-02,7.219218520702870567e-02,-2.302639610093161759e-01,2.519445797878958615e-01
7.860000000000005871e-01,-5.036697465612749447e-02,1.702242771864866666e-01,-4.700841457686835145e-01,-5.158336069488046044e-02,4.622011295286097138e-02,-1.862936284972181444e-01,2.535527186722230653e-01
7.870000000000005880e-01,-5.042259321712909415e-02,1.702443263428785603e-01,-4.702262108993329193e-01,-5.561856100160125771e-02,2.004915639520218201e-02,-1.420651306422087978e-01,2.550719572688757708e-01
7.880000000000005889e-01,-5.048229550338018817e-02,1.702380193175545009e-01,-4.703238087506245169e-01,-5.970228625109409021e-02,-6.307025320432348148e-03,-9.759785128594888892e-02,2.564986451659931888e-01
7.890000000000005898e-01,-5.054612566716167044e-02,1.702051851983499009e-01,-4.703767207640357495e-01,-6.383016378148557990e-02,-3.283411920057532907e-02,-5.291201340680736637e-02,2.578291765401798941e-01
7.900000000000005906e-01,-5.061412329232607699e-02,1.701456680412249955e-01,-4.703847494392360828e-01,-6.799762516440598092e-02,-5.951715712064903352e-02,-8.028675197327340973e-03,2.590600027288427754e-01
7.910000000000005915e-01,-5.068632319907044603e-02,1.700593275248292457e-01,-4.703477191627600806e-01,-7.219990674436965739e-02,-8.634051639113977938e-02,3.703027647773857178e-02,2.601876452939135831e-01
7.920000000000005924e-01,-5.076275524986013227e-02,1.699460396025251063e-01,-4.702654770273758111e-01,-7.643205078968294541e-02,-1.132879222992270729e-01,8.224213538490329767e-02,2.612087095379314050e-01
7.930000000000005933e-01,-5.084344415715214699e-02,1.698056971497693135e-01,-4.701378936392493491e-01,-8.068890729201737277e-02,-1.403424527506086372e-01,1.275833881254940794e-01,2.621198984294306200e-01
7.940000000000005942e-01,-5.092840929360262919e-02,1.696382106046299409e-01,-4.699648639098752412e-01,-8.496513645048539565e-02,-1.674865451338799494e-01,1.730297293718213725e-01,2.629180268868980264e-01
7.950000000000005951e-01,-5.101766450547995380e-02,1.694435085990988743e-01,-4.697463078296107986e-01,-8.925521187732576855e-02,-1.947020055253483872e-01,2.185560802605660546e-01,2.636000363767765364e-01
7.960000000000005960e-01,-5.111121793003837316e-02,1.692215385787388116e-01,-4.694821712195415553e-01,-9.355342455841801630e-02,-2.219700203540563299e-01,2.641366100643237624e-01,2.641630097529619192e-01
7.970000000000005969e-01,-5.120907181764089433e-02,1.689722674080970932e-01,-4.691724264582861625e-01,-9.785388760252340667e-02,-2.492711706354460710e-01,3.097447612487447821e-01,2.646041862824155544e-01
7.980000000000005977e-01,-5.131122235945004273e-02,1.686956819592090873e-01,-4.688170731802632774e-01,-1.021505418091457063e-01,-2.765854488814296075e-01,3.553532780150279735e-01,2.649209767749596267e-01
7.990000000000005986e-01,-5.141765952153493080e-02,1.683917896804199010e-01,-4.684161389418413646e-01,-1.064371620848894723e-01,-3.038922787825064642e-01,4.009342384125155201e-01,2.651109787499503767e-01
8.000000000000005995e-01,-5.152836688626769718e-02,1.680606191426582685e-01,-4.679696798517347656e-01,-1.107073647327684873e-01,-3.311705377545945406e-01,4.464590900957971509e-01,2.651719915434869179e-01
8.010000000000006004e-01,-5.164332150190571041e-02,1.677022205602244354e-01,-4.674777811619412748e-01,-1.149546156380097800e-01,-3.583985824267296727e-01,4.918986897811585268e-01,2.651020312780651977e-01
8.020000000000006013e-01,-5.176249374127429165e-02,1.673166662830771201e-01,-4.669405578154841030e-01,-1.191722393685818032e-01,-3.855542771398516311e-01,5.372233464434232886e-01,2.648993455920143347e-01
8.030000000000006022e-01,-5.188584717048017048e-02,1.669040512575596658e-01,-4.663581549471959020e-01,-1.233534292058803133e-01,-4.126150255099398922e-01,5.824028682732518281e-01,2.645624280361378311e-01
8.040000000000006031e-01,-5.201333842859535289e-02,1.664644934524544817e-01,-4.657307483337828069e-01,-1.274912581151804170e-01,-4.395578050974922601e-01,6.274066133965268133e-01,2.640900320283963154e-01
8.050000000000006040e-01,-5.214491711925654804e-02,1.659981342472403032e-01,-4.650585447894310387e-01,-1.315786906611960128e-01,-4.663592052063347260e-01,6.722035443337261995e-01,2.634811842640649715e-01
8.060000000000006048e-01,-5.228052571512516178e-02,1.655051387794133355e-01,-4.643417825032573054e-01,-1.356085958686145676e-01,-4.929954678189273354e-01,7.167622861544179491e-01,2.627351974716578553e-01
8.070000000000006057e-01,-5.242009947614643950e-02,1.649856962477484479e-01,-4.635807313149786224e-01,-1.395737610212805790e-01,-5.194425316567512496e-01,7.610511882580015541e-01,2.618516824020833411e-01
8.080000000000006066e-01,-5.256356638253361496e-02,1.644400201684069751e-01,-4.627756929252714868e-01,-1.434669063871732986e-01,-5.456760793332479098e-01,8.050383896849594434e-01,2.608305589380970346e-01
8.090000000000006075e-01,-5.271084708338359681e-02,1.638683485808540563e-01,-4.619270010374129098e-01,-1.472807008499796289e-01,-5.716715875445745887e-01,8.486918878350366846e-01,2.596720662134401891e-01
8.100000000000006084e-01,-5.286185486180468296e-02,1.632709442006239908e-01,-4.610350214269467450e-01,-1.510077784210848983e-01,-5.974043802216340016e-01,8.919796104413157956e-01,2.583767716304334883e-01
8.110000000000006093e-01,-5.301649561740213318e-02,1.626480945160722891e-01,-4.601001519363001058e-01,-1.546407555974510517e-01,-6.228496845432446305e-01,9.348694906205031740e-01,2.569455786625702842e-01
8.120000000000006102e-01,-5.317466786692658792e-02,1.620001118263807438e-01,-4.591228223914846085e-01,-1.581722495244566318e-01,-6.479826896829652405e-01,9.773295447881558129e-01,2.553797333419067783e-01
8.130000000000006111e-01,-5.333626276384015319e-02,1.613273332182325048e-01,-4.581034944382563201e-01,-1.615948969135633795e-01,-6.727786081396535112e-01,1.019327953199755665e+00,2.536808293234029676e-01
8.140000000000006120e-01,-5.350116413749765598e-02,1.606301204787515535e-01,-4.570426612953802370e-01,-1.649013736575031530e-01,-6.972127394723097726e-01,1.060833142846249855e+00,2.518508114346165172e-01
8.150000000000006128e-01,-5.366924855257470400e-02,1.599088599425075585e-01,-4.559408474229453279e-01,-1.680844150770497980e-01,-7.212605362353784466e-01,1.101813872404137307e+00,2.498919776192733977e-01
8.160000000000006137e-01,-5.384038538930006890e-02,1.591639622706162438e-01,-4.547986081040032991e-01,-1.711368367253620348e-01,-7.448976718826125776e-01,1.142239318909787915e+00,2.478069791945420874e-01
8.170000000000006146e-01,-5.401443694496799175e-02,1.583958621602262751e-01,-4.536165289381708932e-01,-1.740515556679249620e-01,-7.681001103813369646e-01,1.182079165799337028e+00,2.455988193512421702e-01
8.180000000000006155e-01,-5.419125855711598438e-02,1.576050179829646680e-01,-4.523952252462089541e-01,-1.768216121479956604e-01,-7.908441772529009040e-01,1.221303691927904334e+00,2.432708498356346283e-01
8.190000000000006164e-01,-5.437069874865571584e-02,1.567919113512267482e-01,-4.511353413850180405e-01,-1.794401915397345892e-01,-8.131066317292596768e-01,1.259883861155719709e+00,2.408267657641705028e-01
8.200000000000006173e-01,-5.455259939514028183e-02,1.559570466115271781e-01,-4.498375499729178051e-01,-1.819006464845628057e-01,-8.348647396909455454e-01,1.297791412064233985e+00,2.382705985385431546e-01
8.210000000000006182e-01,-5.473679591423880053e-02,1.551009502644881410e-01,-4.485025510255361558e-01,-1.841965190985199174e-01,-8.560963470303998291e-01,1.334998947344722353e+00,2.356067068355622851e-01
8.220000000000006191e-01,-5.492311747737185779e-02,1.542241703114186069e-01,-4.471310710031174418e-01,-1.863215631330602251e-01,-8.767799530609918790e-01,1.371480022380956232e+00,2.328397656699854323e-01
8.230000000000006199e-01,-5.511138724333770195e-02,1.533272755278350385e-01,-4.457238617705463479e-01,-1.882697659658462697e-01,-8.968947835750561426e-01,1.407209232532515841e+00,2.299747535382294927e-01
8.240000000000006208e-01,-5.530142261363146794e-02,1.524108546646895934e-01,-4.442816994718946644e-01,-1.900353702937687406e-01,-9.164208631369272773e-01,1.442162298612306603e+00,2.270169376711503872e-01
8.250000000000006217e-01,-5.549303550902730253e-02,1.514755155784971163e-01,-4.428053833218116853e-01,-1.916128953958335934e-01,-9.353390861839874226e-01,1.476316150043069264e+00,2.239718574359255143e-01
8.260000000000006226e-01,-5.568603266685933501e-02,1.505218842919925637e-01,-4.412957343165999080e-01,-1.929971578320338055e-01,-9.536312864961086211e-01,1.509649005171188829e+00,2.208453059537260899e-01
8.270000000000006235e-01,-5.588021595830128252e-02,1.495506039873942816e-01,-4.397535938683412859e-01,-1.941832914419495959e-01,-9.712803045899005561e-01,1.542140448217583781e+00,2.176433100078387639e-01
8.280000000000006244e-01,-5.607538272480774855e-02,1.485623339347968974e-01,-4.381798223659513769e-01,-1.951667665064637514e-01,-9.882700525890197873e-01,1.573771502348222828e+00,2.143721083388472337e-01
8.290000000000006253e-01,-5.627132613274458961e-02,1.475577483586658634e-01,-4.365752976675539854e-01,-1.959434079368384263e-01,-1.004585576122682067e+00,1.604524698355458412e+00,2.110381284399158730e-01
8.300000000000006262e-01,-5.646783554510299147e-02,1.465375352458480884e-01,-4.349409135290567274e-01,-1.965094123583986663e-01,-1.020213112809496003e+00,1.634384138454985980e+00,2.076479619849669334e-01
8.310000000000006271e-01,-5.666469690906074386e-02,1.455023950989445536e-01,-4.332775779742903954e-01,-1.968613639577554142e-01,-1.035140146895254354e+00,1.663335554723598175e+00,2.042083390264970433e-01
8.320000000000006279e-01,-5.686169315803057955e-02,1.444530396393137739e-01,-4.315862116125239178e-01,-1.969962489698366681e-01,-1.049355459622545839e+00,1.691366361723391387e+00,2.007261011337382328e-01
8.330000000000006288e-01,-5.705860462671594885e-02,1.433901904643711811e-01,-4.298677459095900932e-01,-1.969114686853666307e-01,-1.062849174934378027e+00,1.718465702890705327e+00,1.972081736343884728e-01
8.340000000000006297e-01,-5.725520947758429985e-02,1.423145776642305849e-01,-4.281231214192476320e-01,-1.966048508683512219e-01,-1.075612800132319080e+00,1.744624490299138575e+00,1.936615371506231753e-01
8.350000000000006306e-01,-5.745128413706589166e-02,1.412269384030825359e-01,-4.263532859817582565e-01,-1.960746594815901689e-01,-1.087639261139862867e+00,1.769835437445771209e+00,1.900931986209384306e-01
8.360000000000006315e-01,-5.764660373969543450e-02,1.401280154710222436e-01,-4.245591928969628115e-01,-1.953196026295456467e-01,-1.098922932052105006e+00,1.794093084752042211e+00,1.865101620148221784e-01
8.370000000000006324e-01,-5.784094257833363728e-02,1.390185558123228360e-01,-4.227417990793996272e-01,-1.943388386382008115e-01,-1.109459658691134054e+00,1.817393817519617150e+00,1.829193989435102807e-01
8.380000000000006333e-01,-5.803407455853935165e-02,1.378993090363916652e-01,-4.209020632032259845e-01,-1.931319802057133994e-01,-1.119246775922930759e+00,1.839735876129989123e+00,1.793278193864891179e-01
8.390000000000006342e-01,-5.822577365511024533e-02,1.367710259178448740e-01,-4.190409438448494117e-01,-1.916990965708931793e-01,-1.128283118538474961e+00,1.861119358333294338e+00,1.757422427454917724e-01
8.400000000000006350e-01,-5.841581436877096162e-02,1.356344568922895066e-01,-4.171593976312778507e-01,-1.900407136607131231e-01,-1.136569025546969591e+00,1.881546213528368039e+00,1.721693694384436313e-01
8.410000000000006359e-01,-5.860397218096544125e-02,1.344903505545042843e-01,-4.152583774022404750e-01,-1.881578121944802728e-01,-1.144106337776850335e+00,1.901020228994153349e+00,1.686157532490453193e-01
8.420000000000006368e-01,-5.879002400470317857e-02,1.333394521657618459e-01,-4.133388303941025743e-01,-1.860518237377343231e-01,-1.150898388733974542e+00,1.919547008095042528e+00,1.650877746349044273e-01
8.430000000000006377e-01,-5.897374862941816981e-02,1.321825021770351438e-01,-4.114016964535154308e-01,-1.837246247149915690e-01,-1.156949988718170008e+00,1.937133940544324417e+00,1.615916151911171994e-01
8.440000000000006386e-01,-5.915492715782573463e-02,1.310202347747744800e-01,-4.094479062886021148e-01,-1.811785284075620450e-01,-1.162267402252109560e+00,1.953790164870771173e+00,1.581332334595977329e-01
8.450000000000006395e-01,-5.933334343280469853e-02,1.298533764558337245e-01,-4.074783797652644646e-01,-1.784162749789668378e-01,-1.166858318931957017e+00,1.969526523295751508e+00,1.547183422583842116e-01
8.460000000000006404e-01,-5.950878445239072417e-02,1.286826446379622235e-01,-4.054940242559338937e-01,-1.754410195860244548e-01,-1.170731817862730395e+00,1.984355509288715069e+00,1.513523876889504294e-01
8.470000000000006413e-01,-5.968104077104129795e-02,1.275087463120616049e-01,-4.034957330477676463e-01,-1.722563186505751409e-01,-1.173898325891737038e+00,1.998291208124842733e+00,1.480405299711300415e-01
8.480000000000006422e-01,-5.984990688542232012e-02,1.263323767421452859e-01,-4.014843838169004364e-01,-1.688661143810208098e-01,-1.176369569907246948e+00,2.011349230826161794e+00,1.447876262280356485e-01
8.490000000000006430e-01,-6.001518160307037913e-02,1.251542182186204111e-01,-3.994608371749420739e-01,-1.652747176480621194e-01,-1.178158523515685951e+00,2.023546641917738143e+00,1.415982153324106818e-01
8.500000000000006439e-01,-6.017666839240106563e-02,1.239749388701528593e-01,-3.974259352934222389e-01,-1.614867893306886348e-01,-1.179279348458258880e+00,2.034901881479498353e+00,1.384765048944327503e-01
8.510000000000006448e-01,-6.033417571266360552e-02,1.227951915389776660e-01,-3.953805006113680909e-01,-1.575073202625415780e-01,-1.179747331165746926e+00,2.045434682014397154e+00,1.354263604659999842e-01
8.520000000000006457e-01,-6.048751732258157709e-02,1.216156127240752005e-01,-3.933253346306342935e-01,-1.533416099179749914e-01,-1.179578814892886074e+00,2.055165980694549255e+00,1.324512969980347066e-01
8.530000000000006466e-01,-6.063651256656842764e-02,1.204368215961621608e-01,-3.912612168030184523e-01,-1.489952439868511280e-01,-1.178791127903282110e+00,2.064117827576929187e+00,1.295544725755020110e-01
8.540000000000006475e-01,-6.078098663756315023e-02,1.192594190879473770e-01,-3.891889035125737362e-01,-1.444740709947246182e-01,-1.177402508204888676e+00,2.072313290406192721e+00,1.267386844299229764e-01
8.550000000000006484e-01,-6.092077081569380326e-02,1.180839870625783466e-01,-3.871091271558938507e-01,-1.397841781306540243e-01,-1.175432025358971400e+00,2.079776356642096147e+00,1.240063672063200784e-01
8.560000000000006493e-01,-6.105570268214365048e-02,1.169110875626664242e-01,-3.850225953224952202e-01,-1.349318664498505849e-01,-1.172899499901730813e+00,2.086531833361129795e+00,1.213595934454518854e-01
8.570000000000006501e-01,-6.118562630776347433e-02,1.157412621417248794e-01,-3.829299900767684783e-01,-1.299236256198234019e-01,-1.169825420931130067e+00,2.092605245689686200e+00,1.188000762142289446e-01
8.580000000000006510e-01,-6.131039241614321539e-02,1.145750312792994524e-01,-3.808319673423075091e-01,-1.247661083797408921e-01,-1.166230862414886271e+00,2.098022734424485947e+00,1.163291738053189306e-01
8.590000000000006519e-01,-6.142985852102474109e-02,1.134128938805126219e-01,-3.787291563887823509e-01,-1.194661048815274934e-01,-1.162137398776109443e+00,2.102810953489039569e+00,1.139478964067937028e-01
8.600000000000006528e-01,-6.154388903810328187e-02,1.122553268601943488e-01,-3.766221594208842838e-01,-1.140305170785391176e-01,-1.157567020307366912e+00,2.106996967862387216e+00,1.116569146280168567e-01
8.610000000000006537e-01,-6.165235537142600003e-02,1.111027848112305233e-01,-3.745115512682521963e-01,-1.084663333227215143e-01,-1.152542048952793108e+00,2.110608152597019505e+00,1.094565697513925073e-01
8.620000000000006546e-01,-6.175513597475165012e-02,1.099556997562390614e-01,-3.723978791747000194e-01,-1.027806033256486729e-01,-1.147085054980254482e+00,2.113672093517553030e+00,1.073468855720021153e-01
8.630000000000006555e-01,-6.185211638838246373e-02,1.088144809811825292e-01,-3.702816626845036874e-01,-9.698041363081251476e-02,-1.141218775045139910e+00,2.116216490162060815e+00,1.053275816721024327e-01
8.640000000000006564e-01,-6.194318925211885624e-02,1.076795149490508557e-01,-3.681633936229773418e-01,-9.107286373639035537e-02,-1.134966032120110491e+00,2.118269061492677796e+00,1.033980879751119630e-01
8.650000000000006573e-01,-6.202825429511629740e-02,1.065511652913028462e-01,-3.660435361680803856e-01,-8.506504299744284403e-02,-1.128349657736344325e+00,2.119857454863692148e+00,1.015575604131546683e-01
8.660000000000006581e-01,-6.210721830354199585e-02,1.054297728743434914e-01,-3.639225270093547349e-01,-7.896400842570071299e-02,-1.121392416947417203e+00,2.121009158692629626e+00,9.980489754103949451e-02
8.670000000000006590e-01,-6.217999506703554558e-02,1.043156559379411624e-01,-3.618007755900880529e-01,-7.277676349354827989e-02,-1.114116936390364465e+00,2.121751419234195968e+00,9.813875792810833332e-02
8.680000000000006599e-01,-6.224650530507216256e-02,1.032091103021492151e-01,-3.596786644282464196e-01,-6.651023803661620937e-02,-1.106545635779751624e+00,2.122111161809616231e+00,9.655757815959908896e-02
8.690000000000006608e-01,-6.230667657440832480e-02,1.021104096390069993e-01,-3.575565495114196857e-01,-6.017126933616195883e-02,-1.098700663129946298e+00,2.122114916794913597e+00,9.505959127923713226e-02
8.700000000000006617e-01,-6.236044315885858752e-02,1.010198058050372216e-01,-3.554347607607677428e-01,-5.376658445026504668e-02,-1.090603833957375368e+00,2.121788750620625663e+00,9.364284551473733842e-02
8.710000000000006626e-01,-6.240774594270735720e-02,9.993752923035090219e-02,-3.533136025587503837e-01,-4.730278384876906300e-02,-1.082276574673748604e+00,2.121158201986351521e+00,9.230522312545996755e-02
8.720000000000006635e-01,-6.244853226910225541e-02,9.886378936000232709e-02,-3.511933543352776521e-01,-4.078632639489787604e-02,-1.073739870335916669e+00,2.120248223442071200e+00,9.104445922786741363e-02
8.730000000000006644e-01,-6.248275578480487480e-02,9.779877514311165199e-02,-3.490742712068068410e-01,-3.422351570261886883e-02,-1.065014216877875786e+00,2.119083128440433672e+00,8.985816045333994140e-02
8.740000000000006652e-01,-6.251037627269206975e-02,9.674265556519261178e-02,-3.469565846628618888e-01,-2.762048788719040360e-02,-1.056119577906182494e+00,2.117686543914966357e+00,8.874382331142083302e-02
8.750000000000006661e-01,-6.253135947340610068e-02,9.569558021907798029e-02,-3.448405032944377169e-01,-2.098320071402441644e-02,-1.047075346101663973e+00,2.116081368394508999e+00,8.769885213592498729e-02
8.760000000000006670e-01,-6.254567689754536586e-02,9.465767990983406377e-02,-3.427262135587877956e-01,-1.431742413927133972e-02,-1.037900309230849638e+00,2.114289735620416444e+00,8.672057650328834910e-02
8.770000000000006679e-01,-6.255330562977108599e-02,9.362906728908797216e-02,-3.406138805751672272e-01,-7.628732225716027514e-03,-1.028612620732975769e+00,2.112332983591421076e+00,8.580626802910895634e-02
8.780000000000006688e-01,-6.255422812617805750e-02,9.260983751425827526e-02,-3.385036489462133757e-01,-9.224964069662350968e-04,-1.019229774816472034e+00,2.110231628924998937e+00,8.495315645346668276e-02
8.790000000000006697e-01,-6.254843200624243815e-02,9.160006892827961267e-02,-3.363956435997962346e-01,5.796119935624874202e-03,-1.009768585965402865e+00,2.108005346388392987e+00,8.415844494374002949e-02
8.800000000000006706e-01,-6.253590984061488389e-02,9.059982375553729539e-02,-3.342899706463455245e-01,1.252216562754886187e-02,-1.000245172728991383e+00,2.105672953422387472e+00,8.341932455056433326e-02
8.810000000000006715e-01,-6.251665893597703472e-02,8.960914880988386788e-02,-3.321867182468647428e-01,1.925090463785208289e-02,-9.906749456401015008e-01,2.103252399452351984e+00,8.273298777105431157e-02
8.820000000000006724e-01,-6.249068111812174087e-02,8.862807621078229448e-02,-3.300859574870776969e-01,2.597781785529718057e-02,-9.810725990881888903e-01,2.100760759759026541e+00,8.209664117835480113e-02
8.830000000000006732e-01,-6.245798251435514398e-02,8.765662410381730441e-02,-3.279877432533889747e-01,3.269860376659656370e-02,-9.714521069515891227e-01,2.098214233660799177e+00,8.150751709060877204e-02
8.840000000000006741e-01,-6.241857333625185078e-02,8.669479738202626184e-02,-3.258921151066185851e-01,3.940917810329064991e-02,-9.618267217776192979e-01,2.095628146742650078e+00,8.096288426433861929e-02
8.850000000000006750e-01,-6.237246766372443740e-02,8.574258840472609444e-02,-3.237990981497360643e-01,4.610567252741661071e-02,-9.522089772867362578e-01,2.093016956854811816e+00,8.046005760454910671e-02
8.860000000000006759e-01,-6.231968323129575410e-02,8.479997771074621049e-02,-3.217087038861138892e-01,5.278443242868217922e-02,-9.426106939664262718e-01,2.090394263594730351e+00,7.999640689392695236e-02
8.870000000000006768e-01,-6.226024121738891332e-02,8.386693472321971043e-02,-3.196209310651070834e-01,5.944201390684366454e-02,-9.330429875130399342e-01,2.087772820979609811e+00,7.956936455477503500e-02
8.880000000000006777e-01,-6.219416603737398103e-02,8.294341844332935032e-02,-3.175357665120646655e-01,6.607518001493327409e-02,-9.235162798769581682e-01,2.085164553015101951e+00,7.917643245725347612e-02
8.890000000000006786e-01,-6.212148514103647129e-02,8.202937813065411254e-02,-3.154531859401736305e-01,7.268089633750965395e-02,-9.140403126618602547e-01,2.082580571863898999e+00,7.881518780640206501e-02
8.900000000000006795e-01,-6.204222881505747772e-02,8.112475396800765404e-02,-3.133731547418238117e-01,7.925632597899254228e-02,-9.046241626330705499e-01,2.080031198322793706e+00,7.848328813214511257e-02
8.910000000000006803e-01,-6.195642999102293769e-02,8.022947770890501151e-02,-3.112956287574768499e-01,8.579882403454007489e-02,-8.952762590892864303e-01,2.077525984320085506e+00,7.817847542521771942e-02
8.920000000000006812e-01,-6.186412405940763803e-02,7.934347330603201687e-02,-3.092205550202959952e-01,9.230593161530031843e-02,-8.860044028597200416e-01,2.075073737153776410e+00,7.789857945416134299e-02
8.930000000000006821e-01,-6.176534868991159083e-02,7.846665751932614674e-02,-3.071478724750700828e-01,9.877536949604384664e-02,-8.768157866926203914e-01,2.072682545199010296e+00,7.764152031461168946e-02
8.940000000000006830e-01,-6.166014365845932238e-02,7.759894050250018549e-02,-3.050775126702172657e-01,1.052050314522714469e-01,-8.677170168127259497e-01,2.070359804825852912e+00,7.740531024943209104e-02
8.950000000000006839e-01,-6.154855068110998834e-02,7.674022636705671307e-02,-3.030094004219122117e-01,1.115929773493323923e-01,-8.587141354303593488e-01,2.068112248278328735e+00,7.718805479595935992e-02
8.960000000000006848e-01,-6.143061325506669196e-02,7.589041372304489164e-02,-3.009434544496050190e-01,1.179374260432942273e-01,-8.498126439987149228e-01,2.065945972280484710e+00,7.698795330751817545e-02
8.970000000000006857e-01,-6.130637650691748292e-02,7.504939619600581313e-02,-2.988795879824289736e-01,1.242367481492071823e-01,-8.410175270260873415e-01,2.063866467149169992e+00,7.680329890244674829e-02
8.980000000000006866e-01,-6.117588704818743839e-02,7.421706291972966774e-02,-2.968177093361931140e-01,1.304894587300470254e-01,-8.323332762632181803e-01,2.061878646209006849e+00,7.663247788565552554e-02
8.990000000000006875e-01,-6.103919283823407843e-02,7.339329900462218670e-02,-2.947577224608491364e-01,1.366942099533607069e-01,-8.237639150946174382e-01,2.059986875317162180e+00,7.647396870439582273e-02
9.000000000000006883e-01,-6.089634305447307744e-02,7.257798598162755466e-02,-2.926995274584967555e-01,1.428497837610018528e-01,-8.153130229818543739e-01,2.058195002325564182e+00,7.632634047697006707e-02
9.010000000000006892e-01,-6.074738796988148753e-02,7.177100222180070321e-02,-2.906430210721497320e-01,1.489550845915908195e-01,-8.069837598141565982e-01,2.056506386320280821e+00,7.618825115182659147e-02
9.020000000000006901e-01,-6.059237883768867072e-02,7.097222333174918463e-02,-2.885880971456273314e-01,1.550091321928155075e-01,-7.987788900389281022e-01,2.054923926495425768e+00,7.605844533726369150e-02
9.030000000000006910e-01,-6.043136778313314833e-02,7.018152252528213342e-02,-2.865346470550678704e-01,1.610110545555257788e-01,-7.907008064545433257e-01,2.053450090532738859e+00,7.593575185306367104e-02
9.040000000000006919e-01,-6.026440770213457171e-02,6.939877097170633891e-02,-2.844825601126667047e-01,1.669600809985798684e-01,-7.827515535633258192e-01,2.052086942374129919e+00,7.581908104313761498e-02
9.050000000000006928e-01,-6.009155216670519772e-02,6.862383812130051775e-02,-2.824317239433511428e-01,1.728555354293733193e-01,-7.749328503934931334e-01,2.050836169288639876e+00,7.570742189173707004e-02
9.060000000000006937e-01,-5.991285533690349219e-02,6.785659200857695195e-02,-2.803820248351751032e-01,1.786968298017089229e-01,-7.672461127113514578e-01,2.049699108148936855e+00,7.559983898042865746e-02
9.070000000000006946e-01,-5.972837187911442941e-02,6.709689953400881091e-02,-2.783333480643024882e-01,1.844834577890628324e-01,-7.596924745560214021e-01,2.048676770845577977e+00,7.549546932270256860e-02
9.080000000000006954e-01,-5.953815689042608883e-02,6.634462672495630708e-02,-2.762855781954953183e-01,1.902149886883430785e-01,-7.522728090404618984e-01,2.047769868780136004e+00,7.539351910836078474e-02
9.090000000000006963e-01,-5.934226582886042295e-02,6.559963897657201948e-02,-2.742385993590782944e-01,1.958910615656643817e-01,-7.449877483723544858e-01,2.046978836389788725e+00,7.529326039062578246e-02
9.100000000000006972e-01,-5.914075444920659924e-02,6.486180127350069102e-02,-2.721922955053831528e-01,2.015113796538241242e-01,-7.378377030594850394e-01,2.046303853667843065e+00,7.519402773942740481e-02
9.110000000000006981e-01,-5.893367874419871977e-02,6.413097839321793558e-02,-2.701465506377022652e-01,2.070757050078803618e-01,-7.308228802710418082e-01,2.045744867653607635e+00,7.509521488963866176e-02
9.120000000000006990e-01,-5.872109489077557282e-02,6.340703509187031739e-02,-2.681012490248002034e-01,2.125838534231474231e-01,-7.239433013359559688e-01,2.045301612874721009e+00,7.499627140530495950e-02
9.130000000000006999e-01,-5.850305920115822511e-02,6.268983627349204724e-02,-2.660562753940386993e-01,2.180356896173472614e-01,-7.171988183667491468e-01,2.044973630734099768e+00,7.489669938183407538e-02
9.140000000000007008e-01,-5.827962807848074966e-02,6.197924714347564229e-02,-2.640115151061697696e-01,2.234311226774760573e-01,-7.105891300049771431e-01,2.044760287841386859e+00,7.479605020027424445e-02
9.150000000000007017e-01,-5.805085797671110520e-02,6.127513334717535343e-02,-2.619668543128472749e-01,2.287701017696451289e-01,-7.041137962889505442e-01,2.044660793294982071e+00,7.469392135200081384e-02
9.160000000000007025e-01,-5.781680536460283987e-02,6.057736109451303252e-02,-2.599221800978925856e-01,2.340526121082622812e-01,-6.977722526510776735e-01,2.044674214927144185e+00,7.458995334804541244e-02
9.170000000000007034e-01,-5.757752669342226792e-02,5.988579727144372616e-02,-2.578773806033336502e-01,2.392786711805728606e-01,-6.915638230581748758e-01,2.044799494531204687e+00,7.448382671968722946e-02
9.180000000000007043e-01,-5.733307836820149966e-02,5.920030953912280153e-02,-2.558323451412129468e-01,2.444483252207710344e-01,-6.854877323098925723e-01,2.045035462092922085e+00,7.437525912289544294e-02
9.190000000000007052e-01,-5.708351672227535145e-02,5.852076642159646791e-02,-2.537869642921326552e-01,2.495616459261489617e-01,-6.795431175154065251e-01,2.045380849052395256e+00,7.426400255672582773e-02
9.200000000000007061e-01,-5.682889799486656734e-02,5.784703738281170987e-02,-2.517411299914763534e-01,2.546187274087864383e-01,-6.737290387739071074e-01,2.045834300628458724e+00,7.414984069301144842e-02
9.210000000000007070e-01,-5.656927831149285990e-02,5.717899289371880522e-02,-2.496947356042114596e-01,2.596196833737101084e-01,-6.680444890821853887e-01,2.046394387236790013e+00,7.403258633074782935e-02
9.220000000000007079e-01,-5.630471366697808316e-02,5.651650449020882705e-02,-2.476476759891454993e-01,2.645646445147800119e-01,-6.624884034993295812e-01,2.047059615037820191e+00,7.391207897319285181e-02
9.230000000000007088e-01,-5.603525991085888530e-02,5.585944482259997540e-02,-2.455998475534657832e-01,2.694537561191948094e-01,-6.570596675983078061e-01,2.047828435651635637e+00,7.378818252953189827e-02
9.240000000000007097e-01,-5.576097273498816648e-02,5.520768769735436010e-02,-2.435511482983597764e-01,2.742871758707220442e-01,-6.517571252351843647e-01,2.048699255077690573e+00,7.366078314376878211e-02
9.250000000000007105e-01,-5.548190766314622241e-02,5.456110811167514535e-02,-2.415014778564726350e-01,2.790650718419461773e-01,-6.465795856688367760e-01,2.049670441858818748e+00,7.352978714835511909e-02
9.260000000000007114e-01,-5.519812004248048770e-02,5.391958228160116662e-02,-2.394507375219152023e-01,2.837876206657327094e-01,-6.415258300637132205e-01,2.050740334529066899e+00,7.339511914152385685e-02
9.270000000000007123e-01,-5.490966503660501402e-02,5.328298766418275434e-02,-2.373988302735020872e-01,2.884550058754739577e-01,-6.365946174082447451e-01,2.051907248384569726e+00,7.325672018880791114e-02
9.280000000000007132e-01,-5.461659762020025510e-02,5.265120297428940721e-02,-2.353456607918554822e-01,2.930674164047605834e-01,-6.317846898832468749e-01,2.053169481617914016e+00,7.311454614126056128e-02
9.290000000000007141e-01,-5.431897257496411113e-02,5.202410819656768520e-02,-2.332911354709726326e-01,2.976250452361423049e-01,-6.270947777117210631e-01,2.054525320854157400e+00,7.296856607244528448e-02
9.300000000000007150e-01,-5.401684448677426115e-02,5.140158459303410809e-02,-2.312351624248165094e-01,3.021280881898487647e-01,-6.225236035236593191e-01,2.055973046127421267e+00,7.281876082546512308e-02
9.310000000000007159e-01,-5.371026774393185960e-02,5.078351470675777912e-02,-2.291776514894524608e-01,3.065767428424031604e-01,-6.180698862664943949e-01,2.057510935335089997e+00,7.266512167138339251e-02
9.320000000000007168e-01,-5.339929653636494439e-02,5.016978236205433400e-02,-2.271185142212167885e-01,3.109712075669163744e-01,-6.137323446936897575e-01,2.059137268206840066e+00,7.250764906734552540e-02
9.330000000000007176e-01,-5.308398485567979858e-02,4.956027266158537226e-02,-2.250576638913652783e-01,3.153116806851429810e-01,-6.095097004592613388e-01,2.060850329822422111e+00,7.234635151919377449e-02
9.340000000000007185e-01,-5.276438649595607128e-02,4.895487198072601825e-02,-2.229950154776226823e-01,3.195983597237298524e-01,-6.054006808497933712e-01,2.062648413713535689e+00,7.218124453403707008e-02
9.350000000000007194e-01,-5.244055505518997046e-02,4.835346795953680138e-02,-2.209304856530120709e-01,3.238314407661037619e-01,-6.014040211796792823e-01,2.064529824581319950e+00,7.201234966485481337e-02
9.360000000000007203e-01,-5.211254393729815304e-02,4.775594949265030142e-02,-2.188639927723222967e-01,3.280111178918140857e-01,-5.975184668770303631e-01,2.066492880660546927e+00,7.183969364131881363e-02
9.370000000000007212e-01,-5.178040635460121055e-02,4.716220671735411180e-02,-2.167954568565317597e-01,3.321375826969413247e-01,-5.937427752868529307e-01,2.068535915761175126e+00,7.166330757596650614e-02
9.380000000000007221e-01,-5.144419533071368372e-02,4.657213100013166823e-02,-2.147247995754887062e-01,3.362110238875297696e-01,-5.900757172131267936e-01,2.070657281013581930e+00,7.148322625031511279e-02
9.390000000000007230e-01,-5.110396370377350700e-02,4.598561492189741362e-02,-2.126519442291139594e-01,3.402316269401764459e-01,-5.865160782250539162e-01,2.072855346345165550e+00,7.129948746742931220e-02
9.400000000000007239e-01,-5.075976412995066717e-02,4.540255226214089807e-02,-2.105768157273718300e-01,3.441995738228398327e-01,-5.830626597473360651e-01,2.075128501712490525e+00,7.111213147329120687e-02
9.410000000000007248e-01,-5.041164908717977317e-02,4.482283798217538001e-02,-2.084993405692289470e-01,3.481150427708963324e-01,-5.797142799564409810e-01,2.077475158113206710e+00,7.092120043494443138e-02
9.420000000000007256e-01,-5.005967087906759011e-02,4.424636820766663509e-02,-2.064194468208008504e-01,3.519782081121841100e-01,-5.764697744997087092e-01,2.079893748398328857e+00,7.072673797899753367e-02
9.430000000000007265e-01,-4.970388163893126737e-02,4.367304021060073455e-02,-2.043370640928647841e-01,3.557892401363238477e-01,-5.733279970569202799e-01,2.082382727906194830e+00,7.052878878016954900e-02
9.440000000000007274e-01,-4.934433333392758414e-02,4.310275239083181942e-02,-2.022521235178978971e-01,3.595483050036800132e-01,-5.702878197600329546e-01,2.084940574936833713e+00,7.032739819768574208e-02
9.450000000000007283e-01,-4.898107776923826817e-02,4.253540425733685904e-02,-2.001645577267840981e-01,3.632555646893183554e-01,-5.673481334861072423e-01,2.087565791083873634e+00,7.012261195700153493e-02
9.460000000000007292e-01,-4.861416659228017662e-02,4.197089640928982485e-02,-1.980743008253134652e-01,3.669111769580910565e-01,-5.645078480382141883e-01,2.090256901440537884e+00,6.991447587104637762e-02
9.470000000000007301e-01,-4.824365129691313148e-02,4.140913051705405468e-02,-1.959812883705887299e-01,3.705152953670455274e-01,-5.617658922270512001e-01,2.093012454694538338e+00,6.970303559872004229e-02
9.480000000000007310e-01,-4.786958322762124851e-02,4.085000930317993911e-02,-1.938854573474329268e-01,3.740680692918801342e-01,-5.591212138654304553e-01,2.095831023125541925e+00,6.948833643632834622e-02
9.490000000000007319e-01,-4.749201358364707470e-02,4.029343652348497951e-02,-1.917867461448850008e-01,3.775696439741761390e-01,-5.565727796863613186e-01,2.098711202517580698e+00,6.927042314016240709e-02
9.500000000000007327e-01,-4.711099342306043769e-02,3.973931694828130440e-02,-1.896850945328567295e-01,3.810201605866388452e-01,-5.541195751950790394e-01,2.101651611997875424e+00,6.904933977607319306e-02
9.510000000000007336e-01,-4.672657366674665830e-02,3.918755634380870906e-02,-1.875804436390136609e-01,3.844197563137804474e-01,-5.517606044640956942e-01,2.104650893812568313e+00,6.882512959380049367e-02
9.520000000000007345e-01,-4.633880510230100475e-02,3.863806145392078423e-02,-1.854727359259344954e-01,3.877685644456564940e-01,-5.494948898794408398e-01,2.107707713048482034e+00,6.859783492364401880e-02
9.530000000000007354e-01,-4.594773838781843894e-02,3.809073998206653766e-02,-1.833619151685942361e-01,3.910667144825648034e-01,-5.473214718458101480e-01,2.110820757309633589e+00,6.836749709284495324e-02
9.540000000000007363e-01,-4.555342405556962043e-02,3.754550057360086374e-02,-1.812479264322074957e-01,3.943143322488200653e-01,-5.452394084572913524e-01,2.113988736355982390e+00,6.813415635955344385e-02
9.550000000000007372e-01,-4.515591251555563235e-02,3.700225279845278242e-02,-1.791307160504653773e-01,3.975115400139890287e-01,-5.432477751397535304e-01,2.117210381711277734e+00,6.789785186203856071e-02
9.560000000000007381e-01,-4.475525405893576031e-02,3.646090713417435292e-02,-1.770102316041885226e-01,4.006584566198716502e-01,-5.413456642701137689e-01,2.120484446245925803e+00,6.765862158256830128e-02
9.570000000000007390e-01,-4.435149886132372377e-02,3.592137494938829612e-02,-1.748864219004169496e-01,4.037551976120381525e-01,-5.395321847777989621e-01,2.123809703740573873e+00,6.741650232255125275e-02
9.580000000000007399e-01,-4.394469698594900831e-02,3.538356848764771106e-02,-1.727592369519508064e-01,4.068018753747186245e-01,-5.378064617323640162e-01,2.127184948435071110e+00,6.717152968830442106e-02
9.590000000000007407e-01,-4.353489838668105072e-02,3.484740085171846719e-02,-1.706286279573527020e-01,4.097985992679595846e-01,-5.361676359210572063e-01,2.130608994566948411e+00,6.692373808609053398e-02
9.600000000000007416e-01,-4.312215291091489600e-02,3.431278598829059362e-02,-1.684945472814183831e-01,4.127454757661555562e-01,-5.346148634197298577e-01,2.134080675903126334e+00,6.667316072485673928e-02
9.610000000000007425e-01,-4.270651030231771561e-02,3.377963867312249596e-02,-1.663569484361189232e-01,4.156426085971826057e-01,-5.331473151599828153e-01,2.137598845268114722e+00,6.641982962555514902e-02
9.620000000000007434e-01,-4.228802020343638834e-02,3.324787449661942978e-02,-1.642157860620162280e-01,4.184900988813298750e-01,-5.317641764949787575e-01,2.141162374071366337e+00,6.616377563656250516e-02
9.630000000000007443e-01,-4.186673215816670568e-02,3.271740984984500278e-02,-1.620710159101483583e-01,4.212880452696809441e-01,-5.304646467663813869e-01,2.144770151836365990e+00,6.590502845272627752e-02
9.640000000000007452e-01,-4.144269561408562424e-02,3.218816191096325607e-02,-1.599225948243835904e-01,4.240365440810846542e-01,-5.292479388737254542e-01,2.148421085733175140e+00,6.564361663988504958e-02
9.650000000000007461e-01,-4.101595992464785595e-02,3.166004863210668957e-02,-1.577704807242355234e-01,4.267356894377654086e-01,-5.281132788485700669e-01,2.152114100116494733e+00,6.537956766032237965e-02
9.660000000000007470e-01,-4.058657435124923135e-02,3.113298872666500280e-02,-1.556146325881336001e-01,4.293855733986257084e-01,-5.270599054337244960e-01,2.155848136070203314e+00,6.511290790343604584e-02
9.670000000000007478e-01,-4.015458806515855017e-02,3.060690165698711634e-02,-1.534550104371417145e-01,4.319862860906791280e-01,-5.260870696699513349e-01,2.159622150960139209e+00,6.484366271486807776e-02
9.680000000000007487e-01,-3.972005014932083328e-02,3.008170762248977767e-02,-1.512915753191145796e-01,4.345379158377163931e-01,-5.251940344894067136e-01,2.163435117995287982e+00,6.457185643026353006e-02
9.690000000000007496e-01,-3.928300960003448111e-02,2.955732754816392180e-02,-1.491242892932840014e-01,4.370405492863551622e-01,-5.243800743179627410e-01,2.167286025798668359e+00,6.429751240810910318e-02
9.700000000000007505e-01,-3.884351532850505162e-02,2.903368307346968977e-02,-1.469531154152634855e-01,4.394942715294278268e-01,-5.236444746863535560e-01,2.171173877988485046e+00,6.402065306289106417e-02
9.710000000000007514e-01,-3.840161616227879410e-02,2.851069654161168115e-02,-1.447780177224620157e-01,4.418991662262567455e-01,-5.229865318501760729e-01,2.175097692769435653e+00,6.374129990000021451e-02
9.720000000000007523e-01,-3.795736084655860348e-02,2.798829098918393862e-02,-1.425989612198948486e-01,4.442553157201875602e-01,-5.224055524199071598e-01,2.179056502535006157e+00,6.345947354846970256e-02
9.730000000000007532e-01,-3.751079804540566331e-02,2.746639013617599781e-02,-1.404159118663821926e-01,4.465628011529416685e-01,-5.219008530001301160e-01,2.183049353480452481e+00,6.317519379530711632e-02
9.740000000000007541e-01,-3.706197634282952513e-02,2.694491837632929238e-02,-1.382288365611231140e-01,4.488217025761371826e-01,-5.214717598389082553e-01,2.187075305226801714e+00,6.288847961753152305e-02
9.750000000000007550e-01,-3.661094424376983708e-02,2.642380076783496998e-02,-1.360377031306351792e-01,4.510320990596854984e-01,-5.211176084865422053e-01,2.191133430455563413e+00,6.259934921497212201e-02
9.760000000000007558e-01,-3.615775017497255966e-02,2.590296302436290513e-02,-1.338424803160485066e-01,4.531940687972788595e-01,-5.208377434643001180e-01,2.195222814554258495e+00,6.230782004119239659e-02
9.770000000000007567e-01,-3.570244248576348589e-02,2.538233150641251712e-02,-1.316431377607434339e-01,4.553076892090743288e-01,-5.206315179426143080e-01,2.199342555272508548e+00,6.201390883330581971e-02
9.780000000000007576e-01,-3.524506944872227848e-02,2.486183321297642801e-02,-1.294396459983227499e-01,4.573730370412064650e-01,-5.204982934283612916e-01,2.203491762388176234e+00,6.171763164252075384e-02
9.790000000000007585e-01,-3.478567926025925849e-02,2.434139577350663899e-02,-1.272319764409060028e-01,4.593901884630164911e-01,-5.204374394620646660e-01,2.207669557383973302e+00,6.141900385980125776e-02
9.800000000000007594e-01,-3.432432004109823437e-02,2.382094744017605736e-02,-1.250201013677401662e-01,4.613592191610221271e-01,-5.204483333228512310e-01,2.211875073133168446e+00,6.111804024527067725e-02
9.810000000000007603e-01,-3.386103983666748779e-02,2.330041708042505239e-02,-1.228039939141121611e-01,4.632802044307473555e-01,-5.205303597432857643e-01,2.216107453595190346e+00,6.081475495135091336e-02
9.820000000000007612e-01,-3.339588661740182374e-02,2.277973416978585838e-02,-1.205836280605594862e-01,4.651532192656613329e-01,-5.206829106314778688e-01,2.220365853519802535e+00,6.050916154878338560e-02
9.830000000000007621e-01,-3.292890827895788436e-02,2.225882878497615139e-02,-1.183589786223663842e-01,4.669783384439373242e-01,-5.209053848020080979e-01,2.224649438160160475e+00,6.020127304827260772e-02
9.840000000000007629e-01,-3.246015264234524550e-02,2.173763159725445107e-02,-1.161300212393394926e-01,4.687556366126415242e-01,-5.211971877139968123e-01,2.228957382993890679e+00,5.989110192322621984e-02
9.850000000000007638e-01,-3.198966745397537753e-02,2.121607386602968742e-02,-1.138967323658542224e-01,4.704851883698655812e-01,-5.215577312170546209e-01,2.233288873452186962e+00,5.957866012918255905e-02
9.860000000000007647e-01,-3.151750038563088524e-02,2.069408743271810777e-02,-1.116590892611649399e-01,4.721670683444912364e-01,-5.219864333038777282e-01,2.237643104656191539e+00,5.926395912391413390e-02
9.870000000000007656e-01,-3.104369903435674066e-02,2.017160471484037709e-02,-1.094170699799711099e-01,4.738013512741450772e-01,-5.224827178700406360e-01,2.242019281160596123e+00,5.894700988411027964e-02
9.880000000000007665e-01,-3.056831092227578484e-02,1.964855870035302557e-02,-1.071706533632341696e-01,4.753881120809553273e-01,-5.230460144796498234e-01,2.246416616703666325e+00,5.862782292315094068e-02
9.890000000000007674e-01,-3.009138349633021930e-02,1.912488294220774515e-02,-1.049198190292371102e-01,4.769274259455654752e-01,-5.236757581375810489e-01,2.250834333963700473e+00,5.830640830587086043e-02
9.900000000000007683e-01,-2.961296412795092967e-02,1.860051155313278623e-02,-1.026645473648823137e-01,4.784193683792881124e-01,-5.243713890672508926e-01,2.255271664321377045e+00,5.798277566323051246e-02
9.910000000000007692e-01,-2.913310011265631341e-02,1.807537920063108372e-02,-1.004048195172211888e-01,4.798640152946153647e-01,-5.251323524939992549e-01,2.259727847627629238e+00,5.765693420520401347e-02
9.920000000000007701e-01,-2.865183866958223580e-02,1.754942110218982859e-02,-9.814061738521101530e-02,4.812614430740784210e-01,-5.259580984335290310e-01,2.264202131976657206e+00,5.732889273304841993e-02
9.930000000000007709e-01,-2.816922694094458474e-02,1.702257302069679415e-02,-9.587192361169356858e-02,4.826117286376515603e-01,-5.268480814853220284e-01,2.268693773483806631e+00,5.699865964999606405e-02
9.940000000000007718e-01,-2.768531199143604155e-02,1.649477126005856678e-02,-9.359872157559208372e-02,4.839149495085425801e-01,-5.278017606304853393e-01,2.273202036067846432e+00,5.666624297196687365e-02
9.950000000000007727e-01,-2.720014080755822974e-02,1.596595266101653171e-02,-9.132099538432068841e-02,4.851711838778131614e-01,-5.288185990343055032e-01,2.277726191237621212e+00,5.633165033562459456e-02
9.960000000000007736e-01,-2.671376029689066095e-02,1.543605459715634461e-02,-8.903872986640450071e-02,4.863805106675704315e-01,-5.298980638524375397e-01,2.282265517882383854e+00,5.599488900709026495e-02
9.970000000000007745e-01,-2.622621728729772339e-02,1.490501497110743000e-02,-8.675191056430493763e-02,4.875430095929358942e-01,-5.310396260411571756e-01,2.286819302065715043e+00,5.565596588900056929e-02
9.980000000000007754e-01,-2.573755852607482325e-02,1.437277221092844205e-02,-8.446052372744812520e-02,4.886587612229013056e-01,-5.322427601712265144e-01,2.291386836822826734e+00,5.531488752653235252e-02
9.990000000000007763e-01,-2.524783067903469541e-02,1.383926526667565715e-02,-8.216455630545337063e-02,4.897278470401263961e-01,-5.335069442449854593e-01,2.295967421960790400e+00,5.497166011271348296e-02
1.000000000000000666e+00,-2.475708032953514992e-02,1.330443360715140473e-02,-7.986399594155790815e-02,4.907503494995457127e-01,-5.348316595164680498e-01,2.300560363861400059e+00,5.462628949370884612e-02
1.001000000000000556e+00,-2.426535397744898973e-02,1.276821721682879808e-02,-7.755883096623707174e-02,4.917263520861596127e-01,-5.362163903147960653e-01,2.305164975286727369e+00,5.427878117183304596e-02
1.002000000000000446e+00,-2.377269803807714049e-02,1.223055659295100434e-02,-7.524905039101602300e-02,4.926559393718479840e-01,-5.376606238699654927e-01,2.309780575186840323e+00,5.392914030895923361e-02
1.003000000000000336e+00,-2.327915884100584254e-02,1.169139274280193812e-02,-7.293464390247235418e-02,4.935391970712980081e-01,-5.391638501412199247e-01,2.314406488509441751e+00,5.357737172890919553e-02
1.004000000000000226e+00,-2.278478262890868550e-02,1.115066718114622775e-02,-7.061560185642662413e-02,4.943762120971583740e-01,-5.407255616478491289e-01,2.319042046011428937e+00,5.322347991890774566e-02
1.005000000000000115e+00,-2.228961555629430796e-02,1.060832192783628738e-02,-6.829191527232029990e-02,4.951670726143782009e-01,-5.423452533020562960e-01,2.323686584071981809e+00,5.286746903074446280e-02
1.006000000000000005e+00,-2.179370368820040746e-02,1.006429950558446369e-02,-6.596357582777881423e-02,4.959118680939009205e-01,-5.440224222439131729e-01,2.328339444507066869e+00,5.250934288076170020e-02
1.006999999999999895e+00,-2.129709299883485174e-02,9.518542937898546649e-03,-6.363057585335925304e-02,4.966106893655572452e-01,-5.457565676779960739e-01,2.332999974385082442e+00,5.214910495010727232e-02
1.007999999999999785e+00,-2.079982937016438757e-02,8.970995747178626967e-03,-6.129290832748111179e-02,4.972636286704645858e-01,-5.475471907119819903e-01,2.337667525843623917e+00,5.178675838311130875e-02
1.008999999999999675e+00,-2.030195859045167556e-02,8.421601952974177782e-03,-5.895056687153951702e-02,4.978707797127113754e-01,-5.493937941964794902e-01,2.342341455907002157e+00,5.142230598639963013e-02
1.009999999999999565e+00,-1.980352635274110901e-02,7.870306070399688339e-03,-5.660354574520041343e-02,4.984322377105680490e-01,-5.512958825665044138e-01,2.347021126304462690e+00,5.105575022637665050e-02
1.010999999999999455e+00,-1.930457825329401356e-02,7.317053108707603261e-03,-5.425183984187677971e-02,4.989480994470942288e-01,-5.532529616840682340e-01,2.351705903288927146e+00,5.068709322700004627e-02
1.011999999999999345e+00,-1.880515978997367860e-02,6.761788570017487551e-03,-5.189544468438592878e-02,4.994184633203335721e-01,-5.552645386820751483e-01,2.356395157456117939e+00,5.031633676625069107e-02
1.012999999999999234e+00,-1.830531636058070274e-02,6.204458448200326180e-03,-4.953435642078725387e-02,4.998434293929751027e-01,-5.573301218090911391e-01,2.361088263563870804e+00,4.994348227283662567e-02
1.013999999999999124e+00,-1.780509326113905930e-02,5.645009227917046658e-03,-4.716857182040081614e-02,5.002230994416418941e-01,-5.594492202751893961e-01,2.365784600351567235e+00,4.956853082174172975e-02
1.014999999999999014e+00,-1.730453568413331533e-02,5.083387883810433668e-03,-4.479808827000641286e-02,5.005575770057424378e-01,-5.616213440984940686e-01,2.370483550359492320e+00,4.919148312975618609e-02
1.015999999999998904e+00,-1.680368871669735489e-02,4.519541879849781757e-03,-4.242290377022341075e-02,5.008469674359596890e-01,-5.638460039525095002e-01,2.375184499748023370e+00,4.881233955027064475e-02
1.016999999999998794e+00,-1.630259733875493236e-02,3.953419168827546244e-03,-4.004301693207187179e-02,5.010913779424238657e-01,-5.661227110140474306e-01,2.379886838116537895e+00,4.843110006755213526e-02
1.017999999999998684e+00,-1.580130642111242725e-02,3.384968192007739921e-03,-3.765842697371495768e-02,5.012909176425043301e-01,-5.684509768115951767e-01,2.384589958321848613e+00,4.804776429096468959e-02
1.018999999999998574e+00,-1.529986072350408149e-02,2.814137878925255902e-03,-3.526913371738369524e-02,5.014456976083465634e-01,-5.708303130742437004e-01,2.389293256296147305e+00,4.766233144820120060e-02
1.019999999999998463e+00,-1.479830489258994984e-02,2.240877647336102750e-03,-3.287513758648420020e-02,5.015558309141322502e-01,-5.732602315808774662e-01,2.393996130864330940e+00,4.727480037838271976e-02
1.020999999999998353e+00,-1.429668345990689309e-02,1.665137403318185617e-03,-3.047643960288846932e-02,5.016214326830570336e-01,-5.757402440096089924e-01,2.398697983560515112e+00,4.688516952476784461e-02
1.021999999999998243e+00,-1.379504083977278230e-02,1.086867541522382749e-03,-2.807304138440947297e-02,5.016426201341112057e-01,-5.782698617874599822e-01,2.403398218443741463e+00,4.649343692674534623e-02
1.022999999999998133e+00,-1.329342132714413614e-02,5.060189455739354551e-04,-2.566494514246142958e-02,5.016195126286454586e-01,-5.808485959400749854e-01,2.408096241912730751e+00,4.609960021162362587e-02
1.023999999999998023e+00,-1.279186909542742549e-02,-7.745701137592789665e-05,-2.325215367990652454e-02,5.015522317167100397e-01,-5.834759569414519342e-01,2.412791462519545238e+00,4.570365658608044335e-02
1.024999999999997913e+00,-1.229042819424415456e-02,-6.636084659480803510e-04,-2.083467038908897589e-02,5.014409011832706708e-01,-5.861514545637058760e-01,2.417483290782148408e+00,4.530560282680573536e-02
1.025999999999997803e+00,-1.178914254714991984e-02,-1.252483063683180022e-03,-1.841249925005779275e-02,5.012856470942353981e-01,-5.888745977266184317e-01,2.422171138995731887e+00,4.490543527116952482e-02
1.026999999999997693e+00,-1.128805594930756134e-02,-1.844127958038750638e-03,-1.598564482897963171e-02,5.010865978423588718e-01,-5.916448943470485888e-01,2.426854421042668353e+00,4.450314980717151592e-02
1.027999999999997582e+00,-1.078721206511451536e-02,-2.438589809235393660e-03,-1.355411227674299668e-02,5.008438841930451524e-01,-5.944618511880834788e-01,2.431532552201098873e+00,4.409874186301387944e-02
1.028999999999997472e+00,-1.028665442578450932e-02,-3.035914782951813426e-03,-1.111790732775543369e-02,5.005576393300058546e-01,-5.973249737078190069e-01,2.436204948951987248e+00,4.369220639651616445e-02
1.029999999999997362e+00,-9.786426426883635191e-03,-3.636148548868289431e-03,-8.677036298935228084e-03,5.002279989008739935e-01,-6.002337659078379462e-01,2.440871028784577401e+00,4.328353788368088928e-02
1.030999999999997252e+00,-9.286571325820898448e-03,-4.239336279058145314e-03,-6.231506088899331844e-03,4.998551010627370061e-01,-6.031877301811796599e-01,2.445530210000230742e+00,4.287273030715832434e-02
1.031999999999997142e+00,-8.787132239293277483e-03,-4.845522646226666473e-03,-3.781324177349183920e-03,4.994390865276216451e-01,-6.061863671597995662e-01,2.450181911514443645e+00,4.245977714417281668e-02
1.032999999999997032e+00,-8.288152140685350541e-03,-5.454751821796892559e-03,-1.326498624656381048e-03,4.989800986079275802e-01,-6.092291755614633875e-01,2.454825552657056598e+00,4.204467135411316114e-02
1.033999999999996922e+00,-7.789673857423494614e-03,-6.067067473841723443e-03,1.132961928349931471e-03,4.984782832618560033e-01,-6.123156520360275579e-01,2.459460552970527125e+00,4.162740536554521142e-02
1.034999999999996811e+00,-7.291740068284664929e-03,-6.682512764861587087e-03,3.597048260391988612e-03,4.979337891388294635e-01,-6.154452910110144170e-01,2.464086332006230506e+00,4.120797106290674527e-02
1.035999999999996701e+00,-6.794393300659743763e-03,-7.301130349406907347e-03,6.065750569546502803e-03,4.973467676249212488e-01,-6.186175845364322301e-01,2.468702309118649740e+00,4.078635977274069901e-02
1.036999999999996591e+00,-6.297675927771436040e-03,-7.922962371544632273e-03,8.539058472839818059e-03,4.967173728883078621e-01,-6.218320221287909622e-01,2.473307903257414786e+00,4.036256224950807159e-02
1.037999999999996481e+00,-5.801630165846670059e-03,-8.548050462167869692e-03,1.101696100563282973e-02,4.960457619247659600e-01,-6.250880906142530780e-01,2.477902532757075171e+00,3.993656866090034008e-02
1.038999999999996371e+00,-5.306298071243446129e-03,-9.176435736147754013e-03,1.349944662079339240e-02,4.953320946032236938e-01,-6.283852739708617463e-01,2.482485615124589984e+00,3.950836857277018055e-02
1.039999999999996261e+00,-4.811721537532062838e-03,-9.808158789326617069e-03,1.598650318765379788e-02,4.945765337113830484e-01,-6.317230531697896057e-01,2.487056566824395354e+00,3.907795093357191440e-02
1.040999999999996151e+00,-4.317942292530635093e-03,-1.044325969535126603e-02,1.847811799075078920e-02,4.937792450014272805e-01,-6.351009060155314856e-01,2.491614803060944627e+00,3.864530405834165627e-02
1.041999999999996041e+00,-3.825001895294805922e-03,-1.108177800234545415e-02,2.097427772834564025e-02,4.929403972358289421e-01,-6.385183069850273174e-01,2.496159737558759417e+00,3.821041561223914584e-02
1.042999999999995930e+00,-3.332941733061524532e-03,-1.172375272942029201e-02,2.347496851072154722e-02,4.920601622332813063e-01,-6.419747270656247506e-01,2.500690782339795692e+00,3.777327259355245381e-02
1.043999999999995820e+00,-2.841803018146774398e-03,-1.236922236302134999e-02,2.598017585825572115e-02,4.911387149147499187e-01,-6.454696335917945449e-01,2.505207347498027204e+00,3.733386131630833660e-02
1.044999999999995710e+00,-2.351626784797088317e-03,-1.301822485311130047e-02,2.848988469926323416e-02,4.901762333496861301e-01,-6.490024900806397046e-01,2.509708840971334176e+00,3.689216739230283260e-02
1.045999999999995600e+00,-1.862453885994699073e-03,-1.367079760918666481e-02,3.100407936760980754e-02,4.891728988023893443e-01,-6.525727560660068427e-01,2.514194668310374414e+00,3.644817571272840340e-02
1.046999999999995490e+00,-1.374324990216136202e-03,-1.432697749612734522e-02,3.352274360009063064e-02,4.881288957785628324e-01,-6.561798869312724936e-01,2.518664232444568718e+00,3.600187042918778779e-02
1.047999999999995380e+00,-8.872805781440886493e-04,-1.498680082987743044e-02,3.604586053357183850e-02,4.870444120720475722e-01,-6.598233337406258503e-01,2.523116933444947918e+00,3.555323493432105408e-02
1.048999999999995270e+00,-4.013609393322966983e-04,-1.565030337295584412e-02,3.857341270189206667e-02,4.859196388117919541e-01,-6.635025430689069914e-01,2.527552168283927259e+00,3.510225184173454416e-02
1.049999999999995159e+00,8.339383117673005580e-05,-1.631752032979519665e-02,4.110538203252013523e-02,4.847547705090267667e-01,-6.672169568297900977e-01,2.531969330591730127e+00,3.464890296559497429e-02
1.050999999999995049e+00,5.669438362814284210e-04,-1.698848634190722531e-02,4.364174984296608634e-02,4.835500051046983661e-01,-6.709660121024190182e-01,2.536367810409599688e+00,3.419316929953253315e-02
1.051999999999994939e+00,1.049249380298585520e-03,-1.766323548287319564e-02,4.618249683694198443e-02,4.823055440171570285e-01,-6.747491409563017850e-01,2.540746993939511533e+00,3.373503099505148484e-02
1.052999999999994829e+00,1.530270972488717183e-03,-1.834180125315738527e-02,4.872760310026881536e-02,4.810215921901315750e-01,-6.785657702744751774e-01,2.545106263290431325e+00,3.327446733934702472e-02
1.053999999999994719e+00,2.009969330629720989e-03,-1.902421657474197975e-02,5.127704809652616769e-02,4.796983581410035891e-01,-6.824153215748247625e-01,2.549444996220926019e+00,3.281145673254304285e-02
1.054999999999994609e+00,2.488305384639110177e-03,-1.971051378558130729e-02,5.383081066244074092e-02,4.783360540093890001e-01,-6.862972108295121165e-01,2.553762565878082036e+00,3.234597666439675834e-02
1.055999999999994499e+00,2.965240280245169148e-03,-2.040072463387367085e-02,5.638886900300985744e-02,4.769348956060591727e-01,-6.902108482824793612e-01,2.558058340532661568e+00,3.187800369033411130e-02
1.056999999999994388e+00,3.440735382707385635e-03,-2.109488027214850500e-02,5.895120068635670285e-02,4.754951024622164346e-01,-6.941556382649100021e-01,2.562331683310336228e+00,3.140751340689873494e-02
1.057999999999994278e+00,3.914752280586516336e-03,-2.179301125116708815e-02,6.151778263831219479e-02,4.740168978791305943e-01,-6.981309790086018818e-01,2.566581951918947446e+00,3.093448042662449993e-02
1.058999999999994168e+00,4.387252789564718633e-03,-2.249514751363434692e-02,6.408859113672045471e-02,4.725005089782020051e-01,-7.021362624572100586e-01,2.570808498371691897e+00,3.045887835206628758e-02
1.059999999999994058e+00,4.858198956316109839e-03,-2.320131838771959804e-02,6.666360180546303249e-02,4.709461667513908933e-01,-7.061708740751593272e-01,2.575010668706016581e+00,2.998067974955032078e-02
1.060999999999993948e+00,5.327553062428231484e-03,-2.391155258038412182e-02,6.924278960819799100e-02,4.693541061121211944e-01,-7.102341926543843664e-01,2.579187802698348353e+00,2.949985612184669037e-02
1.061999999999993838e+00,5.795277628374825851e-03,-2.462587817051289929e-02,7.182612884180894497e-02,4.677245659465942285e-01,-7.143255901185741052e-01,2.583339233574301286e+00,2.901637788055566602e-02
1.062999999999993728e+00,6.261335417540453419e-03,-2.534432260184825078e-02,7.441359312956005723e-02,4.660577891656280114e-01,-7.184444313250859526e-01,2.587464287714479561e+00,2.853021431737468028e-02
1.063999999999993618e+00,6.725689440297446045e-03,-2.606691267572275317e-02,7.700515541395226704e-02,4.643540227569926127e-01,-7.225900738641858334e-01,2.591562284355525492e+00,2.804133357491989109e-02
1.064999999999993507e+00,7.188302958135652995e-03,-2.679367454358879547e-02,7.960078794927533119e-02,4.626135178382065338e-01,-7.267618678556788669e-01,2.595632535286414466e+00,2.754970261703193479e-02
1.065999999999993397e+00,7.649139487845574813e-03,-2.752463369934224011e-02,8.220046229385211123e-02,4.608365297099214497e-01,-7.309591557430186182e-01,2.599674344540060744e+00,2.705528719789485059e-02
1.066999999999993287e+00,8.108162805755474850e-03,-2.825981497143725818e-02,8.480414930196863987e-02,4.590233179099001415e-01,-7.351812720845201099e-01,2.603687008079829557e+00,2.655805183049664286e-02
1.067999999999993177e+00,8.565336952023015760e-03,-2.899924251478942783e-02,8.741181911548626116e-02,4.571741462675409373e-01,-7.394275433416359622e-01,2.607669813480873344e+00,2.605795975464597625e-02
1.068999999999993067e+00,9.020626234982046313e-03,-2.974293980246443467e-02,9.002344115512936340e-02,4.552892829590306500e-01,-7.436972876644092345e-01,2.611622039606352086e+00,2.555497290390928988e-02
1.069999999999992957e+00,9.473995235545235039e-03,-3.049092961714896383e-02,9.263898411144441680e-02,4.533690005631884068e-01,-7.479898146738717113e-01,2.615542956278292586e+00,2.504905187162731472e-02
1.070999999999992847e+00,9.925408811663103195e-03,-3.124323404240084145e-02,9.525841593542404284e-02,4.514135761178676987e-01,-7.523044252411722477e-01,2.619431823942825588e+00,2.454015587678992638e-02
1.071999999999992736e+00,1.037483210284027672e-02,-3.199987445367542815e-02,9.788170382879089748e-02,4.494232911771739447e-01,-7.566404112638047685e-01,2.623287893330096932e+00,2.402824272801695749e-02
1.072999999999992626e+00,1.082223053470963113e-02,-3.276087150912444790e-02,1.005088142339358309e-01,4.473984318693549622e-01,-7.609970554381956243e-01,2.627110405108148417e+00,2.351326878753789984e-02
1.073999999999992516e+00,1.126756982366506135e-02,-3.352624514016432772e-02,1.031397128235037042e-01,4.453392889554295131e-01,-7.653736310290049083e-01,2.630898589530984211e+00,2.299518893404184361e-02
1.074999999999992406e+00,1.171081598155366242e-02,-3.429601454181025605e-02,1.057743644896212143e-01,4.432461578886003895e-01,-7.697694016349829749e-01,2.634651666080702448e+00,2.247395652459127646e-02
1.075999999999992296e+00,1.215193532042819005e-02,-3.507019816277245905e-02,1.084127333327614962e-01,4.411193388745284771e-01,-7.741836209511945288e-01,2.638368843103404693e+00,2.194952335543365329e-02
1.076999999999992186e+00,1.259089445736055399e-02,-3.584881369531093404e-02,1.110547826502370217e-01,4.389591369323641579e-01,-7.786155325274008998e-01,2.642049317438686984e+00,2.142183962247368179e-02
1.077999999999992076e+00,1.302766031931727742e-02,-3.663187806484488607e-02,1.137004749243167578e-01,4.367658619567229561e-01,-7.830643695228471923e-01,2.645692274042838577e+00,2.089085388009648270e-02
1.078999999999991966e+00,1.346220014809776551e-02,-3.741940741931300968e-02,1.163497718099589101e-01,4.345398287804888016e-01,-7.875293544569388349e-01,2.649296885605267882e+00,2.035651299968566086e-02
1.079999999999991855e+00,1.389448150533639445e-02,-3.821141711828032750e-02,1.190026341221541301e-01,4.322813572386295933e-01,-7.920096989560877487e-01,2.652862312158315472e+00,1.981876212648780999e-02
1.080999999999991745e+00,1.432447227756933165e-02,-3.900792172178783185e-02,1.216590218228709858e-01,4.299907722329375792e-01,-7.965046034962087740e-01,2.656387700679963437e+00,1.927754463603226220e-02
1.081999999999991635e+00,1.475214068136713845e-02,-3.980893497894024552e-02,1.243188940075974358e-01,4.276684037978070174e-01,-8.010132571410698565e-01,2.659872184689515251e+00,1.873280208916860978e-02
1.082999999999991525e+00,1.517745526853410409e-02,-4.061446981622783559e-02,1.269822088914703551e-01,4.253145871669657962e-01,-8.055348372761764741e-01,2.663314883835950830e+00,1.818447418657820336e-02
1.083999999999991415e+00,1.560038493137544044e-02,-4.142453832557768667e-02,1.296489237949862983e-01,4.229296628413360404e-01,-8.100685093383931390e-01,2.666714903479034060e+00,1.763249872157190978e-02
1.084999999999991305e+00,1.602089890803350819e-02,-4.223915175213001361e-02,1.323189951292859379e-01,4.205139766580675009e-01,-8.146134265408025987e-01,2.670071334262709595e+00,1.707681153186446643e-02
1.085999999999991195e+00,1.643896678789409649e-02,-4.305832048173421911e-02,1.349923783810033917e-01,4.180678798605883539e-01,-8.191687295926339818e-01,2.673383251680515826e+00,1.651734645106528454e-02
1.086999999999991084e+00,1.685455851706394587e-02,-4.388205402816053313e-02,1.376690280966737512e-01,4.155917291698489890e-01,-8.237335464146751107e-01,2.676649715633341753e+00,1.595403525837113534e-02
1.087999999999990974e+00,1.726764440392089539e-02,-4.471036102002191176e-02,1.403488978666897480e-01,4.130858868569511899e-01,-8.283069918496874795e-01,2.679869769979064564e+00,1.538680762652200329e-02
1.088999999999990864e+00,1.767819512473770005e-02,-4.554324918740089434e-02,1.430319403088002039e-01,4.105507208168061584e-01,-8.328881673672285935e-01,2.683042442073436007e+00,1.481559107037422329e-02
1.089999999999990754e+00,1.808618172938097901e-02,-4.638072534817654080e-02,1.457181070511401055e-01,4.079866046432800708e-01,-8.374761607638352423e-01,2.686166742302954269e+00,1.424031089234256697e-02
1.090999999999990644e+00,1.849157564708655763e-02,-4.722279539404573845e-02,1.484073487147858084e-01,4.053939177055800869e-01,-8.420700458573353586e-01,2.689241663608666677e+00,1.366089012803550773e-02
1.091999999999990534e+00,1.889434869231251118e-02,-4.806946427623352835e-02,1.510996148958240193e-01,4.027730452259538074e-01,-8.466688821758581174e-01,2.692266181001215841e+00,1.307724949041855211e-02
1.092999999999990424e+00,1.929447307067158612e-02,-4.892073599088689329e-02,1.537948541469279784e-01,4.001243783590766601e-01,-8.512717146413949498e-01,2.695239251067008457e+00,1.248930731136166372e-02
1.093999999999990314e+00,1.969192138494419916e-02,-4.977661356414573440e-02,1.564930139584294333e-01,3.974483142726129015e-01,-8.558775732468022479e-01,2.698159811464434732e+00,1.189697948445744835e-02
1.094999999999990203e+00,2.008666664117359640e-02,-5.063709903688545788e-02,1.591940407388776069e-01,3.947452562293956579e-01,-8.604854727276212145e-01,2.701026780411194483e+00,1.130017940459349113e-02
1.095999999999990093e+00,2.047868225484483079e-02,-5.150219344912512764e-02,1.618978797950764159e-01,3.920156136712341644e-01,-8.650944122275259218e-01,2.703839056161752907e+00,1.069881790657412068e-02
1.096999999999989983e+00,2.086794205714910533e-02,-5.237189682409462005e-02,1.646044753115881165e-01,3.892598023042751487e-01,-8.697033749572932182e-01,2.706595516474645802e+00,1.009280320294858591e-02
1.097999999999989873e+00,2.125442030133502594e-02,-5.324620815195435508e-02,1.673137703296947720e-01,3.864782441859213602e-01,-8.743113278474602401e-01,2.709295018069692862e+00,9.482040820627535282e-03
1.098999999999989763e+00,2.163809166914860277e-02,-5.412512537316133826e-02,1.700257067258069132e-01,3.836713678135762473e-01,-8.789172211946700841e-01,2.711936396075110167e+00,8.866433535207995931e-03
1.099999999999989653e+00,2.201893127736368611e-02,-5.500864536147461598e-02,1.727402251893076779e-01,3.808396082150816153e-01,-8.835199883009187127e-01,2.714518463463710951e+00,8.245881304792979094e-03
1.100999999999989543e+00,2.239691468440460284e-02,-5.589676390659307353e-02,1.754572651998231037e-01,3.779834070409159863e-01,-8.881185451060273905e-01,2.717040010478383838e+00,7.620281202308065716e-03
1.101999999999989432e+00,2.277201789706290516e-02,-5.678947569641866477e-02,1.781767650039066953e-01,3.751032126583008219e-01,-8.927117898131238238e-01,2.719499804046581204e+00,6.989527346029866806e-03
1.102999999999989322e+00,2.314421737731001821e-02,-5.768677429893794006e-02,1.808986615911271356e-01,3.721994802471148001e-01,-8.972986025067214433e-01,2.721896587183399330e+00,6.353510829359532153e-03
1.103999999999989212e+00,2.351349004920781291e-02,-5.858865214371414276e-02,1.836228906695474561e-01,3.692726718977941691e-01,-9.018778447635976692e-01,2.724229078383301861e+00,5.712119648621172274e-03
1.104999999999989102e+00,2.387981330591906065e-02,-5.949510050298276176e-02,1.863493866405846466e-01,3.663232567112461036e-01,-9.064483592559993141e-01,2.726495971000028717e+00,5.065238629569535078e-03
1.105999999999988992e+00,2.424316501681986549e-02,-6.040610947234248407e-02,1.890780825732361059e-01,3.633517109008045365e-01,-9.110089693470148076e-01,2.728695932614425335e+00,4.412749352584954821e-03
1.106999999999988882e+00,2.460352353471602013e-02,-6.132166795103324158e-02,1.918089101776631888e-01,3.603585178961555835e-01,-9.155584786780378570e-01,2.730827604390059893e+00,3.754530076934825544e-03
1.107999999999988772e+00,2.496086770316564840e-02,-6.224176362179453109e-02,1.945417997781169195e-01,3.573441684496267423e-01,-9.200956707484649888e-01,2.732889600416653852e+00,3.090455662076552201e-03
1.108999999999988662e+00,2.531517686391013267e-02,-6.316638293029393225e-02,1.972766802851943224e-01,3.543091607444852631e-01,-9.246193084865472755e-01,2.734880507040347464e+00,2.420397489407255520e-03
1.109999999999988551e+00,2.566643086441577903e-02,-6.409551106411906507e-02,2.000134791674127444e-01,3.512540005056475345e-01,-9.291281338122638900e-01,2.736798882181353587e+00,1.744223380923282107e-03
1.110999999999988441e+00,2.601461006552832286e-02,-6.502913193132320302e-02,2.027521224220878437e-01,3.481792011125444675e-01,-9.336208671911736534e-01,2.738643254638153834e+00,1.061797517857732132e-03
1.111999999999988331e+00,2.635969534924278296e-02,-6.596722813851602085e-02,2.054925345455034524e-01,3.450852837144596230e-01,-9.380962071798129021e-01,2.740412123378493270e+00,3.729803566345779586e-04
1.112999999999988221e+00,2.670166812659110003e-02,-6.690978096849088674e-02,2.082346385023570723e-01,3.419727773483183797e-01,-9.425528299618182171e-01,2.742103956816508870e+00,-3.223714561741974904e-04
1.113999999999988111e+00,2.704051034564986314e-02,-6.785677035737873453e-02,2.109783556944699323e-01,3.388422190587619953e-01,-9.469893888747533683e-01,2.743717192075800781e+00,-1.024405169451680919e-03
1.114999999999988001e+00,2.737620449967078512e-02,-6.880817487131990484e-02,2.137236059287457024e-01,3.356941540209206765e-01,-9.514045139280365992e-01,2.745250234238686193e+00,-1.733272016194442600e-03
1.115999999999987891e+00,2.770873363533664369e-02,-6.976397168264401871e-02,2.164703073843635139e-01,3.325291356658601760e-01,-9.557968113108892272e-01,2.746701455580753404e+00,-2.449127303061793270e-03
1.116999999999987780e+00,2.803808136114493282e-02,-7.072413654554744744e-02,2.192183765791910488e-01,3.293477258082898596e-01,-9.601648628902341720e-01,2.748069194790406566e+00,-3.172130499387249003e-03
1.117999999999987670e+00,2.836423185592234705e-02,-7.168864377126044074e-02,2.219677283354023478e-01,3.261504947774131469e-01,-9.645072256996617410e-01,2.749351756174311490e+00,-3.902445331333215250e-03
1.118999999999987560e+00,2.868716987747247857e-02,-7.265746620269086797e-02,2.247182757442863776e-01,3.229380215501319040e-01,-9.688224314171161033e-01,2.750547408846836905e+00,-4.640239873423324113e-03
1.119999999999987450e+00,2.900688077135989140e-02,-7.363057518853752259e-02,2.274699301302282040e-01,3.197108938874120287e-01,-9.731089858332495623e-01,2.751654385904751976e+00,-5.385686645004161832e-03
1.120999999999987340e+00,2.932335047983306367e-02,-7.460794055685929238e-02,2.302226010138509749e-01,3.164697084731732946e-01,-9.773653683083729504e-01,2.752670883585668360e+00,-6.138962704713479823e-03
1.121999999999987230e+00,2.963656555088935163e-02,-7.558953058809232683e-02,2.329761960742991744e-01,3.132150710562864315e-01,-9.815900312195460220e-01,2.753595060411157647e+00,-6.900249748822195883e-03
1.122999999999987120e+00,2.994651314748478579e-02,-7.657531198750217039e-02,2.357306211106497962e-01,3.099475965954337497e-01,-9.857813993963533417e-01,2.754425036313546293e+00,-7.669734209297729421e-03
1.123999999999987010e+00,3.025318105689188755e-02,-7.756524985706153563e-02,2.384857800024334784e-01,3.066679094071006473e-01,-9.899378695458262989e-01,2.755158891746436911e+00,-8.447607354072239616e-03
1.124999999999986899e+00,3.055655770020833037e-02,-7.855930766674101839e-02,2.412415746692490592e-01,3.033766433164414855e-01,-9.940578096658742036e-01,2.755794666778544233e+00,-9.234065387053069784e-03
1.125999999999986789e+00,3.085663214201976937e-02,-7.955744722520244339e-02,2.439979050294573681e-01,3.000744418114397738e-01,-9.981395584478118810e-01,2.756330360171155291e+00,-1.002930955089742504e-02
1.126999999999986679e+00,3.115339410021973621e-02,-8.055962864988297500e-02,2.467546689579327990e-01,2.967619581999680900e-01,-1.002181424666849674e+00,2.756763928438312306e+00,-1.083354622880605689e-02
1.127999999999986569e+00,3.144683395599010695e-02,-8.156581033645823875e-02,2.495117622428603965e-01,2.934398557703676857e-01,-1.006181686561567368e+00,2.757093284890437257e+00,-1.164698704982436439e-02
1.128999999999986459e+00,3.173694276394500163e-02,-8.257594892767264327e-02,2.522690785415576120e-01,2.901088079548939658e-01,-1.010138591200686609e+00,2.757316298660053455e+00,-1.246984899181269313e-02
1.129999999999986349e+00,3.202371226244184882e-02,-8.358999928152527348e-02,2.550265093353056289e-01,2.867694984968482963e-01,-1.014050353838806817e+00,2.757430793710781813e+00,-1.330235448875849436e-02
1.130999999999986239e+00,3.230713488406250500e-02,-8.460791443879805973e-02,2.577839438831708851e-01,2.834226216206551241e-01,-1.017915157258977743e+00,2.757434547828059745e+00,-1.414473153507977976e-02
1.131999999999986128e+00,3.258720376626798171e-02,-8.562964558991585651e-02,2.605412691748006937e-01,2.800688822054774318e-01,-1.021731151103920876e+00,2.757325291592766181e+00,-1.499721379323903925e-02
1.132999999999986018e+00,3.286391276223021851e-02,-8.665514204112421959e-02,2.632983698821748653e-01,2.767089959622397455e-01,-1.025496451194479075e+00,2.757100707336924916e+00,-1.586004070079050088e-02
1.133999999999985908e+00,3.313725645184401741e-02,-8.768435117997354367e-02,2.660551283102932651e-01,2.733436896137959593e-01,-1.029209138835406323e+00,2.756758428081235834e+00,-1.673345757661648392e-02
1.134999999999985798e+00,3.340723015292292736e-02,-8.871721844009680669e-02,2.688114243467858433e-01,2.699737010789095004e-01,-1.032867260109350038e+00,2.756296036455381238e+00,-1.761771573014758729e-02
1.135999999999985688e+00,3.367382993258236784e-02,-8.975368726526794516e-02,2.715671354104226554e-01,2.665997796594380964e-01,-1.036468825157147222e+00,2.755711063599533883e+00,-1.851307256760637010e-02
1.136999999999985578e+00,3.393705261881337087e-02,-9.079369907272796802e-02,2.743221363985080541e-01,2.632226862310034776e-01,-1.040011807446011183e+00,2.755000988048279531e+00,-1.941979169949314965e-02
1.137999999999985468e+00,3.419689581225057035e-02,-9.183719321576694350e-02,2.770762996331418981e-01,2.598431934372004148e-01,-1.043494143024914056e+00,2.754163234596613830e+00,-2.033814304779490989e-02
1.138999999999985357e+00,3.445335789813773475e-02,-9.288410694554799507e-02,2.798294948063269616e-01,2.564620858871677900e-01,-1.046913729766981049e+00,2.753195173147836350e+00,-2.126840295189069696e-02
1.139999999999985247e+00,3.470643805849447233e-02,-9.393437537216145494e-02,2.825815889239081113e-01,2.530801603567382485e-01,-1.050268426599369365e+00,2.752094117543842700e+00,-2.221085427466196194e-02
1.140999999999985137e+00,3.495613628448750176e-02,-9.498793142489565799e-02,2.853324462483227131e-01,2.496982259930321524e-01,-1.053556052720048486e+00,2.750857324377441238e+00,-2.316578650699774311e-02
1.141999999999985027e+00,3.520245338901002025e-02,-9.604470581171163646e-02,2.880819282401471670e-01,2.463171045225156786e-01,-1.056774386801829557e+00,2.749481991787075863e+00,-2.413349587119273387e-02
1.142999999999984917e+00,3.544539101947238868e-02,-9.710462697790943343e-02,2.908298934984185347e-01,2.429376304623715732e-01,-1.059921166183629637e+00,2.747965258234128072e+00,-2.511428542236826544e-02
1.143999999999984807e+00,3.568495167080786706e-02,-9.816762106397300403e-02,2.935761976997191547e-01,2.395606513354807676e-01,-1.062994086049358744e+00,2.746304201263265909e+00,-2.610846514945697194e-02
1.144999999999984697e+00,3.592113869869621029e-02,-9.923361186258090882e-02,2.963206935360019334e-01,2.361870278883436980e-01,-1.065990798593709155e+00,2.744495836245508080e+00,-2.711635207135554282e-02
1.145999999999984587e+00,3.615395633300901024e-02,-1.003025207747717112e-01,2.990632306511448735e-01,2.328176343127972558e-01,-1.068908912176576909e+00,2.742537115105506906e+00,-2.813827033472082739e-02
1.146999999999984476e+00,3.638340969147969839e-02,-1.013742667652499929e-01,3.018036555762140805e-01,2.294533584706898999e-01,-1.071745990463997877e+00,2.740424925031810677e+00,-2.917455130521318107e-02
1.147999999999984366e+00,3.660950479360133153e-02,-1.024487663168219542e-01,3.045418116634232009e-01,2.260951021216347223e-01,-1.074499551557705157e+00,2.738156087171775610e+00,-3.022553365676394765e-02
1.148999999999984256e+00,3.683224857475535935e-02,-1.035259333839494561e-01,3.072775390187723055e-01,2.227437811540280699e-01,-1.077167067113181442e+00,2.735727355311638576e+00,-3.129156345834371855e-02
1.149999999999984146e+00,3.705164890057432991e-02,-1.046056793454095274e-01,3.100106744333513409e-01,2.194003258189688998e-01,-1.079745961445748081e+00,2.733135414541664865e+00,-3.237299425540207665e-02
1.150999999999984036e+00,3.726771458154134326e-02,-1.056879129560494707e-01,3.127410513132963255e-01,2.160656809670132295e-01,-1.082233610625651377e+00,2.730376879907413734e+00,-3.347018714709382170e-02
1.151999999999983926e+00,3.748045538782900782e-02,-1.067725402976262700e-01,3.154684996083818582e-01,2.127408062876657846e-01,-1.084627341562492964e+00,2.727448295047993909e+00,-3.458351085865785102e-02
1.152999999999983816e+00,3.768988206438039779e-02,-1.078594647287199060e-01,3.181928457392413367e-01,2.094266765513897177e-01,-1.086924431079297815e+00,2.724346130821944989e+00,-3.571334180788177104e-02
1.153999999999983705e+00,3.789600634623464109e-02,-1.089485868337112251e-01,3.209139125232007839e-01,2.061242818542421418e-01,-1.089122104976993466e+00,2.721066783921979315e+00,-3.686006416663545338e-02
1.154999999999983595e+00,3.809884097409894227e-02,-1.100398043708146062e-01,3.236315190987172352e-01,2.028346278643011202e-01,-1.091217537089027800e+00,2.717606575478853870e+00,-3.802406991279327908e-02
1.155999999999983485e+00,3.829839971016978095e-02,-1.111330122191575565e-01,3.263454808484117509e-01,1.995587360708406532e-01,-1.093207848328548115e+00,2.713961749656995437e+00,-3.920575887992050479e-02
1.156999999999983375e+00,3.849469735420420896e-02,-1.122281023248977022e-01,3.290556093206902788e-01,1.962976440344268991e-01,-1.095090105725777807e+00,2.710128472240772801e+00,-4.040553879159236583e-02
1.157999999999983265e+00,3.868774975984358433e-02,-1.133249636463725396e-01,3.317617121499437105e-01,1.930524056393779497e-01,-1.096861321460484540e+00,2.706102829215837335e+00,-4.162382529477814952e-02
1.158999999999983155e+00,3.887757385119051251e-02,-1.144234820982730216e-01,3.344635929753254633e-01,1.898240913469266544e-01,-1.098518451886108416e+00,2.701880825344031400e+00,-4.286104197694406981e-02
1.159999999999983045e+00,3.906418763964015356e-02,-1.155235404948373457e-01,3.371610513580989843e-01,1.866137884496405219e-01,-1.100058396549931095e+00,2.697458382735786309e+00,-4.411762037696853600e-02
1.160999999999982935e+00,3.924761024096661000e-02,-1.166250184920598898e-01,3.398538826975572302e-01,1.834226013264532995e-01,-1.101477997208241799e+00,2.692831339420559189e+00,-4.539399998299487038e-02
1.161999999999982824e+00,3.942786189266457575e-02,-1.177277925289126198e-01,3.425418781455127903e-01,1.802516516979652816e-01,-1.102774036838358285e+00,2.687995447917598479e+00,-4.669062821817837605e-02
1.162999999999982714e+00,3.960496397154626702e-02,-1.188317357675756636e-01,3.452248245193597631e-01,1.771020788816912439e-01,-1.103943238648688707e+00,2.682946373809182106e+00,-4.800796041343047271e-02
1.163999999999982604e+00,3.977893901159298973e-02,-1.199367180326780802e-01,3.479025042137162127e-01,1.739750400467243996e-01,-1.104982265088054305e+00,2.677679694318575443e+00,-4.934645976535911860e-02
1.164999999999982494e+00,3.994981072206037209e-02,-1.210426057495483237e-01,3.505746951106494258e-01,1.708717104673826981e-01,-1.105887716855940672e+00,2.672190896895304313e+00,-5.070659727892357083e-02
1.165999999999982384e+00,4.011760400583597869e-02,-1.221492618814778996e-01,3.532411704884979020e-01,1.677932837756095641e-01,-1.106656131915247476e+00,2.666475377810473724e+00,-5.208885169455057529e-02
1.166999999999982274e+00,4.028234497804695363e-02,-1.232565458660006968e-01,3.559016989293003475e-01,1.647409722109731967e-01,-1.107283984508494301e+00,2.660528440764383440e+00,-5.349370939461139951e-02
1.167999999999982164e+00,4.044406098491539620e-02,-1.243643135501959068e-01,3.585560442248492685e-01,1.617160068684436736e-01,-1.107767684180957835e+00,2.654345295510808889e+00,-5.492166429420353158e-02
1.168999999999982053e+00,4.060278062285818668e-02,-1.254724171250209963e-01,3.612039652813872626e-01,1.587196379427901205e-01,-1.108103574810809899e+00,2.647921056499938697e+00,-5.637321770864334169e-02
1.169999999999981943e+00,4.075853375782714089e-02,-1.265807050586849336e-01,3.638452160229696530e-01,1.557531349689569855e-01,-1.108287933649670709e+00,2.641250741544286740e+00,-5.784887819926731733e-02
1.170999999999981833e+00,4.091135154488503151e-02,-1.276890220290751166e-01,3.664795452935197262e-01,1.528177870578922570e-01,-1.108316970375976762e+00,2.634329270511790444e+00,-5.934916139645363131e-02
1.171999999999981723e+00,4.106126644801202930e-02,-1.287972088552523653e-01,3.691066967576074886e-01,1.499149031269979560e-01,-1.108186826163057637e+00,2.627151464049648055e+00,-6.087458979699822414e-02
1.172999999999981613e+00,4.120831226013628446e-02,-1.299051024280312994e-01,3.717264087999893052e-01,1.470458121242533001e-01,-1.107893572764757417e+00,2.619712042343436131e+00,-6.242569253396867968e-02
1.173999999999981503e+00,4.135252412338146638e-02,-1.310125356396672214e-01,3.743384144239440547e-01,1.442118632451813709e-01,-1.107433211621764890e+00,2.612005623916469066e+00,-6.400300511807699433e-02
1.174999999999981393e+00,4.149393854952307392e-02,-1.321193373126729464e-01,3.769424411484570969e-01,1.414144261416071247e-01,-1.106801672991648555e+00,2.604026724474524102e+00,-6.560706914784752986e-02
1.175999999999981283e+00,4.163259344064439843e-02,-1.332253321277931113e-01,3.795382109042966801e-01,1.386548911213263957e-01,-1.105994815106084772e+00,2.595769755801379475e+00,-6.723843198771617402e-02
1.176999999999981172e+00,4.176852810998176596e-02,-1.343303405511656889e-01,3.821254399290461290e-01,1.359346693373691406e-01,-1.105008423358520231e+00,2.587229024710835823e+00,-6.889764641019102687e-02
1.177999999999981062e+00,4.190178330294767189e-02,-1.354341787607062086e-01,3.847038386611463801e-01,1.332551929659046008e-01,-1.103838209526589287e+00,2.578398732061709886e+00,-7.058527020200400237e-02
1.178999999999980952e+00,4.203240121831883225e-02,-1.365366585717530112e-01,3.872731116330271339e-01,1.306179153711582996e-01,-1.102479811032829549e+00,2.569272971842092357e+00,-7.230186572913521736e-02
1.179999999999980842e+00,4.216042552957546125e-02,-1.376375873620158674e-01,3.898329573633964040e-01,1.280243112566315511e-01,-1.100928790248985489e+00,2.559845730330550406e+00,-7.404799946276197087e-02
1.180999999999980732e+00,4.228590140637569078e-02,-1.387367679958766420e-01,3.923830682487756683e-01,1.254758768002311453e-01,-1.099180633846965849e+00,2.550110885340637346e+00,-7.582424145648303249e-02
1.181999999999980622e+00,4.240887553614831884e-02,-1.398339987480943236e-01,3.949231304543728838e-01,1.229741297726249238e-01,-1.097230752203841142e+00,2.540062205558390573e+00,-7.763116478049031377e-02
1.182999999999980512e+00,4.252939614578511024e-02,-1.409290732269721791e-01,3.974528238043917860e-01,1.205206096367941460e-01,-1.095074478864128675e+00,2.529693349979981853e+00,-7.946934490377510762e-02
1.183999999999980401e+00,4.264751302341222849e-02,-1.420217802970517584e-01,3.999718216718897157e-01,1.181168776271164511e-01,-1.092707070065907837e+00,2.518997867458887541e+00,-8.133935902402456009e-02
1.184999999999980291e+00,4.276327754021830296e-02,-1.431119040014020571e-01,4.024797908683009906e-01,1.157645168060749269e-01,-1.090123704336710908e+00,2.507969196372276777e+00,-8.324178534141313257e-02
1.185999999999980181e+00,4.287674267231482428e-02,-1.441992234835813291e-01,4.049763915327568298e-01,1.134651320965237020e-01,-1.087319482165711948e+00,2.496600664416741999e+00,-8.517720227312519654e-02
1.186999999999980071e+00,4.298796302260254193e-02,-1.452835129093541233e-01,4.074612770213404955e-01,1.112203502877184003e-01,-1.084289425759363823e+00,2.484885488544467336e+00,-8.714618760695813648e-02
1.187999999999979961e+00,4.309699484261519942e-02,-1.463645413882544433e-01,4.099340937964301990e-01,1.090318200126554893e-01,-1.081028478886919997e+00,2.472816775050491245e+00,-8.914931758818633867e-02
1.188999999999979851e+00,4.320389605430971502e-02,-1.474420728950919246e-01,4.123944813162930823e-01,1.069012116945139146e-01,-1.077531506824169538e+00,2.460387519823551195e+00,-9.118716593800102466e-02
1.189999999999979741e+00,4.330872627176907824e-02,-1.485158661915083611e-01,4.148420719251054156e-01,1.048302174593615937e-01,-1.073793296403176445e+00,2.447590608772966636e+00,-9.326030279776054144e-02
1.190999999999979631e+00,4.341154682278205307e-02,-1.495856747476990711e-01,4.172764907435905779e-01,1.028205510129713979e-01,-1.069808556177625825e+00,2.434418818445724941e+00,-9.536929359903134618e-02
1.191999999999979520e+00,4.351242077026074712e-02,-1.506512466644237824e-01,4.196973555604769923e-01,1.008739474786968376e-01,-1.065571916711672174e+00,2.420864816846973966e+00,-9.751469785197919293e-02
1.192999999999979410e+00,4.361141293345421888e-02,-1.517123245954394017e-01,4.221042767249956196e-01,9.899216319346879067e-02,-1.061077931002636143e+00,2.406921164479214781e+00,-9.969706784962828472e-02
1.193999999999979300e+00,4.370858990891295093e-02,-1.527686456705000806e-01,4.244968570406512653e-01,9.717697545873131559e-02,-1.056321075047823133e+00,2.392580315616025022e+00,-1.019169472835607104e-01
1.194999999999979190e+00,4.380402009115638706e-02,-1.538199414190793146e-01,4.268746916605179464e-01,9.543018224343854938e-02,-1.051295748566455135e+00,2.377834619826931117e+00,-1.041748697688826830e-01
1.195999999999979080e+00,4.389777369299127652e-02,-1.548659376949791111e-01,4.292373679843276557e-01,9.375360183489267474e-02,-1.045996275887123073e+00,2.362676323770048548e+00,-1.064713572690521026e-01
1.196999999999978970e+00,4.398992276542588314e-02,-1.559063546020063307e-01,4.315844655576395739e-01,9.214907243460872255e-02,-1.040416907014706460e+00,2.347097573272058924e+00,-1.088069184235724851e-01
1.197999999999978860e+00,4.408054121712066259e-02,-1.569409064209061622e-01,4.339155559733928191e-01,9.061845169478259521e-02,-1.034551818887434527e+00,2.331090415713359398e+00,-1.111820467673818591e-01
1.198999999999978749e+00,4.416970483331218722e-02,-1.579693015377572618e-01,4.362302027761719159e-01,8.916361619152157747e-02,-1.028395116838810353e+00,2.314646802739153131e+00,-1.135972188414420270e-01
1.199999999999978639e+00,4.425749129414304622e-02,-1.589912423740475200e-01,4.385279613695294287e-01,8.778646083086059926e-02,-1.021940836278103060e+00,2.297758593317492437e+00,-1.160528921899350863e-01
1.200999999999978529e+00,4.434398019232543842e-02,-1.600064253186629371e-01,4.408083789267349117e-01,8.648889818239434424e-02,-1.015182944603394866e+00,2.280417557165423936e+00,-1.185495032354575429e-01
1.201999999999978419e+00,4.442925305006233117e-02,-1.610145406620394626e-01,4.430709943053425248e-01,8.527285773689376180e-02,-1.008115343364599736e+00,2.262615378567712554e+00,-1.210874650354518689e-01
1.202999999999978309e+00,4.451339333514425095e-02,-1.620152725327412002e-01,4.453153379659926525e-01,8.414028508191787048e-02,-1.000731870690062308e+00,2.244343660610093938e+00,-1.236671649056284572e-01
1.203999999999978199e+00,4.459648647613558003e-02,-1.630082988367493046e-01,4.475409318958869509e-01,8.309314099133066622e-02,-9.930263039965535610e-01,2.225593929853947550e+00,-1.262889619158373833e-01
1.204999999999978089e+00,4.467861987655797479e-02,-1.639932911997586396e-01,4.497472895374037827e-01,8.213340042239439254e-02,-9.849923629979162598e-01,2.206357641476559106e+00,-1.289531842446072218e-01
1.205999999999977979e+00,4.475988292797358770e-02,-1.649699149128034115e-01,4.519339157223496994e-01,8.126305141561052103e-02,-9.766237130334851635e-01,2.186626184905673842e+00,-1.316601263963255164e-01
1.206999999999977868e+00,4.484036702186506435e-02,-1.659378288815483715e-01,4.541003066123650567e-01,8.048409389147700987e-02,-9.679139687338684794e-01,2.166390889975088552e+00,-1.344100462728143874e-01
1.207999999999977758e+00,4.492016556020231310e-02,-1.668966855796035487e-01,4.562459496460353203e-01,7.979853833724598333e-02,-9.588566980442987386e-01,2.145643033629974994e+00,-1.372031620921803086e-01
1.208999999999977648e+00,4.499937396458078553e-02,-1.678461310062432377e-01,4.583703234932895998e-01,7.920840437847355420e-02,-9.494454266289564792e-01,2.124373847213776756e+00,-1.400396491599307236e-01
1.209999999999977538e+00,4.507808968380884462e-02,-1.687858046489292274e-01,4.604728980176956976e-01,7.871571922805893629e-02,-9.396736426754745963e-01,2.102574524365734998e+00,-1.429196364800311425e-01
1.210999999999977428e+00,4.515641219981498394e-02,-1.697153394510638458e-01,4.625531342472980478e-01,7.832251600614148490e-02,-9.295348021242781922e-01,2.080236229562057559e+00,-1.458432032075756002e-01
1.211999999999977318e+00,4.523444303173910358e-02,-1.706343617854200745e-01,4.646104843546720597e-01,7.803083192411633395e-02,-9.190223343461030314e-01,2.057350107333611788e+00,-1.488103749403801856e-01
1.212999999999977208e+00,4.531228573806406201e-02,-1.715424914337213558e-01,4.666443916469057429e-01,7.784270632495732256e-02,-9.081296482914268386e-01,2.033907292193231964e+00,-1.518211198435888143e-01
1.213999999999977097e+00,4.539004591663690219e-02,-1.724393415728695811e-01,4.686542905662542946e-01,7.776017857283945567e-02,-8.968501391385199639e-01,2.009898919308232390e+00,-1.548753446102479892e-01
1.214999999999976987e+00,4.546783120242061521e-02,-1.733245187683439825e-01,4.706396067022475260e-01,7.778528578371426971e-02,-8.851771954649918506e-01,1.985316135952628347e+00,-1.579728902513788391e-01
1.215999999999976877e+00,4.554575126281018571e-02,-1.741976229753245675e-01,4.725997568160641427e-01,7.792006038957208225e-02,-8.731042069713631504e-01,1.960150113776323977e+00,-1.611135277210191674e-01
1.216999999999976767e+00,4.562391779033768413e-02,-1.750582475481160249e-01,4.745341488780311368e-01,7.816652752750156974e-02,-8.606245727825491132e-01,1.934392061926625939e+00,-1.642969533696065909e-01
1.217999999999976657e+00,4.570244449258335090e-02,-1.759059792584822535e-01,4.764421821191320294e-01,7.852670224566755952e-02,-8.477317103575068291e-01,1.908033241060606011e+00,-1.675227842325641703e-01
1.218999999999976547e+00,4.578144707910054151e-02,-1.767403983235255882e-01,4.783232470974576045e-01,7.900258651719027636e-02,-8.344190650349335714e-01,1.881064978285216682e+00,-1.707905531512254882e-01
1.219999999999976437e+00,4.586104324515416497e-02,-1.775610784437794687e-01,4.801767257805615308e-01,7.959616605362103414e-02,-8.206801202458255950e-01,1.853478683063715771e+00,-1.740997037331655228e-01
1.220999999999976326e+00,4.594135265206305413e-02,-1.783675868522095198e-01,4.820019916447275676e-01,8.030940690888672961e-02,-8.065084084221773031e-01,1.825265864125915183e+00,-1.774495851525008661e-01
1.221999999999976216e+00,4.602249690392763715e-02,-1.791594843748502142e-01,4.837984097921879667e-01,8.114425186458280870e-02,-7.918975226331118611e-01,1.796418147420478117e+00,-1.808394467963125862e-01
1.222999999999976106e+00,4.610459952051543936e-02,-1.799363255038373688e-01,4.855653370873753150e-01,8.210261658780267091e-02,-7.768411289799396213e-01,1.766927295147493471e+00,-1.842684327653287824e-01
1.223999999999975996e+00,4.618778590606766044e-02,-1.806976584836250954e-01,4.873021223133235935e-01,8.318638555221991027e-02,-7.613329797808575661e-01,1.736785225908223484e+00,-1.877355762349206536e-01
1.224999999999975886e+00,4.627218331378100263e-02,-1.814430254112088248e-01,4.890081063493718072e-01,8.439740771334382219e-02,-7.453669275770897773e-01,1.705984036008785010e+00,-1.912397936871252924e-01
1.225999999999975776e+00,4.635792080570961399e-02,-1.821719623512068342e-01,4.906826223713648960e-01,8.573749192861085389e-02,-7.289369399918311787e-01,1.674516021953502687e+00,-1.947798790237258437e-01
1.226999999999975666e+00,4.644512920782337129e-02,-1.828839994666865976e-01,4.923249960755669563e-01,8.720840211375473217e-02,-7.120371154738882602e-01,1.642373704162895631e+00,-1.983544975768505303e-01
1.227999999999975556e+00,4.653394105994924229e-02,-1.835786611666478663e-01,4.939345459275545913e-01,8.881185212586879818e-02,-6.946616999557230221e-01,1.609549851948329557e+00,-2.019621800268898149e-01
1.228999999999975445e+00,4.662449056031463257e-02,-1.842554662711110292e-01,4.955105834373691454e-01,9.054950036538909897e-02,-6.768051044580546405e-01,1.576037509775699785e+00,-2.056013162526806326e-01
1.229999999999975335e+00,4.671691350440206059e-02,-1.849139281947840274e-01,4.970524134622531509e-01,9.242294408742930678e-02,-6.584619236682763832e-01,1.541830024845311176e+00,-2.092701491241379941e-01
1.230999999999975225e+00,4.681134721781777391e-02,-1.855535551503124936e-01,4.985593345383076413e-01,9.443371341570989952e-02,-6.396269555241302918e-01,1.506921076016138006e+00,-2.129667682709239784e-01
1.231999999999975115e+00,4.690793048286785727e-02,-1.861738503721430127e-01,5.000306392424408441e-01,9.658326505008142659e-02,-6.202952218265783690e-01,1.471304704095255378e+00,-2.166891038395317715e-01
1.232999999999975005e+00,4.700680345852954051e-02,-1.867743123620573820e-01,5.014656145859927028e-01,9.887297566168221086e-02,-6.004619899108495362e-01,1.434975343514147017e+00,-2.204349202782420747e-01
1.233999999999974895e+00,4.710810759349839949e-02,-1.873544351574569222e-01,5.028635424414357180e-01,1.013041349688575954e-01,-5.801227953964699369e-01,1.397927855405438624e+00,-2.242018101726115376e-01
1.234999999999974785e+00,4.721198553198573122e-02,-1.879137086234979603e-01,5.042237000035636463e-01,1.038779384873320805e-01,-5.592734660384338641e-01,1.360157562091022232e+00,-2.279871881643220632e-01
1.235999999999974674e+00,4.731858101193716498e-02,-1.884516187702003354e-01,5.055453602865890295e-01,1.065954799514331891e-01,-5.379101467002068704e-01,1.321660282988915025e+00,-2.317882850004275852e-01
1.236999999999974564e+00,4.742803875533748575e-02,-1.889676480956616889e-01,5.068277926585602611e-01,1.094577434003183580e-01,-5.160293254596264312e-01,1.282432371935133819e+00,-2.356021417357188064e-01
1.237999999999974454e+00,4.754050435026610510e-02,-1.894612759565278970e-01,5.080702634145135566e-01,1.124655949286161027e-01,-4.936278608649898869e-01,1.242470755917548075e+00,-2.394256041515760991e-01
1.238999999999974344e+00,4.765612412436420753e-02,-1.899319789668722780e-01,5.092720363897523805e-01,1.156197740981036032e-01,-4.707030103436180557e-01,1.201772975203984961e+00,-2.432553174189093781e-01
1.239999999999974234e+00,4.777504500937591186e-02,-1.903792314266430641e-01,5.104323736146324508e-01,1.189208850117045857e-01,-4.472524597705805349e-01,1.160337224845428672e+00,-2.470877210710504812e-01
1.240999999999974124e+00,4.789741439642653670e-02,-1.908025057808351022e-01,5.115505360121880285e-01,1.223693870506245562e-01,-4.232743541922929786e-01,1.118162397521800688e+00,-2.509190443303612739e-01
1.241999999999974014e+00,4.802337998170444489e-02,-1.912012731105330043e-01,5.126257841399122217e-01,1.259655852779099361e-01,-3.987673296987283567e-01,1.075248127690892508e+00,-2.547453018498728738e-01
1.242999999999973904e+00,4.815308960221891671e-02,-1.915750036569617842e-01,5.136573789769353082e-01,1.297096205144692704e-01,-3.737305464301806657e-01,1.031594836990513908e+00,-2.585622899341775138e-01
1.243999999999973793e+00,4.828669106131314864e-02,-1.919231673796550908e-01,5.146445827577977861e-01,1.336014590942310176e-01,-3.481637226951954101e-01,9.872037808306508566e-01,-2.623655832972273672e-01
1.244999999999973683e+00,4.842433194362170956e-02,-1.922452345498251169e-01,5.155866598539322609e-01,1.376408823085603916e-01,-3.220671701724413527e-01,9.420770961033904101e-01,-2.661505324305890596e-01
1.245999999999973573e+00,4.856615941917475504e-02,-1.925406763799802634e-01,5.164828777038863450e-01,1.418274755530475884e-01,-2.954418301582127926e-01,8.962178499239962237e-01,-2.699122616547242615e-01
1.246999999999973463e+00,4.871232003636598307e-02,-1.928089656907874538e-01,5.173325077932171556e-01,1.461606171912269991e-01,-2.682893108107468616e-01,8.496300893013688516e-01,-2.736456679217917909e-01
1.247999999999973353e+00,4.886295950352002176e-02,-1.930495776161192667e-01,5.181348266848697648e-01,1.506394671540373653e-01,-2.406119253360351207e-01,8.023188916242013358e-01,-2.773454204533845058e-01
1.248999999999973243e+00,4.901822245881731765e-02,-1.932619903471605449e-01,5.188891171007289360e-01,1.552629552972952243e-01,-2.124127310460872109e-01,7.542904158319210239e-01,-2.810059612933377693e-01
1.249999999999973133e+00,4.917825222835889298e-02,-1.934456859163633802e-01,5.195946690548773894e-01,1.600297695415777710e-01,-1.836955692081598257e-01,7.055519541219030799e-01,-2.846215068520105973e-01
1.250999999999973022e+00,4.934319057218401056e-02,-1.936001510219522159e-01,5.202507810389330745e-01,1.649383438251146305e-01,-1.544651055947897644e-01,6.561119840304354689e-01,-2.881860505371669490e-01
1.251999999999972912e+00,4.951317741808596712e-02,-1.937248778935705129e-01,5.208567612596592955e-01,1.699868459019551192e-01,-1.247268716248177145e-01,6.059802207021367515e-01,-2.916933665457159819e-01
1.252999999999972802e+00,4.968835058310964309e-02,-1.938193651995407663e-01,5.214119289288298154e-01,1.751731650236771631e-01,-9.448730597739157799e-02,5.551676691478280024e-01,-2.951370149112051422e-01
1.253999999999972692e+00,4.986884548265671513e-02,-1.938831189960746604e-01,5.219156156051201201e-01,1.804948995470733453e-01,-6.375379654167528942e-02,5.036866762687071120e-01,-2.985103478910362540e-01
1.254999999999972582e+00,5.005479482717175438e-02,-1.939156537186161600e-01,5.223671665875448955e-01,1.859493445150368907e-01,-3.253472254983791334e-02,4.515509824044247056e-01,-3.018065177793838316e-01
1.255999999999972472e+00,5.024632830643472464e-02,-1.939164932153314980e-01,5.227659423597060817e-01,1.915334792629674321e-01,-8.394967243551543223e-04,3.987757721422567903e-01,-3.050184862304270439e-01
1.256999999999972362e+00,5.044357226154323748e-02,-1.938851718225749199e-01,5.231113200838263255e-01,1.972439551085120313e-01,3.132139274704323628e-02,3.453777241030309142e-01,-3.081390351750012968e-01
1.257999999999972252e+00,5.064664934473108587e-02,-1.938212354819507099e-01,5.234026951432396713e-01,2.030770831878468963e-01,6.393634061411473946e-02,2.913750593976041081e-01,-3.111607794087483114e-01
1.258999999999972141e+00,5.085567816723875201e-02,-1.937242428983713682e-01,5.236394827316797063e-01,2.090288225076684658e-01,9.699258356861507890e-02,2.367875884257191754e-01,-3.140761809273122651e-01
1.259999999999972031e+00,5.107077293552626102e-02,-1.935937667382654215e-01,5.238211194873595433e-01,2.150947682875087308e-01,1.304761600945923694e-01,1.816367556670680783e-01,-3.168775650752850837e-01
1.260999999999971921e+00,5.129204307619940340e-02,-1.934293948668261154e-01,5.239470651694630998e-01,2.212701406731439335e-01,1.643718714275120285e-01,1.259456820930018317e-01,-3.195571385716124979e-01
1.261999999999971811e+00,5.151959285010857675e-02,-1.932307316229080751e-01,5.240168043742787773e-01,2.275497739091721927e-01,1.986632439056328914e-01,6.973920480620979245e-02,-3.221070094696507624e-01
1.262999999999971701e+00,5.175352095617038323e-02,-1.929973991298743474e-01,5.240298482877779884e-01,2.339281060618094155e-01,2.333324930207686942e-01,1.304391349206204809e-02,-3.245192090818820319e-01
1.263999999999971591e+00,5.199392012556303122e-02,-1.927290386403730515e-01,5.239857364710349685e-01,2.403991693926513240e-01,2.683604894877906211e-01,-4.411181674848307921e-02,-3.267857159182794291e-01
1.264999999999971481e+00,5.224087670705085396e-02,-1.924253119126779488e-01,5.238840386743991440e-01,2.469565814878214860e-01,3.037267276812149475e-01,-1.016977966391032218e-01,-3.288984816463056404e-01
1.265999999999971370e+00,5.249447024430402980e-02,-1.920859026158621696e-01,5.237243566758901236e-01,2.535935372531773480e-01,3.394092968013212586e-01,-1.596819985103955508e-01,-3.308494590802828483e-01
1.266999999999971260e+00,5.275477304619641261e-02,-1.917105177606956701e-01,5.235063261387813416e-01,2.603028018923806419e-01,3.753848551517007803e-01,-2.180305371079946375e-01,-3.326306321914289654e-01
1.267999999999971150e+00,5.302184975118515164e-02,-1.912988891527508950e-01,5.232296184828534313e-01,2.670767049887387556e-01,4.116286079294829703e-01,-2.767076559249459500e-01,-3.342340481046042200e-01
1.268999999999971040e+00,5.329575688700300545e-02,-1.908507748637924550e-01,5.228939427632836034e-01,2.739071358178541971e-01,4.481142889427603415e-01,-3.356757195647289138e-01,-3.356518510400370303e-01
1.269999999999970930e+00,5.357654242702412223e-02,-1.903659607170886114e-01,5.224990475506249288e-01,2.807855400211169417e-01,4.848141466878581607e-01,-3.948952126513300964e-01,-3.368763181250340466e-01
1.270999999999970820e+00,5.386424534479771625e-02,-1.898442617818437705e-01,5.220447228048110677e-01,2.877029177735974108e-01,5.216989352284154835e-01,-4.543247458045192033e-01,-3.378998969850810496e-01
1.271999999999970710e+00,5.415889516838227197e-02,-1.892855238714992727e-01,5.215308017356014014e-01,2.946498235845561031e-01,5.587379103278691250e-01,-5.139210691976996426e-01,-3.387152450072266063e-01
1.272999999999970600e+00,5.446051153624971441e-02,-1.886896250401834396e-01,5.209571626413717071e-01,3.016163678674406712e-01,5.958988312989340619e-01,-5.736390942153416495e-01,-3.393152701212667210e-01
1.273999999999970489e+00,5.476910375666894232e-02,-1.880564770711370959e-01,5.203237307176429294e-01,3.085922204192266816e-01,6.331479690292709517e-01,-6.334319237121210922e-01,-3.396931729441190484e-01
1.274999999999970379e+00,5.508467037261757099e-02,-1.873860269504724341e-01,5.196304798262599833e-01,3.155666159486274491e-01,6.704501206473720831e-01,-6.932508913639459092e-01,-3.398424900937140336e-01
1.275999999999970269e+00,5.540719873440679705e-02,-1.866782583191660683e-01,5.188774342156560193e-01,3.225283617892281685e-01,7.077686312889579501e-01,-7.530456105825147350e-01,-3.397571384449733500e-01
1.276999999999970159e+00,5.573666458233815513e-02,-1.859331928957381197e-01,5.180646701821971511e-01,3.294658479313600785e-01,7.450654234103971651e-01,-8.127640334350315632e-01,-3.394314600852883501e-01
1.277999999999970049e+00,5.607303164184004179e-02,-1.851508918616373844e-01,5.171923176621922025e-01,3.363670595018874443e-01,7.823010340832938780e-01,-8.723525199785666651e-01,-3.388602676946295134e-01
1.278999999999969939e+00,5.641625123365315991e-02,-1.843314572009347174e-01,5.162605617437833194e-01,3.432195918131203394e-01,8.194346606851523607e-01,-9.317559183800325773e-01,-3.380388900417905518e-01
1.279999999999969829e+00,5.676626190174823006e-02,-1.834750329855460438e-01,5.152696440876092243e-01,3.500106680950706983e-01,8.564242153712718908e-01,-9.909176561429470231e-01,-3.369632172748815435e-01
1.280999999999969718e+00,5.712298906176031810e-02,-1.825818065968448367e-01,5.142198642448657653e-01,3.567271600120885955e-01,8.932263886838471834e-01,-1.049779842709652300e+00,-3.356297456399737200e-01
1.281999999999969608e+00,5.748634467281533988e-02,-1.816520098742196165e-01,5.131115808611887985e-01,3.633556110550201779e-01,9.297967226081189640e-01,-1.108283383641067266e+00,-3.340356212633537325e-01
1.282999999999969498e+00,5.785622693569715536e-02,-1.806859201808573567e-01,5.119452127546404441e-01,3.698822628818170255e-01,9.660896933452651769e-01,-1.166368106509990232e+00,-3.321786825831125611e-01
1.283999999999969388e+00,5.823252002036179847e-02,-1.796838613768313997e-01,5.107212398560389000e-01,3.762930846646440064e-01,1.002058804009249293e+00,-1.223972898560612865e+00,-3.300575010240560658e-01
1.284999999999969278e+00,5.861509382584108308e-02,-1.786462046894164712e-01,5.094402039998916498e-01,3.825738054792847120e-01,1.037656687398499367e+00,-1.281035856104238535e+00,-3.276714194708283401e-01
1.285999999999969168e+00,5.900380377559351353e-02,-1.775733694704835219e-01,5.081027095543231287e-01,3.887099497524285074e-01,1.072835218916895483e+00,-1.337494445523210507e+00,-3.250205881036514199e-01
1.286999999999969058e+00,5.939849065134970157e-02,-1.764658238308224603e-01,5.067094238786191696e-01,3.946868757561901586e-01,1.107545639645372004e+00,-1.393285675656612765e+00,-3.221059971361803775e-01
1.287999999999968948e+00,5.979898046846295057e-02,-1.753240851413314927e-01,5.052610775973390700e-01,4.004898171132494911e-01,1.141738689475783719e+00,-1.448346281230562749e+00,-3.189295060053716213e-01
1.288999999999968837e+00,6.020508439570847886e-02,-1.741487203911888382e-01,5.037584646804053046e-01,4.061039272455305715e-01,1.175364750127861013e+00,-1.502612916882261507e+00,-3.154938685553467792e-01
1.289999999999968727e+00,6.061659872237895597e-02,-1.729403463934075236e-01,5.022024423191471243e-01,4.115143266704763270e-01,1.208373997767015595e+00,-1.556022361204763449e+00,-3.118027537823291340e-01
1.290999999999968617e+00,6.103330487539136706e-02,-1.716996298285532740e-01,5.005939305889731683e-01,4.167061530124108182e-01,1.240716564840465441e+00,-1.608511730118638017e+00,-3.078607616962383275e-01
1.291999999999968507e+00,6.145496948895748379e-02,-1.704272871179110527e-01,4.989339118901730541e-01,4.216646135661151207e-01,1.272342710628998619e+00,-1.660018698742891763e+00,-3.036734339115838566e-01
1.292999999999968397e+00,6.188134452916701361e-02,-1.691240841179922627e-01,4.972234301593003725e-01,4.263750402095285441e-01,1.303202999906187598e+00,-1.710481730814051859e+00,-2.992472585684797792e-01
1.293999999999968287e+00,6.231216747559695929e-02,-1.677908356290130354e-01,4.954635898446748121e-01,4.308229464299443423e-01,1.333248488967215817e+00,-1.759840314565261465e+00,-2.945896692598886091e-01
1.294999999999968177e+00,6.274716156178418436e-02,-1.664284047108230136e-01,4.936555546407592754e-01,4.349940861872296227e-01,1.362430918178624495e+00,-1.808035203853988637e+00,-2.897090376460127459e-01
1.295999999999968066e+00,6.318603607608842820e-02,-1.650377018007422036e-01,4.918005459775012245e-01,4.388745143042427910e-01,1.390702910070022336e+00,-1.855008663195166774e+00,-2.846146595207468266e-01
1.296999999999967956e+00,6.362848672412352302e-02,-1.636196836288540679e-01,4.898998412621964338e-01,4.424506480350881565e-01,1.418018171877946321e+00,-1.900704715240848275e+00,-2.793167341184208396e-01
1.297999999999967846e+00,6.407419605355316183e-02,-1.621753519275166699e-01,4.879547718730026795e-01,4.457093294296345376e-01,1.444331701327893569e+00,-1.945069389128697868e+00,-2.738263365401554239e-01
1.298999999999967736e+00,6.452283394163109420e-02,-1.607057519331713813e-01,4.859667209049158276e-01,4.486378880779283151e-01,1.469599994336356241e+00,-1.988050968021003451e+00,-2.681553832250074265e-01
1.299999999999967626e+00,6.497405814541915015e-02,-1.592119706799556278e-01,4.839371206707881456e-01,4.512242037880613288e-01,1.493781253207344450e+00,-2.029600234060981556e+00,-2.623165904756934452e-01
1.300999999999967516e+00,6.542751491414329490e-02,-1.576951350861430234e-01,4.818674499618268992e-01,4.534567687241417011e-01,1.516835593804960469e+00,-2.069670708894029154e+00,-2.563234261246520873e-01
1.301999999999967406e+00,6.588283966265162661e-02,-1.561564098360331554e-01,4.797592310739194343e-01,4.553247485083346535e-01,1.538725250102703557e+00,-2.108218887839629296e+00,-2.501900545080584237e-01
1.302999999999967295e+00,6.633965770442250276e-02,-1.545969950615825039e-01,4.776140266080949881e-01,4.568180417708774810e-01,1.559414774444059182e+00,-2.145204465756410883e+00,-2.439312749900963695e-01
1.303999999999967185e+00,6.679758504204294511e-02,-1.530181238297826096e-01,4.754334360554108851e-01,4.579273376204366919e-01,1.578871231793811614e+00,-2.180590552615983224e+00,-2.375624543787839826e-01
1.304999999999967075e+00,6.725622921254180431e-02,-1.514210594435462243e-01,4.732190921785405235e-01,4.586441704988651336e-01,1.597064386230753197e+00,-2.214343876802017608e+00,-2.310994536457720017e-01
1.305999999999966965e+00,6.771519018442601068e-02,-1.498070925656236341e-01,4.709726572043004822e-01,4.589609718842124764e-01,1.613966877917438536e+00,-2.246434974171982901e+00,-2.245585494530981663e-01
1.306999999999966855e+00,6.817406130273793996e-02,-1.481775381768256350e-01,4.686958188432653882e-01,4.588711183119357773e-01,1.629554388793212905e+00,-2.276838360966900954e+00,-2.179563510658155678e-01
1.307999999999966745e+00,6.863243027793525242e-02,-1.465337323815521786e-01,4.663902861544699241e-01,4.583689751973072934e-01,1.643805795269045245e+00,-2.305532688728031410e+00,-2.113097133027999064e-01
1.308999999999966635e+00,6.908988021389951550e-02,-1.448770290752900425e-01,4.640577852749242505e-01,4.574499359642641427e-01,1.656703306258059616e+00,-2.332500879478320854e+00,-2.046356462536316201e-01
1.309999999999966525e+00,6.954599066991257184e-02,-1.432087964903259736e-01,4.617000550353017596e-01,4.561104560130515573e-01,1.668232584960281262e+00,-2.357730239555859253e+00,-1.979512225374850942e-01
1.310999999999966414e+00,7.000033875100922232e-02,-1.415304136374001820e-01,4.593188424845994766e-01,4.543480810966438188e-01,1.678382852922079893e+00,-2.381212550636411684e+00,-1.912734829454212360e-01
1.311999999999966304e+00,7.045250022072939433e-02,-1.398432666623719844e-01,4.569158983478717184e-01,4.521614697201729594e-01,1.687146975024814033e+00,-2.402944136662515717e+00,-1.846193413434189523e-01
1.312999999999966194e+00,7.090205062995599827e-02,-1.381487451381556708e-01,4.544929724422074879e-01,4.495504092266091045e-01,1.694521524212849517e+00,-2.422925905600003649e+00,-1.780054897338345654e-01
1.313999999999966084e+00,7.134856645524778607e-02,-1.364482383132092358e-01,4.520518090769808373e-01,4.465158252917876824e-01,1.700506824943180950e+00,-2.441163365163342647e+00,-1.714483044096315467e-01
1.314999999999965974e+00,7.179162623986155845e-02,-1.347431313386644181e-01,4.495941424650211626e-01,4.430597846137671603e-01,1.705106974541567677e+00,-2.457666611897350695e+00,-1.649637541206736557e-01
1.315999999999965864e+00,7.223081173051244808e-02,-1.330348014967989434e-01,4.471216921716991699e-01,4.391854906508950163e-01,1.708329841862066267e+00,-2.472450293260825660e+00,-1.585673111741368047e-01
1.316999999999965754e+00,7.266570900284764767e-02,-1.313246144539166327e-01,4.446361586290094037e-01,4.348972723351974268e-01,1.710187042878901664e+00,-2.485533542629628556e+00,-1.522738663605132103e-01
1.317999999999965643e+00,7.309590956861093669e-02,-1.296139205608319578e-01,4.421392187415337793e-01,4.302005657632941849e-01,1.710693893081010053e+00,-2.496939887416924186e+00,-1.460976485612341946e-01
1.318999999999965533e+00,7.352101145755560174e-02,-1.279040512240384730e-01,4.396325216106836131e-01,4.251018889446702143e-01,1.709869336789665573e+00,-2.506697130792710837e+00,-1.400521498438163093e-01
1.319999999999965423e+00,7.394062026732034498e-02,-1.261963153702603535e-01,4.371176844028585862e-01,4.196088097647499571e-01,1.707735853774132950e+00,-2.514837207768918503e+00,-1.341500567837048408e-01
1.320999999999965313e+00,7.435435017471821173e-02,-1.244919960264621595e-01,4.345962883861078097e-01,4.137299073978650266e-01,1.704319343793885499e+00,-2.521396016695905296e+00,-1.284031886802630140e-01
1.321999999999965203e+00,7.476182490219716870e-02,-1.227923470365109848e-01,4.320698751585684283e-01,4.074747274789530804e-01,1.699648989946475730e+00,-2.526413227486147939e+00,-1.228224432399880328e-01
1.322999999999965093e+00,7.516267863361218715e-02,-1.210985899345680683e-01,4.295399430903816818e-01,4.008537314150172337e-01,1.693757101937941822e+00,-2.529932068134532752e+00,-1.174177502138693541e-01
1.323999999999964983e+00,7.555655687389603581e-02,-1.194119109939408424e-01,4.270079439989890591e-01,3.938782402838476582e-01,1.686678940621875622e+00,-2.531999091342210573e+00,-1.121980333676315666e-01
1.324999999999964873e+00,7.594311724772320749e-02,-1.177334584685717500e-01,4.244752800756750877e-01,3.865603738271782275e-01,1.678452525363274050e+00,-2.532663923264791173e+00,-1.071711810525286523e-01
1.325999999999964762e+00,7.632203023282319032e-02,-1.160643400425954985e-01,4.219433010790367700e-01,3.789129850999837790e-01,1.669118425969941200e+00,-2.531978996590611430e+00,-1.023440255408409882e-01
1.326999999999964652e+00,7.669297982420456017e-02,-1.144056205014870875e-01,4.194133018086768083e-01,3.709495913813667944e-01,1.658719541101696171e+00,-2.529999270313676440e+00,-9.772233116466821912e-02
1.327999999999964542e+00,7.705566412619530015e-02,-1.127583196362790668e-01,4.168865198699445718e-01,3.626843019907372567e-01,1.647300865200775455e+00,-2.526781938687239659e+00,-9.331079119940000055e-02
1.328999999999964432e+00,7.740979586987385697e-02,-1.111234103901724973e-01,4.143641337379646017e-01,3.541317436785587081e-01,1.634909246098870783e+00,-2.522386131936357856e+00,-8.911303330808628687e-02
1.329999999999964322e+00,7.775510285415247747e-02,-1.095018172546353835e-01,4.118472611265633354e-01,3.453069842786227750e-01,1.621593135528885510e+00,-2.516872611359073808e+00,-8.513163326812644982e-02
1.330999999999964212e+00,7.809132830946917403e-02,-1.078944149198119706e-01,4.093369576650592312e-01,3.362254553166994508e-01,1.607402334814601375e+00,-2.510303461463311514e+00,-8.136813660341246646e-02
1.331999999999964102e+00,7.841823118373594803e-02,-1.063020271817783496e-01,4.068342158832514710e-01,3.269028742667798859e-01,1.592387738024388932e+00,-2.502741781768363261e+00,-7.782308764858214545e-02
1.332999999999963991e+00,7.873558635087024582e-02,-1.047254261069162640e-01,4.043399645023688094e-01,3.173551671343041725e-01,1.576601074852224560e+00,-2.494251380844275001e+00,-7.449606549984011394e-02
1.333999999999963881e+00,7.904318474289429020e-02,-1.031653314514675429e-01,4.018550680272577891e-01,3.075983920240448755e-01,1.560094655438337474e+00,-2.484896475074139133e+00,-7.138572623462913214e-02
1.334999999999963771e+00,7.934083340721451161e-02,-1.016224103321963779e-01,3.993803266327170531e-01,2.976486643202256310e-01,1.542921119260308727e+00,-2.474741394505027614e+00,-6.848985072723046130e-02
1.335999999999963661e+00,7.962835549128234602e-02,-1.000972771420680363e-01,3.969164763346774705e-01,2.875220840678400780e-01,1.525133190116892301e+00,-2.463850298005005879e+00,-6.580539734056767287e-02
1.336999999999963551e+00,7.990559015738218918e-02,-9.859049370296393833e-02,3.944641894348746014e-01,2.772346660998465939e-01,1.506783439092161725e+00,-2.452286899769388739e+00,-6.332855874907572513e-02
1.337999999999963441e+00,8.017239243078580491e-02,-9.710256964571721550e-02,3.920240752258170591e-01,2.668022734036151200e-01,1.487924057234236042e+00,-2.440114209025147307e+00,-6.105482212400570319e-02
1.338999999999963331e+00,8.042863298495013524e-02,-9.563396300619524115e-02,3.895966809412160781e-01,2.562405541643372198e-01,1.468606639509028255e+00,-2.427394284569682981e+00,-5.897903190953002195e-02
1.339999999999963221e+00,8.067419786781380997e-02,-9.418508102477977928e-02,3.871824929356313949e-01,2.455648828636688152e-01,1.448881981402044161e+00,-2.414188005554256389e+00,-5.709545442399122095e-02
1.340999999999963110e+00,8.090898817356499684e-02,-9.275628113542312703e-02,3.847819380759149865e-01,2.347903057511889491e-01,1.428799889342759366e+00,-2.400554859687040299e+00,-5.539784354372478958e-02
1.341999999999963000e+00,8.113291966450621173e-02,-9.134787212948439206e-02,3.823953853260925739e-01,2.239314909412155885e-01,1.408409005924360136e+00,-2.386552749793922068e+00,-5.387950674185049138e-02
1.342999999999962890e+00,8.134592234783294407e-02,-8.996011547879100012e-02,3.800231475066335740e-01,2.130026833267329722e-01,1.387756650678627413e+00,-2.372237819431370465e+00,-5.253337081247888563e-02
1.343999999999962780e+00,8.154794001227068379e-02,-8.859322680181115628e-02,3.776654832085936109e-01,2.020176644377392750e-01,1.366888676964709726e+00,-2.357664298013109061e+00,-5.135204663472592301e-02
1.344999999999962670e+00,8.173892972958315961e-02,-8.724737745647340170e-02,3.753225988428876003e-01,1.909897173124707470e-01,1.345849345322226220e+00,-2.342884365679867020e+00,-5.032789240145874032e-02
1.345999999999962560e+00,8.191886132597468728e-02,-8.592269624301074327e-02,3.729946508049383769e-01,1.799315963915212313e-01,1.324681213446766925e+00,-2.327948037924006730e+00,-4.945307478318206051e-02
1.346999999999962450e+00,8.208771682836578376e-02,-8.461927120023651772e-02,3.706817477351395107e-01,1.688555023910940645e-01,1.303425042758027619e+00,-2.312903069774205456e+00,-4.871962756482606238e-02
1.347999999999962339e+00,8.224548989042666791e-02,-8.333715147886223973e-02,3.683839528559602616e-01,1.577730620608901457e-01,1.282119721357751985e+00,-2.297794879155234948e+00,-4.811950735172132454e-02
1.348999999999962229e+00,8.239218520311526739e-02,-8.207634927583257189e-02,3.661012863670733974e-01,1.466953126885953973e-01,1.260802203012894029e+00,-2.282666488863311915e+00,-4.764464601695372892e-02
1.349999999999962119e+00,8.252781789428485781e-02,-8.083684181415544401e-02,3.638337278806036412e-01,1.356326911695959203e-01,1.239507461660104948e+00,-2.267558486446925148e+00,-4.728699960528093271e-02
1.350999999999962009e+00,8.265241292171425502e-02,-7.961857335334550367e-02,3.615812188794372828e-01,1.245950274293946003e-01,1.218268460792743868e+00,-2.252509001143733869e+00,-4.703859350381733861e-02
1.351999999999961899e+00,8.276600446366697006e-02,-7.842145721633667077e-02,3.593436651824988282e-01,1.135915419527182973e-01,1.197116136991430935e+00,-2.237553696916454005e+00,-4.689156371427127823e-02
1.352999999999961789e+00,8.286863531081904710e-02,-7.724537781956102023e-02,3.571209394019448369e-01,1.026308471520718663e-01,1.176079396758053619e+00,-2.222725780532477824e+00,-4.683819415277312714e-02
1.353999999999961679e+00,8.296035626310716005e-02,-7.609019269379752037e-02,3.549128833783611325e-01,9.172095228810937806e-02,1.155185125745768815e+00,-2.208056023562396497e+00,-4.687094993455964698e-02
1.354999999999961569e+00,8.304122553474826973e-02,-7.495573448436206043e-02,3.527193105812214124e-01,8.086927164110357946e-02,1.134458209417660068e+00,-2.193572797118853224e+00,-4.698250666206060799e-02
1.355999999999961458e+00,8.311130817037203078e-02,-7.384181292021629872e-02,3.505400084630779234e-01,7.008263562376784717e-02,1.113921564127841712e+00,-2.179302118122858456e+00,-4.716577577529168508e-02
1.356999999999961348e+00,8.317067547489363777e-02,-7.274821674260405213e-02,3.483747407571892718e-01,5.936730452160885602e-02,1.093596177594295060e+00,-2.165267705868262560e+00,-4.741392606534855503e-02
1.357999999999961238e+00,8.321940445944137066e-02,-7.167471558486246397e-02,3.462232497095142914e-01,4.872898454773841315e-02,1.073501157723575128e+00,-2.151491047654765509e+00,-4.772040148861833586e-02
1.358999999999961128e+00,8.325757730534269485e-02,-7.062106179609083101e-02,3.440852582372186386e-01,3.817284590132956346e-02,1.053653788753601050e+00,-2.137991472275821536e+00,-4.807893543892127752e-02
1.359999999999961018e+00,8.328528084787072128e-02,-6.958699220237972438e-02,3.419604720070259507e-01,2.770354252802027101e-02,1.034069593693166977e+00,-2.124786230172893475e+00,-4.848356167496969960e-02
1.360999999999960908e+00,8.330260608116024645e-02,-6.857222980029348269e-02,3.398485814278971451e-01,1.732523328952314395e-02,1.014762402068282166e+00,-2.111890579108991695e+00,-4.892862210464787864e-02
1.361999999999960798e+00,8.330964768542351018e-02,-6.757648537825648727e-02,3.377492635536151755e-01,7.041604263268315053e-03,9.957444220191427053e-01,-2.099317874262426997e+00,-4.940877165274049077e-02
1.362999999999960687e+00,8.330650357733025702e-02,-6.659945906240104241e-02,3.356621838918962264e-01,-3.144108093246635732e-03,9.770263158376543133e-01,-2.087079661699441147e+00,-4.991898044008014068e-02
1.363999999999960577e+00,8.329327448416845581e-02,-6.564084178429949179e-02,3.335869981176301513e-01,-1.322909316179532967e-02,9.586172780838503327e-01,-2.075185774246751880e+00,-5.045453351517981133e-02
1.364999999999960467e+00,8.327006354217178496e-02,-6.470031666880575461e-02,3.315233536887570165e-01,-2.321094199667005087e-02,9.405251154761841148e-01,-2.063644428853704138e+00,-5.101102838073234835e-02
1.365999999999960357e+00,8.323697591918678695e-02,-6.377756034097659121e-02,3.294708913641301029e-01,-3.308762298500379090e-02,9.227563278117199008e-01,-2.052462324607454036e+00,-5.158437054755804496e-02
1.366999999999960247e+00,8.319411846165974955e-02,-6.287224415172922021e-02,3.274292466234749455e-01,-4.285745752703459810e-02,9.053161892301336833e-01,-2.041644740635714772e+00,-5.217076735755288297e-02
1.367999999999960137e+00,8.314159936574880283e-02,-6.198403532251017117e-02,3.253980509902471008e-01,-5.251909591094382906e-02,8.882088292018462949e-01,-2.031195633208523699e+00,-5.276672029918749729e-02
1.368999999999960027e+00,8.307952787221152546e-02,-6.111259800981154455e-02,3.233769332588036782e-01,-6.207149353727059449e-02,8.714373126817104298e-01,-2.021117731423839547e+00,-5.336901603801003091e-02
1.369999999999959917e+00,8.300801398458224067e-02,-6.025759429086081226e-02,3.213655206278481780e-01,-7.151388762928084786e-02,8.550037189339347865e-01,-2.011412630936037615e+00,-5.397471637023798507e-02
1.370999999999959806e+00,8.292716821003419392e-02,-5.941868507224896956e-02,3.193634397425704763e-01,-8.084577454804664498e-02,8.389092185952995440e-01,-2.002080885257940146e+00,-5.458114729428586998e-02
1.371999999999959696e+00,8.283710132222164846e-02,-5.859553092363096322e-02,3.173703176483163024e-01,-9.006688781254974796e-02,8.231541486016382692e-01,-1.993122094234361708e+00,-5.518588738892571399e-02
1.372999999999959586e+00,8.273792414531204453e-02,-5.778779283895250918e-02,3.153857826589439028e-01,-9.917717690960554944e-02,8.077380846623046784e-01,-1.984534989352675804e+00,-5.578675566350277393e-02
1.373999999999959476e+00,8.262974735835043605e-02,-5.699513292791803104e-02,3.134094651433081413e-01,-1.081767869616126615e-01,7.926599110185492680e-01,-1.976317515615774623e+00,-5.638179904239404294e-02
1.374999999999959366e+00,8.251268131904403169e-02,-5.621721504062679453e-02,3.114409982335257232e-01,-1.170660393064029831e-01,7.779178872755174723e-01,-1.968466909762416339e+00,-5.696927962166320469e-02
1.375999999999959256e+00,8.238683590601397766e-02,-5.545370532846861239e-02,3.094800184588331615e-01,-1.258454130300583895e-01,7.635097121427425471e-01,-1.960979774672303222e+00,-5.754766182665260743e-02
1.376999999999959146e+00,8.225232037853412448e-02,-5.470427274449202876e-02,3.075261663089711162e-01,-1.345155274798514322e-01,7.494325839613384943e-01,-1.953852149841813102e+00,-5.811559959062151393e-02
1.377999999999959035e+00,8.210924325275892333e-02,-5.396858948653767557e-02,3.055790867310873016e-01,-1.430771257752076198e-01,7.356832579393584037e-01,-1.947079577863328526e+00,-5.867192364637574542e-02
1.378999999999958925e+00,8.195771219343633840e-02,-5.324633138647480446e-02,3.036384295641881836e-01,-1.515310593225877855e-01,7.222581000481348434e-01,-1.940657166878539286e+00,-5.921562902814603291e-02
1.379999999999958815e+00,8.179783392010370191e-02,-5.253717824889097415e-02,3.017038499151530329e-01,-1.598782733326312433e-01,7.091531375692955441e-01,-1.934579649014280811e+00,-5.974586285234462224e-02
1.380999999999958705e+00,8.162971412677431926e-02,-5.184081414256920539e-02,2.997750084802928150e-01,-1.681197933293792079e-01,6.963641063075117765e-01,-1.928841434839486002e+00,-6.026191244487844045e-02
1.381999999999958595e+00,8.145345741414034002e-02,-5.115692764804450482e-02,2.978515718163618486e-01,-1.762567126339821544e-01,6.838864945106610804e-01,-1.923436663909852129e+00,-6.076319387013828788e-02
1.382999999999958485e+00,8.126916723333951764e-02,-5.048521206446848764e-02,2.959332125648490019e-01,-1.842901808008253484e-01,6.717155835622569127e-01,-1.918359251491617457e+00,-6.124924089851102593e-02
1.383999999999958375e+00,8.107694584036186092e-02,-4.982536557892873474e-02,2.940196096332537423e-01,-1.922213929776498131e-01,6.598464855262146100e-01,-1.913602931573752386e+00,-6.171969445322877945e-02
1.384999999999958264e+00,8.087689426020402972e-02,-4.917709140127268785e-02,2.921104483369363347e-01,-2.000515801578293118e-01,6.482741776427922709e-01,-1.909161296295944332e+00,-6.217429255829509671e-02
1.385999999999958154e+00,8.066911225991464651e-02,-4.854009786737374654e-02,2.902054205049817703e-01,-2.077820002893898954e-01,6.369935338859143981e-01,-1.905027831932827542e+00,-6.261286080686767619e-02
1.386999999999958044e+00,8.045369832971152602e-02,-4.791409851365795169e-02,2.883042245533741776e-01,-2.154139302031136127e-01,6.259993537029557853e-01,-1.901195951585638921e+00,-6.303530335959672826e-02
1.387999999999957934e+00,8.023074967139155744e-02,-4.729881212558050690e-02,2.864065655286126555e-01,-2.229486583199635219e-01,6.152863880648827832e-01,-1.897659024739373645e+00,-6.344159447907937732e-02
1.388999999999957824e+00,8.000036219329531573e-02,-4.669396276260710105e-02,2.845121551247406511e-01,-2.303874780962366642e-01,6.048493629611177980e-01,-1.894410403849740465e+00,-6.383177060209499487e-02
1.389999999999957714e+00,7.976263051113034741e-02,-4.609927976211656425e-02,2.826207116765902527e-01,-2.377316821649708978e-01,5.946830004783998369e-01,-1.891443448128069083e+00,-6.420592294046123527e-02
1.390999999999957604e+00,7.951764795399887675e-02,-4.551449772450173736e-02,2.807319601318749580e-01,-2.449825571314677430e-01,5.847820376029549960e-01,-1.888751544692668372e+00,-6.456419060380857999e-02
1.391999999999957494e+00,7.926550657501865715e-02,-4.493935648160356927e-02,2.788456320045973880e-01,-2.521413789802192662e-01,5.751412428865342319e-01,-1.886328127254841558e+00,-6.490675423453007298e-02
1.392999999999957383e+00,7.900629716596639651e-02,-4.437360105047419290e-02,2.769614653120670011e-01,-2.592094090522647498e-01,5.657554311179400219e-01,-1.884166692507513341e+00,-6.523383013409578268e-02
1.393999999999957273e+00,7.874010927541481852e-02,-4.381698157432619561e-02,2.750792044976642092e-01,-2.661878905515817073e-01,5.566194761367700972e-01,-1.882260814379747238e+00,-6.554566486912305479e-02
1.394999999999957163e+00,7.846703122987408463e-02,-4.326925325238932529e-02,2.731986003413234831e-01,-2.730780455407312846e-01,5.477283219258675118e-01,-1.880604156317478903e+00,-6.584253033483555839e-02
1.395999999999957053e+00,7.818715015748677055e-02,-4.273017626026433952e-02,2.713194098595542170e-01,-2.798810723873204065e-01,5.390769921141960186e-01,-1.879190481745886432e+00,-6.612471925524054939e-02
1.396999999999956943e+00,7.790055201386307526e-02,-4.219951566223661271e-02,2.694413961966680149e-01,-2.865981436237005631e-01,5.306605980171237302e-01,-1.878013662862618061e+00,-6.639254110091163952e-02
1.397999999999956833e+00,7.760732160967867554e-02,-4.167704131688865221e-02,2.675643285087384027e-01,-2.932304041844021603e-01,5.224743453375553237e-01,-1.877067687905785931e+00,-6.664631839949386460e-02
1.398999999999956723e+00,7.730754263969161211e-02,-4.116252777723347633e-02,2.656879818416810202e-01,-2.997789699870619384e-01,5.145135396449503906e-01,-1.876346667033673921e+00,-6.688638341824004740e-02
1.399999999999956612e+00,7.700129771286663705e-02,-4.065575418647903588e-02,2.638121370047105674e-01,-3.062449268249683998e-01,5.067735907444361754e-01,-1.875844836946379379e+00,-6.711307519303000291e-02
1.400999999999956502e+00,7.668866838332677460e-02,-4.015650417042818110e-02,2.619365804403144260e-01,-3.126293295398674954e-01,4.992500160410159316e-01,-1.875556564371936297e+00,-6.732673688680002044e-02
1.401999999999956392e+00,7.636973518187976928e-02,-3.966456572741775682e-02,2.600611040917562566e-01,-3.189332014470024346e-01,4.919384430007914255e-01,-1.875476348533781756e+00,-6.752771344788666141e-02
1.402999999999956282e+00,7.604457764789467056e-02,-3.917973111660660174e-02,2.581855052690242291e-01,-3.251575339851041080e-01,4.848346108016784450e-01,-1.875598822707632340e+00,-6.771634955177452397e-02
1.403999999999956172e+00,7.571327436132876954e-02,-3.870179674533493624e-02,2.563095865140302965e-01,-3.313032865658943615e-01,4.779343712623306817e-01,-1.875918754969381874e+00,-6.789298780417762913e-02
1.404999999999956062e+00,7.537590297472865353e-02,-3.823056305619363521e-02,2.544331554657763839e-01,-3.373713866001153416e-01,4.712336891321489141e-01,-1.876431048229189269e+00,-6.805796718188172889e-02
1.405999999999955952e+00,7.503254024505062736e-02,-3.776583441436703881e-02,2.525560247261125491e-01,-3.433627296780253912e-01,4.647286418176735934e-01,-1.877130739638795731e+00,-6.821162169544470188e-02
1.406999999999955842e+00,7.468326206516616439e-02,-3.730741899574135934e-02,2.506780117266341201e-01,-3.492781798844581953e-01,4.584154186168369893e-01,-1.878012999453397613e+00,-6.835427925231662982e-02
1.407999999999955731e+00,7.432814349493616080e-02,-3.685512867620673733e-02,2.487989385971863809e-01,-3.551185702300089786e-01,4.522903195259575515e-01,-1.879073129422530686e+00,-6.848626070330254834e-02
1.408999999999955621e+00,7.396725879175490570e-02,-3.640877892251893899e-02,2.469186320363829790e-01,-3.608847031812493777e-01,4.463497536792495057e-01,-1.880306560778051361e+00,-6.860787905608001225e-02
1.409999999999955511e+00,7.360068144048015348e-02,-3.596818868503427746e-02,2.450369231844753415e-01,-3.665773512747538265e-01,4.405902374762803997e-01,-1.881708851882172739e+00,-6.871943883784981111e-02
1.410999999999955401e+00,7.322848418267927095e-02,-3.553318029257933330e-02,2.431536474988579832e-01,-3.721972578008787558e-01,4.350083924467298968e-01,-1.883275685591816684e+00,-6.882123559330866058e-02
1.411999999999955291e+00,7.285073904513478249e-02,-3.510357934967332783e-02,2.412686446324414369e-01,-3.777451375444870196e-01,4.296009428978998512e-01,-1.885002866390693477e+00,-6.891355550403233110e-02
1.412999999999955181e+00,7.246751736756364137e-02,-3.467921463627908485e-02,2.393817583150798789e-01,-3.832216775711412837e-01,4.243647133862840093e-01,-1.886886317335700891e+00,-6.899667511559259836e-02
1.413999999999955071e+00,7.207888982951485279e-02,-3.425991801022106736e-02,2.374928362381945046e-01,-3.886275380487944631e-01,4.192966260501799769e-01,-1.888922076859327559e+00,-6.907086115888283473e-02
1.414999999999954960e+00,7.168492647641967752e-02,-3.384552431237765335e-02,2.356017299427035083e-01,-3.939633530951736629e-01,4.143936978356949075e-01,-1.891106295464798137e+00,-6.913637045840737017e-02
1.415999999999954850e+00,7.128569674477618079e-02,-3.343587127472291698e-02,2.337082947103292785e-01,-3.992297316434921806e-01,4.096530376471398394e-01,-1.893435232347898678e+00,-6.919344991052955862e-02
1.416999999999954740e+00,7.088126948645780134e-02,-3.303079943126929069e-02,2.318123894583290490e-01,-4.044272583183832759e-01,4.050718434461576534e-01,-1.895905251973824424e+00,-6.924233653006206524e-02
1.417999999999954630e+00,7.047171299214120832e-02,-3.263015203193721236e-02,2.299138766376667697e-01,-4.095564943165930782e-01,4.006473993247048893e-01,-1.898512820635705145e+00,-6.928325754790609636e-02
1.418999999999954520e+00,7.005709501385497251e-02,-3.223377495935977888e-02,2.280126221346235604e-01,-4.146179782862381424e-01,3.963770725701744602e-01,-1.901254503016452269e+00,-6.931643055935765574e-02
1.419999999999954410e+00,6.963748278665499170e-02,-3.184151664861088055e-02,2.261084951758229045e-01,-4.196122271999873643e-01,3.922583107417407788e-01,-1.904126958773904921e+00,-6.934206371129292279e-02
1.420999999999954300e+00,6.921294304943691189e-02,-3.145322800983090666e-02,2.242013682366297000e-01,-4.245397372180846896e-01,3.882886387729196365e-01,-1.907126939166227775e+00,-6.936035592263678495e-02
1.421999999999954190e+00,6.878354206489885325e-02,-3.106876235371068898e-02,2.222911169528709596e-01,-4.294009845380608592e-01,3.844656561132600014e-01,-1.910251283731626559e+00,-6.937149713083368141e-02
1.422999999999954079e+00,6.834934563867155199e-02,-3.068797531978452106e-02,2.203776200358100179e-01,-4.341964262272995922e-01,3.807870339193366593e-01,-1.913496917033774336e+00,-6.937566856442423102e-02
1.423999999999953969e+00,6.791041913763468107e-02,-3.031072480747139600e-02,2.184607591902985868e-01,-4.389265010368750830e-01,3.772505123063869537e-01,-1.916860845484088971e+00,-6.937304302866298400e-02
1.424999999999953859e+00,6.746682750744041612e-02,-2.993687090979834514e-02,2.165404190360228076e-01,-4.435916301942715023e-01,3.738538976663736135e-01,-1.920340154248336262e+00,-6.936378520641994783e-02
1.425999999999953749e+00,6.701863528926707558e-02,-2.956627584973249220e-02,2.146164870317515128e-01,-4.481922181733410948e-01,3.705950600592580191e-01,-1.923932004243763982e+00,-6.934805196841331565e-02
1.426999999999953639e+00,6.656590663582660772e-02,-2.919880391904325356e-02,2.126888534024912458e-01,-4.527286534404734164e-01,3.674719306827467502e-01,-1.927633629232477164e+00,-6.932599268849370944e-02
1.427999999999953529e+00,6.610870532665073795e-02,-2.883432141961324649e-02,2.107574110694492298e-01,-4.572013091758756476e-01,3.644824994235803528e-01,-1.931442333014185664e+00,-6.929774956294787458e-02
1.428999999999953419e+00,6.564709478268104803e-02,-2.847269660711332709e-02,2.088220555827000058e-01,-4.616105439696959745e-01,3.616248124935890207e-01,-1.935355486721267448e+00,-6.926345792876542617e-02
1.429999999999953308e+00,6.518113808018902167e-02,-2.811379963695577813e-02,2.068826850564549347e-01,-4.659567024920268086e-01,3.588969701512895738e-01,-1.939370526216964929e+00,-6.922324658299539024e-02
1.430999999999953198e+00,6.471089796405174455e-02,-2.775750251243808836e-02,2.049392001068283398e-01,-4.702401161372740113e-01,3.562971245115114094e-01,-1.943484949598347722e+00,-6.917723809545539559e-02
1.431999999999953088e+00,6.423643686040925171e-02,-2.740367903499021929e-02,2.029915037919968746e-01,-4.744611036424911110e-01,3.538234774417655659e-01,-1.947696314803101014e+00,-6.912554911860091522e-02
1.432999999999952978e+00,6.375781688872909914e-02,-2.705220475643819317e-02,2.010395015546488362e-01,-4.786199716801503024e-01,3.514742785459588625e-01,-1.952002237319627742e+00,-6.906829068953812545e-02
1.433999999999952868e+00,6.327509987330352803e-02,-2.670295693319819225e-02,1.990831011666212846e-01,-4.827170154255684964e-01,3.492478232340254229e-01,-1.956400387998984858e+00,-6.900556852518890949e-02
1.434999999999952758e+00,6.278834735420418811e-02,-2.635581448231585563e-02,1.971222126756257687e-01,-4.867525190993414741e-01,3.471424508764149874e-01,-1.960888490966827602e+00,-6.893748330931437351e-02
1.435999999999952648e+00,6.229762059771846994e-02,-2.601065793926799277e-02,1.951567483539635162e-01,-4.907267564857175079e-01,3.451565430420178160e-01,-1.965464321633319411e+00,-6.886413096873789108e-02
1.436999999999952538e+00,6.180298060629131618e-02,-2.566736941744553191e-02,1.931866226491366356e-01,-4.946399914271572551e-01,3.432885218166559227e-01,-1.970125704797931476e+00,-6.878560294176372381e-02
1.437999999999952427e+00,6.130448812799546565e-02,-2.532583256923900961e-02,1.912117521362610151e-01,-4.984924782958538581e-01,3.415368482007685169e-01,-1.974870512846629067e+00,-6.870198643587155374e-02
1.438999999999952317e+00,6.080220366555211947e-02,-2.498593254864955870e-02,1.892320554721932113e-01,-5.022844624433489003e-01,3.399000205837540145e-01,-1.979696664038546938e+00,-6.861336467344236745e-02
1.439999999999952207e+00,6.029618748492356073e-02,-2.464755597535244272e-02,1.872474533512855643e-01,-5.060161806285597974e-01,3.383765732914595370e-01,-1.984602120878335985e+00,-6.851981712919386069e-02
1.440999999999952097e+00,5.978649962349845415e-02,-2.431059090014175278e-02,1.852578684626849104e-01,-5.096878614251093564e-01,3.369650752051099873e-01,-1.989584888571223953e+00,-6.842141975635618323e-02
1.441999999999951987e+00,5.927319989788921301e-02,-2.397492677168730491e-02,1.832632254490976220e-01,-5.132997256092428628e-01,3.356641284488871557e-01,-1.994643013557727329e+00,-6.831824520031060111e-02
1.442999999999951877e+00,5.875634791136066098e-02,-2.364045440453958757e-02,1.812634508669441202e-01,-5.168519865285511328e-01,3.344723671422166200e-01,-1.999774582123829525e+00,-6.821036300465777025e-02
1.443999999999951767e+00,5.823600306090771089e-02,-2.330706594831889744e-02,1.792584731478306659e-01,-5.203448504529508689e-01,3.333884562152207298e-01,-2.004977719083655963e+00,-6.809783980396155734e-02
1.444999999999951656e+00,5.771222454399958790e-02,-2.297465485803017529e-02,1.772482225612698192e-01,-5.237785169081220493e-01,3.324110902832874137e-01,-2.010250586530961225e+00,-6.798073950934235832e-02
1.445999999999951546e+00,5.718507136500661919e-02,-2.264311586544554347e-02,1.752326311785833146e-01,-5.271531789929719825e-01,3.315389925792588954e-01,-2.015591382656440889e+00,-6.785912348058609211e-02
1.446999999999951436e+00,5.665460234132534828e-02,-2.231234495150136166e-02,1.732116328379262882e-01,-5.304690236812688031e-01,3.307709139388196329e-01,-2.020998340626896539e+00,-6.773305069188650940e-02
1.447999999999951326e+00,5.612087610921655256e-02,-2.198223931965821026e-02,1.711851631103725457e-01,-5.337262321087959949e-01,3.301056318378201571e-01,-2.026469727523507736e+00,-6.760257788545120938e-02
1.448999999999951216e+00,5.558395112937004195e-02,-2.165269737017527091e-02,1.691531592670065254e-01,-5.369249798465094425e-01,3.295419494776541391e-01,-2.032003843335643545e+00,-6.746775971767537960e-02
1.449999999999951106e+00,5.504388569220977634e-02,-2.132361867525332452e-02,1.671155602469688584e-01,-5.400654371602623405e-01,3.290786949166866204e-01,-2.037599020007192507e+00,-6.732864889712741885e-02
1.450999999999950996e+00,5.450073792295115349e-02,-2.099490395500234682e-02,1.650723066264052075e-01,-5.431477692586194062e-01,3.287147202457536554e-01,-2.043253620532965442e+00,-6.718529631069380947e-02
1.451999999999950886e+00,5.395456578642271461e-02,-2.066645505419376083e-02,1.630233405882732800e-01,-5.461721365284417651e-01,3.284489008033898427e-01,-2.048966038101156961e+00,-6.703775114657051226e-02
1.452999999999950775e+00,5.340542709166291868e-02,-2.033817491975781558e-02,1.609686058929624408e-01,-5.491386947597985957e-01,3.282801344307333391e-01,-2.054734695280084900e+00,-6.688606100515226416e-02
1.453999999999950665e+00,5.285337949630258131e-02,-2.000996757899065406e-02,1.589080478496854298e-01,-5.520475953603384278e-01,3.282073407619996441e-01,-2.060558043246050630e+00,-6.673027200539460857e-02
1.454999999999950555e+00,5.229848051074272031e-02,-1.968173811843617477e-02,1.568416132886045755e-01,-5.548989855598586152e-01,3.282294605493492057e-01,-2.066434561049793395e+00,-6.657042888332598274e-02
1.455999999999950445e+00,5.174078750213687711e-02,-1.935339266341106965e-02,1.547692505336539237e-01,-5.576930086058458080e-01,3.283454550199661481e-01,-2.072362754919412353e+00,-6.640657508323744018e-02
1.456999999999950335e+00,5.118035769818648356e-02,-1.902483835814307300e-02,1.526909093760256686e-01,-5.604298039503957662e-01,3.285543052628850935e-01,-2.078341157597031419e+00,-6.623875284340674519e-02
1.457999999999950225e+00,5.061724819075746201e-02,-1.869598334649395441e-02,1.506065410482870515e-01,-5.631095074290206615e-01,3.288550116440320803e-01,-2.084368327707122326e+00,-6.606700327587455845e-02
1.458999999999950115e+00,5.005151593932544857e-02,-1.836673675324105096e-02,1.485160981991009987e-01,-5.657322514320105578e-01,3.292465932478030322e-01,-2.090442849154574567e+00,-6.589136643989035313e-02
1.459999999999950004e+00,4.948321777425673806e-02,-1.803700866589285842e-02,1.464195348685190523e-01,-5.682981650687072284e-01,3.297280873431187587e-01,-2.096563330550307303e+00,-6.571188141069250754e-02
1.460999999999949894e+00,4.891241039993155654e-02,-1.770671011701518277e-02,1.443168064638246650e-01,-5.708073743251819154e-01,3.302985488726066787e-01,-2.102728404662625117e+00,-6.552858634303260210e-02
1.461999999999949784e+00,4.833915039771575356e-02,-1.737575306704676817e-02,1.422078697359002442e-01,-5.732600022158060860e-01,3.309570499633414098e-01,-2.108936727892580798e+00,-6.534151852976255448e-02
1.462999999999949674e+00,4.776349422878678475e-02,-1.704405038758413996e-02,1.400926827560966537e-01,-5.756561689289694250e-01,3.317026794575869131e-01,-2.115186979771610964e+00,-6.515071445664899485e-02
1.463999999999949564e+00,4.718549823681916083e-02,-1.671151584511655630e-02,1.379712048935846369e-01,-5.779959919676208591e-01,3.325345424624982504e-01,-2.121477862479971943e+00,-6.495620985166961070e-02
1.464999999999949454e+00,4.660521865053461610e-02,-1.637806408519459911e-02,1.358433967931681474e-01,-5.802795862845466779e-01,3.334517599169019020e-01,-2.127808100384291468e+00,-6.475803973249671941e-02
1.465999999999949344e+00,4.602271158612138841e-02,-1.604361061701464058e-02,1.337092203535426571e-01,-5.825070644132279707e-01,3.344534681749123939e-01,-2.134176439593179708e+00,-6.455623844780977727e-02
1.466999999999949233e+00,4.543803304952715588e-02,-1.570807179840539788e-02,1.315686387059810392e-01,-5.846785365942299695e-01,3.355388186041777798e-01,-2.140581647529246290e+00,-6.435083971710819917e-02
1.467999999999949123e+00,4.485123893862955763e-02,-1.537136482120185672e-02,1.294216161934320652e-01,-5.867941108975966991e-01,3.367069771984773086e-01,-2.147022512516472581e+00,-6.414187666629689311e-02
1.468999999999949013e+00,4.426238504528823281e-02,-1.503340769699350148e-02,1.272681183500176949e-01,-5.888538933413268728e-01,3.379571242033012624e-01,-2.153497843381744214e+00,-6.392938186118768407e-02
1.469999999999948903e+00,4.367152705728166717e-02,-1.469411924323443287e-02,1.251081118809152237e-01,-5.908579880065650825e-01,3.392884537539808676e-01,-2.160006469069716495e+00,-6.371338733646170205e-02
1.470999999999948793e+00,4.307872056013232337e-02,-1.435341906970472210e-02,1.229415646426128272e-01,-5.928064971493461899e-01,3.407001735246415475e-01,-2.166547238269586728e+00,-6.349392462399139347e-02
1.471999999999948683e+00,4.248402103882295555e-02,-1.401122756531162500e-02,1.207684456235268294e-01,-5.946995213093659860e-01,3.421915043880037199e-01,-2.173119019053062040e+00,-6.327102477736401553e-02
1.472999999999948573e+00,4.188748387940704337e-02,-1.366746588522163401e-02,1.185887249249709952e-01,-5.965371594159148971e-01,3.437616800848906085e-01,-2.179720698522795708e+00,-6.304471839457903570e-02
1.473999999999948463e+00,4.128916437051589894e-02,-1.332205593831379924e-02,1.164023737424676602e-01,-5.983195088911426041e-01,3.454099469027308578e-01,-2.186351182470153365e+00,-6.281503563868517936e-02
1.474999999999948352e+00,4.068911770476496548e-02,-1.297492037494606121e-02,1.142093643473925391e-01,-6.000466657509305746e-01,3.471355633626034276e-01,-2.193009395041872533e+00,-6.258200625598542288e-02
1.475999999999948242e+00,4.008739898006159763e-02,-1.262598257502699738e-02,1.120096700689445918e-01,-6.017187247033651820e-01,3.489377999139077202e-01,-2.199694278414625614e+00,-6.234565959320303996e-02
1.476999999999948132e+00,3.948406320081637721e-02,-1.227516663638529570e-02,1.098032652764339839e-01,-6.033357792452230806e-01,3.508159386365519161e-01,-2.206404792477123955e+00,-6.210602461170200428e-02
1.477999999999948022e+00,3.887916527906000452e-02,-1.192239736343058722e-02,1.075901253618816028e-01,-6.048979217563698052e-01,3.527692729495335300e-01,-2.213139914518858831e+00,-6.186312990130438116e-02
1.478999999999947912e+00,3.827276003546763866e-02,-1.156760025609942198e-02,1.053702267229228301e-01,-6.064052435923672491e-01,3.547971073259554853e-01,-2.219898638925086765e+00,-6.161700369178269021e-02
1.479999999999947802e+00,3.766490220029238001e-02,-1.121070149908048527e-02,1.031435467460115746e-01,-6.078578351752619291e-01,3.568987570137105436e-01,-2.226679976877509848e+00,-6.136767386364883059e-02
1.480999999999947692e+00,3.705564641420942135e-02,-1.085162795131352359e-02,1.009100637899174868e-01,-6.092557860829552752e-01,3.590735477617214011e-01,-2.233482956060220292e+00,-6.111516795636506849e-02
1.481999999999947581e+00,3.644504722907258160e-02,-1.049030713575754316e-02,9.866975716951331687e-02,-6.105991851368415269e-01,3.613208155507159347e-01,-2.240306620370199564e+00,-6.085951317730975418e-02
1.482999999999947471e+00,3.583315910858428377e-02,-1.012666722942315647e-02,9.642260713984700249e-02,-6.118881204882957725e-01,3.636399063290950417e-01,-2.247150029632293933e+00,-6.060073640727603461e-02
1.483999999999947361e+00,3.522003642888067720e-02,-9.760637053665303930e-03,9.416859488049482418e-02,-6.131226797036044562e-01,3.660301757525342703e-01,-2.254012259317971445e+00,-6.033886420735545819e-02
1.484999999999947251e+00,3.460573347903278529e-02,-9.392146064731911326e-03,9.190770248019287936e-02,-6.143029498478917994e-01,3.684909889280326700e-01,-2.260892400267735525e+00,-6.007392282249512938e-02
1.485999999999947141e+00,3.399030446146503875e-02,-9.021124344565326081e-03,8.963991292174182390e-02,-6.154290175677444852e-01,3.710217201611948346e-01,-2.267789558416726248e+00,-5.980593818606938505e-02
1.486999999999947031e+00,3.337380349229218668e-02,-8.647502591852753925e-03,8.736521006718418747e-02,-6.165009691728524643e-01,3.736217527071775679e-01,-2.274702854523189544e+00,-5.953493592225944653e-02
1.487999999999946921e+00,3.275628460157552213e-02,-8.271212113322667231e-03,8.508357864325005737e-02,-6.175188907166643260e-01,3.762904785246242723e-01,-2.281631423899616262e+00,-5.926094134812354142e-02
1.488999999999946811e+00,3.213780173349953945e-02,-7.892184815284770255e-03,8.279500422706932705e-02,-6.184828680759831832e-01,3.790272980324285168e-01,-2.288574416146108348e+00,-5.898397947542943776e-02
1.489999999999946700e+00,3.151840874646974489e-02,-7.510353195409804651e-03,8.049947323214863559e-02,-6.193929870297979479e-01,3.818316198694492458e-01,-2.295530994885970788e+00,-5.870407501065066924e-02
1.490999999999946590e+00,3.089815941313250186e-02,-7.125650334747796188e-03,7.819697289461069456e-02,-6.202493333372431916e-01,3.847028606564762976e-01,-2.302500337503117223e+00,-5.842125235516770765e-02
1.491999999999946480e+00,3.027710742031773650e-02,-6.738009889981664419e-03,7.588749125969480869e-02,-6.210519928147636426e-01,3.876404447605394932e-01,-2.309481634881034751e+00,-5.813553560462692005e-02
1.492999999999946370e+00,2.965530636890519739e-02,-6.347366085914640972e-03,7.357101716851655038e-02,-6.218010514125404953e-01,3.906438040613983143e-01,-2.316474091143253311e+00,-5.784694854766492256e-02
1.493999999999946260e+00,2.903280977361494958e-02,-5.953653708188957720e-03,7.124754024508642147e-02,-6.224965952902480337e-01,3.937123777200075558e-01,-2.323476923395068727e+00,-5.755551466396702232e-02
1.494999999999946150e+00,2.840967106272289031e-02,-5.556808096234523708e-03,6.891705088358497655e-02,-6.231387108920607432e-01,3.968456119487359102e-01,-2.330489361466298703e+00,-5.726125712233010034e-02
1.495999999999946040e+00,2.778594357770167861e-02,-5.156765136445288014e-03,6.657954023589468528e-02,-6.237274850212103372e-01,4.000429597834807005e-01,-2.337510647655038465e+00,-5.696419877702152412e-02
1.496999999999945929e+00,2.716168057278797385e-02,-4.753461255582543468e-03,6.423500019938729877e-02,-6.242630049137056769e-01,4.033038808569621159e-01,-2.344540036472037681e+00,-5.666436216564485484e-02
1.497999999999945819e+00,2.653693521447625034e-02,-4.346833414402727011e-03,6.188342340496606059e-02,-6.247453583117246190e-01,4.066278411739703280e-01,-2.351576794385815905e+00,-5.636176950419713449e-02
1.498999999999945709e+00,2.591176058093989931e-02,-3.936819101509349793e-03,5.952480320536231856e-02,-6.251746335363492779e-01,4.100143128874982335e-01,-2.358620199568241205e+00,-5.605644268359277760e-02
1.499999999999945599e+00,2.528620966138016637e-02,-3.523356327427141447e-03,5.715913366368641918e-02,-6.255509195597330763e-01,4.134627740762808479e-01,-2.365669541640333051e+00,-5.574840326523422540e-02
1.500999999999945489e+00,2.466033535530323326e-02,-3.106383618897500410e-03,5.478640954223222559e-02,-6.258743060769342836e-01,4.169727085236689668e-01,-2.372724121418527066e+00,-5.543767247530251296e-02
1.501999999999945379e+00,2.403419047172605100e-02,-2.685840013394271038e-03,5.240662629153552271e-02,-6.261448835771838972e-01,4.205436054972107041e-01,-2.379783250660944205e+00,-5.512427119996399227e-02
1.502999999999945269e+00,2.340782772831135131e-02,-2.261665053858827497e-03,5.001978003968610142e-02,-6.263627434147004402e-01,4.241749595293591302e-01,-2.386846251813607545e+00,-5.480821997959406389e-02
1.503999999999945159e+00,2.278129975043224897e-02,-1.833798783653566933e-03,4.762586758189345237e-02,-6.265279778791021936e-01,4.278662701991403639e-01,-2.393912457756743883e+00,-5.448953900256725547e-02
1.504999999999945048e+00,2.215465907016681002e-02,-1.402181741732830278e-03,4.522488637030661757e-02,-6.266406802654371777e-01,4.316170419145584081e-01,-2.400981211550850425e+00,-5.416824809871956248e-02
1.505999999999944938e+00,2.152795812522305050e-02,-9.667549580309196854e-04,4.281683450408807490e-02,-6.267009449437593860e-01,4.354267836956846605e-01,-2.408051866182471024e+00,-5.384436673284964670e-02
1.506999999999944828e+00,2.090124925779466430e-02,-5.274599490660850315e-04,4.040171071974230782e-02,-6.267088674283874949e-01,4.392950089585404561e-01,-2.415123784309651356e+00,-5.351791399729810550e-02
1.507999999999944718e+00,2.027458471334793802e-02,-8.423871376027128040e-05,3.797951438169912958e-02,-6.266645444467260351e-01,4.432212352994789883e-01,-2.422196338006966876e+00,-5.318890860486025218e-02
1.508999999999944608e+00,1.964801663934011289e-02,3.629662705263832982e-04,3.555024547315280281e-02,-6.265680740078258815e-01,4.472049842802592323e-01,-2.429268908510041847e+00,-5.285736888054937133e-02
1.509999999999944498e+00,1.902159708386958262e-02,8.142120517462893585e-04,3.311390458715694068e-02,-6.264195554705294100e-01,4.512457812134496038e-01,-2.436340885959498603e+00,-5.252331275391020071e-02
1.510999999999944388e+00,1.839537799425826001e-02,1.269555206701190571e-03,3.067049291797633442e-02,-6.262190896113227767e-01,4.553431549483921703e-01,-2.443411669144178511e+00,-5.218675775037007192e-02
1.511999999999944277e+00,1.776941121556638303e-02,1.729051844365288087e-03,2.822001225269610974e-02,-6.259667786918767796e-01,4.594966376575261302e-01,-2.450480665243725209e+00,-5.184772098249235128e-02
1.512999999999944167e+00,1.714374848904010387e-02,2.192757608994930045e-03,2.576246496308924605e-02,-6.256627265262790782e-01,4.637057646230147157e-01,-2.457547289570290339e+00,-5.150621914091013664e-02
1.513999999999944057e+00,1.651844145049212453e-02,2.660727683025296362e-03,2.329785399774323557e-02,-6.253070385479796434e-01,4.679700740236718559e-01,-2.464610965309377733e+00,-5.116226848488025780e-02
1.514999999999943947e+00,1.589354162861567055e-02,3.133016789754158957e-03,2.082618287444678445e-02,-6.248998218764550971e-01,4.722891067221138828e-01,-2.471671123259740366e+00,-5.081588483252774679e-02
1.515999999999943837e+00,1.526910044323208891e-02,3.609679195813067336e-03,1.834745567283774595e-02,-6.244411853835811765e-01,4.766624060520942008e-01,-2.478727201572256789e+00,-5.046708355084228437e-02
1.516999999999943727e+00,1.464516920347229932e-02,4.090768713425961371e-03,1.586167702731318754e-02,-6.239312397597898130e-01,4.810895176060168144e-01,-2.485778645487722649e+00,-5.011587954500229536e-02
1.517999999999943617e+00,1.402179910589238486e-02,4.576338702455364817e-03,1.336885212020277013e-02,-6.233700975799147947e-01,4.855699890224618454e-01,-2.492824907073511120e+00,-4.976228724790177083e-02
1.518999999999943507e+00,1.339904123252350088e-02,5.066442072236217002e-03,1.086898667520687020e-02,-6.227578733688848844e-01,4.901033697738435002e-01,-2.499865444958933924e+00,-4.940632060853977769e-02
1.519999999999943396e+00,1.277694654885641601e-02,5.561131283197231698e-03,8.362086951100414917e-03,-6.220946836670850910e-01,4.946892109539388072e-01,-2.506899724069425517e+00,-4.904799308105101119e-02
1.520999999999943286e+00,1.215556590176081891e-02,6.060458348269865542e-03,5.848159735704138579e-03,-6.213806470955971495e-01,4.993270650654946241e-01,-2.513927215359183620e+00,-4.868731761225908450e-02
1.521999999999943176e+00,1.153495001733966484e-02,6.564474834084703912e-03,3.327212340124392591e-03,-6.206158844211541181e-01,5.040164858076274790e-01,-2.520947395542596947e+00,-4.832430662984621428e-02
1.522999999999943066e+00,1.091514949871871636e-02,7.073231861955115059e-03,7.992525932632506703e-04,-6.198005186209489814e-01,5.087570278631362575e-01,-2.527959746823929432e+00,-4.795897202935850423e-02
1.523999999999942956e+00,1.029621482377148303e-02,7.586780108648057130e-03,-1.735711163399639980e-03,-6.189346749472338649e-01,5.135482466855931794e-01,-2.534963756625622899e+00,-4.759132516128361523e-02
1.524999999999942846e+00,9.678196342779736908e-03,8.105169806941649527e-03,-4.277670080751761958e-03,-6.180184809917466104e-01,5.183896982861747604e-01,-2.541958917314801170e+00,-4.722137681752225369e-02
1.525999999999942736e+00,9.061144276029756486e-03,8.628450745969346372e-03,-6.826614806717247637e-03,-6.170520667499804768e-01,5.232809390202146638e-01,-2.548944725928099508e+00,-4.684913721742112180e-02
1.526999999999942625e+00,8.445108711344458813e-03,9.156672271350302719e-03,-9.382535490649372700e-03,-6.160355646852969658e-01,5.282215253733931748e-01,-2.555920683894687517e+00,-4.647461599344282490e-02
1.527999999999942515e+00,7.830139601551558415e-03,9.689883285105447761e-03,-1.194542178744422908e-02,-6.149691097929007588e-01,5.332110137475191136e-01,-2.562886296757361126e+00,-4.609782217632862888e-02
1.528999999999942405e+00,7.216286761887869342e-03,1.022813224535901871e-02,-1.451526286137346140e-02,-6.138528396636886431e-01,5.382489602458636613e-01,-2.569841073891694805e+00,-4.571876417980491603e-02
1.529999999999942295e+00,6.603599867339888206e-03,1.077146716582477216e-02,-1.709204738963418860e-02,-6.126868945479808648e-01,5.433349204579791536e-01,-2.576784528223129200e+00,-4.533744978483267296e-02
1.530999999999942185e+00,5.992128449920731958e-03,1.131993561507655538e-02,-1.967576356561369713e-02,-6.114714174191558937e-01,5.484684492439355630e-01,-2.583716175941862314e+00,-4.495388612329320743e-02
1.531999999999942075e+00,5.381921895883530135e-03,1.187358471560244662e-02,-2.226639910186701404e-02,-6.102065540372014762e-01,5.536491005179656755e-01,-2.590635536215622814e+00,-4.456807966122489084e-02
1.532999999999941965e+00,4.773029442871341843e-03,1.243246114264181558e-02,-2.486394123280473781e-02,-6.088924530121885281e-01,5.588764270313681948e-01,-2.597542130899979096e+00,-4.418003618150390110e-02
1.533999999999941855e+00,4.165500177003652986e-03,1.299661112280459455e-02,-2.746837671708884238e-02,-6.075292658676887392e-01,5.641499801547041892e-01,-2.604435484246320875e+00,-4.378976076598561917e-02
1.534999999999941744e+00,3.559383029899493636e-03,1.356608043247193446e-02,-3.007969183973402405e-02,-6.061171471041592040e-01,5.694693096591880721e-01,-2.611315122607337891e+00,-4.339725777704739329e-02
1.535999999999941634e+00,2.954726775637194196e-03,1.414091439597731439e-02,-3.269787241391169247e-02,-6.046562542622992975e-01,5.748339634971481038e-01,-2.618180574139783001e+00,-4.300253083857397129e-02
1.536999999999941524e+00,2.351580027650802037e-03,1.472115788356720412e-02,-3.532290378245421525e-02,-6.031467479863921177e-01,5.802434875815791759e-01,-2.625031368504594731e+00,-4.260558281637094602e-02
1.537999999999941414e+00,1.749991235563133456e-03,1.530685530914029265e-02,-3.795477081905638400e-02,-6.015887920876685779e-01,5.856974255647016125e-01,-2.631867036564221607e+00,-4.220641579788253495e-02
1.538999999999941304e+00,1.150008681955435805e-03,1.589805062776415007e-02,-4.059345792917135043e-02,-5.999825536076976995e-01,5.911953186153908746e-01,-2.638687110076944009e+00,-4.180503107130295604e-02
1.539999999999941194e+00,5.516804790736099147e-04,1.649478733296814992e-02,-4.323894905059758043e-02,-5.983282028818258658e-01,5.967367051954570734e-01,-2.645491121388174438e+00,-4.140142910402211385e-02
1.540999999999941084e+00,-4.494543452905651933e-05,1.709710845381146385e-02,-4.589122765375426571e-02,-5.966259136026663690e-01,6.023211208346858081e-01,-2.652278603118591871e+00,-4.099560952045200324e-02
1.541999999999940973e+00,-6.398212974127865087e-04,1.770505655172480153e-02,-4.855027674164147378e-02,-5.948758628837299556e-01,6.079480979046310019e-01,-2.659049087849084447e+00,-4.058757107886545867e-02
1.542999999999940863e+00,-1.232899528735874068e-03,1.831867371712440906e-02,-5.121607884948169154e-02,-5.930782313230874569e-01,6.136171653908223389e-01,-2.665802107802046184e+00,-4.017731164802595956e-02
1.543999999999940753e+00,-1.824132731803128522e-03,1.893800156579704408e-02,-5.388861604403939742e-02,-5.912332030672544647e-01,6.193278486637679991e-01,-2.672537194519495785e+00,-3.976482818237792038e-02
1.544999999999940643e+00,-2.413473697678275576e-03,1.956308123505407642e-02,-5.656786992261478297e-02,-5.893409658751471714e-01,6.250796692480844463e-01,-2.679253878537149358e+00,-3.935011669716859117e-02
1.545999999999940533e+00,-3.000875408860577409e-03,2.019395337965336143e-02,-5.925382161170809209e-02,-5.874017111823015558e-01,6.308721445902525371e-01,-2.685951689055043445e+00,-3.893317224206094274e-02
1.546999999999940423e+00,-3.586291043025809176e-03,2.083065816748683879e-02,-6.194645176535031050e-02,-5.854156341652319018e-01,6.367047878243539127e-01,-2.692630153603903231e+00,-3.851398887454671183e-02
1.547999999999940313e+00,-4.169673976831866739e-03,2.147323527503219864e-02,-6.464574056309632666e-02,-5.833829338060577685e-01,6.425771075361721429e-01,-2.699288797707672938e+00,-3.809255963204849493e-02
1.548999999999940202e+00,-4.750977789789250470e-03,2.212172388256672048e-02,-6.735166770767635203e-02,-5.813038129573837587e-01,6.484886075252346282e-01,-2.705927144541679485e+00,-3.766887650330841275e-02
1.549999999999940092e+00,-5.330156268196733875e-03,2.277616266914090498e-02,-7.006421242230120860e-02,-5.791784784074833770e-01,6.544387865648242375e-01,-2.712544714586442307e+00,-3.724293039878601164e-02
1.550999999999939982e+00,-5.907163409142487248e-03,2.343658980731014307e-02,-7.278335344761649450e-02,-5.770071409457537825e-01,6.604271381597874857e-01,-2.719141025276871293e+00,-3.681471112032808080e-02
1.551999999999939872e+00,-6.481953424571076580e-03,2.410304295762189311e-02,-7.550906903830187367e-02,-5.747900154285893182e-01,6.664531503022179670e-01,-2.725715590646916375e+00,-3.638420732939229296e-02
1.552999999999939762e+00,-7.054480745416655610e-03,2.477555926285605545e-02,-7.824133695930945986e-02,-5.725273208455790019e-01,6.725163052245465289e-01,-2.732267920969101649e+00,-3.595140651477546356e-02
1.553999999999939652e+00,-7.624700025802805953e-03,2.545417534201606380e-02,-8.098013448173718709e-02,-5.702192803861505510e-01,6.786160791503026424e-01,-2.738797522389182504e+00,-3.551629495892472121e-02
1.554999999999939542e+00,-8.192566147309432098e-03,2.613892728406801147e-02,-8.372543837833118507e-02,-5.678661215066255208e-01,6.847519420421612768e-01,-2.745303896555461698e+00,-3.507885770343532883e-02
1.555999999999939432e+00,-8.758034223307228222e-03,2.682985064142523121e-02,-8.647722491861252470e-02,-5.654680759977955828e-01,6.909233573473455570e-01,-2.751786540242779910e+00,-3.463907851313030584e-02
1.556999999999939321e+00,-9.321059603360251980e-03,2.752698042317524782e-02,-8.923546986362190792e-02,-5.630253800530239383e-01,6.971297817400531338e-01,-2.758244944970792201e+00,-3.419693983913685287e-02
1.557999999999939211e+00,-9.881597877697136101e-03,2.823035108804613363e-02,-9.200014846027686211e-02,-5.605382743368844123e-01,7.033706648608518686e-01,-2.764678596616387374e+00,-3.375242278086698633e-02
1.558999999999939101e+00,-1.043960488175148249e-02,2.893999653710926240e-02,-9.477123543533566563e-02,-5.580070040543467780e-01,7.096454490529900960e-01,-2.771086975020151666e+00,-3.330550704687906816e-02
1.559999999999938991e+00,-1.099503670077221600e-02,2.965595010621504407e-02,-9.754870498896102415e-02,-5.554318190207332417e-01,7.159535690955696197e-01,-2.777469553586742634e+00,-3.285617091369652520e-02
1.560999999999938881e+00,-1.154784967450445815e-02,3.037824455815825789e-02,-1.003325307878781686e-01,-5.528129737322423631e-01,7.222944519329053126e-01,-2.783825798878441837e+00,-3.240439118440296973e-02
1.561999999999938771e+00,-1.209800040194168938e-02,3.110691207456925053e-02,-1.031226859581191313e-01,-5.501507274372308132e-01,7.286675164006083394e-01,-2.790155170202309520e+00,-3.195014314518385135e-02
1.562999999999938661e+00,-1.264544574614996988e-02,3.184198424752757162e-02,-1.059191430773481768e-01,-5.474453442082798382e-01,7.350721729478442157e-01,-2.796457119190366214e+00,-3.149340052060156658e-02
1.563999999999938550e+00,-1.319014283916503626e-02,3.258349207089378252e-02,-1.087218741667594774e-01,-5.446970930150658585e-01,7.415078233556369192e-01,-2.802731089372556994e+00,-3.103413542751476406e-02
1.564999999999938440e+00,-1.373204908696316201e-02,3.333146593135556668e-02,-1.115308506825405666e-01,-5.419062477981253512e-01,7.479738604511390054e-01,-2.808976515742356739e+00,-3.057231832735363142e-02
1.565999999999938330e+00,-1.427112217450662163e-02,3.408593559918386695e-02,-1.143460435068939379e-01,-5.390730875434587288e-01,7.544696678175686344e-01,-2.815192824314620701e+00,-3.010791797727740970e-02
1.566999999999938220e+00,-1.480732007086486141e-02,3.484693021869463003e-02,-1.171674229386084204e-01,-5.361978963582406665e-01,7.609946194999454017e-01,-2.821379431675724359e+00,-2.964090137883745868e-02
1.567999999999938110e+00,-1.534060103441226008e-02,3.561447829841138391e-02,-1.199949586831723231e-01,-5.332809635473984011e-01,7.675480797058303883e-01,-2.827535744525144334e+00,-2.917123372626084787e-02
1.568999999999938000e+00,-1.587092361810366753e-02,3.638860770092406521e-02,-1.228286198424200643e-01,-5.303225836914091662e-01,7.741294025016870473e-01,-2.833661159208929359e+00,-2.869887835174433910e-02
1.569999999999937890e+00,-1.639824667482880916e-02,3.716934563243901729e-02,-1.256683749037028897e-01,-5.273230567251399048e-01,7.807379315038684986e-01,-2.839755061244064738e+00,-2.822379667004160098e-02
1.570999999999937780e+00,-1.692252936284672701e-02,3.795671863201485058e-02,-1.285141917285756719e-01,-5.242826880179168869e-01,7.873729995646492341e-01,-2.845816824833965697e+00,-2.774594812064967719e-02
1.571999999999937669e+00,-1.744373115130161411e-02,3.875075256047887801e-02,-1.313660375409890779e-01,-5.212017884548886260e-01,7.940339284527725416e-01,-2.851845812374530276e+00,-2.726529010816314269e-02
1.572999999999937559e+00,-1.796181182582128749e-02,3.955147258901847707e-02,-1.342238789149782507e-01,-5.180806745196742114e-01,8.007200285282533025e-01,-2.857841373950355202e+00,-2.678177794100022879e-02
1.573999999999937449e+00,-1.847673149419969130e-02,4.035890318744135563e-02,-1.370876817618381094e-01,-5.149196683784023065e-01,8.074305984114462653e-01,-2.863802846821028147e+00,-2.629536476796889843e-02
1.574999999999937339e+00,-1.898845059216489745e-02,4.117306811209887896e-02,-1.399574113167739720e-01,-5.117190979652069815e-01,8.141649246460158640e-01,-2.869729554897003432e+00,-2.580600151276302157e-02
1.575999999999937229e+00,-1.949692988923427961e-02,4.199399039346609491e-02,-1.428330321250176060e-01,-5.084792970693806646e-01,8.209222813555959730e-01,-2.875620808204764511e+00,-2.531363680584353126e-02
1.576999999999937119e+00,-2.000213049465814422e-02,4.282169232337129650e-02,-1.457145080273969939e-01,-5.052006054238632471e-01,8.277019298935147651e-01,-2.881475902340536965e+00,-2.481821691581198586e-02
1.577999999999937009e+00,-2.050401386345383770e-02,4.365619544186950113e-02,-1.486018021453490434e-01,-5.018833687956948397e-01,8.345031184864230012e-01,-2.887294117913147051e+00,-2.431968567604547715e-02
1.578999999999936898e+00,-2.100254180253194325e-02,4.449752052375142986e-02,-1.514948768653622824e-01,-4.985279390781067188e-01,8.413250818700764855e-01,-2.893074719974387587e+00,-2.381798441092497498e-02
1.579999999999936788e+00,-2.149767647691632616e-02,4.534568756468144307e-02,-1.543936938228384070e-01,-4.951346743843812459e-01,8.481670409180417369e-01,-2.898816957437285957e+00,-2.331305185929966051e-02
1.580999999999936678e+00,-2.198938041606014401e-02,4.620071576695641141e-02,-1.572982138853592504e-01,-4.917039391438169371e-01,8.550282022629676071e-01,-2.904520062481880327e+00,-2.280482409439188451e-02
1.581999999999936568e+00,-2.247761652025972653e-02,4.706262352487798617e-02,-1.602083971353455982e-01,-4.882361041995826878e-01,8.619077579094347463e-01,-2.910183249947477790e+00,-2.229323444254061037e-02
1.582999999999936458e+00,-2.296234806716833735e-02,4.793142840972905439e-02,-1.631242028520960285e-01,-4.847315469086105888e-01,8.688048848388627565e-01,-2.915805716711517448e+00,-2.177821339890284591e-02
1.583999999999936348e+00,-2.344353871841228787e-02,4.880714715434742584e-02,-1.660455894931895104e-01,-4.811906512439516614e-01,8.757187446060710201e-01,-2.921386641054634303e+00,-2.125968853903414946e-02
1.584999999999936238e+00,-2.392115252631145383e-02,4.968979563728601057e-02,-1.689725146752389384e-01,-4.776138078991644109e-01,8.826484829262166709e-01,-2.926925182010539750e+00,-2.073758443004725116e-02
1.585999999999936128e+00,-2.439515394070657789e-02,5.057938886655170135e-02,-1.719049351539792547e-01,-4.740014143951247760e-01,8.895932292532128249e-01,-2.932420478701441624e+00,-2.021182253735553935e-02
1.586999999999936017e+00,-2.486550781589612694e-02,5.147594096291278204e-02,-1.748428068036761707e-01,-4.703538751895491310e-01,8.965520963485493766e-01,-2.937871649657976203e+00,-1.968232112774992437e-02
1.587999999999935907e+00,-2.533217941768499751e-02,5.237946514276501514e-02,-1.777860845958375846e-01,-4.666716017888716816e-01,9.035241798395921009e-01,-2.943277792122539704e+00,-1.914899517141899210e-02
1.588999999999935797e+00,-2.579513443054799737e-02,5.328997370054598670e-02,-1.807347225772130694e-01,-4.629550128630003925e-01,9.105085577682592302e-01,-2.948637981336547753e+00,-1.861175623882838082e-02
1.589999999999935687e+00,-2.625433896491080610e-02,5.420747799068741796e-02,-1.836886738470621672e-01,-4.592045343628087806e-01,9.175042901286205588e-01,-2.953951269810247027e+00,-1.807051239549051225e-02
1.590999999999935577e+00,-2.670975956455138439e-02,5.513198840909395299e-02,-1.866478905336760030e-01,-4.554205996405783496e-01,9.245104183936716513e-01,-2.959216686574945854e+00,-1.752516809283766186e-02
1.591999999999935467e+00,-2.716136321412500332e-02,5.606351437413756994e-02,-1.896123237701318187e-01,-4.516036495736194256e-01,9.315259650306489947e-01,-2.964433236416933237e+00,-1.697562405511399142e-02
1.592999999999935357e+00,-2.760911734681597771e-02,5.700206430715475808e-02,-1.925819236692629666e-01,-4.477541326909740271e-01,9.385499330041672250e-01,-2.969599899092189244e+00,-1.642177716366344242e-02
1.593999999999935246e+00,-2.805298985211943791e-02,5.794764561243521961e-02,-1.955566392978234647e-01,-4.438725053034612289e-01,9.455813052673189834e-01,-2.974715628521691357e+00,-1.586352033675408890e-02
1.594999999999935136e+00,-2.849294908375665791e-02,5.890026465668840583e-02,-1.985364186498289052e-01,-4.399592316372216150e-01,9.526190442400016556e-01,-2.979779351966505452e+00,-1.530074240550316489e-02
1.595999999999935026e+00,-2.892896386772748213e-02,5.985992674797559199e-02,-2.015212086190495133e-01,-4.360147839708255479e-01,9.596620912739011189e-01,-2.984789969181819824e+00,-1.473332798608595340e-02
1.596999999999934916e+00,-2.936100351050365681e-02,6.082663611409281496e-02,-2.045109549706377872e-01,-4.320396427761733493e-01,9.667093661038539398e-01,-2.989746351549377401e+00,-1.416115734745226895e-02
1.597999999999934806e+00,-2.978903780736686172e-02,6.180039588039114296e-02,-2.075056023118641291e-01,-4.280342968632032674e-01,9.737597662848972435e-01,-2.994647341187464562e+00,-1.358410627534101245e-02
1.598999999999934696e+00,-3.021303705089558103e-02,6.278120804701949054e-02,-2.105050940619408173e-01,-4.239992435287206485e-01,9.808121666148174045e-01,-2.999491750037902360e+00,-1.300204593114684393e-02
1.599999999999934586e+00,-3.063297203960499079e-02,6.376907346557435241e-02,-2.135093724209088106e-01,-4.199349887094098177e-01,9.878654185412772959e-01,-3.004278358929013404e+00,-1.241484270673853807e-02
1.600999999999934476e+00,-3.104881408674415796e-02,6.476399181514119752e-02,-2.165183783375615456e-01,-4.158420471391682804e-01,9.949183495531997989e-01,-3.009005916613860521e+00,-1.182235807459508514e-02
1.601999999999934365e+00,-3.146053502925522105e-02,6.576596157771093243e-02,-2.195320514763833275e-01,-4.117209425110650578e-01,1.001969762555937837e+00,-3.013673138783070637e+00,-1.122444843257808245e-02
1.602999999999934255e+00,-3.186810723689909725e-02,6.677498001295405217e-02,-2.225503301834733105e-01,-4.075722076438754171e-01,1.009018435229286581e+00,-3.018278707051049281e+00,-1.062096494465447627e-02
1.603999999999934145e+00,-3.227150362155286473e-02,6.779104313233623447e-02,-2.255731514514273395e-01,-4.033963846537697573e-01,1.016063119368310952e+00,-3.022821267915170473e+00,-1.001175337473347859e-02
1.604999999999934035e+00,-3.267069764668351084e-02,6.881414567255558778e-02,-2.286004508831524784e-01,-3.991940251306468901e-01,1.023102540205343747e+00,-3.027299431686200304e+00,-9.396653918239517012e-03
1.605999999999933925e+00,-3.306566333700373256e-02,6.984428106828390048e-02,-2.316321626545817247e-01,-3.949656903202243829e-01,1.030135395714328439e+00,-3.031711771390471988e+00,-8.775501024063103728e-03
1.606999999999933815e+00,-3.345637528831495872e-02,7.088144142419254556e-02,-2.346682194762614859e-01,-3.907119513112243259e-01,1.037160355894452657e+00,-3.036056821640946701e+00,-8.148123214821056948e-03
1.607999999999933705e+00,-3.384280867754332900e-02,7.192561748624130835e-02,-2.377085525537781796e-01,-3.864333892283715599e-01,1.044176062034590569e+00,-3.040333077477815227e+00,-7.514342898807147009e-03
1.608999999999933594e+00,-3.422493927297478450e-02,7.297679861221213760e-02,-2.407530915469937027e-01,-3.821305954314579978e-01,1.051181125956564877e+00,-3.044538993176690411e+00,-6.873976175925555765e-03
1.609999999999933484e+00,-3.460274344469492502e-02,7.403497274146281226e-02,-2.438017645280556867e-01,-3.778041717201406358e-01,1.058174129236354233e+00,-3.048672981023121231e+00,-6.226832639825374827e-03
1.610999999999933374e+00,-3.497619817524024594e-02,7.510012636388115059e-02,-2.468544979381479543e-01,-3.734547305453190802e-01,1.065153622403918643e+00,-3.052733410053429797e+00,-5.572715170695907716e-03
1.611999999999933264e+00,-3.534528107046729789e-02,7.617224448801492021e-02,-2.499112165429465404e-01,-3.690828952270511776e-01,1.072118124119341598e+00,-3.056718604759687263e+00,-4.911419722936072318e-03
1.612999999999933154e+00,-3.570997037064659735e-02,7.725131060835455088e-02,-2.529718433867431671e-01,-3.646893001792969047e-01,1.079066120325054889e+00,-3.060626843757846771e+00,-4.242735105725925493e-03
1.613999999999933044e+00,-3.607024496178819900e-02,7.833730667174239326e-02,-2.560362997451999245e-01,-3.602745911416040947e-01,1.085996063373271703e+00,-3.064456358417912973e+00,-3.566442757206855774e-03
1.614999999999932934e+00,-3.642608438720634778e-02,7.943021304288520879e-02,-2.591045050766939695e-01,-3.558394254181463934e-01,1.092906371128116838e+00,-3.068205331455158280e+00,-2.882316510674609589e-03
1.615999999999932824e+00,-3.677746885933080162e-02,8.053000846894109443e-02,-2.621763769722135762e-01,-3.513844721244526181e-01,1.099795426041181745e+00,-3.071871895480788428e+00,-2.190122353145529388e-03
1.616999999999932713e+00,-3.712437927177261732e-02,8.163667004315527942e-02,-2.652518311037628806e-01,-3.469104124418124768e-01,1.106661574199345299e+00,-3.075454131510455991e+00,-1.489618177524132392e-03
1.617999999999932603e+00,-3.746679721165255272e-02,8.275017316751480390e-02,-2.683307811712314916e-01,-3.424179398799337970e-01,1.113503124344681794e+00,-3.078950067429855331e+00,-7.805535255687168217e-04
1.618999999999932493e+00,-3.780470497220050213e-02,8.387049151439449068e-02,-2.714131388476859197e-01,-3.379077605479514634e-01,1.120318346864761727e+00,-3.082357676415464987e+00,-6.266932362830601733e-05
1.619999999999932383e+00,-3.813808556563458990e-02,8.499759698716226330e-02,-2.744988137230339742e-01,-3.333805934340856036e-01,1.127105472752779836e+00,-3.085674875309229126e+00,6.643023900023692363e-04
1.620999999999932273e+00,-3.846692273632932452e-02,8.613145967971382044e-02,-2.775877132460184971e-01,-3.288371706947337825e-01,1.133862692536518058e+00,-3.088899522945754317e+00,1.400638748245919274e-03
1.621999999999932163e+00,-3.879120097428141734e-02,8.727204783490270790e-02,-2.806797426644868643e-01,-3.242782379520943725e-01,1.140588155173793306e+00,-3.092029418429393495e+00,2.146626341896107348e-03
1.622999999999932053e+00,-3.911090552888377841e-02,8.841932780183438256e-02,-2.837748049638878500e-01,-3.197045546023594698e-01,1.147279966916492810e+00,-3.095062299362118630e+00,2.902561523132840549e-03
1.623999999999931942e+00,-3.942602242301714716e-02,8.957326399198727029e-02,-2.868728008039439503e-01,-3.151168941333693518e-01,1.153936190137669904e+00,-3.097995840017273572e+00,3.668750711350865501e-03
1.624999999999931832e+00,-3.973653846746979384e-02,9.073381883412660887e-02,-2.899736284534427111e-01,-3.105160444526481323e-01,1.160554842124090769e+00,-3.100827649459835023e+00,4.445510711691635919e-03
1.625999999999931722e+00,-4.004244127569621392e-02,9.190095272797374482e-02,-2.930771837230927157e-01,-3.059028082264214632e-01,1.167133893831805658e+00,-3.103555269611019796e+00,5.233169044113417101e-03
1.626999999999931612e+00,-4.034371927892568127e-02,9.307462399659180430e-02,-2.961833598963860004e-01,-3.012780032294664623e-01,1.173671268602662243e+00,-3.106176173254370454e+00,6.032064280216076213e-03
1.627999999999931502e+00,-4.064036174163217219e-02,9.425478883744907443e-02,-2.992920476584076672e-01,-2.966424627064897512e-01,1.180164840841896101e+00,-3.108687761982689146e+00,6.842546391923720606e-03
1.628999999999931392e+00,-4.093235877737758099e-02,9.544140127211929447e-02,-3.024031350225299675e-01,-2.919970357454095833e-01,1.186612434654691128e+00,-3.111087364083346962e+00,7.664977110587223308e-03
1.629999999999931282e+00,-4.121970136504025939e-02,9.663441309457514172e-02,-3.055165072549286820e-01,-2.873425876626806152e-01,1.193011822440334102e+00,-3.113372232359905567e+00,8.499730295786100953e-03
1.630999999999931172e+00,-4.150238136544195933e-02,9.783377381803402828e-02,-3.086320467968563519e-01,-2.826800004017026580e-01,1.199360723443277266e+00,-3.115539541888613151e+00,9.347192317956665164e-03
1.631999999999931061e+00,-4.178039153838564862e-02,9.903943062030767797e-02,-3.117496331846017488e-01,-2.780101729436870173e-01,1.205656802258027849e+00,-3.117586387706431150e+00,1.020776244767396257e-02
1.632999999999930951e+00,-4.205372556011827134e-02,1.002513282876124623e-01,-3.148691429670713027e-01,-2.733340217326237220e-01,1.211897667289094427e+00,-3.119509782430482048e+00,1.108185326209909505e-02
1.633999999999930841e+00,-4.232237804123199082e-02,1.014694091567896056e-01,-3.179904496209149944e-01,-2.686524811137174229e-01,1.218080869161427104e+00,-3.121306653804592379e+00,1.196989105819779020e-02
1.634999999999930731e+00,-4.258634454501869504e-02,1.026936130558878113e-01,-3.211134234631264350e-01,-2.639665037867015562e-01,1.224203899082429325e+00,-3.122973842172403813e+00,1.287231628248486359e-02
1.635999999999930621e+00,-4.284562160629225985e-02,1.039238772430552404e-01,-3.242379315610388058e-01,-2.592770612735633140e-01,1.230264187151637545e+00,-3.124508097873304635e+00,1.378958396873897208e-02
1.636999999999930511e+00,-4.310020675069420326e-02,1.051601363436898279e-01,-3.273638376396383332e-01,-2.545851444019440746e-01,1.236259100618733120e+00,-3.125906078560357848e+00,1.472216419202831972e-02
1.637999999999930401e+00,-4.335009851449857926e-02,1.064023222857919393e-01,-3.304910019861140302e-01,-2.498917638043768319e-01,1.242185942086261319e+00,-3.127164346436543063e+00,1.567054253372002215e-02
1.638999999999930290e+00,-4.359529646493214700e-02,1.076503642334639549e-01,-3.336192813515604372e-01,-2.451979504335663473e-01,1.248041947656119532e+00,-3.128279365407288459e+00,1.663522055839949942e-02
1.639999999999930180e+00,-4.383580122102707227e-02,1.089041885184987568e-01,-3.367485288497472085e-01,-2.405047560949232777e-01,1.253824285018851903e+00,-3.129247498147512019e+00,1.761671630705252678e-02
1.640999999999930070e+00,-4.407161447502325885e-02,1.101637185699969462e-01,-3.398785938528657846e-01,-2.358132539961878826e-01,1.259530051482187218e+00,-3.130065003079326225e+00,1.861556480040549300e-02
1.641999999999929960e+00,-4.430273901433842698e-02,1.114288748419515890e-01,-3.430093218841640534e-01,-2.311245393151654115e-01,1.265156271938647103e+00,-3.130728031258897204e+00,1.963231855812908044e-02
1.642999999999929850e+00,-4.452917874412433419e-02,1.126995747387368602e-01,-3.461405545073725221e-01,-2.264397297859105929e-01,1.270699896769200699e+00,-3.131232623169171170e+00,2.066754813062732232e-02
1.643999999999929740e+00,-4.475093871042805371e-02,1.139757325384343906e-01,-3.492721292128279087e-01,-2.217599663037214119e-01,1.276157799681474359e+00,-3.131574705415910209e+00,2.172184264389198649e-02
1.644999999999929630e+00,-4.496802512397806567e-02,1.152572593139316454e-01,-3.524038793001922909e-01,-2.170864135500143177e-01,1.281526775481174329e+00,-3.131750087324971066e+00,2.279581036055144949e-02
1.645999999999929519e+00,-4.518044538461526288e-02,1.165440628517211002e-01,-3.555356337576687231e-01,-2.124202606371964619e-01,1.286803537773361761e+00,-3.131754457436954020e+00,2.389007925265584920e-02
1.646999999999929409e+00,-4.538820810638965336e-02,1.178360475683299380e-01,-3.586672171376054652e-01,-2.077627217743893140e-01,1.291984716592679883e+00,-3.131583379897186603e+00,2.500529758980463146e-02
1.647999999999929299e+00,-4.559132314334413821e-02,1.191331144243060192e-01,-3.617984494283830177e-01,-2.031150369544839906e-01,1.297066855959899012e+00,-3.131232290737977930e+00,2.614213454071567799e-02
1.648999999999929189e+00,-4.578980161600705590e-02,1.204351608356850484e-01,-3.649291459224728307e-01,-1.984784726629153784e-01,1.302046411362856926e+00,-3.130696494050281498e+00,2.730128078792293245e-02
1.649999999999929079e+00,-4.598365593861662021e-02,1.217420805828615671e-01,-3.680591170805551093e-01,-1.938543226095627292e-01,1.306919747160310452e+00,-3.129971158042512691e+00,2.848344915981637637e-02
1.650999999999928969e+00,-4.617289984709972706e-02,1.230537637167822135e-01,-3.711881683915768115e-01,-1.892439084831048224e-01,1.311683133904417708e+00,-3.129051310981949108e+00,2.968937527063408854e-02
1.651999999999928859e+00,-4.635754842782962432e-02,1.243700964623814242e-01,-3.743161002286350403e-01,-1.846485807298942627e-01,1.316332745583001840e+00,-3.127931837018338435e+00,3.091981818064915011e-02
1.652999999999928749e+00,-4.653761814718624518e-02,1.256909611191734666e-01,-3.774427077005592102e-01,-1.800697193566243026e-01,1.320864656775732504e+00,-3.126607471884220502e+00,3.217556106337793320e-02
1.653999999999928638e+00,-4.671312688194480950e-02,1.270162359589150636e-01,-3.805677804990706403e-01,-1.755087347585633506e-01,1.325274839725401277e+00,-3.125072798471450142e+00,3.345741189112216851e-02
1.654999999999928528e+00,-4.688409395051795076e-02,1.283457951202505443e-01,-3.836911027413900666e-01,-1.709670685731378703e-01,1.329559161319209259e+00,-3.123322242279167327e+00,3.476620412902831081e-02
1.655999999999928418e+00,-4.705054014507779880e-02,1.296795085002467318e-01,-3.868124528081617886e-01,-1.664461945598452453e-01,1.333713379979899027e+00,-3.121350066731701123e+00,3.610279744310973538e-02
1.656999999999928308e+00,-4.721248776458515650e-02,1.310172416427266839e-01,-3.899316031765653889e-01,-1.619476195073578928e-01,1.337733142463731539e+00,-3.119150368363373005e+00,3.746807842056221194e-02
1.657999999999928198e+00,-4.736996064875297063e-02,1.323588556233053215e-01,-3.930483202484725824e-01,-1.574728841678158520e-01,1.341613980562369246e+00,-3.116717071866760502e+00,3.886296129814426070e-02
1.658999999999928088e+00,-4.752298421297256742e-02,1.337042069310296899e-01,-3.961623641735161905e-01,-1.530235642195945656e-01,1.345351307708072319e+00,-3.114043925003026736e+00,4.028838870369633174e-02
1.659999999999927978e+00,-4.767158548423107434e-02,1.350531473465242660e-01,-3.992734886669274674e-01,-1.486012712585070561e-01,1.348940415478370625e+00,-3.111124493370748922e+00,4.174533240368571985e-02
1.660999999999927867e+00,-4.781579313804982384e-02,1.364055238165401140e-01,-4.023814408219997807e-01,-1.442076538187487267e-01,1.352376469999627018e+00,-3.107952155031796337e+00,4.323479406210317677e-02
1.661999999999927757e+00,-4.795563753647314603e-02,1.377611783248020028e-01,-4.054859609170315404e-01,-1.398443984233216364e-01,1.355654508245616396e+00,-3.104520094990855128e+00,4.475780600224044115e-02
1.662999999999927647e+00,-4.809115076713842835e-02,1.391199477590493450e-01,-4.085867822166001639e-01,-1.355132306652856167e-01,1.358769434231128059e+00,-3.100821299527835251e+00,4.631543197767007403e-02
1.663999999999927537e+00,-4.822236668345804972e-02,1.404816637741622409e-01,-4.116836307670213024e-01,-1.312159163196232881e-01,1.361716015096731791e+00,-3.096848550380128184e+00,4.790876794357201707e-02
1.664999999999927427e+00,-4.834932094594490692e-02,1.418461526512630189e-01,-4.147762251858364002e-01,-1.269542624868587599e-01,1.364488877084557350e+00,-3.092594418774027076e+00,4.953894283323756476e-02
1.665999999999927317e+00,-4.847205106471363240e-02,1.432132351526809733e-01,-4.178642764451805380e-01,-1.227301187687254297e-01,1.367082501401783334e+00,-3.088051259302956097e+00,5.120711933361249413e-02
1.666999999999927207e+00,-4.859059644318922816e-02,1.445827263726675582e-01,-4.209474876488734085e-01,-1.185453784755948065e-01,1.369491219970479401e+00,-3.083211203651339716e+00,5.291449465587999557e-02
1.667999999999927097e+00,-4.870499842305650584e-02,1.459544355837479879e-01,-4.240255538030799354e-01,-1.144019798672804844e-01,1.371709211064238820e+00,-3.078066154164960544e+00,5.466230130717436575e-02
1.668999999999926986e+00,-4.881530033048288308e-02,1.473281660785910885e-01,-4.270981615803863263e-01,-1.103019074263774935e-01,1.373730494827022142e+00,-3.072607777264889428e+00,5.645180784948838904e-02
1.669999999999926876e+00,-4.892154752364823167e-02,1.487037150072830771e-01,-4.301649890771350737e-01,-1.062471931653500845e-01,1.375548928675962346e+00,-3.066827496706869383e+00,5.828431965290792327e-02
1.670999999999926766e+00,-4.902378744161496604e-02,1.500808732098839193e-01,-4.332257055638621401e-01,-1.022399179667356911e-01,1.377158202584816138e+00,-3.060716486685022275e+00,6.016117963127015633e-02
1.671999999999926656e+00,-4.912206965457212304e-02,1.514594250441493317e-01,-4.362799712286864473e-01,-9.828221295716046968e-02,1.378551834249415631e+00,-3.054265664782109813e+00,6.208376896339518058e-02
1.672999999999926546e+00,-4.921644591548692688e-02,1.528391482082985531e-01,-4.393274369134957946e-01,-9.437626091480194601e-02,1.379723164133256574e+00,-3.047465684766899940e+00,6.405350779108154313e-02
1.673999999999926436e+00,-4.930697021319752765e-02,1.542198135587084518e-01,-4.423677438427795483e-01,-9.052429771059875008e-02,1.380665350394060242e+00,-3.040306929241310741e+00,6.607185589300657025e-02
1.674999999999926326e+00,-4.939369882698020631e-02,1.556011849224148702e-01,-4.454005233449616630e-01,-8.672861378267734955e-02,1.381371363690599319e+00,-3.032779502139474559e+00,6.814031332623116111e-02
1.675999999999926215e+00,-4.947669038262414443e-02,1.569830189043019408e-01,-4.484253965660872643e-01,-8.299155564393621842e-02,1.381833981871263717e+00,-3.024873221082800434e+00,7.026042103279422912e-02
1.676999999999926105e+00,-4.955600591004647587e-02,1.583650646888624669e-01,-4.514419741757256244e-01,-7.931552742233424769e-02,1.382045784544858602e+00,-3.016577609595157750e+00,7.243376140407736807e-02
1.677999999999925995e+00,-4.963170890247968481e-02,1.597470638364132944e-01,-4.544498560649521401e-01,-7.570299243321197691e-02,1.381999147535121653e+00,-3.007881889183305901e+00,7.466195879639186961e-02
1.678999999999925885e+00,-4.970386537726238091e-02,1.611287500736500733e-01,-4.574486310362849695e-01,-7.215647478269403281e-02,1.381686237221280145e+00,-2.998774971289202007e+00,7.694667999024062954e-02
1.679999999999925775e+00,-4.977254393826417711e-02,1.625098490784334937e-01,-4.604378764854506478e-01,-6.867856100179274559e-02,1.381099004767830651e+00,-2.989245449122066134e+00,7.928963458903232064e-02
1.680999999999925665e+00,-4.983781583997395903e-02,1.638900782586943383e-01,-4.634171580748726038e-01,-6.527190170977978378e-02,1.380229180245424292e+00,-2.979281589377882344e+00,8.169257534454421599e-02
1.681999999999925555e+00,-4.989975505327924610e-02,1.652691465253571801e-01,-4.663860293987733274e-01,-6.193921330529036234e-02,1.379068266647535124e+00,-2.968871323856636657e+00,8.415729840132907258e-02
1.682999999999925445e+00,-4.995843833296290115e-02,1.666467540591807794e-01,-4.693440316398072576e-01,-5.868327968365413816e-02,1.377607533808311358e+00,-2.958002240989515030e+00,8.668564345115897796e-02
1.683999999999925334e+00,-5.001394528694211999e-02,1.680225920714229493e-01,-4.722906932171408445e-01,-5.550695397921832919e-02,1.375838012227043272e+00,-2.946661577288995026e+00,8.927949378896815613e-02
1.684999999999925224e+00,-5.006635844727150286e-02,1.693963425582421800e-01,-4.752255294259212781e-01,-5.241316032938295871e-02,1.373750486804202087e+00,-2.934836208735335017e+00,9.194077625098961981e-02
1.685999999999925114e+00,-5.011576334293029594e-02,1.707676780487567825e-01,-4.781480420680848664e-01,-4.940489565879579298e-02,1.371335490499634879e+00,-2.922512642118422654e+00,9.467146103216794728e-02
1.686999999999925004e+00,-5.016224857441103219e-02,1.721362613466910774e-01,-4.810577190744828036e-01,-4.648523148073585576e-02,1.368583297919469199e+00,-2.909677006352409112e+00,9.747356136361395862e-02
1.687999999999924894e+00,-5.020590589012290800e-02,1.735017452655478742e-01,-4.839540341183126704e-01,-4.365731571187493609e-02,1.365483918842071764e+00,-2.896315043784146503e+00,1.003491330341915733e-01
1.688999999999924784e+00,-5.024683026462094249e-02,1.748637723572586400e-01,-4.868364462198791487e-01,-4.092437449803596611e-02,1.362027091696151437e+00,-2.882412101520414716e+00,1.033002737483372790e-01
1.689999999999924674e+00,-5.028511997866612349e-02,1.762219746342737758e-01,-4.897043993427234176e-01,-3.828971404517970967e-02,1.358202277000776670e+00,-2.867953122797826992e+00,1.063291222899163113e-01
1.690999999999924563e+00,-5.032087670111887873e-02,1.775759732850742956e-01,-4.925573219811977266e-01,-3.575672245275392236e-02,1.353998650786186309e+00,-2.852922638427554780e+00,1.094378574896213152e-01
1.691999999999924453e+00,-5.035420557266213210e-02,1.789253783830960232e-01,-4.953946267395891168e-01,-3.332887154325501339e-02,1.349405098007580461e+00,-2.837304758344401989e+00,1.126286969628566004e-01
1.692999999999924343e+00,-5.038521529134500077e-02,1.802697885890826579e-01,-4.982157099029336789e-01,-3.100971868286968303e-02,1.344410205972609740e+00,-2.821083163297059215e+00,1.159038956051272606e-01
1.693999999999924233e+00,-5.041401819993107658e-02,1.816087908468981826e-01,-5.010199509996996481e-01,-2.880290858607371940e-02,1.339002257801761964e+00,-2.804241096718293136e+00,1.192657438159788752e-01
1.694999999999924123e+00,-5.044073037502974644e-02,1.829419600728582063e-01,-5.038067123565672656e-01,-2.671217509866650672e-02,1.333169225946339242e+00,-2.786761356819551505e+00,1.227165654374227088e-01
1.695999999999924013e+00,-5.046547171797970827e-02,1.842688588386571236e-01,-5.065753386455701390e-01,-2.474134294996184827e-02,1.326898765785416323e+00,-2.768626288954619596e+00,1.262587153670995388e-01
1.696999999999923903e+00,-5.048836604744616485e-02,1.855890370480037799e-01,-5.093251564239255069e-01,-2.289432946645693703e-02,1.320178209333426000e+00,-2.749817778306647309e+00,1.298945768303401138e-01
1.697999999999923793e+00,-5.050954119368375461e-02,1.869020316071039745e-01,-5.120554736669292728e-01,-2.117514623758736877e-02,1.312994559087122592e+00,-2.730317242954342749e+00,1.336265582768443316e-01
1.698999999999923682e+00,-5.052912909440654410e-02,1.882073660891623312e-01,-5.147655792943572894e-01,-1.958790072279001024e-02,1.305334482045536149e+00,-2.710105627378585069e+00,1.374570898691405141e-01
1.699999999999923572e+00,-5.054726589219531857e-02,1.895045503931163111e-01,-5.174547426908854275e-01,-1.813679778877784823e-02,1.297184303941394168e+00,-2.689163396478040369e+00,1.413886195328206696e-01
1.700999999999923462e+00,-5.056409203336027086e-02,1.907930803968528877e-01,-5.201222132211023030e-01,-1.682614116495512180e-02,1.288530003724228212e+00,-2.667470530166753839e+00,1.454236085332600847e-01
1.701999999999923352e+00,-5.057975236816308201e-02,1.920724376052039828e-01,-5.227672197397859044e-01,-1.566033480281343870e-02,1.279357208339044538e+00,-2.645006518632706971e+00,1.495645265374985211e-01
1.702999999999923242e+00,-5.059439625228744075e-02,1.933420887930668020e-01,-5.253889700981820843e-01,-1.464388412436161933e-02,1.269651187850972862e+00,-2.621750358344889342e+00,1.538138461244400457e-01
1.703999999999923132e+00,-5.060817764943185970e-02,1.946014856440482499e-01,-5.279866506471366794e-01,-1.378139714442067586e-02,1.259396850969847659e+00,-2.597680548903187780e+00,1.581740367061230668e-01
1.704999999999923022e+00,-5.062125523487957801e-02,1.958500643850899225e-01,-5.305594257380190637e-01,-1.307758544771549930e-02,1.248578741030458295e+00,-2.572775090830425881e+00,1.626475578053474536e-01
1.705999999999922911e+00,-5.063379249988232689e-02,1.970872454175965072e-01,-5.331064372224902925e-01,-1.253726500274837154e-02,1.237181032495703548e+00,-2.547011484418606475e+00,1.672368516559754603e-01
1.706999999999922801e+00,-5.064595785667315442e-02,1.983124329456562029e-01,-5.356268039522892321e-01,-1.216535679082860269e-02,1.225187528049126229e+00,-2.520366729745965095e+00,1.719443350681886251e-01
1.707999999999922691e+00,-5.065792474390137801e-02,1.995250146020203785e-01,-5.381196212803356360e-01,-1.196688722822109377e-02,1.212581656353917348e+00,-2.492817327993174459e+00,1.767723905150906383e-01
1.708999999999922581e+00,-5.066987173225766250e-02,2.007243610725888971e-01,-5.405839605645843537e-01,-1.194698835628229573e-02,1.199346470558666944e+00,-2.464339284194923874e+00,1.817233563826146092e-01
1.709999999999922471e+00,-5.068198263003131920e-02,2.019098257202382729e-01,-5.430188686762138506e-01,-1.211089777365396622e-02,1.185464647639937086e+00,-2.434908111575088796e+00,1.867995163341804599e-01
1.710999999999922361e+00,-5.069444658831260414e-02,2.030807442089233028e-01,-5.454233675138909776e-01,-1.246395828128659712e-02,1.170918488675982916e+00,-2.404498837622436547e+00,1.920030877283811499e-01
1.711999999999922251e+00,-5.070745820552251260e-02,2.042364341290884011e-01,-5.477964535260230194e-01,-1.301161720990712256e-02,1.155689920156509842e+00,-2.373086012076741635e+00,1.973362090371169053e-01
1.712999999999922141e+00,-5.072121763091863578e-02,2.053761946255354687e-01,-5.501370972430837947e-01,-1.375942539612584094e-02,1.139760496438869231e+00,-2.340643717005244540e+00,2.028009262000538548e-01
1.713999999999922030e+00,-5.073593066669006280e-02,2.064993060290153393e-01,-5.524442428223028667e-01,-1.471303577142408364e-02,1.123111403472169867e+00,-2.307145579162968474e+00,2.083991778578009324e-01
1.714999999999921920e+00,-5.075180886821552273e-02,2.076050294929411288e-01,-5.547168076072018783e-01,-1.587820152546086383e-02,1.105723463918703464e+00,-2.272564784842589170e+00,2.141327794016434360e-01
1.715999999999921810e+00,-5.076906964201764044e-02,2.086926066367595367e-01,-5.569536817046913946e-01,-1.726077380212116819e-02,1.087577143811810476e+00,-2.236874097432275832e+00,2.200034057770889895e-01
1.716999999999921700e+00,-5.078793634090160436e-02,2.097612591976657503e-01,-5.591537275826630182e-01,-1.886669888396462838e-02,1.068652560900114290e+00,-2.200045877914158510e+00,2.260125729801458760e-01
1.717999999999921590e+00,-5.080863835571892279e-02,2.108101886925094204e-01,-5.613157796912704445e-01,-2.070201481731644491e-02,1.048929494838178655e+00,-2.162052108549497920e+00,2.321616181833605630e-01
1.718999999999921480e+00,-5.083141120314613876e-02,2.118385760919097860e-01,-5.634386441113400368e-01,-2.277284742721607039e-02,1.028387399395571888e+00,-2.122864420011350006e+00,2.384516784323182925e-01
1.719999999999921370e+00,-5.085649660881441658e-02,2.128455815087814396e-01,-5.655210982336383863e-01,-2.508540566827484677e-02,1.007005416867427394e+00,-2.082454122239639993e+00,2.448836678545260881e-01
1.720999999999921259e+00,-5.088414258506645388e-02,2.138303439036659814e-01,-5.675618904730050929e-01,-2.764597625203482276e-02,9.847623948811202732e-01,-2.040792239307593459e+00,2.514582533165490297e-01
1.721999999999921149e+00,-5.091460350255803957e-02,2.147919808094800043e-01,-5.695597400216715345e-01,-3.046091749158324341e-02,9.616369058112291812e-01,-1.997849548606940751e+00,2.581758284937847314e-01
1.722999999999921039e+00,-5.094814015485420178e-02,2.157295880785003450e-01,-5.715133366463984732e-01,-3.353665229615877125e-02,9.376072690183259173e-01,-1.953596624667080173e+00,2.650364862847265357e-01
1.723999999999920929e+00,-5.098501981510066006e-02,2.166422396546523743e-01,-5.734213405344033010e-01,-3.687966024645802227e-02,9.126515761509074176e-01,-1.908003887944464516e+00,2.720399895377019206e-01
1.724999999999920819e+00,-5.102551628377866022e-02,2.175289873744121194e-01,-5.752823821933950033e-01,-4.049646867799994859e-02,8.867477197594367810e-01,-1.861041658931173792e+00,2.791857400565720404e-01
1.725999999999920709e+00,-5.106990992647349875e-02,2.183888607998950848e-01,-5.770950624113984073e-01,-4.439364269483579706e-02,8.598734254834278223e-01,-1.812680217942781891e+00,2.864727458537159599e-01
1.726999999999920599e+00,-5.111848770050447105e-02,2.192208670879826904e-01,-5.788579522824196522e-01,-4.857777403097236768e-02,8.320062880891243573e-01,-1.762889870960150596e+00,2.938995866309643823e-01
1.727999999999920488e+00,-5.117154316917883750e-02,2.200239908996323990e-01,-5.805695933043949486e-01,-5.305546867436910369e-02,8.031238116520239556e-01,-1.711641021914287908e+00,3.014643774913090546e-01
1.728999999999920378e+00,-5.122937650234234142e-02,2.207971943538172832e-01,-5.822284975562672660e-01,-5.783333316350491166e-02,7.732034541884652556e-01,-1.658904251810949138e+00,3.091647308863540999e-01
1.729999999999920268e+00,-5.129229446180362528e-02,2.215394170308689903e-01,-5.838331479614301545e-01,-6.291795946128435346e-02,7.422226770561980436e-01,-1.604650405101597066e+00,3.169977168206745688e-01
1.730999999999920158e+00,-5.136061037011289271e-02,2.222495760303239976e-01,-5.853819986452095669e-01,-6.831590830927052049e-02,7.101589994607352407e-01,-1.548850683717734267e+00,3.249598213663325019e-01
1.731999999999920048e+00,-5.143464406107160075e-02,2.229265660887290446e-01,-5.868734753944574445e-01,-7.403369095870666883e-02,6.769900584118678788e-01,-1.491476749186827711e+00,3.330469035400112077e-01
1.732999999999919938e+00,-5.151472181024527308e-02,2.235692597632147616e-01,-5.883059762277741411e-01,-8.007774917367076195e-02,6.426936744938220869e-01,-1.432500833255247130e+00,3.412541506425483817e-01
1.733999999999919828e+00,-5.160117624364140426e-02,2.241765076870233242e-01,-5.896778720852747790e-01,-8.645443339613410882e-02,6.072479238178617456e-01,-1.371895857439559219e+00,3.495760321650847047e-01
1.734999999999919718e+00,-5.169434622260289658e-02,2.247471389035543832e-01,-5.909875076472624889e-01,-9.316997896149088743e-02,5.706312165417399829e-01,-1.309635561927162017e+00,3.580062524141762736e-01
1.735999999999919607e+00,-5.179457670285252113e-02,2.252799612858868983e-01,-5.922332022915597349e-01,-1.002304802496233327e-01,5.328223823446359697e-01,-1.245694644236901905e+00,3.665377020276006093e-01
1.736999999999919497e+00,-5.190221856550726598e-02,2.257737620491284958e-01,-5.934132511996588200e-01,-1.076418626547433754e-01,4.938007632550922565e-01,-1.180048908039259326e+00,3.751624085942948383e-01
1.737999999999919387e+00,-5.201762841776326474e-02,2.262273083633469239e-01,-5.945259266222364669e-01,-1.154098522560005335e-01,4.535463142334195119e-01,-1.112675422518361046e+00,3.838714866304160367e-01
1.738999999999919277e+00,-5.214116836083509954e-02,2.266393480752416367e-01,-5.955694793149299837e-01,-1.235399430718338715e-01,4.120397119113181628e-01,-1.043552692634841961e+00,3.926550872119012325e-01
1.739999999999919167e+00,-5.227320572261381221e-02,2.270086105471090243e-01,-5.965421401556030290e-01,-1.320373617787117260e-01,3.692624718855932464e-01,-9.726608406157331022e-01,4.015023475915757700e-01
1.740999999999919057e+00,-5.241411275239466622e-02,2.273338076220530746e-01,-5.974421219546254269e-01,-1.409070297808543148e-01,3.251970749640106240e-01,-8.999817989656647699e-01,4.104013412105125269e-01
1.741999999999918947e+00,-5.256426627491130044e-02,2.276136347247715574e-01,-5.982676214699218509e-01,-1.501535225166359400e-01,2.798271027400826005e-01,-8.254995152415111059e-01,4.193390285284834818e-01
1.742999999999918836e+00,-5.272404730080638285e-02,2.278467721076151420e-01,-5.990168216387600220e-01,-1.597810258950839168e-01,2.331373828669190407e-01,-7.492001687841536306e-01,4.283012091882243411e-01
1.743999999999918726e+00,-5.289384059056784215e-02,2.280318862519606360e-01,-5.996878940383457701e-01,-1.697932897614570502e-01,1.851141443708098078e-01,-6.710723995334648695e-01,4.372724760674335798e-01
1.744999999999918616e+00,-5.307403416886727343e-02,2.281676314352510115e-01,-6.002790015873743501e-01,-1.801935782994334434e-01,1.357451833175038203e-01,-5.911075489779784586e-01,4.462361718396588017e-01
1.745999999999918506e+00,-5.326501878615622770e-02,2.282526514743289381e-01,-6.007883015006283411e-01,-1.909846172889572702e-01,8.502003910701766420e-02,-5.092999132053128708e-01,4.551743487316031178e-01
1.746999999999918396e+00,-5.346718732430836424e-02,2.282855816559228590e-01,-6.012139485085944424e-01,-2.021685381521371172e-01,3.293018162499736223e-02,-4.256470079198205747e-01,4.640677322258870419e-01
1.747999999999918286e+00,-5.368093414304480476e-02,2.282650508653124577e-01,-6.015540983538201214e-01,-2.137468187364406358e-01,-2.053079057735526791e-02,-3.401498451818304458e-01,4.728956895270597371e-01
1.748999999999918176e+00,-5.390665436384895620e-02,2.281896839243066633e-01,-6.018069115753579279e-01,-2.257202208041482194e-01,-7.536694097079579824e-02,-2.528132214965669311e-01,4.816362036727275253e-01
1.749999999999918066e+00,-5.414474308806972030e-02,2.280581041496910211e-01,-6.019705575921358021e-01,-2.380887242207657128e-01,-1.315797745784111350e-01,-1.636460167396566745e-01,4.902658542380828877e-01
1.750999999999917955e+00,-5.439559454593298482e-02,2.278689361432338634e-01,-6.020432190954195795e-01,-2.508514578632621284e-01,-1.891680064179478149e-01,-7.266150324866964272e-02,4.987598056459274787e-01
1.751999999999917845e+00,-5.465960117323224315e-02,2.276208088241582772e-01,-6.020230967596867933e-01,-2.640066272992617202e-01,-2.481273190343420143e-01,2.012233576430697002e-02,5.070918041429592904e-01
1.752999999999917735e+00,-5.493715261255947835e-02,2.273123587146948787e-01,-6.019084142802028081e-01,-2.775514393272356939e-01,-3.084501094200174376e-01,1.146824795116608287e-01,5.152341845736971848e-01
1.753999999999917625e+00,-5.522863463606741963e-02,2.269422334888834270e-01,-6.016974237443418749e-01,-2.914820235079381705e-01,-3.701252257661722389e-01,2.109905358844196277e-01,5.231578881106546675e-01
1.754999999999917515e+00,-5.553442798693369875e-02,2.265090957941932603e-01,-6.013884113422325317e-01,-3.057933508662800115e-01,-4.331376946428086017e-01,3.090124021284412770e-01,5.308324921511857752e-01
1.755999999999917405e+00,-5.585490713692790182e-02,2.260116273547573273e-01,-6.009797034205923705e-01,-3.204791499942011845e-01,-4.974684393865243526e-01,4.087079216545009275e-01,5.382262536003876718e-01
1.756999999999917295e+00,-5.619043895777494496e-02,2.254485333640383060e-01,-6.004696728816502072e-01,-3.355318208470459695e-01,-5.630939906678450457e-01,5.100305389509892651e-01,5.453061667905814147e-01
1.757999999999917184e+00,-5.654138130436595078e-02,2.248185471735507923e-01,-5.998567459268049351e-01,-3.509423465910059825e-01,-6.299861904344604691e-01,6.129269548489454378e-01,5.520380372656656931e-01
1.758999999999917074e+00,-5.690808150829685524e-02,2.241204352828315982e-01,-5.991394091421216039e-01,-3.667002039309056882e-01,-6.981118906644606659e-01,7.173367846810144721e-01,5.583865726363956838e-01
1.759999999999916964e+00,-5.729087478072700246e-02,2.233530026341528363e-01,-5.983162169199328639e-01,-3.827932724301469358e-01,-7.674326486223753685e-01,8.231922221802990824e-01,5.643154916828301282e-01
1.760999999999916854e+00,-5.769008252414599414e-02,2.225150982134936617e-01,-5.973857992076279100e-01,-3.992077434189911234e-01,-8.379044206015122676e-01,9.304177122903154462e-01,5.697876527862799634e-01
1.761999999999916744e+00,-5.810601055332906273e-02,2.216056209569991498e-01,-5.963468695712214052e-01,-4.159280291830662057e-01,-9.094772564354394184e-01,1.038929636384600341e+00,5.747652026963816496e-01
1.762999999999916634e+00,-5.853894722655128557e-02,2.206235259595473175e-01,-5.951982335574571570e-01,-4.329366732222206249e-01,-9.820949973916681675e-01,1.148636013735272021e+00,5.792097464918466443e-01
1.763999999999916524e+00,-5.898916148903075862e-02,2.195678309790864424e-01,-5.939387973340112259e-01,-4.502142624794729375e-01,-1.055694980399949578e+00,1.259436223409294175e+00,5.830825394566989672e-01
1.764999999999916414e+00,-5.945690083158016587e-02,2.184376232270890672e-01,-5.925675765828489761e-01,-4.677393425494104640e-01,-1.130207751935874860e+00,1.371220751117862235e+00,5.863447013719831347e-01
1.765999999999916303e+00,-5.994238916857371618e-02,2.172320664317782257e-01,-5.910837056169189196e-01,-4.854883369935503179e-01,-1.205556795248846846e+00,1.483870965877747583e+00,5.889574535105328579e-01
1.766999999999916193e+00,-6.044582464058548266e-02,2.159504081567061029e-01,-5.894864466851884588e-01,-5.034354720117659721e-01,-1.281658275010131742e+00,1.597258931669747195e+00,5.908823783492902493e-01
1.767999999999916083e+00,-6.096737734842536810e-02,2.145919873527956656e-01,-5.877751994255291379e-01,-5.215527078398887184e-01,-1.358420803848592096e+00,1.711247259590080949e+00,5.920817016932566901e-01
1.768999999999915973e+00,-6.150718702679192074e-02,2.131562421171092070e-01,-5.859495104191805304e-01,-5.398096783665529141e-01,-1.435745235625299987e+00,1.825689006270180048e+00,5.925185965658137377e-01
1.769999999999915863e+00,-6.206536066737616125e-02,2.116427176263716847e-01,-5.840090827945062513e-01,-5.581736405842400162e-01,-1.513524490677147005e+00,1.940427624587434563e+00,5.921575078360739042e-01
1.770999999999915753e+00,-6.264197010297785362e-02,2.100510742076882320e-01,-5.819537858215135806e-01,-5.766094356016899791e-01,-1.591643418624567374e+00,2.055296972896383689e+00,5.909644961093665216e-01
1.771999999999915643e+00,-6.323704956603241889e-02,2.083810955029672674e-01,-5.797836644322561517e-01,-5.950794630545628294e-01,-1.669978704663614755e+00,2.170121389152424918e+00,5.889075989743961514e-01
1.772999999999915532e+00,-6.385059323687666821e-02,2.066326966773491813e-01,-5.774989485957565671e-01,-6.135436708442475462e-01,-1.748398825562869741e+00,2.284715836385328380e+00,5.859572071889491696e-01
1.773999999999915422e+00,-6.448255279908822468e-02,2.048059326154738902e-01,-5.751000624696538388e-01,-6.319595622115539157e-01,-1.826764061822526930e+00,2.398886125979488693e+00,5.820864528746803046e-01
1.774999999999915312e+00,-6.513283502129876834e-02,2.029010060428015627e-01,-5.725876332443998740e-01,-6.502822222105387739e-01,-1.904926572622483105e+00,2.512429225121704413e+00,5.772716062715694818e-01
1.775999999999915202e+00,-6.580129938697393266e-02,2.009182755024742084e-01,-5.699624995896791502e-01,-6.684643656751702023e-01,-1.982730540280618126e+00,2.625133654580179776e+00,5.714924770392837416e-01
1.776999999999915092e+00,-6.648775579574331407e-02,1.988582631115058952e-01,-5.672257196068786200e-01,-6.864564087693777461e-01,-2.060012390925340497e+00,2.736779982651118104e+00,5.647328155646604841e-01
1.777999999999914982e+00,-6.719196236191121718e-02,1.967216620135097127e-01,-5.643785781860738426e-01,-7.042065661679037802e-01,-2.136601097957269602e+00,2.847141420647440135e+00,5.569807091921816777e-01
1.778999999999914872e+00,-6.791362333774128568e-02,1.945093434388727172e-01,-5.614225936612221579e-01,-7.216609758300618349e-01,-2.212318574602456067e+00,2.955984524686505743e+00,5.482289678016254442e-01
1.779999999999914762e+00,-6.865238719092914277e-02,1.922223632774057167e-01,-5.583595236532971073e-01,-7.387638531878614190e-01,-2.286980161437131009e+00,3.063070007752973112e+00,5.384754926727630675e-01
1.780999999999914651e+00,-6.940784486730371128e-02,1.898619680632243067e-01,-5.551913699880723918e-01,-7.554576763745662893e-01,-2.360395214156467691e+00,3.168153665045808420e+00,5.277236221817354078e-01
1.781999999999914541e+00,-7.017952827116512304e-02,1.874296002671384520e-01,-5.519203825734243507e-01,-7.716834038614110991e-01,-2.432367796066132737e+00,3.270987414463193854e+00,5.159824475375920372e-01
1.782999999999914431e+00,-7.096690899670470010e-02,1.849269027883487515e-01,-5.485490621205069139e-01,-7.873807255395760540e-01,-2.502697478775419704e+00,3.371320452727124994e+00,5.032670915063270911e-01
1.783999999999914321e+00,-7.176939734459068798e-02,1.823557225349998756e-01,-5.450801615942265643e-01,-8.024883478859893282e-01,-2.571180253340159982e+00,3.468900526085244795e+00,4.895989429569311824e-01
1.784999999999914211e+00,-7.258634165796737370e-02,1.797181129823411661e-01,-5.415166862812615944e-01,-8.169443133766921550e-01,-2.637609552655499012e+00,3.563475312766257286e+00,4.750058400498371469e-01
1.785999999999914101e+00,-7.341702801172797499e-02,1.770163355981274056e-01,-5.378618923686545594e-01,-8.306863537605982950e-01,-2.701777384216171640e+00,3.654793912405346568e+00,4.595221950275085732e-01
1.786999999999913991e+00,-7.426068028791112108e-02,1.742528600276856132e-01,-5.341192839329429454e-01,-8.436522761831452000e-01,-2.763475570449694274e+00,3.742608435507915665e+00,4.431890538776208643e-01
1.787999999999913880e+00,-7.511646066836932811e-02,1.714303629359960890e-01,-5.302926082490291293e-01,-8.557803804582128082e-01,-2.822497091702860228e+00,3.826675683709023001e+00,4.260540846270295390e-01
1.788999999999913770e+00,-7.598347057340529287e-02,1.685517254113694519e-01,-5.263858493396819105e-01,-8.670099050359667547e-01,-2.878637524645111245e+00,3.906758909142330705e+00,4.081714887033456307e-01
1.789999999999913660e+00,-7.686075207181550240e-02,1.656200288450165314e-01,-5.224032197007808520e-01,-8.772814984102083047e-01,-2.931696566376241542e+00,3.982629638696747243e+00,3.896018306557387234e-01
1.790999999999913550e+00,-7.774728978369285781e-02,1.626385492131254551e-01,-5.183491501542283331e-01,-8.865377118773491993e-01,-2.981479631918987128e+00,4.054069546350158149e+00,3.704117826304127448e-01
1.791999999999913440e+00,-7.864201329240226579e-02,1.596107497030366529e-01,-5.142282777998214982e-01,-8.947235087094108641e-01,-3.027799510120721571e+00,4.120872354207267385e+00,3.506737812494673534e-01
1.792999999999913330e+00,-7.954380007636474570e-02,1.565402716427479746e-01,-5.100454320592359148e-01,-9.017867839624784665e-01,-3.070478060324371761e+00,4.182845740389438127e+00,3.304655960057445441e-01
1.793999999999913220e+00,-8.045147896470289384e-02,1.534309237132048531e-01,-5.058056188294335342e-01,-9.076788883381443629e-01,-3.109347929581983916e+00,4.239813229610424727e+00,3.098698099273846651e-01
1.794999999999913110e+00,-8.136383411347850036e-02,1.502866694454788599e-01,-5.015140027890294672e-01,-9.123551487756059730e-01,-3.144254267767466082e+00,4.291616040217503425e+00,2.889732150401389532e-01
1.795999999999912999e+00,-8.227960949128358681e-02,1.471116130297360769e-01,-4.971758879290762434e-01,-9.157753778050836679e-01,-3.175056415786265962e+00,4.338114859772533194e+00,2.678661270318727361e-01
1.796999999999912889e+00,-8.319751385446527703e-02,1.439099834895105900e-01,-4.927966964089220969e-01,-9.179043631816945492e-01,-3.201629540270450214e+00,4.379191519980126124e+00,2.466416255121703927e-01
1.797999999999912779e+00,-8.411622618342744218e-02,1.406861173027420808e-01,-4.883819458677006176e-01,-9.187123289621660360e-01,-3.223866186814407619e+00,4.414750541054642596e+00,2.253947282058312851e-01
1.798999999999912669e+00,-8.503440154245184290e-02,1.374444395797739249e-01,-4.839372253520197731e-01,-9.181753590243943997e-01,-3.241677723014246393e+00,4.444720515521627391e+00,2.042215093708250606e-01
1.799999999999912559e+00,-8.595067731654028320e-02,1.341894439373860493e-01,-4.794681700498066301e-01,-9.162757740884462931e-01,-3.254995642433865743e+00,4.469055302061793356e+00,1.832181745726000344e-01
1.800999999999912449e+00,-8.686367977012998676e-02,1.309256712362215636e-01,-4.749804350482703108e-01,-9.130024535897015570e-01,-3.263772701209636473e+00,4.487735001393383882e+00,1.624801055785951576e-01
1.801999999999912339e+00,-8.777203086444031188e-02,1.276576873759080744e-01,-4.704796683597614049e-01,-9.083510943103240143e-01,-3.267983860357438708e+00,4.500766688374387314e+00,1.421008905986518300e-01
1.802999999999912228e+00,-8.867435526292358206e-02,1.243900603669185617e-01,-4.659714834821066520e-01,-9.023243984832692854e-01,-3.267627009031749186e+00,4.508184877528794487e+00,1.221713561723660746e-01
1.803999999999912118e+00,-8.956928744807614307e-02,1.211273369199871858e-01,-4.614614317789665354e-01,-8.949321851525614546e-01,-3.262723446971537378e+00,4.510051703022686098e+00,1.027786177756873087e-01
1.804999999999912008e+00,-9.045547886795576864e-02,1.178740188118701793e-01,-4.569549749801553040e-01,-8.861914198796303488e-01,-3.253318108154814592e+00,4.506456798702219047e+00,8.400516651942879776e-02
1.805999999999911898e+00,-9.133160502736503705e-02,1.146345392997171475e-01,-4.524574581109925830e-01,-8.761261594092702998e-01,-3.239479512188084165e+00,4.497516869062144984e+00,6.592800918681618327e-02
1.806999999999911788e+00,-9.219637243697076379e-02,1.114132398646501820e-01,-4.479740831630696363e-01,-8.647674096057269555e-01,-3.221299435099209241e+00,4.483374947830269797e+00,4.861787820915175473e-02
1.807999999999911678e+00,-9.304852533376857526e-02,1.082143475678440381e-01,-4.435098838159137191e-01,-8.521528967978082569e-01,-3.198892296835273541e+00,4.464199347071211577e+00,3.213852706319642039e-02
1.808999999999911568e+00,-9.388685208833788542e-02,1.050419532991265642e-01,-4.390697015096772238e-01,-8.383267545693059430e-01,-3.172394268743544465e+00,4.440182306159240255e+00,1.654612494637142106e-02
1.809999999999911457e+00,-9.471019121827910225e-02,1.018999911887155246e-01,-4.346581631531697965e-01,-8.233391299412139430e-01,-3.141962110433893063e+00,4.411538356437027630e+00,1.888762539298483034e-03
1.810999999999911347e+00,-9.551743693302280902e-02,9.879221943723734412e-02,-4.302796607294467890e-01,-8.072457147437067659e-01,-3.107771751497779622e+00,4.378502423659412557e+00,-1.179392180113758570e-02
1.811999999999911237e+00,-9.630754414273016983e-02,9.572220279788411224e-02,-4.259383330331941164e-01,-7.901072097073649214e-01,-3.070016639369659295e+00,4.341327696195286912e+00,-2.447098883664011737e-02
1.812999999999911127e+00,-9.707953287307681534e-02,9.269329691793228021e-02,-4.216380497409212280e-01,-7.719887303466469453e-01,-3.028905879965071435e+00,4.300283292221547704e+00,-3.612031466005660718e-02
1.813999999999911017e+00,-9.783249203808765115e-02,8.970863471553093549e-02,-4.173823979772799397e-01,-7.529591650108319323e-01,-2.984662202411450416e+00,4.255651763595134085e+00,-4.672857587236123322e-02
1.814999999999910907e+00,-9.856558253457974039e-02,8.677111493250004581e-02,-4.131746714996702985e-01,-7.330904964920929023e-01,-2.937519783037898069e+00,4.207726477568797918e+00,-5.629110639765677604e-02
1.815999999999910797e+00,-9.927803963384546071e-02,8.388339296582951465e-02,-4.090178625797304401e-01,-7.124570992657207613e-01,-2.887721966674625662e+00,4.156808919903452804e+00,-6.481163165958747641e-02
1.816999999999910687e+00,-9.996917465862623087e-02,8.104787404071411849e-02,-4.049146566155696347e-01,-6.911350247807688252e-01,-2.835518925116562006e+00,4.103205964129072569e+00,-7.230188864090614231e-02
1.817999999999910576e+00,-1.006383759458321786e-01,7.826670874741707695e-02,-4.008674294638467361e-01,-6.692012872059421857e-01,-2.781165293295397412e+00,4.047227151695000025e+00,-7.878114287233195512e-02
1.818999999999910466e+00,-1.012851091075087639e-01,7.554179092415719277e-02,-3.968782474372865021e-01,-6.467331616765819025e-01,-2.724917823255513571e+00,3.989182026536085335e+00,-8.427561550711182292e-02
1.819999999999910356e+00,-1.019089166139180436e-01,7.287475782966258697e-02,-3.929488698720389195e-01,-6.238075064092749589e-01,-2.667033094487611500e+00,3.929377565226783275e+00,-8.881783527518827270e-02
1.820999999999910246e+00,-1.025094167329959616e-01,7.026699251302143123e-02,-3.890807541315039475e-01,-6.005001190779140074e-01,-2.607765316631557084e+00,3.868115740517400702e+00,-9.244593127787403830e-02
1.821999999999910136e+00,-1.030863018696301786e-01,6.771962825588935531e-02,-3.852750628797102506e-01,-5.768851366342209186e-01,-2.547364257119985709e+00,3.805691251779063755e+00,-9.520288317809821876e-02
1.822999999999910026e+00,-1.036393363559813263e-01,6.523355493370169844e-02,-3.815326734287830535e-01,-5.530344863511507114e-01,-2.486073322173159905e+00,3.742389450915146742e+00,-9.713574545627423618e-02
1.823999999999909916e+00,-1.041683537503130114e-01,6.280942711885528773e-02,-3.778541889419587685e-01,-5.290173943316809346e-01,-2.424127814829531324e+00,3.678484486814871168e+00,-9.829486199533477020e-02
1.824999999999909805e+00,-1.046732537064308383e-01,6.044767373023337415e-02,-3.742399512563150954e-01,-5.048999561178272311e-01,-2.361753388602769732e+00,3.614237685636614295e+00,-9.873308640335842767e-02
1.825999999999909695e+00,-1.051539984788415483e-01,5.814850902012455580e-02,-3.706900550779857473e-01,-4.807447724107115627e-01,-2.299164710087505448e+00,3.549896178324195795e+00,-9.850502225032720105e-02
1.826999999999909585e+00,-1.056106091301703964e-01,5.591194468153114910e-02,-3.672043632970141136e-01,-4.566106513288493152e-01,-2.236564338569987154e+00,3.485691780968632525e+00,-9.766629583593910979e-02
1.827999999999909475e+00,-1.060431615073055556e-01,5.373780285589421085e-02,-3.637825231689031935e-01,-4.325523771351539870e-01,-2.174141825611542345e+00,3.421840128109695733e+00,-9.627287231826997527e-02
1.828999999999909365e+00,-1.064517820513008334e-01,5.162572982305872749e-02,-3.604239831149257389e-01,-4.086205439952739771e-01,-2.112073032808199358e+00,3.358540053977661977e+00,-9.438042408766911251e-02
1.829999999999909255e+00,-1.068366435034211470e-01,4.957521016141439030e-02,-3.571280099027975274e-01,-3.848614521203188032e-01,-2.050519661615221700e+00,3.295973212129948315e+00,-9.204375826368149660e-02
1.830999999999909145e+00,-1.071979605660402513e-01,4.758558117603420290e-02,-3.538937059827735876e-01,-3.613170626191035129e-01,-1.989628985349471524e+00,3.234303920027010282e+00,-8.931630818544178396e-02
1.831999999999909035e+00,-1.075359855725930153e-01,4.565604740568986186e-02,-3.507200267709019714e-01,-3.380250065527641845e-01,-1.929533770312059859e+00,3.173679211875941597e+00,-8.624969182785413579e-02
1.832999999999908924e+00,-1.078510042156423099e-01,4.378569503521015371e-02,-3.476057976903293989e-01,-3.150186430492896150e-01,-1.870352370446101142e+00,3.114229080577545439e+00,-8.289333828010114757e-02
1.833999999999908814e+00,-1.081433313765391702e-01,4.197350605711675647e-02,-3.445497308025010086e-01,-2.923271608968544544e-01,-1.812188978058483890e+00,3.056066887834315793e+00,-7.929418178548264251e-02
1.834999999999908704e+00,-1.084133070943189558e-01,4.021837204519882608e-02,-3.415504408821167237e-01,-2.699757177797813545e-01,-1.755134011881985145e+00,2.999289920390769026e+00,-7.549642142394663580e-02
1.835999999999908594e+00,-1.086612927055563282e-01,3.851910742207333149e-02,-3.386064608121950870e-01,-2.479856112373771682e-01,-1.699264623088678317e+00,2.943980069928635590e+00,-7.154134331121575485e-02
1.836999999999908484e+00,-1.088876671810472263e-01,3.687446212229244374e-02,-3.357162561979327720e-01,-2.263744754908980916e-01,-1.644645299743238365e+00,2.890204614269678007e+00,-6.746720123197746943e-02
1.837999999999908374e+00,-1.090928236795260242e-01,3.528313357172374598e-02,-3.328782391197750434e-01,-2.051564984787936363e-01,-1.591328550530456853e+00,2.838017078165325557e+00,-6.330915088536315238e-02
1.838999999999908264e+00,-1.092771663332661736e-01,3.374377792234455053e-02,-3.300907809667858461e-01,-1.843426537401428866e-01,-1.539355649340505838e+00,2.787458152996710847e+00,-5.909923241428760576e-02
1.839999999999908153e+00,-1.094411072754352399e-01,3.225502049893705370e-02,-3.273522243107082064e-01,-1.639409421690731783e-01,-1.488757423368550548e+00,2.738556656085188834e+00,-5.486639558214978507e-02
1.840999999999908043e+00,-1.095850639145408978e-01,3.081546543018815615e-02,-3.246608937987766619e-01,-1.439566391056514572e-01,-1.439555068709772012e+00,2.691330511938871961e+00,-5.063656184146125838e-02
1.841999999999907933e+00,-1.097094564572518860e-01,2.942370445121591030e-02,-3.220151060592272296e-01,-1.243925427109827120e-01,-1.391760978933093806e+00,2.645787739556406226e+00,-4.643271757685774048e-02
1.842999999999907823e+00,-1.098147056773292746e-01,2.807832487744502808e-02,-3.194131786274300722e-01,-1.052492200773907094e-01,-1.345379573731869227e+00,2.601927431803664703e+00,-4.227503297636836521e-02
1.843999999999907713e+00,-1.099012309253608044e-01,2.677791676098837531e-02,-3.168534379126280998e-01,-8.652524803153012478e-02,-1.300408116417892224e+00,2.559740714808084405e+00,-3.818100126655821214e-02
1.844999999999907603e+00,-1.099694483714474813e-01,2.552107925025626570e-02,-3.143342262354092975e-01,-6.821744608667075493e-02,-1.256837510693709081e+00,2.519211677224268975e+00,-3.416559340461144956e-02
1.845999999999907493e+00,-1.100197694709252189e-01,2.430642618145102338e-02,-3.118539079743448128e-01,-5.032109947773730219e-02,-1.214653068767290955e+00,2.480318261069363928e+00,-3.024142374263494304e-02
1.846999999999907383e+00,-1.100525996415867569e-01,2.313259093698809624e-02,-3.094108748667777076e-01,-3.283017066153454122e-02,-1.173835244425494695e+00,2.443033107571194407e+00,-2.641892263262057838e-02
1.847999999999907272e+00,-1.100683371396637411e-01,2.199823061081693926e-02,-3.070035505136907705e-01,-1.573749807698895595e-02,-1.134360326134416397e+00,2.407324353090121605e+00,-2.270651241962795552e-02
1.848999999999907162e+00,-1.100673721209984163e-01,2.090202952421748792e-02,-3.046303941420458461e-01,9.650186653226734690e-04,-1.096201086563417304e+00,2.373156371647361595e+00,-1.911078373993557733e-02
1.849999999999907052e+00,-1.100500858733350490e-01,1.984270213805307617e-02,-3.022899036801377504e-01,1.728624766337290633e-02,-1.059327386129139459e+00,2.340490461909701114e+00,-1.563666951187681065e-02
1.850999999999906942e+00,-1.100168502054526126e-01,1.881899540880404426e-02,-2.999806182025021029e-01,3.323566788243820930e-02,-1.023706729214566513e+00,2.309285477636316308e+00,-1.228761444760717580e-02
1.851999999999906832e+00,-1.099680269788981674e-01,1.782969063613120547e-02,-2.977011198009122950e-01,4.882322655444048393e-02,-9.893047726392415475e-01,2.279498401589616918e+00,-9.065738337768358690e-03
1.852999999999906722e+00,-1.099039677683274208e-01,1.687360484936133512e-02,-2.954500349371602108e-01,6.405921057074166758e-02,-9.560857867371953533e-01,2.251084863750885567e+00,-5.971991731653858437e-03
1.853999999999906612e+00,-1.098250136368747604e-01,1.594959177927512961e-02,-2.932260353317828749e-01,7.895413145265427202e-02,-9.240130700544224585e-01,2.223999605375186484e+00,-3.006302994658316408e-03
1.854999999999906501e+00,-1.097314950135270528e-01,1.505654246003950390e-02,-2.910278384408049313e-01,9.351862334771166019e-02,-8.930493192047955775e-01,2.198196890974889239e+00,-1.677160194799576232e-04
1.855999999999906391e+00,-1.096237316601302303e-01,1.419338550416701650e-02,-2.888542075700497036e-01,1.077633533968206103e-01,-8.631569558425995492e-01,2.173630870751415145e+00,2.545481855196651821e-03
1.856999999999906281e+00,-1.095020327163876706e-01,1.335908709111362225e-02,-2.867039516737321381e-01,1.216989437425571724e-01,-8.342984130244647245e-01,2.150255896312723181e+00,5.135641936099055727e-03
1.857999999999906171e+00,-1.093666968119899746e-01,1.255265070762804323e-02,-2.845759248809949238e-01,1.353359043977021003e-01,-8.064363834576191437e-01,2.128026792731399386e+00,7.605646303992408264e-03
1.858999999999906061e+00,-1.092180122358258065e-01,1.177311667532220281e-02,-2.824690257908580304e-01,1.486845761641660824e-01,-7.795340322787882581e-01,2.106899090130401220e+00,9.958809841367433080e-03
1.859999999999905951e+00,-1.090562571530440256e-01,1.101956149820977442e-02,-2.803821965728081622e-01,1.617550827817821335e-01,-7.535551770863251342e-01,2.086829218042368872e+00,1.219879189046579882e-02
1.860999999999905841e+00,-1.088816998615535075e-01,1.029109706021645934e-02,-2.783144219070159409e-01,1.745572914905134665e-01,-7.284644379681399773e-01,2.067774665783986165e+00,1.432951717227037847e-02
1.861999999999905731e+00,-1.086945990803482032e-01,9.586869699950735860e-03,-2.762647277949745184e-01,1.871007812052983832e-01,-7.042273602414265143e-01,2.049694112032343085e+00,1.635510552205898804e-02
1.862999999999905620e+00,-1.084952042628180707e-01,8.906059187370559196e-03,-2.742321802682685661e-01,1.993948175301336057e-01,-6.808105125568054694e-01,2.032547526696099283e+00,1.827980993227207307e-02
1.863999999999905510e+00,-1.082837559289477197e-01,8.247877624426492096e-03,-2.722158840202114627e-01,2.114483338703487258e-01,-6.581815629215335139e-01,2.016296248046562489e+00,2.010796236825829197e-02
1.864999999999905400e+00,-1.080604860110049859e-01,7.611568289324096778e-03,-2.702149809822761428e-01,2.232699179427299896e-01,-6.363093350807000892e-01,2.000903037924095074e+00,2.184392678747748562e-02
1.865999999999905290e+00,-1.078256182079801728e-01,6.996404441746389806e-03,-2.682286488645971301e-01,2.348678030248077531e-01,-6.151638475568071973e-01,1.986332117666927299e+00,2.349205879860782886e-02
1.866999999999905180e+00,-1.075793683446490678e-01,6.401688104221759691e-03,-2.662560996773520317e-01,2.462498633311115404e-01,-5.947163375045754208e-01,1.972549187232465417e+00,2.505667138732148302e-02
1.867999999999905070e+00,-1.073219447316984682e-01,5.826748832820221290e-03,-2.642965782475420466e-01,2.574236129506047299e-01,-5.749392713821911416e-01,1.959521429796796888e+00,2.654200615395652108e-02
1.868999999999904960e+00,-1.070535485238719997e-01,5.270942488517580370e-03,-2.623493607435963826e-01,2.683962078264635065e-01,-5.558063442840348589e-01,1.947217503931867322e+00,2.795220952438448592e-02
1.869999999999904849e+00,-1.067743740735668107e-01,4.733650018876019508e-03,-2.604137532183055659e-01,2.791744503051904469e-01,-5.372924696236942577e-01,1.935607525276297869e+00,2.929131342092672341e-02
1.870999999999904739e+00,-1.064846092777390063e-01,4.214276258155479939e-03,-2.584890901788541862e-01,2.897647958278106728e-01,-5.193737607033206416e-01,1.924663039436417478e+00,3.056321990224297735e-02
1.871999999999904629e+00,-1.061844359163606893e-01,3.712248752583978233e-03,-2.565747331911583107e-01,3.001733613783230670e-01,-5.020275055549549004e-01,1.914356987680450928e+00,3.177168931839435828e-02
1.872999999999904519e+00,-1.058740299810145002e-01,3.227016616269585796e-03,-2.546700695243183099e-01,3.104059353461822712e-01,-4.852321362984678421e-01,1.904663666824040202e+00,3.292033155212492623e-02
1.873999999999904409e+00,-1.055535619925165175e-01,2.758049422129647908e-03,-2.527745108397524421e-01,3.204679884979776960e-01,-4.689671941246392195e-01,1.895558684549440986e+00,3.401259995398753233e-02
1.874999999999904299e+00,-1.052231973067265652e-01,2.304836131229397352e-03,-2.508874919284806992e-01,3.303646857899500966e-01,-4.532132908855423525e-01,1.887018911254918718e+00,3.505178760789062764e-02
1.875999999999904189e+00,-1.048830964079403988e-01,1.866884063059994804e-03,-2.490084694990683523e-01,3.401008987861701693e-01,-4.379520681552234174e-01,1.879022429394929805e+00,3.604102559869137856e-02
1.876999999999904079e+00,-1.045334151894623392e-01,1.443717908531495439e-03,-2.471369210179037157e-01,3.496812184780537236e-01,-4.231661545148810988e-01,1.871548481146924292e+00,3.698328298221253974e-02
1.877999999999903968e+00,-1.041743052211328846e-01,1.034878786802143763e-03,-2.452723436027592352e-01,3.591099683294602385e-01,-4.088391217162248847e-01,1.864577415126372317e+00,3.788136818638587755e-02
1.878999999999903858e+00,-1.038059140037358580e-01,6.399233465055456432e-04,-2.434142529699740154e-01,3.683912173970273485e-01,-3.949554402839620670e-01,1.858090632766816963e+00,3.873793160307448247e-02
1.879999999999903748e+00,-1.034283852103375784e-01,2.584229114579344772e-04,-2.415621824350677738e-01,3.775287933982798272e-01,-3.815004350354713192e-01,1.852070534887462872e+00,3.955546915622187854e-02
1.880999999999903638e+00,-1.030418589147159142e-01,-1.100373294750010914e-04,-2.397156819661621641e-01,3.865262956216673484e-01,-3.684602409212514029e-01,1.846500468886463020e+00,4.033632665195896472e-02
1.881999999999903528e+00,-1.026464718071257443e-01,-4.658590890067992180e-04,-2.378743172892212876e-01,3.953871075901662646e-01,-3.558217595205304673e-01,1.841364676921395160e+00,4.108270474800357341e-02
1.882999999999903418e+00,-1.022423573977181005e-01,-8.094317054863649609e-04,-2.360376690438297786e-01,4.041144094076374316e-01,-3.435726164687148421e-01,1.836648245371769850e+00,4.179666439014284585e-02
1.883999999999903308e+00,-1.018296462079870263e-01,-1.141132825534774218e-03,-2.342053319879913442e-01,4.127111897310762334e-01,-3.317011200379489377e-01,1.832337055818372695e+00,4.248013259150895671e-02
1.884999999999903197e+00,-1.014084659506625102e-01,-1.461329046590962135e-03,-2.323769142502495333e-01,4.211802573245131409e-01,-3.201962210461267722e-01,1.828417737721488301e+00,4.313490844467438023e-02
1.885999999999903087e+00,-1.009789416985002325e-01,-1.770376520830158453e-03,-2.305520366272932054e-01,4.295242521622740783e-01,-3.090474742294999633e-01,1.824877622935712873e+00,4.376266926854532890e-02
1.886999999999902977e+00,-1.005411960424421880e-01,-2.068621522015524211e-03,-2.287303319251146050e-01,4.377456560580453848e-01,-2.982450011760215958e-01,1.821704702157753708e+00,4.436497681447715280e-02
1.887999999999902867e+00,-1.000953492396372407e-01,-2.356400976912432273e-03,-2.269114443417228622e-01,4.458468028049460408e-01,-2.877794548879120118e-01,1.818887583370595751e+00,4.494328346153597664e-02
1.888999999999902757e+00,-9.964151935181862763e-02,-2.634042962935667469e-03,-2.250950288893831808e-01,4.538298878186193264e-01,-2.776419860145445950e-01,1.816415452318313584e+00,4.549893834617946276e-02
1.889999999999902647e+00,-9.917982237453673577e-02,-2.901867173718653426e-03,-2.232807508543407649e-01,4.616969772818882989e-01,-2.678242107746104939e-01,1.814278035020905344e+00,4.603319337793077004e-02
1.890999999999902537e+00,-9.871037235774332563e-02,-3.160185354293246034e-03,-2.214682852920012157e-01,4.694500167934069768e-01,-2.583181805665172304e-01,1.812465562317703505e+00,4.654720910890475238e-02
1.891999999999902426e+00,-9.823328151821504595e-02,-3.409301707553559144e-03,-2.196573165555675833e-01,4.770908395282756898e-01,-2.491163532525277335e-01,1.810968736411635804e+00,4.704206042099756679e-02
1.892999999999902316e+00,-9.774866034429428863e-02,-3.649513273647214326e-03,-2.178475378561735287e-01,4.846211739207547664e-01,-2.402115660861687818e-01,1.809778699371785704e+00,4.751874201432726430e-02
1.893999999999902206e+00,-9.725661769341223395e-02,-3.881110283898832076e-03,-2.160386508526101479e-01,4.920426508820569533e-01,-2.315970102443926093e-01,1.808887003540954552e+00,4.797817367835444102e-02
1.894999999999902096e+00,-9.675726088284274107e-02,-4.104376490823406082e-03,-2.142303652688004323e-01,4.993568105694940473e-01,-2.232662069175980757e-01,1.808285583787037298e+00,4.842120532905469510e-02
1.895999999999901986e+00,-9.625069577411980715e-02,-4.319589475731395664e-03,-2.124223985372489798e-01,5.065651087229308125e-01,-2.152129849012672236e-01,1.807966731528533044e+00,4.884862181365612344e-02
1.896999999999901876e+00,-9.573702685153256953e-02,-4.527020935370212364e-03,-2.106144754667647889e-01,5.136689225872405062e-01,-2.074314596323146853e-01,1.807923070461197046e+00,4.926114747091858703e-02
1.897999999999901766e+00,-9.521635729509325685e-02,-4.726936948983207279e-03,-2.088063279328322697e-01,5.206695564393057918e-01,-1.999160136067255067e-01,1.808147533909254534e+00,4.965945045114095180e-02
1.898999999999901656e+00,-9.468878904835401067e-02,-4.919598227103702884e-03,-2.069976945890865672e-01,5.275682467392522890e-01,-1.926612781144586561e-01,1.808633343722256814e+00,5.004414679410817968e-02
1.899999999999901545e+00,-9.415442288142929217e-02,-5.105260343334677015e-03,-2.051883205984251501e-01,5.343661669247203871e-01,-1.856621162251451684e-01,1.809373990637895613e+00,5.041580427369174444e-02
1.900999999999901435e+00,-9.361335844956082675e-02,-5.284173950300279088e-03,-2.033779573823694953e-01,5.410644318684687537e-01,-1.789136069599831513e-01,1.810363216031793510e+00,5.077494600729970387e-02
1.901999999999901325e+00,-9.306569434754304038e-02,-5.456584980888128968e-03,-2.015663623873703292e-01,5.476641020177803743e-01,-1.724110305824296807e-01,1.811594994975246564e+00,5.112205384482493287e-02
1.902999999999901215e+00,-9.251152816030794312e-02,-5.622734835837825060e-03,-1.997532988668222209e-01,5.541661872350938101e-01,-1.661498549444686557e-01,1.813063520523954031e+00,5.145757153811381102e-02
1.903999999999901105e+00,-9.195095650995024905e-02,-5.782860558666945948e-03,-1.979385356776353355e-01,5.605716503576950727e-01,-1.601257228240652308e-01,1.814763189162551527e+00,5.178190770501434059e-02
1.904999999999900995e+00,-9.138407509945550844e-02,-5.937194998865150987e-03,-1.961218470902786337e-01,5.668814104947396126e-01,-1.543344401933571808e-01,1.816688587332270455e+00,5.209543859199516902e-02
1.905999999999900885e+00,-9.081097875337736103e-02,-6.085966964227066192e-03,-1.943030126112824107e-01,5.730963460781443031e-01,-1.487719653572209255e-01,1.818834478971532942e+00,5.239851064996248198e-02
1.906999999999900774e+00,-9.023176145569299089e-02,-6.229401363137745430e-03,-1.924818168172553190e-01,5.792172976843662502e-01,-1.434343989061536151e-01,1.821195794002257173e+00,5.269144292715566280e-02
1.907999999999900664e+00,-8.964651638505113929e-02,-6.367719337569876549e-03,-1.906580491995325255e-01,5.852450706418567128e-01,-1.383179744277640566e-01,1.823767617697753307e+00,5.297452929578039260e-02
1.908999999999900554e+00,-8.905533594761097516e-02,-6.501138387500514371e-03,-1.888315040186360760e-01,5.911804374401602447e-01,-1.334190499264207297e-01,1.826545180871302909e+00,5.324804051272868932e-02
1.909999999999900444e+00,-8.845831180765752200e-02,-6.629872487404001903e-03,-1.870019801677835769e-01,5.970241399534517157e-01,-1.287340998994340735e-01,1.829523850827136755e+00,5.351222613543926698e-02
1.910999999999900334e+00,-8.785553491616447663e-02,-6.754132195433566396e-03,-1.851692810447384818e-01,6.027768914930443644e-01,-1.242597080256354625e-01,1.832699123019624565e+00,5.376731628958664189e-02
1.911999999999900224e+00,-8.724709553746395896e-02,-6.874124755857068461e-03,-1.833332144313439827e-01,6.084393787005170084e-01,-1.199925604197440432e-01,1.836066613368809497e+00,5.401352330855901940e-02
1.912999999999900114e+00,-8.663308327417043597e-02,-6.990054195273382419e-03,-1.814935923801343498e-01,6.140122632935159919e-01,-1.159294394126614280e-01,1.839622051183755325e+00,5.425104324667273659e-02
1.913999999999900004e+00,-8.601358709049489182e-02,-7.102121413095213720e-03,-1.796502311074596181e-01,6.194961836755435991e-01,-1.120672178183030887e-01,1.843361272648753379e+00,5.448005727544247279e-02
1.914999999999899893e+00,-8.538869533407517087e-02,-7.210524266748316417e-03,-1.778029508926042279e-01,6.248917564197167263e-01,-1.084028536497161355e-01,1.847280214829234879e+00,5.470073297345656727e-02
1.915999999999899783e+00,-8.475849575643910894e-02,-7.315457652002570026e-03,-1.759515759824201719e-01,6.301995776360572732e-01,-1.049333852509751752e-01,1.851374910157747689e+00,5.491322551574251420e-02
1.916999999999899673e+00,-8.412307553220725598e-02,-7.417113578819085895e-03,-1.740959345010301695e-01,6.354202242318501836e-01,-1.016559268133507832e-01,1.855641481363491607e+00,5.511767876728068671e-02
1.917999999999899563e+00,-8.348252127713441662e-02,-7.515681243066893620e-03,-1.722358583641932228e-01,6.405542550728330342e-01,-9.856766424476748334e-02,1.860076136810260738e+00,5.531422629284854509e-02
1.918999999999899453e+00,-8.283691906508112990e-02,-7.611347094435880201e-03,-1.703711831979556890e-01,6.456022120532819430e-01,-9.566585136605210149e-02,1.864675166210779444e+00,5.550299228481092584e-02
1.919999999999899343e+00,-8.218635444399884082e-02,-7.704294900846739638e-03,-1.685017482612405082e-01,6.505646210822918496e-01,-9.294780640800726079e-02,1.869434936688209703e+00,5.568409241635663420e-02
1.920999999999899233e+00,-8.153091245100610451e-02,-7.794705809634484318e-03,-1.666273963720568962e-01,6.554419929927376431e-01,-9.041090878499957739e-02,1.874351889156463891e+00,5.585763462691728520e-02
1.921999999999899122e+00,-8.087067762662684955e-02,-7.882758405760722023e-03,-1.647479738370353497e-01,6.602348243792510729e-01,-8.805259612358062871e-02,1.879422534994165339e+00,5.602371984321541376e-02
1.922999999999899012e+00,-8.020573402825607878e-02,-7.968628767288682413e-03,-1.628633303840193169e-01,6.649435983707732145e-01,-8.587036152541749345e-02,1.884643452988573165e+00,5.618244264238114738e-02
1.923999999999898902e+00,-7.953616524291284851e-02,-8.052490518337085748e-03,-1.609733190974641792e-01,6.695687853432238379e-01,-8.386175104591875318e-02,1.890011286527532697e+00,5.633389185969583934e-02
1.924999999999898792e+00,-7.886205439933580141e-02,-8.134514879710142213e-03,-1.590777963564170561e-01,6.741108435770406526e-01,-8.202436137068502831e-02,1.895522741019285640e+00,5.647815114712928519e-02
1.925999999999898682e+00,-7.818348417947187934e-02,-8.214870717386276236e-03,-1.571766217748678807e-01,6.785702198639285143e-01,-8.035583767380871656e-02,1.901174581521256846e+00,5.661529948639021370e-02
1.926999999999898572e+00,-7.750053682940452604e-02,-8.293724589032170844e-03,-1.552696581442787049e-01,6.829473500673538533e-01,-7.885387164364943136e-02,1.906963630561040013e+00,5.674541165776525453e-02
1.927999999999898462e+00,-7.681329416976419300e-02,-8.371240788695919616e-03,-1.533567713781170405e-01,6.872426596403371502e-01,-7.751619966157108355e-02,1.912886766133452099e+00,5.686855867132112330e-02
1.928999999999898352e+00,-7.612183760566014479e-02,-8.447581389819481396e-03,-1.514378304582297274e-01,6.914565641040463229e-01,-7.634060112144913646e-02,1.918940919858866723e+00,5.698480816201212384e-02
1.929999999999898241e+00,-7.542624813616950752e-02,-8.522906286700132616e-03,-1.495127073829111974e-01,6.955894694906397113e-01,-7.532489687861221306e-02,1.925123075289912000e+00,5.709422475064518387e-02
1.930999999999898131e+00,-7.472660636341631191e-02,-8.597373234519010282e-03,-1.475812771165286863e-01,6.996417727531947239e-01,-7.446694781690643694e-02,1.931430266353690417e+00,5.719687037519083361e-02
1.931999999999898021e+00,-7.402299250127085395e-02,-8.671137888045347963e-03,-1.456434175405815767e-01,7.036138621454584019e-01,-7.376465352440475520e-02,1.937859575918232435e+00,5.729280459388319535e-02
1.932999999999897911e+00,-7.331548638369672632e-02,-8.744353839116014368e-03,-1.436990094060796030e-01,7.075061175741245156e-01,-7.321595106878830972e-02,1.944408134472885852e+00,5.738208486166729294e-02
1.933999999999897801e+00,-7.260416747277101401e-02,-8.817172652981413589e-03,-1.417479362871376936e-01,7.113189109257072040e-01,-7.281881386357158537e-02,1.951073118912656668e+00,5.746476678409817573e-02
1.934999999999897691e+00,-7.188911486640064963e-02,-8.889743903601299985e-03,-1.397900845356903343e-01,7.150526063703679380e-01,-7.257125061814451161e-02,1.957851751417911679e+00,5.754090434813208255e-02
1.935999999999897581e+00,-7.117040730575613372e-02,-8.962215207967130434e-03,-1.378253432372395781e-01,7.187075606445150200e-01,-7.247130436408200094e-02,1.964741298421173177e+00,5.761055013353355569e-02
1.936999999999897470e+00,-7.044812318244217386e-02,-9.034732259520342895e-03,-1.358536041675564299e-01,7.222841233139591921e-01,-7.251705155152454729e-02,1.971739069653462684e+00,5.767375550565212450e-02
1.937999999999897360e+00,-6.972234054542260362e-02,-9.107438860731769531e-03,-1.338747617502629716e-01,7.257826370195648025e-01,-7.270660120978267305e-02,1.978842417263491971e+00,5.773057078984722423e-02
1.938999999999897250e+00,-6.899313710771604047e-02,-9.180476954899432010e-03,-1.318887130152299192e-01,7.292034377065609307e-01,-7.303809416602791149e-02,1.986048735003015153e+00,5.778104543195916598e-02
1.939999999999897140e+00,-6.826059025287690984e-02,-9.253986657218783371e-03,-1.298953575577270481e-01,7.325468548391258494e-01,-7.350970231777032016e-02,1.993355457472623105e+00,5.782522814304003056e-02
1.940999999999897030e+00,-6.752477704127551883e-02,-9.328106285174483925e-03,-1.278945974982738931e-01,7.358132116013855750e-01,-7.411962795414062111e-02,2.000760059422785453e+00,5.786316703145444329e-02
1.941999999999896920e+00,-6.678577421618932253e-02,-9.402972388297976131e-03,-1.258863374431381799e-01,7.390028250861976344e-01,-7.486610312197450323e-02,2.008260055105093755e+00,5.789490972169630822e-02
1.942999999999896810e+00,-6.604365820971651313e-02,-9.478719777331891597e-03,-1.238704844454383558e-01,7.421160064728107297e-01,-7.574738903240119114e-02,2.015852997669115965e+00,5.792050346200783295e-02
1.943999999999896700e+00,-6.529850514852245102e-02,-9.555481552837650008e-03,-1.218469479668070204e-01,7.451530611940643256e-01,-7.676177550426466212e-02,2.023536478600473476e+00,5.793999522293513671e-02
1.944999999999896589e+00,-6.455039085942794463e-02,-9.633389133280949659e-03,-1.198156398395793382e-01,7.481142890945076118e-01,-7.790758044182388709e-02,2.031308127196657765e+00,5.795343178392720063e-02
1.945999999999896479e+00,-6.379939087484789995e-02,-9.712572282625193260e-03,-1.177764742294711842e-01,7.509999845800456875e-01,-7.918314934278791739e-02,2.039165610076941082e+00,5.796085981240173268e-02
1.946999999999896369e+00,-6.304558043808806966e-02,-9.793159137460864805e-03,-1.157293675987170756e-01,7.538104367598235100e-01,-8.058685483420968687e-02,2.047106630722796083e+00,5.796232593464800686e-02
1.947999999999896259e+00,-6.228903450850677148e-02,-9.875276233696213962e-03,-1.136742386696393270e-01,7.565459295813014018e-01,-8.211709623391560964e-02,2.055128929046203812e+00,5.795787679805641801e-02
1.948999999999896149e+00,-6.152982776654783437e-02,-9.959048532832281628e-03,-1.116110083886247828e-01,7.592067419589396682e-01,-8.377229913461203825e-02,2.063230280982934151e+00,5.794755912746829551e-02
1.949999999999896039e+00,-6.076803461865049050e-02,-1.004459944784259762e-02,-1.095395998904848262e-01,7.617931478973410941e-01,-8.555091500887035405e-02,2.071408498108147533e+00,5.793141977387294972e-02
1.950999999999895929e+00,-6.000372920204131988e-02,-1.013205086867660469e-02,-1.074599384631807625e-01,7.643054166091723944e-01,-8.745142083257850807e-02,2.079661427272078811e+00,5.790950575826969704e-02
1.951999999999895818e+00,-5.923698538941272324e-02,-1.022152318740346399e-02,-1.053719515128950790e-01,7.667438126285973654e-01,-8.947231872540939435e-02,2.087986950253554852e+00,5.788186430885677858e-02
1.952999999999895708e+00,-5.846787679349221140e-02,-1.031313532301110850e-02,-1.032755685294333564e-01,7.691085959205119504e-01,-9.161213560619752005e-02,2.096382983429414093e+00,5.784854289408780659e-02
1.953999999999895598e+00,-5.769647677150609166e-02,-1.040700474587456618e-02,-1.011707210519429828e-01,7.714000219861203433e-01,-9.386942286199784213e-02,2.104847477457952643e+00,5.780958925034407336e-02
1.954999999999895488e+00,-5.692285842954079161e-02,-1.050324750190520344e-02,-9.905734263493558289e-02,7.736183419652971072e-01,-9.624275602917886641e-02,2.113378416974764917e+00,5.776505140517085302e-02
1.955999999999895378e+00,-5.614709462680477631e-02,-1.060197823639177223e-02,-9.693536881460358690e-02,7.757638027360141963e-01,-9.873073448509139816e-02,2.121973820299285940e+00,5.771497769691902313e-02
1.956999999999895268e+00,-5.536925797979365405e-02,-1.070331021754253320e-02,-9.480473707542001749e-02,7.778366470111204301e-01,-1.013319811492728872e-01,2.130631739150646187e+00,5.765941679077468685e-02
1.957999999999895158e+00,-5.458942086636062868e-02,-1.080735535973724459e-02,-9.266538681701533275e-02,7.798371134330280841e-01,-1.040451421931830600e-01,2.139350258371658597e+00,5.759841769029039327e-02
1.958999999999895048e+00,-5.380765542969432463e-02,-1.091422424649569553e-02,-9.051725932132254071e-02,7.817654366663053800e-01,-1.068688867569247414e-01,2.148127495659556185e+00,5.753202974720394991e-02
1.959999999999894937e+00,-5.302403358220571239e-02,-1.102402615316976954e-02,-8.836029771998683835e-02,7.836218474886144092e-01,-1.098019066725196557e-01,2.156961601302344711e+00,5.746030266732726766e-02
1.960999999999894827e+00,-5.223862700932546677e-02,-1.113686906936397873e-02,-8.619444696203340528e-02,7.854065728802455126e-01,-1.128429161926132185e-01,2.165850757919975500e+00,5.738328651388124868e-02
1.961999999999894717e+00,-5.145150717321321510e-02,-1.125285972108924434e-02,-8.401965378179067356e-02,7.871198361122547782e-01,-1.159906517236467538e-01,2.174793180209081189e+00,5.730103170930789247e-02
1.962999999999894607e+00,-5.066274531637947331e-02,-1.137210359265416679e-02,-8.183586666706615942e-02,7.887618568337398939e-01,-1.192438715632934132e-01,2.183787114690702413e+00,5.721358903316864364e-02
1.963999999999894497e+00,-4.987241246522136628e-02,-1.149470494829661973e-02,-7.964303582757206734e-02,7.903328511581046989e-01,-1.226013556407841154e-01,2.192830839460123471e+00,5.712100961973254343e-02
1.964999999999894387e+00,-4.908057943347256952e-02,-1.162076685355843339e-02,-7.744111316360002828e-02,7.918330317487946024e-01,-1.260619052601107404e-01,2.201922663937965652e+00,5.702334495201744069e-02
1.965999999999894277e+00,-4.828731682556822169e-02,-1.175039119640517750e-02,-7.523005223494369509e-02,7.932626079043479939e-01,-1.296243428450023494e-01,2.211060928622099020e+00,5.692064685574083072e-02
1.966999999999894166e+00,-4.749269503992507857e-02,-1.188367870809263656e-02,-7.300980823006976428e-02,7.946217856431451176e-01,-1.332875116856755415e-01,2.220244004839561747e+00,5.681296749034925320e-02
1.967999999999894056e+00,-4.669678427213723448e-02,-1.202072898378098338e-02,-7.078033793553702158e-02,7.959107677878440867e-01,-1.370502756865248362e-01,2.229470294498216987e+00,5.670035933943773365e-02
1.968999999999893946e+00,-4.589965451808757785e-02,-1.216164050289733969e-02,-6.854159970566496562e-02,7.971297540496569134e-01,-1.409115191144838519e-01,2.238738229837395011e+00,5.658287519958948852e-02
1.969999999999893836e+00,-4.510137557697503630e-02,-1.230651064924692326e-02,-6.629355343245293963e-02,7.982789411125397194e-01,-1.448701463476638196e-01,2.248046273177247922e+00,5.646056816818434410e-02
1.970999999999893726e+00,-4.430201705425755587e-02,-1.245543573087281794e-02,-6.403616051575161672e-02,7.993585227174835328e-01,-1.489250816239492403e-01,2.257392916666383531e+00,5.633349162975787028e-02
1.971999999999893616e+00,-4.350164836451075184e-02,-1.260851099966392268e-02,-6.176938383368913571e-02,8.003686897468023087e-01,-1.530752687890793995e-01,2.266776682027419554e+00,5.620169924226359193e-02
1.972999999999893506e+00,-4.270033873420205073e-02,-1.276583067071021885e-02,-5.949318771335383033e-02,8.013096303087006156e-01,-1.573196710442410495e-01,2.276196120300094883e+00,5.606524492146336414e-02
1.973999999999893395e+00,-4.189815720438001129e-02,-1.292748794140491896e-02,-5.720753790173668807e-02,8.021815298220403845e-01,-1.616572706925868408e-01,2.285649811581794477e+00,5.592418282539113328e-02
1.974999999999893285e+00,-4.109517263327865100e-02,-1.309357501029177577e-02,-5.491240153693614096e-02,8.029845711013621212e-01,-1.660870688846833865e-01,2.295136364765065551e+00,5.577856733800656830e-02
1.975999999999893175e+00,-4.029145369883637556e-02,-1.326418309565673311e-02,-5.260774711962847711e-02,8.037189344422762671e-01,-1.706080853627210958e-01,2.304654417272073985e+00,5.562845305201269408e-02
1.976999999999893065e+00,-3.948706890112912288e-02,-1.343940245386223385e-02,-5.029354448480694018e-02,8.043847977072493549e-01,-1.752193582032098851e-01,2.314202634785790469e+00,5.547389475130526382e-02
1.977999999999892955e+00,-3.868208656471738838e-02,-1.361932239742257196e-02,-4.796976477379343018e-02,8.049823364117354441e-01,-1.799199435579895701e-01,2.323779710977649682e+00,5.531494739336162425e-02
1.978999999999892845e+00,-3.787657484090659055e-02,-1.380403131281862650e-02,-4.563638040652579636e-02,8.055117238107961652e-01,-1.847089153936416484e-01,2.333384367231638556e+00,5.515166609068333781e-02
1.979999999999892735e+00,-3.707060170992041576e-02,-1.399361667805007654e-02,-4.329336505412492014e-02,8.059731309861726256e-01,-1.895853652289726243e-01,2.343015352364747006e+00,5.498410609235526714e-02
1.980999999999892625e+00,-3.626423498298667752e-02,-1.418816507992318871e-02,-4.094069361174510618e-02,8.063667269337410071e-01,-1.945484018705674334e-01,2.352671442343558184e+00,5.481232276564795836e-02
1.981999999999892514e+00,-3.545754230433513510e-02,-1.438776223107233500e-02,-3.857834217171170893e-02,8.066926786515392633e-01,-1.995971511465354231e-01,2.362351439997026681e+00,5.463637157660983235e-02
1.982999999999892404e+00,-3.465059115310687582e-02,-1.459249298671312818e-02,-3.620628799694976252e-02,8.069511512282568910e-01,-2.047307556380989491e-01,2.372054174725465536e+00,5.445630807120988015e-02
1.983999999999892294e+00,-3.384344884517472007e-02,-1.480244136112499574e-02,-3.382450949470766632e-02,8.071423079321550231e-01,-2.099483744091151793e-01,2.381778502205468495e+00,5.427218785644916110e-02
1.984999999999892184e+00,-3.303618253487420470e-02,-1.501769054386147169e-02,-3.143298619057997845e-02,8.072663103005153218e-01,-2.152491827336479036e-01,2.391523304090950486e+00,5.408406658094083719e-02
1.985999999999892074e+00,-3.222885921664466607e-02,-1.523832291568579661e-02,-2.903169870283279358e-02,8.073233182295403987e-01,-2.206323718214109331e-01,2.401287487710341395e+00,5.389199991590687411e-02
1.986999999999891964e+00,-3.142154572657993028e-02,-1.546442006422994037e-02,-2.662062871703606629e-02,8.073134900647366274e-01,-2.260971485411510384e-01,2.411069985759763501e+00,5.369604353596435509e-02
1.987999999999891854e+00,-3.061430874388825288e-02,-1.569606279937496920e-02,-2.419975896100660592e-02,8.072369826916768742e-01,-2.316427351419635405e-01,2.420869755992371974e+00,5.349625310040873050e-02
1.988999999999891743e+00,-2.980721479226090473e-02,-1.593333116835082483e-02,-2.176907318006562203e-02,8.070939516273468728e-01,-2.372683689727165257e-01,2.430685780903786508e+00,5.329268423350869144e-02
1.989999999999891633e+00,-2.900033024114915398e-02,-1.617630447055331752e-02,-1.932855611261442841e-02,8.068845511117500591e-01,-2.429733021992567243e-01,2.440517067413882302e+00,5.308539250655713859e-02
1.990999999999891523e+00,-2.819372130694915157e-02,-1.642506127207648409e-02,-1.687819346603251086e-02,8.066089342000023477e-01,-2.487568015198641236e-01,2.450362646544487433e+00,5.287443341855513346e-02
1.991999999999891413e+00,-2.738745405409436992e-02,-1.667967941995866440e-02,-1.441797189290123377e-02,8.062672528547816242e-01,-2.546181478787715724e-01,2.460221573093761993e+00,5.265986237784944790e-02
1.992999999999891303e+00,-2.658159439605525115e-02,-1.694023605613995467e-02,-1.194787896755688562e-02,8.058596580391197417e-01,-2.605566361778055562e-01,2.470092925306709652e+00,5.244173468374294100e-02
1.993999999999891193e+00,-2.577620809624571116e-02,-1.720680763112981612e-02,-9.467903162976938972e-03,8.053862998095414616e-01,-2.665715749862880291e-01,2.479975804542206674e+00,5.222010550819328190e-02
1.994999999999891083e+00,-2.497136076883620104e-02,-1.747946991738269160e-02,-6.978033828002535265e-03,8.048473274095099272e-01,-2.726622862492097399e-01,2.489869334936559930e+00,5.199502987774107243e-02
1.995999999999890973e+00,-2.416711787947307261e-02,-1.775829802238017979e-02,-4.478261164900922651e-03,8.042428893631294873e-01,-2.788281049937343381e-01,2.499772663063666300e+00,5.176656265579043792e-02
1.996999999999890862e+00,-2.336354474590398786e-02,-1.804336640141820242e-02,-1.968576207271082335e-03,8.035731335690858845e-01,-2.850683790341599355e-01,2.509684957591803656e+00,5.153475852492850340e-02
1.997999999999890752e+00,-2.256070653850912600e-02,-1.833474887009754750e-02,5.510292017043080673e-04,8.028382073948626685e-01,-2.913824686754118432e-01,2.519605408937239499e+00,5.129967196921275674e-02
1.998999999999890642e+00,-2.175866828073804229e-02,-1.863251861651663011e-02,3.080562430657347688e-03,8.020382577710841732e-01,-2.977697464150425022e-01,2.529533228914801590e+00,5.106135725727900532e-02
1.999999999999890532e+00,-2.095749484945197416e-02,-1.893674821316468707e-02,5.620030081080816357e-03,8.011734312860664398e-01,-3.042295966439186872e-01,2.539467650385129449e+00,5.081986842494523593e-02
2.000999999999890644e+00,-2.015725097517150760e-02,-1.924750962851459052e-02,8.169438008018536576e-03,8.002438742804669491e-01,-3.107614153456658146e-01,2.549407926899289301e+00,5.057525925857858651e-02
2.001999999999890534e+00,-1.935800124222945492e-02,-1.956487423831381259e-02,1.072879134039730550e-02,7.992497329420520380e-01,-3.173646097948912281e-01,2.559353332340243981e+00,5.032758327825465061e-02
2.002999999999890424e+00,-1.855981008882891595e-02,-1.988891283657258716e-02,1.329809450099763042e-02,7.981911534005383668e-01,-3.240385982543367849e-01,2.569303160561707600e+00,5.007689372125262439e-02
2.003999999999890314e+00,-1.776274180700644287e-02,-2.021969564624810298e-02,1.587735122606059521e-02,7.970682818224731347e-01,-3.307828096709830579e-01,2.579256725024272612e+00,4.982324352573763715e-02
2.004999999999890203e+00,-1.696686054250032272e-02,-2.055729232962395445e-02,1.846656458452827776e-02,7.958812645061201785e-01,-3.375966833712039650e-01,2.589213358428892775e+00,4.956668531459218485e-02
2.005999999999890093e+00,-1.617223029452398431e-02,-2.090177199838374675e-02,2.106573699691495147e-02,7.946302479763396320e-01,-3.444796687550499836e-01,2.599172412347799721e+00,4.930727137928381243e-02
2.006999999999889983e+00,-1.537891491544455917e-02,-2.125320322337838352e-02,2.367487025380705240e-02,7.933153790794249538e-01,-3.514312249897784124e-01,2.609133256853147564e+00,4.904505366400152555e-02
2.007999999999889873e+00,-1.458697811036670407e-02,-2.161165404408591992e-02,2.629396553398915745e-02,7.919368050778543555e-01,-3.584508207025838278e-01,2.619095280143067583e+00,4.878008374985864926e-02
2.008999999999889763e+00,-1.379648343662174745e-02,-2.197719197776373465e-02,2.892302342219382760e-02,7.904946737449572991e-01,-3.655379336727444528e-01,2.629057888165555745e+00,4.851241283913182434e-02
2.009999999999889653e+00,-1.300749430316229700e-02,-2.234988402829209478e-02,3.156204392647318779e-02,7.889891334594505423e-01,-3.726920505231819947e-01,2.639020504240171761e+00,4.824209173966365061e-02
2.010999999999889543e+00,-1.222007396986247475e-02,-2.272979669470883562e-02,3.421102649518989458e-02,7.874203332998219729e-01,-3.799126664114604868e-01,2.648982568677442195e+00,4.796917084928004060e-02
2.011999999999889432e+00,-1.143428554672394105e-02,-2.311699597943460416e-02,3.686997003362549319e-02,7.857884231385343643e-01,-3.871992847203671317e-01,2.658943538396245199e+00,4.769370014025975379e-02
2.012999999999889322e+00,-1.065019199298789312e-02,-2.351154739618825998e-02,3.953887292020413086e-02,7.840935537360474994e-01,-3.945514167481412038e-01,2.668902886539243013e+00,4.741572914378167081e-02
2.013999999999889212e+00,-9.867856116153291349e-03,-2.391351597759213896e-02,4.221773302232972869e-02,7.823358768346020398e-01,-4.019685813982608602e-01,2.678860102086103812e+00,4.713530693441969621e-02
2.014999999999889102e+00,-9.087340570901526748e-03,-2.432296628246692627e-02,4.490654771183424931e-02,7.805155452517646975e-01,-4.094503048690416591e-01,2.688814689464972041e+00,4.685248211458403755e-02
2.015999999999888992e+00,-8.308707857927803697e-03,-2.473996240281576761e-02,4.760531388003583914e-02,7.786327129737226072e-01,-4.169961203429828345e-01,2.698766168161991441e+00,4.656730279885779034e-02
2.016999999999888882e+00,-7.532020322679517169e-03,-2.516456797049759081e-02,5.031402795240439568e-02,7.766875352482865980e-01,-4.246055676758676567e-01,2.708714072328864741e+00,4.627981659831104100e-02
2.017999999999888772e+00,-6.757340154001916822e-03,-2.559684616358944703e-02,5.303268590283280459e-02,7.746801686776004781e-01,-4.322781930857632071e-01,2.718657950388666755e+00,4.599007060467708019e-02
2.018999999999888662e+00,-5.984729382691378850e-03,-2.603685971243754546e-02,5.576128326751241676e-02,7.726107713105376806e-01,-4.400135488418929208e-01,2.728597364639808287e+00,4.569811137437229664e-02
2.019999999999888551e+00,-5.214249879956616048e-03,-2.648467090539727981e-02,5.849981515841044810e-02,7.704795027347626224e-01,-4.478111929534054347e-01,2.738531890858166395e+00,4.540398491237840339e-02
2.020999999999888441e+00,-4.445963355788144430e-03,-2.694034159426184766e-02,6.124827627634790023e-02,7.682865241684717628e-01,-4.556706888581283366e-01,2.748461117897500028e+00,4.510773665583556191e-02
2.021999999999888331e+00,-3.679931357236378067e-03,-2.740393319937960148e-02,6.400666092367576776e-02,7.660319985517664021e-01,-4.635916051111865777e-01,2.758384647287901004e+00,4.480941145749506305e-02
2.022999999999888221e+00,-2.916215266598701662e-03,-2.787550671445995776e-02,6.677496301654839428e-02,7.637160906376764258e-01,-4.715735150736716230e-01,2.768302092832589434e+00,4.450905356884138353e-02
2.023999999999888111e+00,-2.154876299515921627e-03,-2.835512271106800652e-02,6.955317609679129154e-02,7.613389670827801492e-01,-4.796159966012426557e-01,2.778213080202793783e+00,4.420670662305836718e-02
2.024999999999888001e+00,-1.395975502978413947e-03,-2.884284134280777623e-02,7.234129334336238115e-02,7.589007965375076381e-01,-4.877186317328392473e-01,2.788117246530966931e+00,4.390241361729729785e-02
2.025999999999887891e+00,-6.395737532423856168e-04,-2.933872234919399427e-02,7.513930758340442440e-02,7.564017497360283615e-01,-4.958810063791654343e-01,2.798014240001843955e+00,4.359621689494397323e-02
2.026999999999887780e+00,1.142682463433535370e-04,-2.984282505921245429e-02,7.794721130288644051e-02,7.538419995857391642e-01,-5.041027100112870363e-01,2.807903719441783519e+00,4.328815812739961189e-02
2.027999999999887670e+00,8.654899675997711336e-04,-3.035520839456900058e-02,8.076499665683292695e-02,7.512217212564176183e-01,-5.123833353492429632e-01,2.817785353906205437e+00,4.297827829513267694e-02
2.028999999999887560e+00,1.614031059868726225e-03,-3.087593087262686942e-02,8.359265547913805050e-02,7.485410922689550439e-01,-5.207224780504373651e-01,2.827658822264830007e+00,4.266661766860990745e-02
2.029999999999887450e+00,2.359831352452438497e-03,-3.140505060903250184e-02,8.643017929196339377e-02,7.458002925837121655e-01,-5.291197363980792989e-01,2.837523812785001098e+00,4.235321578851225510e-02
2.030999999999887340e+00,3.102830857140968443e-03,-3.194262532002967170e-02,8.927755931471666184e-02,7.429995046885301546e-01,-5.375747109894981612e-01,2.847380022712851844e+00,4.203811144526237165e-02
2.031999999999887230e+00,3.842969770827295121e-03,-3.248871232446168961e-02,9.213478647260923970e-02,7.401389136863268936e-01,-5.460870044242115418e-01,2.857227157852152200e+00,4.172134265826898947e-02
2.032999999999887120e+00,4.580188478209651359e-03,-3.304336854546158220e-02,9.500185140479075474e-02,7.372187073823560644e-01,-5.546562209919493336e-01,2.867064932141013323e+00,4.140294665419630427e-02
2.033999999999887009e+00,5.314427554580789317e-03,-3.360665051183000379e-02,9.787874447205731354e-02,7.342390763711376112e-01,-5.632819663603544358e-01,2.876893067226097944e+00,4.108295984454302108e-02
2.034999999999886899e+00,6.045627768703796395e-03,-3.417861435910050927e-02,1.007654557641321502e-01,7.312002141230071750e-01,-5.719638472623206349e-01,2.886711292034270127e+00,4.076141780276909543e-02
2.035999999999886789e+00,6.773730085774189343e-03,-3.475931583029192445e-02,1.036619751065144535e-01,7.281023170703931902e-01,-5.807014711830997822e-01,2.896519342341749237e+00,4.043835524016570204e-02
2.036999999999886679e+00,7.498675670467898867e-03,-3.534881027634719647e-02,1.065682920668954009e-01,7.249455846937093995e-01,-5.894944460468188874e-01,2.906316960340366240e+00,4.011380598147185061e-02
2.037999999999886569e+00,8.220405890074966929e-03,-3.594715265625850892e-02,1.094843959611372514e-01,7.217302196070688458e-01,-5.983423799027263179e-01,2.916103894201186986e+00,3.978780293875661123e-02
2.038999999999886459e+00,8.938862317718593298e-03,-3.655439753687773907e-02,1.124102758588126222e-01,7.184564276436263830e-01,-6.072448806105098518e-01,2.925879897634757310e+00,3.946037808527336210e-02
2.039999999999886349e+00,9.653986735659347493e-03,-3.717059909241180599e-02,1.153459205883018146e-01,7.151244179407537649e-01,-6.162015555252403631e-01,2.935644729448500634e+00,3.913156242753101921e-02
2.040999999999886239e+00,1.036572113868431712e-02,-3.779581110360209772e-02,1.182913187414429967e-01,7.117344030249690423e-01,-6.252120111813105341e-01,2.945398153100537098e+00,3.880138597673044032e-02
2.041999999999886128e+00,1.107400773758095668e-02,-3.843008695658674256e-02,1.212464586777337733e-01,7.082865988966394744e-01,-6.342758529755541108e-01,2.955139936250061439e+00,3.846987771912369070e-02
2.042999999999886018e+00,1.177878896269561951e-02,-3.907347964144546049e-02,1.242113285280786183e-01,7.047812251146633455e-01,-6.433926848494738726e-01,2.964869850304125087e+00,3.813706558443663575e-02
2.043999999999885908e+00,1.248000746757639730e-02,-3.972604175042476066e-02,1.271859161980794239e-01,7.012185048807773047e-01,-6.525621089699286115e-01,2.974587669960100822e+00,3.780297641470586889e-02
2.044999999999885798e+00,1.317760613270045622e-02,-4.038782547584353344e-02,1.301702093708649310e-01,6.975986651240592140e-01,-6.617837254092888699e-01,2.984293172744745704e+00,3.746763592944901688e-02
2.045999999999885688e+00,1.387152806928561126e-02,-4.105888260767651121e-02,1.331641955094537977e-01,6.939219365851551080e-01,-6.710571318233587990e-01,2.993986138548114795e+00,3.713106869175319957e-02
2.046999999999885578e+00,1.456171662318624625e-02,-4.173926453081467508e-02,1.361678618586480982e-01,6.901885539006350490e-01,-6.803819231283944058e-01,3.003666349153506054e+00,3.679329807124021023e-02
2.047999999999885468e+00,1.524811537887352762e-02,-4.242902222200056750e-02,1.391811954464511059e-01,6.863987556872818141e-01,-6.897576911760182616e-01,3.013333587762217824e+00,3.645434620662291181e-02
2.048999999999885357e+00,1.593066816350009740e-02,-4.312820624643715073e-02,1.422041830850053479e-01,6.825527846265687648e-01,-6.991840244265375981e-01,3.022987638513458641e+00,3.611423396571478150e-02
2.049999999999885247e+00,1.660931905104922127e-02,-4.383686675406722050e-02,1.452368113710447439e-01,6.786508875491253923e-01,-7.086605076199140596e-01,3.032628285998621553e+00,3.577298090487568416e-02
2.050999999999885137e+00,1.728401236656871773e-02,-4.455505347552241036e-02,1.482790666858557760e-01,6.746933155194966281e-01,-7.181867214448899306e-01,3.042255314770270225e+00,3.543060522557439640e-02
2.051999999999885027e+00,1.795469269048979508e-02,-4.528281571773818542e-02,1.513309351947415282e-01,6.706803239210781253e-01,-7.277622422053812157e-01,3.051868508844882477e+00,3.508712372990241413e-02
2.052999999999884917e+00,1.862130486303118296e-02,-4.602020235923316022e-02,1.543924028459817133e-01,6.666121725413888255e-01,-7.373866414843965877e-01,3.061467651199465401e+00,3.474255177370899617e-02
2.053999999999884807e+00,1.928379398868877714e-02,-4.676726184504883393e-02,1.574634553692840500e-01,6.624891256575941023e-01,-7.470594858050018106e-01,3.071052523261461609e+00,3.439690321836108566e-02
2.054999999999884697e+00,1.994210544081140291e-02,-4.752404218134815422e-02,1.605440782737167782e-01,6.583114521226246518e-01,-7.567803362885009433e-01,3.080622904391962624e+00,3.405019037917877966e-02
2.055999999999884587e+00,2.059618486626300926e-02,-4.829059092966795502e-02,1.636342568451187029e-01,6.540794254516046902e-01,-7.665487483088376797e-01,3.090178571361183124e+00,3.370242397327194439e-02
2.056999999999884476e+00,2.124597819017191511e-02,-4.906695520082295092e-02,1.667339761429761646e-01,6.497933239089069835e-01,-7.763642711439211475e-01,3.099719297816635688e+00,3.335361306390094427e-02
2.057999999999884366e+00,2.189143162076775256e-02,-4.985318164845716632e-02,1.698432209967599971e-01,6.454534305958374851e-01,-7.862264476229842147e-01,3.109244853743098780e+00,3.300376500281032577e-02
2.058999999999884256e+00,2.253249165430686388e-02,-5.064931646223834460e-02,1.729619760017148122e-01,6.410600335391102300e-01,-7.961348137698629479e-01,3.118755004914047113e+00,3.265288536972033029e-02
2.059999999999884146e+00,2.316910508008683187e-02,-5.145540536069155568e-02,1.760902255140895101e-01,6.366134257799673790e-01,-8.060888984417026171e-01,3.128249512333943549e+00,3.230097791016506292e-02
2.060999999999884036e+00,2.380121898555109111e-02,-5.227149358366658255e-02,1.792279536458016853e-01,6.321139054642598287e-01,-8.160882229634176532e-01,3.137728131671466247e+00,3.194804446952570487e-02
2.061999999999883926e+00,2.442878076148466415e-02,-5.309762588443531217e-02,1.823751442585251070e-01,6.275617759335740953e-01,-8.261323007569937316e-01,3.147190612682722488e+00,3.159408492430593185e-02
2.062999999999883816e+00,2.505173810730193865e-02,-5.393384652141245544e-02,1.855317809571896681e-01,6.229573458172743550e-01,-8.362206369652789295e-01,3.156636698623838555e+00,3.123909711136985123e-02
2.063999999999883705e+00,2.567003903642772408e-02,-5.478019924949503044e-02,1.886978470828834242e-01,6.183009291257862694e-01,-8.463527280705713807e-01,3.166066125653022034e+00,3.088307675298018751e-02
2.064999999999883595e+00,2.628363188177299317e-02,-5.563672731101421826e-02,1.918733257051451202e-01,6.135928453452682563e-01,-8.565280615070519632e-01,3.175478622221048042e+00,3.052601737848270602e-02
2.065999999999883485e+00,2.689246530130644935e-02,-5.650347342629300634e-02,1.950581996136351026e-01,6.088334195334555998e-01,-8.667461152665215662e-01,3.184873908449381119e+00,3.016791024397358356e-02
2.066999999999883375e+00,2.749648828372362741e-02,-5.738047978380338837e-02,1.982524513091719898e-01,6.040229824171795547e-01,-8.770063574979879428e-01,3.194251695496198362e+00,2.980874424660040489e-02
2.067999999999883265e+00,2.809565015421507106e-02,-5.826778802991554318e-02,2.014560629941212766e-01,5.991618704914438709e-01,-8.873082460996356557e-01,3.203611684908763024e+00,2.944850583625502338e-02
2.068999999999883155e+00,2.868990058033528759e-02,-5.916543925823159605e-02,2.046690165621239121e-01,5.942504261202166127e-01,-8.976512283033883932e-01,3.212953567962032686e+00,2.908717892317902454e-02
2.069999999999883045e+00,2.927918957797449526e-02,-6.007347399849593400e-02,2.078912935871472245e-01,5.892889976392086115e-01,-9.080347402515496213e-01,3.222277024982759031e+00,2.872474478085207394e-02
2.070999999999882935e+00,2.986346751743499880e-02,-6.099193220507349161e-02,2.111228753118458978e-01,5.842779394605038812e-01,-9.184582065646733628e-01,3.231581724658043164e+00,2.836118194582315510e-02
2.071999999999882824e+00,3.044268512961455578e-02,-6.192085324498744492e-02,2.143637426352145714e-01,5.792176121795578059e-01,-9.289210399009210084e-01,3.240867323328207927e+00,2.799646611137518448e-02
2.072999999999882714e+00,3.101679351229895756e-02,-6.286027588550598122e-02,2.176138760995175447e-01,5.741083826844013416e-01,-9.394226405054042495e-01,3.250133464262417338e+00,2.763057001805169222e-02
2.073999999999882604e+00,3.158574413656626417e-02,-6.381023828126908271e-02,2.208732558764748555e-01,5.689506242673056935e-01,-9.499623957498135596e-01,3.259379776916831339e+00,2.726346333866169758e-02
2.074999999999882494e+00,3.214948885330531914e-02,-6.477077796094403428e-02,2.241418617526895751e-01,5.637447167390550185e-01,-9.605396796615310873e-01,3.268605876174326852e+00,2.689511255831966707e-02
2.075999999999882384e+00,3.270797989985155946e-02,-6.574193181339928194e-02,2.274196731142948125e-01,5.584910465462399332e-01,-9.711538524417258067e-01,3.277811361564937354e+00,2.652548084810080198e-02
2.076999999999882274e+00,3.326116990674293783e-02,-6.672373607338404067e-02,2.307066689308006624e-01,5.531900068913790935e-01,-9.818042599711304108e-01,3.286995816465437592e+00,2.615452793481587435e-02
2.077999999999882164e+00,3.380901190459909694e-02,-6.771622630670172394e-02,2.340028277381189514e-01,5.478419978561571702e-01,-9.924902333038887470e-01,3.296158807277962399e+00,2.578220996428592926e-02
2.078999999999882053e+00,3.435145933112739719e-02,-6.871943739486420510e-02,2.373081276207458234e-01,5.424474265282996921e-01,-1.003211088148599384e+00,3.305299882586532956e+00,2.540847935719448003e-02
2.079999999999881943e+00,3.488846603825925680e-02,-6.973340351921319957e-02,2.406225461930755483e-01,5.370067071318569418e-01,-1.013966124334944263e+00,3.314418572289580034e+00,2.503328466046639278e-02
2.080999999999881833e+00,3.541998629942053056e-02,-7.075815814449369634e-02,2.439460605798241533e-01,5.315202611612768191e-01,-1.024754625266347530e+00,3.323514386708283475e+00,2.465657039107194137e-02
2.081999999999881723e+00,3.594597481694027791e-02,-7.179373400186546406e-02,2.472786473955336239e-01,5.259885175197487328e-01,-1.035575857357528218e+00,3.332586815669352109e+00,2.427827687174399784e-02
2.082999999999881613e+00,3.646638672960187538e-02,-7.284016307133525658e-02,2.506202827231341357e-01,5.204119126615963653e-01,-1.046429069455416139e+00,3.341635327560283919e+00,2.389834006140345579e-02
2.083999999999881503e+00,3.698117762034117129e-02,-7.389747656359359207e-02,2.539709420915310378e-01,5.147908907392968469e-01,-1.057313492243840969e+00,3.350659368356875945e+00,2.351669137626899442e-02
2.084999999999881393e+00,3.749030352409653266e-02,-7.496570490123849462e-02,2.573306004521921930e-01,5.091259037553581557e-01,-1.068228337630307667e+00,3.359658360621004203e+00,2.313325750309358497e-02
2.085999999999881283e+00,3.799372093581564191e-02,-7.604487769936715824e-02,2.606992321546993119e-01,5.034174117191101416e-01,-1.079172798113954501e+00,3.368631702467205002e+00,2.274796020485303494e-02
2.086999999999881172e+00,3.849138681862471906e-02,-7.713502374551634011e-02,2.640768109212364712e-01,4.976658828090762543e-01,-1.090146046134367053e+00,3.377578766497076224e+00,2.236071611582923779e-02
2.087999999999881062e+00,3.898325861216548477e-02,-7.823617097893052763e-02,2.674633098199755699e-01,4.918717935407680986e-01,-1.101147233399241587e+00,3.386498898699191962e+00,2.197143652945143799e-02
2.088999999999880952e+00,3.946929424110615092e-02,-7.934834646913661860e-02,2.708587012373292469e-01,4.860356289406659869e-01,-1.112175490191032345e+00,3.395391417313728510e+00,2.158002717428431083e-02
2.089999999999880842e+00,3.994945212383248928e-02,-8.047157639380216054e-02,2.742629568490283498e-01,4.801578827263391358e-01,-1.123229924650359646e+00,3.404255611659326330e+00,2.118638798150862534e-02
2.090999999999880732e+00,4.042369118132586869e-02,-8.160588601585341828e-02,2.776760475899890945e-01,4.742390574933799674e-01,-1.134309622035963416e+00,3.413090740920991628e+00,2.079041284012461688e-02
2.091999999999880622e+00,4.089197084623500539e-02,-8.275129965982798430e-02,2.810979436229255612e-01,4.682796649091389707e-01,-1.145413643959191763e+00,3.421896032896629247e+00,2.039198934256059026e-02
2.092999999999880512e+00,4.135425107214910079e-02,-8.390784068743623036e-02,2.845286143056661721e-01,4.622802259140985082e-01,-1.156541027592691950e+00,3.430670682700853735e+00,1.999099851632402114e-02
2.093999999999880401e+00,4.181049234308001350e-02,-8.507553147230267898e-02,2.879680281571290190e-01,4.562412709309138781e-01,-1.167690784850854646e+00,3.439413851423229751e+00,1.958731454502937730e-02
2.094999999999880291e+00,4.226065568316169502e-02,-8.625439337385991390e-02,2.914161528219078590e-01,4.501633400816798525e-01,-1.178861901541491175e+00,3.448124664739277367e+00,1.918080447559122881e-02
2.095999999999880181e+00,4.270470266657553499e-02,-8.744444671036268046e-02,2.948729550334194260e-01,4.440469834138376370e-01,-1.190053336487008950e+00,3.456802211471878827e+00,1.877132791186042482e-02
2.096999999999880071e+00,4.314259542771069905e-02,-8.864571073099221377e-02,2.983384005755597146e-01,4.378927611351657867e-01,-1.201264020613603822e+00,3.465445542100672238e+00,1.835873669387555474e-02
2.097999999999879961e+00,4.357429667156922926e-02,-8.985820358701512856e-02,3.018124542428158308e-01,4.317012438585334233e-01,-1.212492856006868847e+00,3.474053667216857377e+00,1.794287456121801405e-02
2.098999999999879851e+00,4.399976968442576020e-02,-9.108194230196291208e-02,3.052950797987757370e-01,4.254730128565290537e-01,-1.223738714931660310e+00,3.482625555920430216e+00,1.752357680223304293e-02
2.099999999999879741e+00,4.441897834475257156e-02,-9.231694274079456364e-02,3.087862399329728835e-01,4.192086603268108669e-01,-1.235000438815441637e+00,3.491160134157737627e+00,1.710066988494918228e-02
2.100999999999879631e+00,4.483188713442139844e-02,-9.356321957800337041e-02,3.122858962160083296e-01,4.129087896688261039e-01,-1.246276837192505482e+00,3.499656282996002510e+00,1.667397107031343140e-02
2.101999999999879520e+00,4.523846115019337227e-02,-9.482078626462658866e-02,3.157940090528786325e-01,4.065740157719731629e-01,-1.257566686606780726e+00,3.508112836831246639e+00,1.624328800914054405e-02
2.102999999999879410e+00,4.563866611550962404e-02,-9.608965499411566136e-02,3.193105376344456681e-01,4.002049653162544907e-01,-1.268868729472587109e+00,3.516528581527575081e+00,1.580841831755441795e-02
2.103999999999879300e+00,4.603246839259587941e-02,-9.736983666702231366e-02,3.228354398869685005e-01,3.938022770862518729e-01,-1.280181672890104982e+00,3.524902252483670395e+00,1.536914913140896566e-02
2.104999999999879190e+00,4.641983499489438919e-02,-9.866134085445169011e-02,3.263686724196298572e-01,3.873666022985106649e-01,-1.291504187412653160e+00,3.533232532622124999e+00,1.492525664197841273e-02
2.105999999999879080e+00,4.680073359983771136e-02,-9.996417576023353124e-02,3.299101904699681675e-01,3.808986049433233378e-01,-1.302834905765050566e+00,3.541518050299245601e+00,1.447650560748181547e-02
2.106999999999878970e+00,4.717513256197964494e-02,-1.012783481817602499e-01,3.334599478471381717e-01,3.743989621419343550e-01,-1.314172421509876676e+00,3.549757377130939417e+00,1.402264883982273780e-02
2.107999999999878860e+00,4.754300092649904608e-02,-1.026038634694354384e-01,3.370178968729068969e-01,3.678683645193990825e-01,-1.325515287658204810e+00,3.557949025729692849e+00,1.356342666877452530e-02
2.108999999999878749e+00,4.790430844309363084e-02,-1.039407254846760054e-01,3.405839883202952389e-01,3.613075165945856537e-01,-1.336862015223511335e+00,3.566091447349378107e+00,1.309856637681927616e-02
2.109999999999878639e+00,4.825902558028113964e-02,-1.052889365564072949e-01,3.441581713497662842e-01,3.547171371875061374e-01,-1.348211071714165321e+00,3.574183029432027148e+00,1.262778160941513406e-02
2.110999999999878529e+00,4.860712354012655667e-02,-1.066484974359876298e-01,3.477403934428580090e-01,3.480979598454182478e-01,-1.359560879563143754e+00,3.582222093052835898e+00,1.215077175351586547e-02
2.111999999999878419e+00,4.894857427341487571e-02,-1.080194072504954000e-01,3.513306003331542748e-01,3.414507332883175428e-01,-1.370909814490487655e+00,3.590206890257445771e+00,1.166722128698149952e-02
2.112999999999878309e+00,4.928335049529005557e-02,-1.094016634543086425e-01,3.549287359344797110e-01,3.347762218751818564e-01,-1.382256203795906746e+00,3.598135601286517993e+00,1.117679909397861771e-02
2.113999999999878199e+00,4.961142570138146746e-02,-1.107952617789031702e-01,3.585347422661997463e-01,3.280752060914129964e-01,-1.393598324577098424e+00,3.606006331681263610e+00,1.067915774890471070e-02
2.114999999999878089e+00,4.993277418444110743e-02,-1.122001961807923553e-01,3.621485593755037202e-01,3.213484830596429753e-01,-1.404934401871638983e+00,3.613817109265141880e+00,1.017393275970324140e-02
2.115999999999877978e+00,5.024737105151497185e-02,-1.136164587875256732e-01,3.657701252565355721e-01,3.145968670738638617e-01,-1.416262606715758876e+00,3.621565880993227182e+00,9.660741778807713231e-03
2.116999999999877868e+00,5.055519224167393660e-02,-1.150440398416622267e-01,3.693993757662391020e-01,3.078211901589665289e-01,-1.427581054118937098e+00,3.629250509664788460e+00,9.139183769947045732e-03
2.117999999999877758e+00,5.085621454433061212e-02,-1.164829276426278398e-01,3.730362445367685909e-01,3.010223026566731797e-01,-1.438887800947912243e+00,3.636868770490760294e+00,8.608838134412044596e-03
2.118999999999877648e+00,5.115041561817000593e-02,-1.179331084863617651e-01,3.766806628843160087e-01,2.942010738393959768e-01,-1.450180843716131429e+00,3.644418347508812772e+00,8.069263792080283437e-03
2.119999999999877538e+00,5.143777401072324035e-02,-1.193945666026531016e-01,3.803325597141926639e-01,2.873583925532324224e-01,-1.461458116273445018e+00,3.651896829838017222e+00,7.519998216524825807e-03
2.120999999999877428e+00,5.171826917861514772e-02,-1.208672840900625045e-01,3.839918614219964277e-01,2.804951678919090918e-01,-1.472717487391505431e+00,3.659301707765216349e+00,6.960556419253860483e-03
2.121999999999877318e+00,5.199188150851835610e-02,-1.223512408483192482e-01,3.876584917906886751e-01,2.736123299032099943e-01,-1.483956758238741624e+00,3.666630368653815975e+00,6.390429882107140358e-03
2.122999999999877208e+00,5.225859233884741495e-02,-1.238464145080765688e-01,3.913323718833930376e-01,2.667108303290581239e-01,-1.495173659739321481e+00,3.673880092665713804e+00,5.809085436616179265e-03
2.123999999999877097e+00,5.251838398222961890e-02,-1.253527803579062017e-01,3.950134199317192341e-01,2.597916433822025084e-01,-1.506365849811525770e+00,3.681048048287820507e+00,5.215964079863688596e-03
2.124999999999876987e+00,5.277123974878999979e-02,-1.268703112684004264e-01,3.987015512194081457e-01,2.528557665603791138e-01,-1.517530910476104999e+00,3.688131287650429080e+00,4.610479733821337689e-03
2.125999999999876877e+00,5.301714397028989278e-02,-1.283989776132491434e-01,4.023966779610748112e-01,2.459042214998916343e-01,-1.528666344830475587e+00,3.695126741628282474e+00,3.992017939253855729e-03
2.126999999999876767e+00,5.325608202516177170e-02,-1.299387471871492894e-01,4.060987091758266332e-01,2.389380548718763597e-01,-1.539769573881930809e+00,3.702031214713332297e+00,3.359934476075077114e-03
2.127999999999876657e+00,5.348804036448392280e-02,-1.314895851203969346e-01,4.098075505555097142e-01,2.319583393221489598e-01,-1.550837933229295196e+00,3.708841379644493230e+00,2.713553917407462990e-03
2.128999999999876547e+00,5.371300653894126725e-02,-1.330514537900036320e-01,4.135231043273318585e-01,2.249661744573454025e-01,-1.561868669588404979e+00,3.715553771783725701e+00,2.052168104716756147e-03
2.129999999999876437e+00,5.393096922682193844e-02,-1.346243127271743723e-01,4.172452691105951739e-01,2.179626878806728840e-01,-1.572858937152356917e+00,3.722164783224825690e+00,1.375034538640962367e-03
2.130999999999876326e+00,5.414191826310054551e-02,-1.362081185209680911e-01,4.209739397672520034e-01,2.109490362786050066e-01,-1.583805793775321602e+00,3.728670656618298551e+00,6.813746901248585175e-04
2.131999999999876216e+00,5.434584466966243393e-02,-1.378028247179604870e-01,4.247090072459899224e-01,2.039264065618864585e-01,-1.594706196973854739e+00,3.735067478699506616e+00,-2.962778213300154562e-05
2.132999999999876106e+00,5.454274068672655684e-02,-1.394083817177135254e-01,4.284503584195317738e-01,1.968960170641242680e-01,-1.605556999734529144e+00,3.741351173503413285e+00,-7.588289110813661864e-04
2.133999999999875996e+00,5.473259980552678400e-02,-1.410247366638483490e-01,4.321978759148178417e-01,1.898591188002245467e-01,-1.616354946116280722e+00,3.747517495247584485e+00,-1.507126398096580999e-03
2.134999999999875886e+00,5.491541680231554201e-02,-1.426518333305054897e-01,4.359514379357233849e-01,1.828169967887611769e-01,-1.627096666638605527e+00,3.753562020867074800e+00,-2.275461700494751938e-03
2.135999999999875776e+00,5.509118777375632270e-02,-1.442896120039660057e-01,4.397109180779428250e-01,1.757709714407823531e-01,-1.637778673441918853e+00,3.759480142180834150e+00,-3.064822227739405491e-03
2.136999999999875666e+00,5.525991017377591269e-02,-1.459380093591946814e-01,4.434761851356521789e-01,1.687224000195909901e-01,-1.648397355210035720e+00,3.765267057670927286e+00,-3.876243661405487373e-03
2.137999999999875556e+00,5.542158285195068756e-02,-1.475969583310528799e-01,4.472471028995425590e-01,1.616726781747719610e-01,-1.658948971839513176e+00,3.770917763851762139e+00,-4.710812398616370800e-03
2.138999999999875445e+00,5.557620609350533841e-02,-1.492663879799149551e-01,4.510235299457887037e-01,1.546232415546534567e-01,-1.669429648843437253e+00,3.776427046207533333e+00,-5.569668129956184544e-03
2.139999999999875335e+00,5.572378166100700608e-02,-1.509462233514084761e-01,4.548053194155011747e-01,1.475755675016701685e-01,-1.679835371474788008e+00,3.781789469673908943e+00,-6.454006559339919846e-03
2.140999999999875225e+00,5.586431283784178137e-02,-1.526363853299807227e-01,4.585923187841782767e-01,1.405311768347752566e-01,-1.690161978553527566e+00,3.786999368638310770e+00,-7.365082271651779422e-03
2.141999999999875115e+00,5.599780447356553226e-02,-1.543367904859815065e-01,4.623843696206497156e-01,1.334916357237533602e-01,-1.700405155982022798e+00,3.792050836432650840e+00,-8.304211759042612329e-03
2.142999999999875005e+00,5.612426303122683424e-02,-1.560473509159317762e-01,4.661813073349787007e-01,1.264585576613000695e-01,-1.710560429931520243e+00,3.796937714290341770e+00,-9.272776617740730032e-03
2.143999999999874895e+00,5.624369663676374170e-02,-1.577679740756297022e-01,4.699829609147536114e-01,1.194336055369071281e-01,-1.720623159679241176e+00,3.801653579735800648e+00,-1.027222691573004276e-02
2.144999999999874785e+00,5.635611513058296634e-02,-1.594985626057285610e-01,4.737891526491694871e-01,1.124184938192256816e-01,-1.730588530080104936e+00,3.806191734377055269e+00,-1.130408475256405865e-02
2.145999999999874674e+00,5.646153012143557970e-02,-1.612390141493976192e-01,4.775996978402752280e-01,1.054149908526136881e-01,-1.740451543650306743e+00,3.810545191066600612e+00,-1.236994801532742549e-02
2.146999999999874564e+00,5.655995504270958790e-02,-1.629892211616578712e-01,4.814144045007089368e-01,9.842492127400488677e-02,-1.750207012241527860e+00,3.814706660394717286e+00,-1.347149434330185969e-02
2.147999999999874454e+00,5.665140521126683232e-02,-1.647490707099602270e-01,4.852330730372267920e-01,9.145016855724444338e-02,-1.759849548283587639e+00,3.818668536478457831e+00,-1.461048531598785338e-02
2.148999999999874344e+00,5.673589788895853220e-02,-1.665184442655490427e-01,4.890554959192715545e-01,8.449267769170316911e-02,-1.769373555570066703e+00,3.822422882005449996e+00,-1.578877087391195033e-02
2.149999999999874234e+00,5.681345234696116853e-02,-1.682972174851296854e-01,4.928814573318017200e-01,7.755445800263824352e-02,-1.778773219561923469e+00,3.825961412490764602e+00,-1.700829398706105167e-02
2.150999999999874124e+00,5.688408993308285283e-02,-1.700852599823304834e-01,4.967107328115436538e-01,7.063758612168677398e-02,-1.788042497182050994e+00,3.829275479702399565e+00,-1.827109558716932813e-02
2.151999999999874014e+00,5.694783414219847101e-02,-1.718824350884200491e-01,5.005430888657904642e-01,6.374420911561994030e-02,-1.797175106070802775e+00,3.832356054207178175e+00,-1.957931977538462931e-02
2.152999999999873904e+00,5.700471068998067686e-02,-1.736885996017113465e-01,5.043782825728180264e-01,5.687654778220492535e-02,-1.806164513272664696e+00,3.835193706987401807e+00,-2.093521932263742169e-02
2.153999999999873793e+00,5.705474759010371183e-02,-1.755036035250519821e-01,5.082160611629333857e-01,5.003690012303314144e-02,-1.815003923321927726e+00,3.837778590075526797e+00,-2.234116148133069579e-02
2.154999999999873683e+00,5.709797523510683898e-02,-1.773272897907625933e-01,5.120561615791235921e-01,4.322764500312850644e-02,-1.823686265692006314e+00,3.840100416149900830e+00,-2.379963412298746750e-02
2.155999999999873573e+00,5.713442648111465016e-02,-1.791594939723537561e-01,5.158983100161960156e-01,3.645124600781012025e-02,-1.832204181572474333e+00,3.842148437032341768e+00,-2.531325222115787810e-02
2.156999999999873463e+00,5.716413673662321809e-02,-1.810000439823079565e-01,5.197422214372617866e-01,2.971025550856758526e-02,-1.840550009935651543e+00,3.843911421024982289e+00,-2.688476470157585840e-02
2.157999999999873353e+00,5.718714405557209779e-02,-1.828487597551770316e-01,5.235875990663213519e-01,2.300731894888149998e-02,-1.848715772850568761e+00,3.845377629018881471e+00,-2.851706167368150968e-02
2.158999999999873243e+00,5.720348923493630972e-02,-1.847054529151990476e-01,5.274341338556679526e-01,1.634517936421240117e-02,-1.856693160003421994e+00,3.846534789305577462e+00,-3.021318207627288199e-02
2.159999999999873133e+00,5.721321591708410786e-02,-1.865699264275920144e-01,5.312815039267234640e-01,9.726682147795396097e-03,-1.864473512374581032e+00,3.847370071014255544e+00,-3.197632174459696941e-02
2.160999999999873022e+00,5.721637069716176138e-02,-1.884419742326381708e-01,5.351293739828633100e-01,3.154780077653086476e-03,-1.872047805027726053e+00,3.847870056098418257e+00,-3.380984193665836912e-02
2.161999999999872912e+00,5.721300323578080299e-02,-1.903213808616131264e-01,5.389773946926921244e-01,-3.367461380957593141e-03,-1.879406628956574954e+00,3.848020709786999838e+00,-3.571727833331295177e-02
2.162999999999872802e+00,5.720316637729954551e-02,-1.922079210335677912e-01,5.428252020421469037e-01,-9.836858481259680084e-03,-1.886540171936333277e+00,3.847807349412688094e+00,-3.770235054430792765e-02
2.163999999999872692e+00,5.718691627400733501e-02,-1.941013592319066894e-01,5.466724166537130225e-01,-1.625010329220885272e-02,-1.893438198320753996e+00,3.847214611523664729e+00,-3.976897214333030561e-02
2.164999999999872582e+00,5.716431251653779355e-02,-1.960014492596487690e-01,5.505186430709360090e-01,-2.260375746954169235e-02,-1.900090027723859709e+00,3.846226417180521384e+00,-4.192126126074913195e-02
2.165999999999872472e+00,5.713541827085590746e-02,-1.979079337721883491e-01,5.543634690063137249e-01,-2.889424568188326756e-02,-1.906484512521485541e+00,3.844825935334555744e+00,-4.416355176272079852e-02
2.166999999999872362e+00,5.710030042218427332e-02,-1.998205437863106448e-01,5.582064645505353528e-01,-3.511784867163237484e-02,-1.912610014104239253e+00,3.842995544178360312e+00,-4.650040504846708611e-02
2.167999999999872252e+00,5.705902972625420677e-02,-2.017389981641365682e-01,5.620471813409312345e-01,-4.127069593006574971e-02,-1.918454377807985667e+00,3.840716790352078469e+00,-4.893662249249497442e-02
2.168999999999872141e+00,5.701168096829082460e-02,-2.036630030706006178e-01,5.658851516868600440e-01,-4.734875796338031129e-02,-1.924004906446198149e+00,3.837970345884641254e+00,-5.147725857020635232e-02
2.169999999999872031e+00,5.695833313016311628e-02,-2.055922514029784876e-01,5.697198876496443187e-01,-5.334783812770646505e-02,-1.929248332360045337e+00,3.834735962739705073e+00,-5.412763468777315179e-02
2.170999999999871921e+00,5.689906956615690958e-02,-2.075264221909000062e-01,5.735508800745238167e-01,-5.926356400620587384e-02,-1.934170787903995770e+00,3.830992424834061882e+00,-5.689335376573917413e-02
2.171999999999871811e+00,5.683397818785344141e-02,-2.094651799651883750e-01,5.773775975719525055e-01,-6.509137830346939380e-02,-1.938757774270816858e+00,3.826717497383207878e+00,-5.978031559338869982e-02
2.172999999999871701e+00,5.676315165862477058e-02,-2.114081740937689691e-01,5.811994854454253234e-01,-7.082652922866809753e-02,-1.942994128563139578e+00,3.821887873426746296e+00,-6.279473299915144802e-02
2.173999999999871591e+00,5.668668759828705828e-02,-2.133550380827942961e-01,5.850159645628482119e-01,-7.646406033771331601e-02,-1.946863989008078111e+00,3.816479117376344821e+00,-6.594314886857649549e-02
2.174999999999871481e+00,5.660468879848262053e-02,-2.153053888410174366e-01,5.888264301683159285e-01,-8.199879980443615379e-02,-1.950350758206001567e+00,3.810465605420411350e+00,-6.923245403803163223e-02
2.175999999999871370e+00,5.651726344939583119e-02,-2.172588259053367943e-01,5.926302506309789608e-01,-8.742534908679157335e-02,-1.953437064302368853e+00,3.803820462615261633e+00,-7.266990610791407290e-02
2.176999999999871260e+00,5.642452537844119820e-02,-2.192149306253130814e-01,5.964267661275080012e-01,-9.273807095463230954e-02,-1.956104719959416371e+00,3.796515496480371787e+00,-7.626314919696297601e-02
2.177999999999871150e+00,5.632659430159950992e-02,-2.211732653043332331e-01,6.002152872544680440e-01,-9.793107684168833593e-02,-1.958334679003534085e+00,3.788521126910795900e+00,-8.002023467849150862e-02
2.178999999999871040e+00,5.622359608811511311e-02,-2.231333722949621623e-01,6.039950935667266485e-01,-1.029982134843975133e-01,-1.960106990612453526e+00,3.779806312208855434e+00,-8.394964291855649963e-02
2.179999999999870930e+00,5.611566303930869831e-02,-2.250947730458824070e-01,6.077654320378094166e-01,-1.079330488064120241e-01,-1.961400750903905088e+00,3.770338471031941641e+00,-8.806030605119330446e-02
2.180999999999870820e+00,5.600293418230167797e-02,-2.270569670976740617e-01,6.115255154379037883e-01,-1.127288570070185819e-01,-1.962194051775645542e+00,3.760083400042580237e+00,-9.236163180680367901e-02
2.181999999999870710e+00,5.588555557949319297e-02,-2.290194310245326215e-01,6.152745206249974341e-01,-1.173786028084819605e-01,-1.962463926842687334e+00,3.749005187041205112e+00,-9.686352841786832757e-02
2.182999999999870600e+00,5.576368065467705859e-02,-2.309816173188554422e-01,6.190115867444038189e-01,-1.218749248161336146e-01,-1.962186294307141310e+00,3.737066119353132265e+00,-1.015764306108778992e-01
2.183999999999870489e+00,5.563747053673523402e-02,-2.329429532154611848e-01,6.227358133316938105e-01,-1.262101179418257391e-01,-1.961335896590490790e+00,3.724226587235683006e+00,-1.065113266961859595e-01
2.184999999999870379e+00,5.550709442189565718e-02,-2.349028394520238094e-01,6.264462583138127316e-01,-1.303761148395799485e-01,-1.959886236547557781e+00,3.710444982063434871e+00,-1.116797867523827703e-01
2.185999999999870269e+00,5.537272995559533451e-02,-2.368606489621128686e-01,6.301419359029134526e-01,-1.343644663003207562e-01,-1.957809510074245640e+00,3.695677589044383371e+00,-1.170939918935773871e-01
2.186999999999870159e+00,5.523456363504614108e-02,-2.388157254970411092e-01,6.338218143771872093e-01,-1.381663205491942825e-01,-1.955076534913794628e+00,3.679878474216135675e+00,-1.227667646027477133e-01
2.187999999999870049e+00,5.509279123365784514e-02,-2.407673821725104246e-01,6.374848137427118200e-01,-1.417724013882925294e-01,-1.951656675455159196e+00,3.662999365465649859e+00,-1.287116000887557066e-01
2.188999999999869939e+00,5.494761824853457155e-02,-2.427148999358371417e-01,6.411298032700886163e-01,-1.451729851232747559e-01,-1.947517763312904604e+00,3.644989527316906397e+00,-1.349426986256373473e-01
2.189999999999869829e+00,5.479926037232239061e-02,-2.446575259493151688e-01,6.447555988993775022e-01,-1.483578762121793015e-01,-1.942626013464771262e+00,3.625795629227290817e+00,-1.414749987950459920e-01
2.190999999999869718e+00,5.464794399075154768e-02,-2.465944718850482942e-01,6.483609605065790982e-01,-1.513163815708408466e-01,-1.936945935720154832e+00,3.605361607138549029e+00,-1.483242115493440538e-01
2.191999999999869608e+00,5.449390670728253283e-02,-2.485249121263418959e-01,6.519445890246738928e-01,-1.540372834690117154e-01,-1.930440241281134117e+00,3.583628518030467003e+00,-1.555068549708437109e-01
2.192999999999869498e+00,5.433739789633493938e-02,-2.504479818705085403e-01,6.555051234119756431e-01,-1.565088109475954725e-01,-1.923069744154821459e+00,3.560534387235446019e+00,-1.630402895905895821e-01
2.193999999999869388e+00,5.417867928664761579e-02,-2.523627751276853459e-01,6.590411374603245553e-01,-1.587186096873249019e-01,-1.914793257165314344e+00,3.536014048281049149e+00,-1.709427540799386414e-01
2.194999999999869278e+00,5.401802557639037716e-02,-2.542683426100081912e-01,6.625511364354392807e-01,-1.606537102572418718e-01,-1.905567482311980809e+00,3.509998975045241387e+00,-1.792334011004754757e-01
2.195999999999869168e+00,5.385572508172074141e-02,-2.561636895052338270e-01,6.660335535415404795e-01,-1.623004946696370299e-01,-1.895346895215523686e+00,3.482417106029444653e+00,-1.879323330525117797e-01
2.196999999999869058e+00,5.369208042055126362e-02,-2.580477731286323628e-01,6.694867462021933946e-01,-1.636446611694800379e-01,-1.884083623389023465e+00,3.453192660579470719e+00,-1.970606374003636141e-01
2.197999999999868947e+00,5.352740923336785084e-02,-2.599195004467165226e-01,6.729089921491906434e-01,-1.646711871834114771e-01,-1.871727318075452340e+00,3.422245946921228743e+00,-2.066404212161612186e-01
2.198999999999868837e+00,5.336204494301050733e-02,-2.617777254661121655e-01,6.762984853111831951e-01,-1.653642903573444567e-01,-1.858225019387749422e+00,3.389493161914555408e+00,-2.166948444891965142e-01
2.199999999999868727e+00,5.319633755540092296e-02,-2.636212464806194644e-01,6.796533314937478476e-01,-1.657073876095842557e-01,-1.843521014500312027e+00,3.354846182484003236e+00,-2.272481517046809341e-01
2.200999999999868617e+00,5.303065450326904101e-02,-2.654488031692656680e-01,6.829715438425716378e-01,-1.656830521318786997e-01,-1.827556688640080029e+00,3.318212348740672279e+00,-2.383257010794701536e-01
2.201999999999868507e+00,5.286538153499809045e-02,-2.672590735379157256e-01,6.862510380815436406e-01,-1.652729682709516701e-01,-1.810270368645017891e+00,3.279494238886355717e+00,-2.499539907768648650e-01
2.202999999999868397e+00,5.270092365076691626e-02,-2.690506706967857875e-01,6.894896275177044842e-01,-1.644578842311760492e-01,-1.791597158866373718e+00,3.238589436072150995e+00,-2.621606812838424005e-01
2.203999999999868287e+00,5.253770608822601329e-02,-2.708221394660100256e-01,6.926850178052865736e-01,-1.632175625409056641e-01,-1.771468769221659745e+00,3.195390287490351700e+00,-2.749746130491952378e-01
2.204999999999868177e+00,5.237617535998932705e-02,-2.725719528012343629e-01,6.958348014614715860e-01,-1.615307282366880148e-01,-1.749813335223198152e+00,3.149783656090008321e+00,-2.884258183076573445e-01
2.205999999999868066e+00,5.221680034526254843e-02,-2.742985080310863522e-01,6.989364521270198249e-01,-1.593750147267789519e-01,-1.726555229852375639e+00,3.101650665450079281e+00,-3.025455258969675931e-01
2.206999999999867956e+00,5.206007343795419906e-02,-2.760001228982725818e-01,7.019873185656226866e-01,-1.567269073083508435e-01,-1.701614867188309344e+00,3.050866438500931199e+00,-3.173661576893280767e-01
2.207999999999867846e+00,5.190651175362661490e-02,-2.776750313960248406e-01,7.049846183966976820e-01,-1.535616843275827703e-01,-1.674908497756079528e+00,2.997299830969466505e+00,-3.329213150795311549e-01
2.208999999999867736e+00,5.175665839763703840e-02,-2.793213793916453636e-01,7.079254315574433631e-01,-1.498533559895779410e-01,-1.646347995626509686e+00,2.940813160635960877e+00,-3.492457537682351898e-01
2.209999999999867626e+00,5.161108379679137798e-02,-2.809372200290164434e-01,7.108066934912899981e-01,-1.455746008456612894e-01,-1.615840637379144074e+00,2.881261933732783387e+00,-3.663753448580555627e-01
2.210999999999867516e+00,5.147038709677755758e-02,-2.825205089021396998e-01,7.136251880614985499e-01,-1.406967000138169555e-01,-1.583288873133923635e+00,2.818494570090601670e+00,-3.843470200205105769e-01
2.211999999999867406e+00,5.133519762756370841e-02,-2.840690989921041409e-01,7.163775401905783102e-01,-1.351894692138480292e-01,-1.548590089977655904e+00,2.752352128956876864e+00,-4.031986982578903422e-01
2.212999999999867295e+00,5.120617643882467013e-02,-2.855807353603231347e-01,7.190602082284667240e-01,-1.290211887390373680e-01,-1.511636368235271144e+00,2.682668037760585378e+00,-4.229691914546656051e-01
2.213999999999867185e+00,5.108401790729991815e-02,-2.870530495915090130e-01,7.216694760551047860e-01,-1.221585315247542269e-01,-1.472314231205382740e+00,2.609267826505469401e+00,-4.436980856420307262e-01
2.214999999999867075e+00,5.096945141777581290e-02,-2.884835539806444027e-01,7.242014449261656717e-01,-1.145664895241070985e-01,-1.430504389158414380e+00,2.531968870922900461e+00,-4.654255945488441348e-01
2.215999999999866965e+00,5.086324311911802343e-02,-2.898696354592313340e-01,7.266520250743306875e-01,-1.062082986577925631e-01,-1.386081478614086482e+00,2.450580148021515470e+00,-4.881923816691111639e-01
2.216999999999866855e+00,5.076619775644734822e-02,-2.912085492573681100e-01,7.290169270827172587e-01,-9.704536267067265243e-02,-1.338913798168236191e+00,2.364902008237224074e+00,-5.120393467148209865e-01
2.217999999999866745e+00,5.067916058014373254e-02,-2.924974122997620052e-01,7.312916530518878133e-01,-8.703717630361890167e-02,-1.288863042430340666e+00,2.274725969015010119e+00,-5.370073719445960236e-01
2.218999999999866635e+00,5.060301933186737988e-02,-2.937331963356907272e-01,7.334714875873987738e-01,-7.614124827634920212e-02,-1.235784035970569850e+00,2.179834535349362223e+00,-5.631370234767860694e-01
2.219999999999866525e+00,5.053870630718824974e-02,-2.949127208052060301e-01,7.355514886411432807e-01,-6.431302467913303789e-02,-1.179524469563094202e+00,2.080001053576745029e+00,-5.904682023037324257e-01
2.220999999999866414e+00,5.048720049370331725e-02,-2.960326454466142287e-01,7.375264782468761160e-01,-5.150581348493314671e-02,-1.119924641462493264e+00,1.974989605558187256e+00,-6.190397393635036494e-01
2.221999999999866304e+00,5.044952978267575050e-02,-2.970894626535097727e-01,7.393910331983649664e-01,-3.767071102756526513e-02,-1.056817206957247679e+00,1.864554951307726194e+00,-6.488889286529619937e-01
2.222999999999866194e+00,5.042677325123388898e-02,-2.980794895934726352e-01,7.411394757276777989e-01,-2.275653144186366716e-02,-9.900269400326935365e-01,1.748442529125106892e+00,-6.800509920572626044e-01
2.223999999999866084e+00,5.042006351099904277e-02,-2.989988601050339034e-01,7.427658642512451337e-01,-6.709740234845780471e-03,-9.193705116400303634e-01,1.626388523372605421e+00,-7.125584692943958132e-01
2.224999999999865974e+00,5.043058911764563418e-02,-2.998435163947709703e-01,7.442639842626458391e-01,1.052560664659036790e-02,-8.446562898258249685e-01,1.498120011199284507e+00,-7.464405261788638057e-01
2.225999999999865864e+00,5.045959703430879378e-02,-3.006092005625057295e-01,7.456273394636119267e-01,2.900791666315829728e-02,-7.656841678343488944e-01,1.363355200758454622e+00,-7.817221743121516297e-01
2.226999999999865754e+00,5.050839513991190605e-02,-3.012914459896565700e-01,7.468491432386061835e-01,4.879810560311258899e-02,-6.822454272626912175e-01,1.221803774779837815e+00,-8.184233953294244301e-01
2.227999999999865643e+00,5.057835477135603358e-02,-3.018855686339741440e-01,7.479223105935703941e-01,6.995963144412889467e-02,-5.941226444427383235e-01,1.073167354744043012e+00,-8.565581630269312186e-01
2.228999999999865533e+00,5.067091328605969475e-02,-3.023866582832858696e-01,7.488394506961477681e-01,9.255851470366106837e-02,-5.010896494520129529e-01,9.171401023516825290e-01,-8.961333570980469787e-01
2.229999999999865423e+00,5.078757662851338117e-02,-3.027895698316524498e-01,7.495928601728414353e-01,1.166633424536864944e-01,-4.029115485230355120e-01,7.534094764632255359e-01,-9.371475628240979461e-01
2.230999999999865313e+00,5.092992188127720699e-02,-3.030889146536387968e-01,7.501745173382825538e-01,1.423452527638253140e-01,-2.993448221610941484e-01,5.816571652066155895e-01,-9.795897520333953779e-01
2.231999999999865203e+00,5.109959977714500362e-02,-3.032790521664219252e-01,7.505760775529883855e-01,1.696778958677932492e-01,-1.901375129777708728e-01,4.015602144686494790e-01,-1.023437841914565993e+00
2.232999999999865093e+00,5.129833714496949415e-02,-3.033540816853437239e-01,7.507888699287171841e-01,1.987373678244881703e-01,-7.502951913852373700e-02,2.127923754900526987e-01,-1.068657129997854227e+00
2.233999999999864983e+00,5.152793925682305071e-02,-3.033078346965015770e-01,7.508038956246880780e-01,2.296021118535595817e-01,4.624698860135081913e-02,1.502569573229262448e-02,-1.115198605792649289e+00
2.234999999999864873e+00,5.179029203868977527e-02,-3.031338676902223250e-01,7.506118280034707047e-01,2.623527818667265032e-01,1.739670060120570572e-01,-1.920676214527320957e-01,-1.162997142323836997e+00
2.235999999999864762e+00,5.208736410066396039e-02,-3.028254557220154131e-01,7.502030149421082816e-01,2.970720619741841761e-01,3.084119679106217538e-01,-4.088130615933875944e-01,-1.211969574134956318e+00
2.236999999999864652e+00,5.242120853558929899e-02,-3.023755868930538271e-01,7.495674836218317871e-01,3.338444349253376631e-01,4.498688286337089171e-01,-6.355313204995907128e-01,-1.262012672384805967e+00
2.237999999999864542e+00,5.279396442711319082e-02,-3.017769579705862348e-01,7.486949481483674562e-01,3.727558915238903814e-01,5.986289221055822729e-01,-8.725354736757777729e-01,-1.313001032392181244e+00
2.238999999999864432e+00,5.320785799915764974e-02,-3.010219714001610702e-01,7.475748203839619466e-01,4.138935720444617550e-01,7.549865700257053502e-01,-1.120127764601638098e+00,-1.364784894553054073e+00
2.239999999999864322e+00,5.366520332871532739e-02,-3.001027339963133200e-01,7.461962244015656331e-01,4.573453295576777045e-01,9.192374034083390377e-01,-1.378595982572204726e+00,-1.417187925896007172e+00
2.240999999999864212e+00,5.416840253255965354e-02,-2.990110576365798134e-01,7.445480150006704712e-01,5.031992038443261483e-01,1.091676359250978168e+00,-1.648209401044879785e+00,-1.470004996731320901e+00
2.241999999999864102e+00,5.471994532579828319e-02,-2.977384623255095453e-01,7.426188007525990065e-01,5.515427932386282039e-01,1.272595310541593694e+00,-1.929214248189702552e+00,-1.522999994808850843e+00
2.242999999999863991e+00,5.532240783609504442e-02,-2.962761820407538993e-01,7.403969720700357415e-01,6.024625102967638979e-01,1.462280284178416379e+00,-2.221828682642304820e+00,-1.575903728139254056e+00
2.243999999999863881e+00,5.597845054173401086e-02,-2.946151738223566352e-01,7.378707348206695604e-01,6.560427056389641631e-01,1.661008217768852102e+00,-2.526237249398458840e+00,-1.628411976966884112e+00
2.244999999999863771e+00,5.669081518441577983e-02,-2.927461306188947066e-01,7.350281500272221047e-01,7.123646426817700217e-01,1.869043202779984592e+00,-2.842584793424017597e+00,-1.680183765215206293e+00
2.245999999999863661e+00,5.746232048870499043e-02,-2.906594984598808162e-01,7.318571802151764283e-01,7.715053042892073831e-01,2.086632158276806592e+00,-3.170969811956958040e+00,-1.730839931812329979e+00
2.246999999999863551e+00,5.829585649936779718e-02,-2.883454985824033812e-01,7.283457429842848940e-01,8.335360106628065813e-01,2.313999876684525780e+00,-3.511437230726813574e+00,-1.779962092326515588e+00
2.247999999999863441e+00,5.919437732549896747e-02,-2.857941552006992847e-01,7.244817723895556894e-01,8.985208261311669053e-01,2.551343380855184861e+00,-3.863970594477906140e+00,-1.827092091005532382e+00
2.248999999999863331e+00,6.016089205646397292e-02,-2.829953296692834797e-01,7.202532887208413781e-01,9.665147309650037322e-01,2.798825530512155435e+00,-4.228483668363482550e+00,-1.871732052082290210e+00
2.249999999999863221e+00,6.119845358953208969e-02,-2.799387618521124721e-01,7.156484772662993210e-01,1.037561533068119823e+00,3.056567816215322253e+00,-4.604811454079262845e+00,-1.913345146697793098e+00
2.250999999999863110e+00,6.231014508306209621e-02,-2.766141195702945255e-01,7.106557766325041214e-01,1.111691493530003072e+00,3.324642280814552819e+00,-4.992700633207661554e+00,-1.951357197306361257e+00
2.251999999999863000e+00,6.349906372285936407e-02,-2.730110570567825246e-01,7.052639771714157568e-01,1.188918639797263754e+00,3.603062512467344547e+00,-5.391799460362660668e+00,-1.985159244450876770e+00
2.252999999999862890e+00,6.476830146377694775e-02,-2.691192833953088837e-01,6.994623300298448143e-01,1.269237740917589452e+00,3.891773660396454115e+00,-5.801647140694591087e+00,-2.014111200658099676e+00
2.253999999999862780e+00,6.612092238507220887e-02,-2.649286419586903141e-01,6.932406672881913368e-01,1.352620921295265566e+00,4.190641435520282343e+00,-6.221662740613675524e+00,-2.037546712243081259e+00
2.254999999999862670e+00,6.755993627822358405e-02,-2.604292018836388833e-01,6.865895335891036844e-01,1.439013893151381840e+00,4.499440073946369800e+00,-6.651133697873448547e+00,-2.054779341503433443e+00
2.255999999999862560e+00,6.908826807221268851e-02,-2.556113626191490185e-01,6.795003295693594625e-01,1.528331793989111009e+00,4.817839263395541138e+00,-7.089204018346094927e+00,-2.065110168549153968e+00
2.256999999999862450e+00,7.070872269676818644e-02,-2.504659725555987149e-01,6.719654672946263618e-01,1.620454624555503820e+00,5.145390062486979055e+00,-7.534862273143796862e+00,-2.067836893501041828e+00
2.257999999999862339e+00,7.242394499270460306e-02,-2.449844626722224306e-01,6.639785377500428964e-01,1.715222295936416064e+00,5.481509882367555875e+00,-7.986929542799156678e+00,-2.062264495699480449e+00
2.258999999999862229e+00,7.423637430525359404e-02,-2.391589960196594811e-01,6.555344902510371607e-01,1.812429312548990756e+00,5.825466651635013093e+00,-8.444047497026387461e+00,-2.047717476816153237e+00
2.259999999999862119e+00,7.614819344733365913e-02,-2.329826336673841980e-01,6.466298233972724852e-01,1.911819142080061429e+00,6.176362351456062605e+00,-8.904666851594935650e+00,-2.023553679398911953e+00
2.260999999999862009e+00,7.816127180244920869e-02,-2.264495174756212259e-01,6.372627868840181620e-01,2.013078355115545115e+00,6.533116191081868251e+00,-9.367036510904206636e+00,-1.989179631440869400e+00
2.261999999999861899e+00,8.027710246008379347e-02,-2.195550696775263599e-01,6.274335930924935800e-01,2.115830657634583556e+00,6.894447797580822268e+00,-9.829193789011826610e+00,-1.944067321332905607e+00
2.262999999999861789e+00,8.249673344995066271e-02,-2.122962087567131784e-01,6.171446368836202012e-01,2.219630989866871573e+00,7.258860920493459545e+00,-1.028895620622088991e+01,-1.887772255786618558e+00
2.263999999999861679e+00,8.482069337605156745e-02,-2.046715804520357340e-01,6.064007213954741848e-01,2.323959926100901630e+00,7.624628304574984305e+00,-1.074391548538565289e+01,-1.819952595770235604e+00
2.264999999999861569e+00,8.724891205812537742e-02,-1.966818018891733355e-01,5.952092868695056938e-01,2.428218682073813639e+00,7.989778562994088063e+00,-1.119143452313973519e+01,-1.740389101050091369e+00
2.265999999999861458e+00,8.978063717676910971e-02,-1.883297158013478578e-01,5.835806385814359398e-01,2.531725118643738615e+00,8.352086088198429792e+00,-1.162864828521934513e+01,-1.649005540696570904e+00
2.266999999999861348e+00,9.241434839666827494e-02,-1.796206505385305463e-01,5.715281688115495529e-01,2.633711219899166345e+00,8.709065263427014258e+00,-1.205246976706910544e+01,-1.545889141950510748e+00
2.267999999999861238e+00,9.514767101224719248e-02,-1.705626800648979702e-01,5.590685664483548978e-01,2.733322615578916537e+00,9.057970474459322574e+00,-1.245960236047018732e+01,-1.431310549043885771e+00
2.268999999999861128e+00,9.797729181551065314e-02,-1.611668764149015443e-01,5.462220062900690065e-01,2.829620803263456441e+00,9.395803651004220214e+00,-1.284656015571935406e+01,-1.305742642132500464e+00
2.269999999999861018e+00,1.008988806083028489e-01,-1.514475451533010553e-01,5.330123084290635527e-01,2.921588792792188638e+00,9.719331262734378640e+00,-1.320969785866297741e+01,-1.169877419718183376e+00
2.270999999999860908e+00,1.039070215350399867e-01,-1.414224323373160230e-01,5.194670563543093422e-01,3.008140926737139953e+00,1.002511281717210956e+01,-1.354525207270066112e+01,-1.024639972980992297e+00
2.271999999999860798e+00,1.069951591400605251e-01,-1.311128894349628260e-01,5.056176607170921322e-01,3.088137605020531140e+00,1.030954290350430647e+01,-1.384939563551245989e+01,-8.711983789893196217e-01
2.272999999999860687e+00,1.101555646741752409e-01,-1.205439808016432468e-01,4.914993542698398721e-01,3.160405534114717696e+00,1.056890863433253713e+01,-1.411830644594559558e+01,-7.109681219990093837e-01
2.273999999999860577e+00,1.133793285805080597e-01,-1.097445169168240198e-01,4.771511025688116026e-01,3.223763906332812734e+00,1.079946388558594705e+01,-1.434825170015497520e+01,-5.456094410387350990e-01
2.274999999999860467e+00,1.166563851517744277e-01,-9.874699596260368140e-02,4.626154149539202787e-01,3.277056571266372398e+00,1.099752095463472656e+01,-1.453568761446645397e+01,-3.770158383306636551e-01
2.275999999999860357e+00,1.199755749308875075e-01,-8.758743686605867385e-02,4.479380414510713004e-01,3.319189779113078664e+00,1.115955909651366085e+01,-1.467737350286421361e+01,-2.072919275866240696e-01
2.276999999999860247e+00,1.233247493941891232e-01,-7.630508902099349122e-02,4.331675439530378591e-01,3.349174463301619387e+00,1.128234784451812622e+01,-1.477049749845311233e+01,-3.871893318366659287e-02
2.277999999999860137e+00,1.266909207180061114e-01,-6.494200789697347764e-02,4.183547346288318258e-01,3.366171323816997241e+00,1.136308112292196171e+01,-1.481280932496646230e+01,1.262934401367701298e-01
2.278999999999860027e+00,1.300604569606537142e-01,-5.354249184534278644e-02,4.035519811428507908e-01,3.369536242647591440e+00,1.139951604998920054e+01,-1.480275348699064430e+01,2.852692813658777027e-01
2.279999999999859916e+00,1.334193198724597240e-01,-4.215238360196499334e-02,3.888123868407192263e-01,3.358862911806017593e+00,1.139010824124840049e+01,-1.473959430327542641e+01,4.357422378765178905e-01
2.280999999999859806e+00,1.367533389820850820e-01,-3.081824991803829364e-02,3.741888641519990899e-01,3.334019109625363519e+00,1.133413368141260236e+01,-1.462352268986706605e+01,5.753425742733355719e-01
2.281999999999859696e+00,1.400485119360330988e-01,-1.958646369281157387e-02,3.597331302630625838e-01,3.295172953948011685e+00,1.123178622247216651e+01,-1.445573388994838382e+01,7.018915370512033292e-01
2.282999999999859586e+00,1.432913177337717947e-01,-8.502223827425485492e-03,3.454946644596385563e-01,3.242805797738705476e+00,1.108423986256383387e+01,-1.423846580416775254e+01,8.134972357589234093e-01
2.283999999999859476e+00,1.464690269953856927e-01,2.391442619856623628e-03,3.315196750165986805e-01,3.177709261613907987e+00,1.089366644457655298e+01,-1.397498944340009075e+01,9.086447769547518760e-01
2.284999999999859366e+00,1.495699921764634122e-01,1.305464499172697378e-02,3.178501286755420763e-01,3.100965181077715904e+00,1.066320236945779243e+01,-1.366954634094696885e+01,9.862726122476672685e-01
2.285999999999859256e+00,1.525839010258162043e-01,2.345150715611696648e-02,3.045228963915747600e-01,3.013908849352789243e+00,1.039686216241934069e+01,-1.332723228333956023e+01,1.045827305453244094e+00
2.286999999999859146e+00,1.555019786674293469e-01,3.355090894584734224e-02,2.915690644658487929e-01,2.918077641613132656e+00,1.009940178830795787e+01,-1.295383192457503796e+01,1.087290349019511382e+00
2.287999999999859035e+00,1.583171273178343164e-01,4.332704872784624850e-02,2.790134504656291425e-01,2.815148650404961650e+00,9.776139781178578403e+00,-1.255561399858282812e+01,1.111173193324852093e+00
2.288999999999858925e+00,1.610239974113072403e-01,5.275979745434385831e-02,2.668743493402815914e-01,2.706870093472935945e+00,9.432748726278855855e+00,-1.213910112329965685e+01,1.118479963676602296e+00
2.289999999999858815e+00,1.636189892025593784e-01,6.183483012981486060e-02,2.551635184550999358e-01,2.594991791252141855e+00,9.075032675803571536e+00,-1.171083088282559181e+01,1.110640895724881005e+00
2.290999999999858705e+00,1.661001890823358418e-01,7.054353732879252437e-02,2.438863929170381195e-01,2.481199879776467387e+00,8.708707199772653951e+00,-1.127712553551648611e+01,1.089422705828031468e+00
2.291999999999858595e+00,1.684672492598700000e-01,7.888273515919402845e-02,2.330425066637121789e-01,2.367060177534149101e+00,8.339197831545375195e+00,-1.084388625071349033e+01,1.056824383767093423e+00
2.292999999999858485e+00,1.707212226793730636e-01,8.685420505970314897e-02,2.226260821304076043e-01,2.253973419503069398e+00,7.971469901879245867e+00,-1.041642453073879082e+01,1.014967907341315367e+00
2.293999999999858375e+00,1.728643668085321217e-01,9.446410376695839328e-02,2.126267430995247010e-01,2.143144129159063827e+00,7.609898708733078720e+00,-9.999339028460243028e+00,9.659930595917458618e-01
2.294999999999858264e+00,1.748999302600962591e-01,1.017222881151490371e-01,2.030303020268181824e-01,2.035563451564132986e+00,7.258184349672520241e+00,-9.596441070500288717e+00,9.119640702874924898e-01
2.295999999999858154e+00,1.768319352737919847e-01,1.086415991741327275e-01,1.938195744566173773e-01,1.932005013695736517e+00,6.919311060387171253e+00,-9.210727568259317266e+00,8.547935814025393597e-01
2.296999999999858044e+00,1.786649672155532775e-01,1.152371463054812778e-01,1.849751782417573265e-01,1.833031941761293693e+00,6.595547132615013908e+00,-8.844396213207311064e+00,7.961869052507886124e-01
2.297999999999857934e+00,1.804039798188005472e-01,1.215256250909617364e-01,1.764762829948409717e-01,1.739012603247271249e+00,6.288478786574537516e+00,-8.498895245555306843e+00,7.376071253231160085e-01
2.298999999999857824e+00,1.820541222589536490e-01,1.275246949594009693e-01,1.683012842465939629e-01,1.650142440153089751e+00,5.999069869345672323e+00,-8.174998747164103463e+00,6.802595963989013228e-01
2.299999999999857714e+00,1.836205916164401764e-01,1.332524338201574177e-01,1.604283860191973998e-01,1.566469357486533154e+00,5.727738861476060706e+00,-7.872898226566498181e+00,6.250930024789767003e-01
2.300999999999857604e+00,1.851085120575250709e-01,1.387268790013953812e-01,1.528360840302103729e-01,1.487920441084888967e+00,5.474445181783044845e+00,-7.592301988377775146e+00,5.728133627016749330e-01
2.301999999999857494e+00,1.865228402681670117e-01,1.439656569034288291e-01,1.455035489245271596e-01,1.414328210641951022e+00,5.238777902423468191e+00,-7.332535105259795571e+00,5.239071673156345810e-01
2.302999999999857383e+00,1.878682953560395774e-01,1.489856983414937774e-01,1.384109144862140373e-01,1.345455087872577060e+00,5.020041438322671468e+00,-7.092634438040807510e+00,4.786700481526526829e-01
2.303999999999857273e+00,1.891493105715122136e-01,1.538030326550460236e-01,1.315394796586799864e-01,1.281015215472623758e+00,4.817334313701400639e+00,-6.871434827380560328e+00,4.372378908989169588e-01
2.304999999999857163e+00,1.903700037320933958e-01,1.584326512085621752e-01,1.248718355320159040e-01,1.220693160581185488e+00,4.629618553578999318e+00,-6.667644126600801080e+00,3.996179399009349709e-01
2.305999999999857053e+00,1.915341630888395819e-01,1.628884296955017130e-01,1.183919294822926155e-01,1.164159356746196528e+00,4.455778486936515570e+00,-6.479906049725788542e+00,3.657181180572628421e-01
2.306999999999856943e+00,1.926452454648313051e-01,1.671830984229114858e-01,1.120850786590974896e-01,1.111082375991728988e+00,4.294668727358073035e+00,-6.306850823243499882e+00,3.353734064816098481e-01
2.307999999999856833e+00,1.937063837477289718e-01,1.713282502317216571e-01,1.059379443059464965e-01,1.061138282897662544e+00,4.145151808723888109e+00,-6.147134353229418480e+00,3.083686556568885351e-01
2.308999999999856723e+00,1.947204011647146737e-01,1.753343766524042835e-01,9.993847722569208780e-02,1.014017416985689479e+00,4.006126420573044022e+00,-5.999467080350764370e+00,2.844576130121794222e-01
2.309999999999856612e+00,1.956898301566946941e-01,1.792109241020087840e-01,9.407584328668121276e-02,9.694289919800210820e-01,3.876547449480556740e+00,-5.862633939116037141e+00,2.633782515130134172e-01
2.310999999999856502e+00,1.966169340612101413e-01,1.829663632368668802e-01,8.834033637185295662e-02,9.271039045154508829e-01,3.755439134726095585e+00,-5.735506914935749379e+00,2.448646820462085927e-01
2.311999999999856392e+00,1.975037301841960635e-01,1.866082658700934926e-01,8.272328472062415172e-02,8.867961229859224748e-01,3.641902633091431252e+00,-5.617051651334129758e+00,2.286560469902543247e-01
2.312999999999856282e+00,1.983520131738822634e-01,1.901433850681042426e-01,7.721695527889736732e-02,8.482829896861868724e-01,3.535119197875556729e+00,-5.506329441826998128e+00,2.145028428004680521e-01
2.313999999999856172e+00,1.991633778979589320e-01,1.935777351111852007e-01,7.181445949878992319e-02,8.113647240766738156e-01,3.434350042948068893e+00,-5.402495780200757380e+00,2.021711239393706450e-01
2.314999999999856062e+00,1.999392412655407181e-01,1.969166689193615205e-01,6.650966303439445615e-02,7.758633675817843134e-01,3.338933808047022556e+00,-5.304796464481015050e+00,1.914450146605108927e-01
2.315999999999855952e+00,2.006808626301677390e-01,2.001649513032423278e-01,6.129710096295589578e-02,7.416213646270274351e-01,3.248282383755824565e+00,-5.212562071516082085e+00,1.821279114381377795e-01
2.316999999999855842e+00,2.013893625631180129e-01,2.033268270083331830e-01,5.617189951075465815e-02,7.084999329502745802e-01,3.161875704970638079e+00,-5.125201452270626845e+00,1.740427065490717240e-01
2.317999999999855731e+00,2.020657399029061885e-01,2.064060829953219822e-01,5.112970476162764094e-02,6.763773397881671645e-01,3.079255986873362438e+00,-5.042194749188692704e+00,1.670313090007038426e-01
2.318999999999855621e+00,2.027108870726540557e-01,2.094061047561304456e-01,4.616661845239034001e-02,6.451471697478801115e-01,3.000021760697664241e+00,-4.963086309291703024e+00,1.609536869577672391e-01
2.319999999999855511e+00,2.033256037175659448e-01,2.123299267250000066e-01,4.127914069193197588e-02,6.147166449119010334e-01,2.923821968763262724e+00,-4.887477760506013347e+00,1.556866085765986618e-01
2.320999999999855401e+00,2.039106087551194879e-01,2.151802770237415396e-01,3.646411925903527557e-02,5.850050375535360558e-01,2.850350298639340529e+00,-4.815021432938199730e+00,1.511222169828116968e-01
2.321999999999855291e+00,2.044665509552816840e-01,2.179596168970828196e-01,3.171870501966483208e-02,5.559422001621980858e-01,2.779339873242983927e+00,-4.745414239406269274e+00,1.471665403939548256e-01
2.322999999999855181e+00,2.049940181809061790e-01,2.206701752622599044e-01,2.704031294167529367e-02,5.274672256245083179e-01,2.710558365082320620e+00,-4.678392078020307210e+00,1.437380099098737318e-01
2.323999999999855071e+00,2.054935454226267666e-01,2.233139788288269201e-01,2.242658816027216090e-02,4.995272417205939286e-01,2.643803566475451561e+00,-4.613724781429411337e+00,1.407660347329051653e-01
2.324999999999854960e+00,2.059656217605892181e-01,2.258928782501475330e-01,1.787537655024325559e-02,4.720763379624464129e-01,2.578899421232071720e+00,-4.551211610050895473e+00,1.381896668413444829e-01
2.325999999999854850e+00,2.064106963792686489e-01,2.284085707552100941e-01,1.338469928231129751e-02,4.450746186794256043e-01,2.515692504976800414e+00,-4.490677267950181850e+00,1.359563736638325082e-01
2.326999999999854740e+00,2.068291837529486199e-01,2.308626196845590395e-01,8.952730874218186446e-03,4.184873736799633592e-01,2.454048929265734369e+00,-4.431968408107909596e+00,1.340209273442618532e-01
2.327999999999854630e+00,2.072214681093482447e-01,2.332564713220464936e-01,4.577780287277247173e-03,3.922843563996203375e-01,2.393851637406628985e+00,-4.374950586952660814e+00,1.323444120723673567e-01
2.328999999999854520e+00,2.075879072682183524e-01,2.355914693783309477e-01,2.582746623687631510e-04,3.664391588701153002e-01,2.334998056205790817e+00,-4.319505624917330699e+00,1.308933460686603212e-01
2.329999999999854410e+00,2.079288359410788600e-01,2.378688674451420459e-01,-4.007254666934835508e-03,3.409286728605188110e-01,2.277398066734529269e+00,-4.265529329309851292e+00,1.296389116523051221e-01
2.330999999999854300e+00,2.082445685680356373e-01,2.400898397030657438e-01,-8.220184204064371475e-03,3.157326269567888311e-01,2.220972257849159082e+00,-4.212929537133325297e+00,1.285562849512962291e-01
2.331999999999854190e+00,2.085354017580466346e-01,2.422554901311437803e-01,-1.238180864206079104e-02,2.908331900109957791e-01,2.165650428005344352e+00,-4.161624437997966552e+00,1.276240558945976877e-01
2.332999999999854079e+00,2.088016163902444988e-01,2.443668604346378725e-01,-1.649334978251625061e-02,2.662146321978612895e-01,2.111370303423135475e+00,-4.111541140454992416e+00,1.268237288763904846e-01
2.333999999999853969e+00,2.090434794260283835e-01,2.464249368782535365e-01,-2.055596423111211157e-02,2.418630357838963407e-01,2.058076443546498435e+00,-4.062614448593436123e+00,1.261392946958967975e-01
2.334999999999853859e+00,2.092612454746173023e-01,2.484306561860824547e-01,-2.457075005044626753e-02,2.177660485889126862e-01,2.005719307761447467e+00,-4.014785819329899752e+00,1.255568648832801615e-01
2.335999999999853749e+00,2.094551581485806779e-01,2.503849106464747787e-01,-2.853875252477362096e-02,1.939126739633748875e-01,1.954254460326480647e+00,-3.968002474321519202e+00,1.250643602062233017e-01
2.336999999999853639e+00,2.096254512404762405e-01,2.522885525398549378e-01,-3.246096916850794989e-02,1.702930918955728457e-01,1.903641893315817235e+00,-3.922216643726841312e+00,1.246512459239789150e-01
2.337999999999853529e+00,2.097723497470626031e-01,2.541423979899365415e-01,-3.633835409059159305e-02,1.468985065863759043e-01,1.853845450018805074e+00,-3.877384922074551987e+00,1.243083071549153096e-01
2.338999999999853419e+00,2.098960707635431355e-01,2.559472303236406954e-01,-4.017182180984832374e-02,1.237210164805427892e-01,1.804832333643011433e+00,-3.833467719246298699e+00,1.240274585062755008e-01
2.339999999999853308e+00,2.099968242668652785e-01,2.577038030120156198e-01,-4.396225060187363559e-02,1.007535033221299559e-01,1.756572688315103381e+00,-3.790428792013593284e+00,1.238015828568606036e-01
2.340999999999853198e+00,2.100748138041741153e-01,2.594128422533494294e-01,-4.771048544560955312e-02,7.798953730883911861e-02,1.709039241275601029e+00,-3.748234843722875631e+00,1.236243948673247939e-01
2.341999999999853088e+00,2.101302371000358937e-01,2.610750492502280640e-01,-5.141734062721331489e-02,5.542329586177988099e-02,1.662206996821738114e+00,-3.706855181589512327e+00,1.234903254109120940e-01
2.342999999999852978e+00,2.101632865939437878e-01,2.626911022242760518e-01,-5.508360204990901676e-02,3.304949390788969321e-02,1.616052973992588182e+00,-3.666261422680344939e+00,1.233944236689512586e-01
2.343999999999852868e+00,2.101741499178432226e-01,2.642616582055573038e-01,-5.871002929097489387e-02,1.086332389943550289e-02,1.570555981227322651e+00,-3.626427241049359207e+00,1.233322741181557269e-01
2.344999999999852758e+00,2.101630103219163104e-01,2.657873546278985977e-01,-6.229735744067191328e-02,-1.113959592691674341e-02,1.525696422288639109e+00,-3.587328149679459788e+00,1.232999260615714743e-01
2.345999999999852648e+00,2.101300470556045352e-01,2.672688107565918125e-01,-6.584629875257498599e-02,-3.296326631176454969e-02,1.481456128641874592e+00,-3.548941311884582284e+00,1.232938337158109299e-01
2.346999999999852538e+00,2.100754357097888714e-01,2.687066289708876510e-01,-6.935754413027489518e-02,-5.461134581566870483e-02,1.437818214245889292e+00,-3.511245377680495494e+00,1.233108051817759510e-01
2.347999999999852427e+00,2.099993485251543668e-01,2.701013959202929193e-01,-7.283176447164614598e-02,-7.608718463449279379e-02,1.394766949356666341e+00,-3.474220341350857222e+00,1.233479588919914605e-01
2.348999999999852317e+00,2.099019546710177431e-01,2.714536835708261653e-01,-7.626961188870266806e-02,-9.739385413661989788e-02,1.352287650486025949e+00,-3.437847417035287290e+00,1.234026863526445084e-01
2.349999999999852207e+00,2.097834204982654549e-01,2.727640501549882246e-01,-7.967172081840158404e-02,-1.185341727522847416e-01,1.310366584116118061e+00,-3.402108929677011062e+00,1.234726201904199350e-01
2.350999999999852097e+00,2.096439097695204923e-01,2.740330410371845660e-01,-8.303870903751378596e-02,-1.395107287449493805e-01,1.268990882151556310e+00,-3.366988219089412038e+00,1.235556066734835312e-01
2.351999999999851987e+00,2.094835838692091223e-01,2.752611895046406798e-01,-8.637117859279559717e-02,-1.603259003113632897e-01,1.228148467412692568e+00,-3.332469555258233740e+00,1.236496820132835239e-01
2.352999999999851877e+00,2.093026019958228456e-01,2.764490174924229549e-01,-8.966971665611042641e-02,-1.809818733862826046e-01,1.187827987740039060e+00,-3.298538063290707090e+00,1.237530518636296151e-01
2.353999999999851767e+00,2.091011213383532075e-01,2.775970362499698973e-01,-9.293489631280962837e-02,-2.014806574696468566e-01,1.148018757506035659e+00,-3.265179656674338293e+00,1.238640735312386276e-01
2.354999999999851656e+00,2.088792972386083191e-01,2.787057469555260791e-01,-9.616727729054896923e-02,-2.218240997448906460e-01,1.108710705516476214e+00,-3.232380977713785963e+00,1.239812404895852538e-01
2.355999999999851546e+00,2.086372833408927652e-01,2.797756412840052276e-01,-9.936740663476247015e-02,-2.420138977155639193e-01,1.069894328440555764e+00,-3.200129344187455427e+00,1.241031688520957132e-01
2.356999999999851436e+00,2.083752317303389778e-01,2.808072019330842273e-01,-1.025358193362032183e-01,-2.620516105537993301e-01,1.031560649041672884e+00,-3.168412701414092147e+00,1.242285855198321798e-01
2.357999999999851326e+00,2.080932930610142340e-01,2.818009031117083008e-01,-1.056730389152663041e-01,-2.819386693247488695e-01,9.937011785878115955e-01,-3.137219579035994244e+00,1.243563177606290537e-01
2.358999999999851216e+00,2.077916166747870441e-01,2.827572109946584478e-01,-1.087795779672264540e-01,-3.016763862271915064e-01,9.563078829150991611e-01,-3.106539051932412754e+00,1.244852840166368324e-01
2.359999999999851106e+00,2.074703507118168255e-01,2.836765841463860238e-01,-1.118559386720133497e-01,-3.212659629702246389e-01,9.193731516936848314e-01,-3.076360704758715148e+00,1.246144857697020214e-01
2.360999999999850996e+00,2.071296422134280835e-01,2.845594739169295950e-01,-1.149026132717232002e-01,-3.407084983887352925e-01,8.828897705107912053e-01,-3.046674599681231665e+00,1.247430003187748326e-01
2.361999999999850886e+00,2.067696372180417852e-01,2.854063248124013019e-01,-1.179200845186893915e-01,-3.600049953862912711e-01,8.468508954401311462e-01,-3.017471246937009521e+00,1.248699743484369407e-01
2.362999999999850775e+00,2.063904808507605326e-01,2.862175748422438049e-01,-1.209088260966166006e-01,-3.791563672812519603e-01,8.112500298119781350e-01,-2.988741577897761736e+00,1.249946181821277591e-01
2.363999999999850665e+00,2.059923174071379981e-01,2.869936558452129138e-01,-1.238693030170107123e-01,-3.981634436225469087e-01,7.760810029395197596e-01,-2.960476920364236708e+00,1.251162006348600642e-01
2.364999999999850555e+00,2.055752904316060781e-01,2.877349937958281201e-01,-1.268019719928898670e-01,-4.170269755319318539e-01,7.413379505867891961e-01,-2.932668975848955917e+00,1.252340443869757181e-01
2.365999999999850445e+00,2.051395427909832869e-01,2.884420090928496161e-01,-1.297072817915607690e-01,-4.357476406227989707e-01,7.070152969942500309e-01,-2.905309798640315577e+00,1.253475218170487793e-01
2.366999999999850335e+00,2.046852167434442815e-01,2.891151168311761332e-01,-1.325856735680573384e-01,-4.543260475390103470e-01,6.731077383001704550e-01,-2.878391776465637264e+00,1.254560512374718328e-01
2.367999999999850225e+00,2.042124540032926316e-01,2.897547270584179824e-01,-1.354375811806814156e-01,-4.727627401516364403e-01,6.396102272164341240e-01,-2.851907612592972541e+00,1.255590934849024620e-01
2.368999999999850115e+00,2.037213958018452564e-01,2.903612450172782244e-01,-1.382634314899461869e-01,-4.910582014473636181e-01,6.065179588359738139e-01,-2.825850309233173263e+00,1.256561488262715187e-01
2.369999999999850004e+00,2.032121829447073313e-01,2.909350713747635431e-01,-1.410636446420953649e-01,-5.092128571379359592e-01,5.738263574619919538e-01,-2.800213152117396742e+00,1.257467541437158332e-01
2.370999999999849894e+00,2.026849558656906580e-01,2.914766024391490795e-01,-1.438386343382687116e-01,-5.272270790166666554e-01,5.415310643631920939e-01,-2.774989696141320294e+00,1.258304803679628492e-01
2.371999999999849784e+00,2.021398546776053962e-01,2.919862303655407221e-01,-1.465888080902808810e-01,-5.451011880852658642e-01,5.096279263702716555e-01,-2.750173751979942516e+00,1.259069301341488867e-01
2.372999999999849674e+00,2.015770192201339350e-01,2.924643433507986834e-01,-1.493145674638990672e-01,-5.628354574714480307e-01,4.781129852374803590e-01,-2.725759373585721956e+00,1.259757356362367631e-01
2.373999999999849564e+00,2.009965891049782793e-01,2.929113258185209179e-01,-1.520163083104265345e-01,-5.804301151556529037e-01,4.469824677026967841e-01,-2.701740846494800063e+00,1.260365566597059228e-01
2.374999999999849454e+00,2.003987037584548103e-01,2.933275585947249797e-01,-1.546944209873313270e-01,-5.978853465234635900e-01,4.162327761856209341e-01,-2.678112676871834186e+00,1.260890787756974163e-01
2.375999999999849344e+00,1.997835024616967103e-01,2.937134190748124096e-01,-1.573492905685954235e-01,-6.152012967580865466e-01,3.858604800697233994e-01,-2.654869581231155351e+00,1.261330116789807221e-01
2.376999999999849233e+00,1.991511243886102400e-01,2.940692813823502227e-01,-1.599812970454099204e-01,-6.323780730864657640e-01,3.558623075210843867e-01,-2.632006476781301618e+00,1.261680876581108279e-01
2.377999999999849123e+00,1.985017086417195098e-01,2.943955165201651569e-01,-1.625908155177837877e-01,-6.494157468907290065e-01,3.262351377990817536e-01,-2.609518472340397466e+00,1.261940601839208753e-01
2.378999999999849013e+00,1.978353942860238690e-01,2.946924925142008767e-01,-1.651782163775961654e-01,-6.663143556956527824e-01,2.969759940206433413e-01,-2.587400859778953066e+00,1.262107026056380477e-01
2.379999999999848903e+00,1.971523203809816549e-01,2.949605745505579635e-01,-1.677438654835795018e-01,-6.830739050422083292e-01,2.680820363428784159e-01,-2.565649105949717068e+00,1.262178069464265917e-01
2.380999999999848793e+00,1.964526260107260502e-01,2.952001251061018294e-01,-1.702881243286786250e-01,-6.996943702556178701e-01,2.395505555305588175e-01,-2.544258845065319630e+00,1.262151827873578824e-01
2.381999999999848683e+00,1.957364503126098332e-01,2.954115040729954345e-01,-1.728113502002056046e-01,-7.161756981162282765e-01,2.113789668810676092e-01,-2.523225871493162575e+00,1.262026562340397007e-01
2.382999999999848573e+00,1.950039325041694194e-01,2.955950688774860446e-01,-1.753138963331740685e-01,-7.325178084404081469e-01,1.835648044789148781e-01,-2.502546132934532430e+00,1.261800689580168111e-01
2.383999999999848463e+00,1.942552119085913520e-01,2.957511745932530633e-01,-1.777961120571690534e-01,-7.487205955780732447e-01,1.561057157560800102e-01,-2.482215723960852660e+00,1.261472773066847353e-01
2.384999999999848352e+00,1.934904279787582060e-01,2.958801740495996535e-01,-1.802583429370854251e-01,-7.647839298331515767e-01,1.289994563364665892e-01,-2.462230879882250978e+00,1.261041514769871696e-01
2.385999999999848242e+00,1.927097203199460151e-01,2.959824179347521622e-01,-1.827009309080426802e-01,-7.807076588121983907e-01,1.022438851431336504e-01,-2.442587970923116192e+00,1.260505747459461645e-01
2.386999999999848132e+00,1.919132287112392810e-01,2.960582548945122072e-01,-1.851242144047628990e-01,-7.964916087067215322e-01,7.583695975144211232e-02,-2.423283496686021277e+00,1.259864427560408728e-01
2.387999999999848022e+00,1.911010931257258183e-01,2.961080316264890766e-01,-1.875285284856782753e-01,-8.121355855134507751e-01,4.977673196913556808e-02,-2.404314080881031046e+00,1.259116628483560874e-01
2.388999999999847912e+00,1.902734537495285316e-01,2.961320929701258819e-01,-1.899142049520182729e-01,-8.276393761972810070e-01,2.406134362968270768e-02,-2.385676466305519217e+00,1.258261534424818251e-01
2.389999999999847802e+00,1.894304509997280506e-01,2.961307819927149754e-01,-1.922815724621074751e-01,-8.430027498004890596e-01,-1.310977417262382261e-03,-2.367367510054906532e+00,1.257298434571580970e-01
2.390999999999847692e+00,1.885722255412259352e-01,2.961044400715907576e-01,-1.946309566410935887e-01,-8.582254585021207305e-01,-2.634192112993916091e-02,-2.349384178951626545e+00,1.256226717703849971e-01
2.391999999999847581e+00,1.876989183025950803e-01,2.960534069726691309e-01,-1.969626801863037235e-01,-8.733072386308560198e-01,-5.103309892660534697e-02,-2.331723545175748757e+00,1.255045867154542805e-01
2.392999999999847471e+00,1.868106704909607008e-01,2.959780209254971872e-01,-1.992770629684242345e-01,-8.882478116343900387e-01,-7.538604717620167595e-02,-2.314382782085938395e+00,1.253755456096499188e-01
2.393999999999847361e+00,1.859076236059524490e-01,2.958786186949625696e-01,-2.015744221286761839e-01,-9.030468850082512544e-01,-9.940223053829155830e-02,-2.297359160217581575e+00,1.252355143140793103e-01
2.394999999999847251e+00,1.849899194527657442e-01,2.957555356498037802e-01,-2.038550721721583414e-01,-9.177041531866911850e-01,-1.230830451616566901e-01,-2.280650043447685071e+00,1.250844668217734323e-01
2.395999999999847141e+00,1.840577001543675928e-01,2.956091058280552741e-01,-2.061193250575082403e-01,-9.322192983981587577e-01,-1.464298217508051003e-01,-2.264252885315269026e+00,1.249223848726668251e-01
2.396999999999847031e+00,1.831111081628800374e-01,2.954396619995485196e-01,-2.083674902830310316e-01,-9.465919914875431385e-01,-1.694438285084697293e-01,-2.248165225488325980e+00,1.247492575926170133e-01
2.397999999999846921e+00,1.821502862701727676e-01,2.952475357255878174e-01,-2.105998749694338035e-01,-9.608218927072649240e-01,-1.921262739616859117e-01,-2.232384686368278359e+00,1.245650811550813586e-01
2.398999999999846811e+00,1.811753776176933950e-01,2.950330574159096830e-01,-2.128167839392919869e-01,-9.749086524793589836e-01,-2.144783096785227716e-01,-2.216908969823636610e+00,1.243698584647745520e-01
2.399999999999846700e+00,1.801865257055634828e-01,2.947965563830269309e-01,-2.150185197933708880e-01,-9.888519121299000902e-01,-2.365010328826429031e-01,-2.201735854044456264e+00,1.241635988592051376e-01
2.400999999999846590e+00,1.791838744009653372e-01,2.945383608940559950e-01,-2.172053829839183381e-01,-1.002651304598152437e+00,-2.581954889701332245e-01,-2.186863190512962518e+00,1.239463178309030411e-01
2.401999999999846480e+00,1.781675679458441519e-01,2.942587982201175234e-01,-2.193776718850322383e-01,-1.016306455121197549e+00,-2.795626739370206115e-01,-2.172288901079508783e+00,1.237180367638543999e-01
2.402999999999846370e+00,1.771377509639481262e-01,2.939581946833958459e-01,-2.215356828602087214e-01,-1.029816981896029882e+00,-3.006035367198585107e-01,-2.158010975142037324e+00,1.234787826874246264e-01
2.403999999999846260e+00,1.760945684672278466e-01,2.936368757019373610e-01,-2.236797103271639109e-01,-1.043182496720279406e+00,-3.213189814560569735e-01,-2.144027466920861880e+00,1.232285880442791637e-01
2.404999999999846150e+00,1.750381658616151637e-01,2.932951658322659472e-01,-2.258100468200214261e-01,-1.056402605612681622e+00,-3.417098696683830150e-01,-2.130336492823234895e+00,1.229674904714883610e-01
2.405999999999846040e+00,1.739686889522007174e-01,2.929333888098855643e-01,-2.279269830489507598e-01,-1.069476909414455612e+00,-3.617770223768134175e-01,-2.116936228894891414e+00,1.226955325939336205e-01
2.406999999999845929e+00,1.728862839478277624e-01,2.925518675877389341e-01,-2.300308079573370190e-01,-1.082405004372948509e+00,-3.815212221424486572e-01,-2.103824908352122769e+00,1.224127618306933840e-01
2.407999999999845819e+00,1.717910974651196965e-01,2.921509243726868599e-01,-2.321218087765615223e-01,-1.095186482708058406e+00,-4.009432150475357171e-01,-2.091000819190248716e+00,1.221192302102185323e-01
2.408999999999845709e+00,1.706832765319570289e-01,2.917308806600676374e-01,-2.342002710784608921e-01,-1.107820933162672050e+00,-4.200437126140439403e-01,-2.078462301865180883e+00,1.218149941967894279e-01
2.409999999999845599e+00,1.695629685904193329e-01,2.912920572663976748e-01,-2.362664788255395276e-01,-1.120307941537690199e+00,-4.388233936643753941e-01,-2.066207747044481291e+00,1.215001145250091952e-01
2.410999999999845489e+00,1.684303214992065867e-01,2.908347743602647251e-01,-2.383207144189979365e-01,-1.132647091212755974e+00,-4.572829061268398609e-01,-2.054235593424289075e+00,1.211746560440989384e-01
2.411999999999845379e+00,1.672854835355535863e-01,2.903593514914686868e-01,-2.403632587446400404e-01,-1.144837963653003943e+00,-4.754228687895269978e-01,-2.042544325607908551e+00,1.208386875685931727e-01
2.412999999999845269e+00,1.661286033966508091e-01,2.898661076184580465e-01,-2.423943912167194348e-01,-1.156880138902781407e+00,-4.932438730035972885e-01,-2.031132472045372062e+00,1.204922817371034682e-01
2.413999999999845159e+00,1.649598302005839678e-01,2.893553611341109222e-01,-2.444143898197824183e-01,-1.168773196066830833e+00,-5.107464843396695153e-01,-2.019998603028960726e+00,1.201355148774325698e-01
2.414999999999845048e+00,1.637793134868046063e-01,2.888274298899041193e-01,-2.464235311485596935e-01,-1.180516713779356630e+00,-5.279312441988114335e-01,-2.009141328743376587e+00,1.197684668771294980e-01
2.415999999999844938e+00,1.625872032161428393e-01,2.882826312185162165e-01,-2.484220904459625567e-01,-1.192110270661778326e+00,-5.447986713796038050e-01,-1.998559297368987853e+00,1.193912210605923008e-01
2.416999999999844828e+00,1.613836497703734774e-01,2.877212819549028189e-01,-2.504103416392300385e-01,-1.203553445769367736e+00,-5.613492636045321893e-01,-1.988251193233601111e+00,1.190038640703754425e-01
2.417999999999844718e+00,1.601688039513461670e-01,2.871436984558877192e-01,-2.523885573742772892e-01,-1.214845819027309037e+00,-5.775834990059245388e-01,-1.978215735013427290e+00,1.186064857533537520e-01
2.418999999999844608e+00,1.589428169796895107e-01,2.865501966183043314e-01,-2.543570090482905610e-01,-1.225986971656657154e+00,-5.935018375739076202e-01,-1.968451673979565664e+00,1.181991790514853591e-01
2.419999999999844498e+00,1.577058404930991586e-01,2.859410918957265846e-01,-2.563159668406133629e-01,-1.236976486590361857e+00,-6.091047225676206045e-01,-1.958957792289139466e+00,1.177820398955002901e-01
2.420999999999844388e+00,1.564580265442195584e-01,2.853166993138255281e-01,-2.582656997419663925e-01,-1.247813948879606505e+00,-6.243925818908008241e-01,-1.949732901319359613e+00,1.173551671018326914e-01
2.421999999999844277e+00,1.551995275981282729e-01,2.846773334843823999e-01,-2.602064755820440722e-01,-1.258498946091292758e+00,-6.393658294323990576e-01,-1.940775840044146605e+00,1.169186622744771142e-01
2.422999999999844167e+00,1.539304965294319705e-01,2.840233086179959066e-01,-2.621385610555266310e-01,-1.269031068696315545e+00,-6.540248663753547298e-01,-1.932085473449072666e+00,1.164726297074611949e-01
2.423999999999844057e+00,1.526510866189829119e-01,2.833549385355121908e-01,-2.640622217465469768e-01,-1.279409910449053500e+00,-6.683700824722056399e-01,-1.923660690986923605e+00,1.160171762901107684e-01
2.424999999999843947e+00,1.513614515502244573e-01,2.826725366782110727e-01,-2.659777221516513857e-01,-1.289635068758467229e+00,-6.824018572894521295e-01,-1.915500405070984957e+00,1.155524114153561044e-01
2.425999999999843837e+00,1.500617454051736133e-01,2.819764161167771510e-01,-2.678853257012898670e-01,-1.299706145050851358e+00,-6.961205614217599313e-01,-1.907603549605161319e+00,1.150784468892354084e-01
2.426999999999843727e+00,1.487521226600493074e-01,2.812668895590882401e-01,-2.697852947798736745e-01,-1.309622745124316090e+00,-7.095265576764210325e-01,-1.899969078550370227e+00,1.145953968416364432e-01
2.427999999999843617e+00,1.474327381805539405e-01,2.805442693568468426e-01,-2.716778907444336588e-01,-1.319384479495378404e+00,-7.226202022285301840e-01,-1.892595964526613050e+00,1.141033776392994525e-01
2.428999999999843507e+00,1.461037472168162099e-01,2.798088675110856349e-01,-2.735633739419161548e-01,-1.328990963737719078e+00,-7.354018457481044102e-01,-1.885483197449360881e+00,1.136025077996798416e-01
2.429999999999843396e+00,1.447653053980033355e-01,2.790609956765727206e-01,-2.754420037251490427e-01,-1.338441818812864170e+00,-7.478718344995677336e-01,-1.878629783199698977e+00,1.130929079043383467e-01
2.430999999999843286e+00,1.434175687266097676e-01,2.783009651651462413e-01,-2.773140384675116255e-01,-1.347736671393572117e+00,-7.600305114127877681e-01,-1.872034742329521162e+00,1.125747005156743086e-01
2.431999999999843176e+00,1.420606935724305353e-01,2.775290869480037115e-01,-2.791797355763424582e-01,-1.356875154179231879e+00,-7.718782171285846205e-01,-1.865697108797722770e+00,1.120480100913692212e-01
2.432999999999843066e+00,1.406948366662262861e-01,2.767456716569731134e-01,-2.810393515051165525e-01,-1.365856906204243382e+00,-7.834152910162377470e-01,-1.859615928741104041e+00,1.115129629025304325e-01
2.433999999999842956e+00,1.393201550930879273e-01,2.759510295847920625e-01,-2.828931417644246493e-01,-1.374681573138360591e+00,-7.946420721665443665e-01,-1.853790259275062802e+00,1.109696869480867321e-01
2.434999999999842846e+00,1.379368062855079458e-01,2.751454706844203568e-01,-2.847413609317864247e-01,-1.383348807579984019e+00,-8.055589003569864071e-01,-1.848219167328923440e+00,1.104183118727313229e-01
2.435999999999842736e+00,1.365449480161659568e-01,2.743293045674126684e-01,-2.865842626603304910e-01,-1.391858269341994747e+00,-8.161661169925316095e-01,-1.842901728511039172e+00,1.098589688833406797e-01
2.436999999999842625e+00,1.351447383904358368e-01,2.735028405013768538e-01,-2.884220996863693931e-01,-1.400209625730106433e+00,-8.264640660206193923e-01,-1.837837026005953334e+00,1.092917906649351067e-01
2.437999999999842515e+00,1.337363358386218504e-01,2.726663874065408666e-01,-2.902551238359053487e-01,-1.408402551813974446e+00,-8.364530948205081140e-01,-1.833024149503198252e+00,1.087169112972556917e-01
2.438999999999842405e+00,1.323198991079309050e-01,2.718202538514574718e-01,-2.920835860300949882e-01,-1.416436730690935120e+00,-8.461335550677637762e-01,-1.828462194156856846e+00,1.081344661705188059e-01
2.439999999999842295e+00,1.308955872541885113e-01,2.709647480478678538e-01,-2.939077362897041246e-01,-1.424311853742393108e+00,-8.555058035736159416e-01,-1.824150259576257538e+00,1.075445919007833595e-01
2.440999999999842185e+00,1.294635596333056637e-01,2.701001778447526536e-01,-2.957278237385849162e-01,-1.432027620882844854e+00,-8.645702030991471165e-01,-1.820087448848044964e+00,1.069474262447478452e-01
2.441999999999842075e+00,1.280239758925039995e-01,2.692268507215916373e-01,-2.975440966062063985e-01,-1.439583740801661627e+00,-8.733271231446635419e-01,-1.816272867588885065e+00,1.063431080145047503e-01
2.442999999999841965e+00,1.265769959613066153e-01,2.683450737808606434e-01,-2.993568022292681929e-01,-1.446979931197379443e+00,-8.817769407143338789e-01,-1.812705623029148283e+00,1.057317769907193394e-01
2.443999999999841855e+00,1.251227800423021230e-01,2.674551537397883427e-01,-3.011661870524284801e-01,-1.454215919004494539e+00,-8.899200410556890040e-01,-1.809384823127763386e+00,1.051135738351884896e-01
2.444999999999841744e+00,1.236614886016888237e-01,2.665573969213977379e-01,-3.029724966281801546e-01,-1.461291440613300852e+00,-8.977568183737073548e-01,-1.806309575718956228e+00,1.044886400047886355e-01
2.445999999999841634e+00,1.221932823596070389e-01,2.656521092448592136e-01,-3.047759756159006961e-01,-1.468206242081781854e+00,-9.052876765215809307e-01,-1.803478987687932911e+00,1.038571176609810465e-01
2.446999999999841524e+00,1.207183222802667016e-01,2.647395962151772308e-01,-3.065768677801131714e-01,-1.474960079340330577e+00,-9.125130296647986361e-01,-1.800892164180096122e+00,1.032191495814913651e-01
2.447999999999841414e+00,1.192367695618778145e-01,2.638201629122386982e-01,-3.083754159879861234e-01,-1.481552718388890799e+00,-9.194333029211257946e-01,-1.798548207840439339e+00,1.025748790697758039e-01
2.448999999999841304e+00,1.177487856263911004e-01,2.628941139792458914e-01,-3.101718622061032105e-01,-1.487983935486708598e+00,-9.260489329753238685e-01,-1.796446218084560620e+00,1.019244498644695796e-01
2.449999999999841194e+00,1.162545321090567851e-01,2.619617536105592337e-01,-3.119664474965364587e-01,-1.494253517334310555e+00,-9.323603686691102066e-01,-1.794585290400844357e+00,1.012680060465562804e-01
2.450999999999841084e+00,1.147541708478086314e-01,2.610233855389761937e-01,-3.137594120122540464e-01,-1.500361261248152722e+00,-9.383680715652688020e-01,-1.792964515685099514e+00,1.006056919475319944e-01
2.451999999999840973e+00,1.132478638724811054e-01,2.600793130224711702e-01,-3.155509949918928192e-01,-1.506306975327523778e+00,-9.440725164871772712e-01,-1.791582979606297865e+00,9.993765205516780270e-02
2.452999999999840863e+00,1.117357733938671716e-01,2.591298388304204003e-01,-3.173414347539296188e-01,-1.512090478613932421e+00,-9.494741920327607332e-01,-1.790439762004359281e+00,9.926403091945523727e-02
2.453999999999840753e+00,1.102180617926244999e-01,2.581752652293390904e-01,-3.191309686902818465e-01,-1.517711601242670572e+00,-9.545736010632678292e-01,-1.789533936319925189e+00,9.858497305652136333e-02
2.454999999999840643e+00,1.086948916080376915e-01,2.572158939681549183e-01,-3.209198332593707348e-01,-1.523170184586809306e+00,-9.593712611661656675e-01,-1.788864569056738629e+00,9.790062285286182941e-02
2.455999999999840533e+00,1.071664255266440574e-01,2.562520262630437196e-01,-3.227082639786792440e-01,-1.528466081393636822e+00,-9.638677050928464718e-01,-1.788430719275955871e+00,9.721112446885094016e-02
2.456999999999840423e+00,1.056328263707310283e-01,2.552839627818541679e-01,-3.244964954168338411e-01,-1.533599155913027978e+00,-9.680634811712550691e-01,-1.788231438122258599e+00,9.651662173957653579e-02
2.457999999999840313e+00,1.040942570867126465e-01,2.543120036281440455e-01,-3.262847611852501273e-01,-1.538569284018376226e+00,-9.719591536917251418e-01,-1.788265768384013299e+00,9.581725807730911981e-02
2.458999999999840202e+00,1.025508807333930933e-01,2.533364483248573551e-01,-3.280732939293670714e-01,-1.543376353319553251e+00,-9.755553032681990588e-01,-1.788532744084628590e+00,9.511317637133842595e-02
2.459999999999840092e+00,1.010028604701247168e-01,2.523575957976659234e-01,-3.298623253195069327e-01,-1.548020263268373053e+00,-9.788525271729673349e-01,-1.789031390107681752e+00,9.440451888896106425e-02
2.460999999999839982e+00,9.945035954486879104e-02,2.513757443580008633e-01,-3.316520860413929017e-01,-1.552500925255921649e+00,-9.818514396465355398e-01,-1.789760721853754344e+00,9.369142717324052683e-02
2.461999999999839872e+00,9.789354128216638806e-02,2.503911916858016506e-01,-3.334428057863569328e-01,-1.556818262702403644e+00,-9.845526721805472059e-01,-1.790719744931626334e+00,9.297404194279579315e-02
2.462999999999839762e+00,9.633256907102739908e-02,2.494042348120071029e-01,-3.352347132412702435e-01,-1.560972211138994092e+00,-9.869568737758975807e-01,-1.791907454881142447e+00,9.225250298896803258e-02
2.463999999999839652e+00,9.476760635274525391e-02,2.484151701008141255e-01,-3.370280360782326179e-01,-1.564962718282139287e+00,-9.890647111743173792e-01,-1.793322836930049347e+00,9.152694907411529357e-02
2.464999999999839542e+00,9.319881660864555439e-02,2.474242932317305133e-01,-3.388230009440478807e-01,-1.568789744099695627e+00,-9.908768690648774857e-01,-1.794964865782990415e+00,9.079751782697798035e-02
2.465999999999839432e+00,9.162636334777576885e-02,2.464318991814484217e-01,-3.406198334495250668e-01,-1.572453260869790759e+00,-9.923940502635085759e-01,-1.796832505444995620e+00,9.006434564107479446e-02
2.466999999999839321e+00,9.005041009454425871e-02,2.454382822055614366e-01,-3.424187581586338180e-01,-1.575953253231511697e+00,-9.936169758682235065e-01,-1.798924709076338502e+00,8.932756756896154116e-02
2.467999999999839211e+00,8.847112037631622850e-02,2.444437358201553834e-01,-3.442199985775478699e-01,-1.579289718228028550e+00,-9.945463853873639515e-01,-1.801240418881910443e+00,8.858731721857182606e-02
2.468999999999839101e+00,8.688865771097410706e-02,2.434485527832940532e-01,-3.460237771436133203e-01,-1.582462665342126762e+00,-9.951830368426107798e-01,-1.803778566033190200e+00,8.784372664892003968e-02
2.469999999999838991e+00,8.530318559445032589e-02,2.424530250764284911e-01,-3.478303152142680488e-01,-1.585472116523777952e+00,-9.955277068468467716e-01,-1.806538070622582648e+00,8.709692626402443238e-02
2.470999999999838881e+00,8.371486748824007174e-02,2.414574438857543803e-01,-3.496398330559524759e-01,-1.588318106210247604e+00,-9.955811906554782320e-01,-1.809517841652069858e+00,8.634704470835963264e-02
2.471999999999838771e+00,8.212386680690146601e-02,2.404620995835426434e-01,-3.514525498330381414e-01,-1.591000681338612166e+00,-9.953443021930883372e-01,-1.812716777053598793e+00,8.559420876156842439e-02
2.472999999999838661e+00,8.053034690555098407e-02,2.394672817094693207e-01,-3.532686835968130157e-01,-1.593519901350487045e+00,-9.948178740546859133e-01,-1.816133763742514340e+00,8.483854323198869452e-02
2.473999999999838550e+00,7.893447106736151131e-02,2.384732789519695695e-01,-3.550884512745494104e-01,-1.595875838189474649e+00,-9.940027574811592936e-01,-1.819767677704264619e+00,8.408017085199404050e-02
2.474999999999838440e+00,7.733640249107041897e-02,2.374803791296406230e-01,-3.569120686586944036e-01,-1.598068576291094889e+00,-9.928998223104421594e-01,-1.823617384112681705e+00,8.331921217209092845e-02
2.475999999999838330e+00,7.573630427850540359e-02,2.364888691727184966e-01,-3.587397503962075351e-01,-1.600098212565017830e+00,-9.915099569036645022e-01,-1.827681737480758795e+00,8.255578545409392177e-02
2.476999999999838220e+00,7.413433942213520922e-02,2.354990351046544195e-01,-3.605717099780845758e-01,-1.601964856370200252e+00,-9.898340680456850782e-01,-1.831959581844661678e+00,8.179000656652135604e-02
2.477999999999838110e+00,7.253067079265236583e-02,2.345111620238140571e-01,-3.624081597290953471e-01,-1.603668629482838393e+00,-9.878730808220033133e-01,-1.836449750978508266e+00,8.102198887946876482e-02
2.478999999999838000e+00,7.092546112659588176e-02,2.335255340853241712e-01,-3.642493107977683442e-01,-1.605209666056486517e+00,-9.856279384716332137e-01,-1.841151068640632271e+00,8.025184315665967461e-02
2.479999999999837890e+00,6.931887301402007984e-02,2.325424344830919476e-01,-3.660953731466542460e-01,-1.606588112575807914e+00,-9.830996022140385815e-01,-1.846062348853413582e+00,7.947967745334949541e-02
2.480999999999837780e+00,6.771106888621752917e-02,2.315621454320191397e-01,-3.679465555428979573e-01,-1.607804127802552108e+00,-9.802890510546755642e-01,-1.851182396211377146e+00,7.870559700836921024e-02
2.481999999999837669e+00,6.610221100350253953e-02,2.305849481504363974e-01,-3.698030655491532093e-01,-1.608857882714992416e+00,-9.771972815647418376e-01,-1.856510006222820142e+00,7.792970414107003307e-02
2.482999999999837559e+00,6.449246144306251816e-02,2.296111228427794582e-01,-3.716651095148656991e-01,-1.609749560440024707e+00,-9.738253076390503971e-01,-1.862043965680257207e+00,7.715209814496404306e-02
2.483999999999837449e+00,6.288198208688379476e-02,2.286409486825321802e-01,-3.735328925679606837e-01,-1.610479356178728949e+00,-9.701741602295091971e-01,-1.867783053062740395e+00,7.637287518450897039e-02
2.484999999999837339e+00,6.127093460975881201e-02,2.276747037954576780e-01,-3.754066186069602296e-01,-1.611047477124980531e+00,-9.662448870567766912e-01,-1.873726038966946339e+00,7.559212819014149431e-02
2.485999999999837229e+00,5.965948046738125954e-02,2.267126652431413758e-01,-3.772864902935614828e-01,-1.611454142377549470e+00,-9.620385522987361382e-01,-1.879871686568766798e+00,7.480994675502472546e-02
2.486999999999837119e+00,5.804778088453591001e-02,2.257551090068666277e-01,-3.791727090457074345e-01,-1.611699582845347534e+00,-9.575562362573247777e-01,-1.886218752113415498e+00,7.402641703029466669e-02
2.487999999999837009e+00,5.643599684338945766e-02,2.248023099718467754e-01,-3.810654750311754380e-01,-1.611784041146454127e+00,-9.527990350025317134e-01,-1.892765985435615583e+00,7.324162162286107502e-02
2.488999999999836898e+00,5.482428907188869466e-02,2.238545419118338764e-01,-3.829649871617154533e-01,-1.611707771500759723e+00,-9.477680599956807006e-01,-1.899512130507255758e+00,7.245563949234501422e-02
2.489999999999836788e+00,5.321281803227286000e-02,2.229120774741253641e-01,-3.848714430877611670e-01,-1.611471039615831158e+00,-9.424644376914492749e-01,-1.906455926013264079e+00,7.166854584640880432e-02
2.490999999999836678e+00,5.160174390970562186e-02,2.219751881649909830e-01,-3.867850391937505128e-01,-1.611074122567234923e+00,-9.368893091175078958e-01,-1.913596105956852256e+00,7.088041204097272896e-02
2.491999999999836568e+00,4.999122660103318128e-02,2.210441443355386504e-01,-3.887059705940729692e-01,-1.610517308672438697e+00,-9.310438294355564137e-01,-1.920931400289902058e+00,7.009130547660546995e-02
2.492999999999836458e+00,4.838142570367456874e-02,2.201192151680408937e-01,-3.906344311296771066e-01,-1.609800897358611982e+00,-9.249291674811589425e-01,-1.928460535571386192e+00,6.930128949610647737e-02
2.493999999999836348e+00,4.677250050464996228e-02,2.192006686627410716e-01,-3.925706133653623087e-01,-1.608925199024606290e+00,-9.185465052834191901e-01,-1.936182235652580630e+00,6.851042328306888862e-02
2.494999999999836238e+00,4.516460996975261988e-02,2.182887716251595278e-01,-3.945147085877833137e-01,-1.607890534897341128e+00,-9.118970375652923899e-01,-1.944095222388292576e+00,6.771876176101088163e-02
2.495999999999836128e+00,4.355791273287040744e-02,2.173837896539179970e-01,-3.964669068041888345e-01,-1.606697236882212998e+00,-9.049819712254391080e-01,-1.952198216372886819e+00,6.692635549066139333e-02
2.496999999999836017e+00,4.195256708546244578e-02,2.164859871291017479e-01,-3.984273967419240670e-01,-1.605345647407959708e+00,-8.978025248003767000e-01,-1.960489937702643681e+00,6.613325056866870000e-02
2.497999999999835907e+00,4.034873096619623345e-02,2.155956272011776143e-01,-4.003963658487195709e-01,-1.603836119266214943e+00,-8.903599279083901363e-01,-1.968969106762677779e+00,6.533948852685966813e-02
2.498999999999835797e+00,3.874656195075092124e-02,2.147129717804862337e-01,-4.023740002937899463e-01,-1.602169015445311429e+00,-8.826554206758882026e-01,-1.977634445037753430e+00,6.454510622916131979e-02
2.499999999999835687e+00,3.714621724179181794e-02,2.138382815273259241e-01,-4.043604849697710057e-01,-1.600344708959100970e+00,-8.746902531450334584e-01,-1.986484675948153367e+00,6.375013577113008978e-02
2.500999999999835577e+00,3.554785365912151163e-02,2.129718158426458230e-01,-4.063560034955118749e-01,-1.598363582670308203e+00,-8.664656846649227973e-01,-1.995518525708197766e+00,6.295460437685029831e-02
2.501999999999835467e+00,3.395162763001271372e-02,2.121138328593659417e-01,-4.083607382197533275e-01,-1.596226029108799960e+00,-8.579829832650174293e-01,-2.004734724208728558e+00,6.215853429665685326e-02
2.502999999999835357e+00,3.235769517972774539e-02,2.112645894343392894e-01,-4.103748702257085101e-01,-1.593932450284969882e+00,-8.492434250119681449e-01,-2.014132005922378177e+00,6.136194270483130708e-02
2.503999999999835246e+00,3.076621192222972132e-02,2.104243411409743025e-01,-4.123985793365722574e-01,-1.591483257498025328e+00,-8.402482933505249774e-01,-2.023709110830839819e+00,6.056484159539010648e-02
2.504999999999835136e+00,2.917733305109069392e-02,2.095933422625321507e-01,-4.144320441219798146e-01,-1.588878871139026927e+00,-8.309988784279696006e-01,-2.033464785374743400e+00,5.976723767631497708e-02
2.505999999999835026e+00,2.759121333060088679e-02,2.087718457861164056e-01,-4.164754419054392254e-01,-1.586119720489806317e+00,-8.214964764016992049e-01,-2.043397783426528669e+00,5.896913226720457146e-02
2.506999999999834916e+00,2.600800708708431858e-02,2.079601033973693669e-01,-4.185289487727548163e-01,-1.583206243516568801e+00,-8.117423887333053978e-01,-2.053506867282825610e+00,5.817052119048149450e-02
2.507999999999834806e+00,2.442786820042545937e-02,2.071583654758900606e-01,-4.205927395814675340e-01,-1.580138886658858377e+00,-8.017379214657660569e-01,-2.063790808679875077e+00,5.737139466410390298e-02
2.508999999999834696e+00,2.285095009581124617e-02,2.063668810913910356e-01,-4.226669879713305100e-01,-1.576918104614213778e+00,-7.914843844857567534e-01,-2.074248389829952188e+00,5.657173719387031952e-02
2.509999999999834586e+00,2.127740573569361290e-02,2.055858980006058934e-01,-4.247518663758412805e-01,-1.573544360117633767e+00,-7.809830907721166948e-01,-2.084878404477746194e+00,5.577152746021951657e-02
2.510999999999834476e+00,1.970738761197662892e-02,2.048156626449651463e-01,-4.268475460348534201e-01,-1.570018123716982128e+00,-7.702353556279557534e-01,-2.095679658979357374e+00,5.497073820779974085e-02
2.511999999999834365e+00,1.814104773843300961e-02,2.040564201490529250e-01,-4.289541970082869637e-01,-1.566339873543620920e+00,-7.592424958997435747e-01,-2.106650973400529647e+00,5.416933612968044542e-02
2.512999999999834255e+00,1.657853764335453020e-02,2.033084143198593541e-01,-4.310719881909561013e-01,-1.562510095078479155e+00,-7.480058291813741489e-01,-2.117791182636256764e+00,5.336728175012162012e-02
2.513999999999834145e+00,1.502000836244085473e-02,2.025718876468434737e-01,-4.332010873285403463e-01,-1.558529280913674819e+00,-7.365266730038295684e-01,-2.129099137551253573e+00,5.256452930505872700e-02
2.514999999999834035e+00,1.346561043193124710e-02,2.018470813028210020e-01,-4.353416610347141669e-01,-1.554397930509607395e+00,-7.248063440108521993e-01,-2.140573706140956656e+00,5.176102661938841720e-02
2.515999999999833925e+00,1.191549388198375435e-02,2.011342351456891497e-01,-4.374938748094606700e-01,-1.550116549947493372e+00,-7.128461571203927871e-01,-2.152213774713458871e+00,5.095671498084186624e-02
2.516999999999833815e+00,1.036980823030649035e-02,2.004335877210062511e-01,-4.396578930585860467e-01,-1.545685651677264572e+00,-7.006474246717974141e-01,-2.164018249092571899e+00,5.015152901015795806e-02
2.517999999999833705e+00,8.828702476045460767e-03,1.997453762654369247e-01,-4.418338791144615363e-01,-1.541105754261029137e+00,-6.882114555585121529e-01,-2.175986055842420441e+00,4.934539652824021516e-02
2.518999999999833594e+00,7.292325093933628780e-03,1.990698367110795564e-01,-4.440219952580074514e-01,-1.536377382111832279e+00,-6.755395543468881714e-01,-2.188116143513215039e+00,4.853823841808946327e-02
2.519999999999833484e+00,5.760824028706057823e-03,1.984072036906888714e-01,-4.462224027419495753e-01,-1.531501065227570901e+00,-6.626330203803524332e-01,-2.200407483909138318e+00,4.772996848169164252e-02
2.520999999999833374e+00,4.234346689785874196e-03,1.977577105438104721e-01,-4.484352618153616965e-01,-1.526477338920183113e+00,-6.494931468684805864e-01,-2.212859073379149777e+00,4.692049329272052205e-02
2.521999999999833264e+00,2.713039946245675120e-03,1.971215893238395522e-01,-4.506607317495252008e-01,-1.521306743540199014e+00,-6.361212199613173190e-01,-2.225469934130626104e+00,4.610971204420266645e-02
2.522999999999833154e+00,1.197050122049882854e-03,1.964990708060210811e-01,-4.528989708651240398e-01,-1.515989824195792313e+00,-6.225185178091607874e-01,-2.238239115565967552e+00,4.529751638703416461e-02
2.523999999999833044e+00,-3.134770084173388142e-04,1.958903844964067220e-01,-4.551501365608018879e-01,-1.510527130467221646e+00,-6.086863096053094502e-01,-2.251165695645028997e+00,4.448379026626625432e-02
2.524999999999832934e+00,-1.818396224532911479e-03,1.952957586417838065e-01,-4.574143853431062445e-01,-1.504919216115572667e+00,-5.946258546142131340e-01,-2.264248782271430116e+00,4.366840974612351545e-02
2.525999999999832824e+00,-3.317562863319402106e-03,1.947154202405935730e-01,-4.596918728578452407e-01,-1.499166638786490591e+00,-5.803384011818971677e-01,-2.277487514706225014e+00,4.285124283101637843e-02
2.526999999999832713e+00,-4.810832823027059828e-03,1.941495950548550731e-01,-4.619827539228856805e-01,-1.493269959707657524e+00,-5.658251857304942289e-01,-2.290881065007708273e+00,4.203214927366349940e-02
2.527999999999832603e+00,-6.298062566408193022e-03,1.935985076231141189e-01,-4.642871825624199089e-01,-1.487229743381132785e+00,-5.510874317332543626e-01,-2.304428639501428400e+00,4.121098037996695496e-02
2.528999999999832493e+00,-7.779109123677371493e-03,1.930623812744337309e-01,-4.666053120427308132e-01,-1.481046557269178665e+00,-5.361263486730434291e-01,-2.318129480278158461e+00,4.038757879907706183e-02
2.529999999999832383e+00,-9.253830095151231727e-03,1.925414381434463196e-01,-4.689372949094876564e-01,-1.474720971473861164e+00,-5.209431309803499444e-01,-2.331982866724259473e+00,3.956177830553286867e-02
2.530999999999832273e+00,-1.072208365356117424e-02,1.920358991864883069e-01,-4.712832830266052708e-01,-1.468253558409942983e+00,-5.055389569513646375e-01,-2.345988117084758073e+00,3.873340356927279515e-02
2.531999999999832163e+00,-1.218372854603222075e-02,1.915459841988373380e-01,-4.736434276166992530e-01,-1.461644892471047008e+00,-4.899149876446220464e-01,-2.360144590061348246e+00,3.790226991476686180e-02
2.532999999999832053e+00,-1.363862409572083427e-02,1.910719118330754807e-01,-4.760178793031782929e-01,-1.454895549688613121e+00,-4.740723657559114956e-01,-2.374451686446479304e+00,3.706818306646297856e-02
2.533999999999831942e+00,-1.508663020310359662e-02,1.906138996186000079e-01,-4.784067881540067790e-01,-1.448006107382762142e+00,-4.580122144698899334e-01,-2.388908850795981031e+00,3.623093887822115278e-02
2.534999999999831832e+00,-1.652760734690937941e-02,1.901721639823090726e-01,-4.808103037271833080e-01,-1.440977143805784122e+00,-4.417356362856119656e-01,-2.403515573143958584e+00,3.539032305259581790e-02
2.535999999999831722e+00,-1.796141658468594290e-02,1.897469202704865077e-01,-4.832285751179754008e-01,-1.433809237776562551e+00,-4.252437118176499720e-01,-2.418271390759541006e+00,3.454611083856917730e-02
2.536999999999831612e+00,-1.938791955299257533e-02,1.893383827719141432e-01,-4.856617510079589972e-01,-1.426502968306632591e+00,-4.085374985678364990e-01,-2.433175889951286308e+00,3.369806671724795422e-02
2.537999999999831502e+00,-2.080697846720893848e-02,1.889467647422408692e-01,-4.881099797159108022e-01,-1.419058914216363876e+00,-3.916180296690967566e-01,-2.448228707919348768e+00,3.284594406468599459e-02
2.538999999999831392e+00,-2.221845612095042430e-02,1.885722784296401944e-01,-4.905734092506041089e-01,-1.411477653741487037e+00,-3.744863125968518336e-01,-2.463429534660954268e+00,3.198948479845764581e-02
2.539999999999831282e+00,-2.362221588507929307e-02,1.882151351017886665e-01,-4.930521873655671627e-01,-1.403759764128869936e+00,-3.571433278480615758e-01,-2.478778114930825005e+00,3.112841900078411328e-02
2.540999999999831171e+00,-2.501812170630071663e-02,1.878755450742011501e-01,-4.955464616158604674e-01,-1.395905821221424592e+00,-3.395900275844598859e-01,-2.494274250261305337e+00,3.026246452131964304e-02
2.541999999999831061e+00,-2.640603810533148632e-02,1.875537177399594357e-01,-4.980563794169375891e-01,-1.387916399030768355e+00,-3.218273342390549629e-01,-2.509917801045001617e+00,2.939132655266618599e-02
2.542999999999830951e+00,-2.778583017462913501e-02,1.872498616008755612e-01,-5.005820881056552984e-01,-1.379792069297650414e+00,-3.038561390815421870e-01,-2.525708688685824654e+00,2.851469718337362735e-02
2.543999999999830841e+00,-2.915736357566806741e-02,1.869641843001316750e-01,-5.031237350035085987e-01,-1.371533401038931954e+00,-2.856773007419750599e-01,-2.541646897821276951e+00,2.763225492112741932e-02
2.544999999999830731e+00,-3.052050453574856742e-02,1.866968926564413489e-01,-5.056814674821623612e-01,-1.363140960080501118e+00,-2.672916436887169400e-01,-2.557732478621804084e+00,2.674366418735996120e-02
2.545999999999830621e+00,-3.187511984432363221e-02,1.864481926997820505e-01,-5.082554330313658886e-01,-1.354615308575064070e+00,-2.486999566581840071e-01,-2.573965549172029910e+00,2.584857477939106474e-02
2.546999999999830511e+00,-3.322107684882766310e-02,1.862182897087486244e-01,-5.108457793293372795e-01,-1.345957004504030108e+00,-2.299029910326695347e-01,-2.590346297939903231e+00,2.494662129936653372e-02
2.547999999999830401e+00,-3.455824344999009617e-02,1.860073882495850428e-01,-5.134526543157083012e-01,-1.337166601162432578e+00,-2.109014591632103475e-01,-2.606874986339379419e+00,2.403742254678409296e-02
2.548999999999830290e+00,-3.588648809661588307e-02,1.858156922169513503e-01,-5.160762062671330197e-01,-1.328244646625786007e+00,-1.916960326336603071e-01,-2.623551951393203296e+00,2.312058087205404178e-02
2.549999999999830180e+00,-3.720567977981362878e-02,1.856434048764898370e-01,-5.187165838756671032e-01,-1.319191683197744602e+00,-1.722873404619356119e-01,-2.640377608502726403e+00,2.219568148867523405e-02
2.550999999999830070e+00,-3.851568802665104874e-02,1.854907289092564138e-01,-5.213739363300305962e-01,-1.310008246837418122e+00,-1.526759672341992946e-01,-2.657352454332196245e+00,2.126229174128368982e-02
2.551999999999829960e+00,-3.981638289321601243e-02,1.853578664580899371e-01,-5.240484133998767335e-01,-1.300694866564963359e+00,-1.328624511677156672e-01,-2.674477069815127450e+00,2.031996032583105460e-02
2.552999999999829850e+00,-4.110763495705990062e-02,1.852450191759942300e-01,-5.267401655231991331e-01,-1.291252063843889353e+00,-1.128472820972681312e-01,-2.691752123291518917e+00,1.936821645818387339e-02
2.553999999999829740e+00,-4.238931530899901767e-02,1.851523882766166751e-01,-5.294493438970154786e-01,-1.281680351939113560e+00,-9.263089937954394060e-02,-2.709178373785334326e+00,1.840656899047843353e-02
2.554999999999829630e+00,-4.366129554424755949e-02,1.850801745869077308e-01,-5.321761005714766846e-01,-1.271980235248540314e+00,-7.221368971135255777e-02,-2.726756674430741434e+00,1.743450546619662589e-02
2.555999999999829519e+00,-4.492344775285446457e-02,1.850285786020565149e-01,-5.349205885475664113e-01,-1.262152208606905912e+00,-5.159598485402816515e-02,-2.744487976059005518e+00,1.645149111473820369e-02
2.556999999999829409e+00,-4.617564450941447074e-02,1.849978005428008776e-01,-5.376829618785528009e-01,-1.252196756560004731e+00,-3.077805925889864902e-02,-2.762373330956161332e+00,1.545696777850658066e-02
2.557999999999829299e+00,-4.741775886202184015e-02,1.849880404152176305e-01,-5.404633757753866119e-01,-1.242114352607369909e+00,-9.760127586815992018e-03,-2.780413896803604956e+00,1.445035276806638791e-02
2.558999999999829189e+00,-4.864966432043272421e-02,1.849994980731071159e-01,-5.432619867162310490e-01,-1.231905458410881504e+00,1.145765788541863728e-02,-2.798610940814327375e+00,1.343103763839792464e-02
2.559999999999829079e+00,-4.987123484340107854e-02,1.850323732830922718e-01,-5.460789525603406691e-01,-1.221570522968357109e+00,3.287520998074855427e-02,-2.816965844079638792e+00,1.239838688779837383e-02
2.560999999999828969e+00,-5.108234482514939501e-02,1.850868657925617000e-01,-5.489144326665088558e-01,-1.211109981748319075e+00,5.449250946455808098e-02,-2.835480106138192014e+00,1.135173656148147359e-02
2.561999999999828859e+00,-5.228286908093374846e-02,1.851631754005940156e-01,-5.517685880163244461e-01,-1.200524255784352068e+00,7.630960802701358681e-02,-2.854155349786139162e+00,1.029039276433962868e-02
2.562999999999828749e+00,-5.347268283165984570e-02,1.852615020320117767e-01,-5.546415813424974139e-01,-1.189813750726095298e+00,9.832663141216313463e-02,-2.872993326143610915e+00,9.213630069958789193e-03
2.563999999999828638e+00,-5.465166168750411335e-02,1.853820458147223682e-01,-5.575335772625225061e-01,-1.178978855844267315e+00,1.205437827044983923e-01,-2.891995919995908437e+00,8.120689820893645106e-03
2.564999999999828528e+00,-5.581968163049034343e-02,1.855250071605119566e-01,-5.604447424179799242e-01,-1.168019942986231463e+00,1.429613457831384604e-01,-2.911165155428374618e+00,7.010778308901066680e-03
2.565999999999828418e+00,-5.697661899596982021e-02,1.856905868494751477e-01,-5.633752456197852476e-01,-1.156937365479477897e+00,1.655796889562757279e-01,-2.930503201776637479e+00,5.883064831055939692e-03
2.566999999999828308e+00,-5.812235045294858460e-02,1.858789861182690017e-01,-5.663252579997273273e-01,-1.145731456978761553e+00,1.883992687865958526e-01,-2.950012379913323102e+00,4.736679605808369331e-03
2.567999999999828198e+00,-5.925675298320284834e-02,1.860904067523996841e-01,-5.692949531686524178e-01,-1.134402530254263519e+00,2.114206341228808128e-01,-2.969695168896805182e+00,3.570711546975857686e-03
2.568999999999828088e+00,-6.037970385911812371e-02,1.863250511827568012e-01,-5.722845073816861250e-01,-1.122950875915273983e+00,2.346444303490584637e-01,-2.989554213005487515e+00,2.384205872702160889e-03
2.569999999999827978e+00,-6.149108062018514981e-02,1.865831225866351473e-01,-5.752940997109027288e-01,-1.111376761067028651e+00,2.580714038697922152e-01,-3.009592329188463644e+00,1.176161552638887997e-03
2.570999999999827867e+00,-6.259076104807986818e-02,1.868648249934880545e-01,-5.783239122258888587e-01,-1.099680427894711654e+00,2.817024068439264450e-01,-3.029812514958538650e+00,-5.447143541914556408e-05
2.571999999999827757e+00,-6.367862314025014847e-02,1.871703633956841306e-01,-5.813741301826785834e-01,-1.087862092170283512e+00,3.055384021867355582e-01,-3.050217956762212523e+00,-1.308795044080213188e-03
2.572999999999827647e+00,-6.475454508192664271e-02,1.874999438645522098e-01,-5.844449422215662882e-01,-1.075921941676498683e+00,3.295804688583585662e-01,-3.070812038860465165e+00,-2.587966310204414810e-03
2.573999999999827537e+00,-6.581840521647061570e-02,1.878537736720217732e-01,-5.875365405743512293e-01,-1.063860134543979319e+00,3.538298074593795306e-01,-3.091598352758123891e+00,-3.893200733161350513e-03
2.574999999999827427e+00,-6.687008201396356377e-02,1.882320614181835217e-01,-5.906491212815964120e-01,-1.051676797492953508e+00,3.782877461511260364e-01,-3.112580707218651543e+00,-5.225775912646390964e-03
2.575999999999827317e+00,-6.790945403793900714e-02,1.886350171651243468e-01,-5.937828844205353951e-01,-1.039372023975438708e+00,4.029557469298612471e-01,-3.133763138912286195e+00,-6.587035445112299215e-03
2.576999999999827207e+00,-6.893639991014875734e-02,1.890628525774097346e-01,-5.969380343443015935e-01,-1.026945872209747979e+00,4.278354122739953525e-01,-3.155149923740004247e+00,-7.978393116975901478e-03
2.577999999999827097e+00,-6.995079827324886257e-02,1.895157810696153078e-01,-6.001147799332124944e-01,-1.014398363100108558e+00,4.529284921937153374e-01,-3.176745588885121485e+00,-9.401337411045318504e-03
2.578999999999826986e+00,-7.095252775128255140e-02,1.899940179613388291e-01,-6.033133348588848310e-01,-1.001729478033690723e+00,4.782368917112909124e-01,-3.198554925646949432e+00,-1.085743635225799864e-02
2.579999999999826876e+00,-7.194146690782921016e-02,1.904977806401533802e-01,-6.065339178620238192e-01,-9.889391565466592038e-01,5.037626788018765289e-01,-3.220583003114016574e+00,-1.234834272153673140e-02
2.580999999999826766e+00,-7.291749420167795148e-02,1.910272887329938774e-01,-6.097767530447885109e-01,-9.760272938487408734e-01,5.295080928274595866e-01,-3.242835182739807642e+00,-1.387579967456531449e-02
2.581999999999826656e+00,-7.388048793987647689e-02,1.915827642865102209e-01,-6.130420701787051563e-01,-9.629937381985245182e-01,5.554755535028490510e-01,-3.265317133892038370e+00,-1.544164678417203618e-02
2.582999999999826546e+00,-7.483032622799298816e-02,1.921644319569506543e-01,-6.163301050291746241e-01,-9.498382881165103875e-01,5.816676704265963949e-01,-3.288034850445315627e+00,-1.704782656322034740e-02
2.583999999999826436e+00,-7.576688691741960413e-02,1.927725192101889806e-01,-6.196410996976999819e-01,-9.365606894266194082e-01,6.080872532240269024e-01,-3.310994668501575422e+00,-1.869639148738633239e-02
2.584999999999826326e+00,-7.669004754953136216e-02,1.934072565325449522e-01,-6.229753029830445987e-01,-9.231606321117636904e-01,6.347373223413297350e-01,-3.334203285321057919e+00,-2.038951158146273812e-02
2.585999999999826215e+00,-7.759968529650294877e-02,1.940688776531038218e-01,-6.263329707626292819e-01,-9.096377469715826170e-01,6.616211205438923271e-01,-3.357667779561566590e+00,-2.212948260084868224e-02
2.586999999999826105e+00,-7.849567689856995489e-02,1.947576197782865670e-01,-6.297143663955776516e-01,-8.959916020670055659e-01,6.887421251672125599e-01,-3.381395632925804140e+00,-2.391873487269613463e-02
2.587999999999825995e+00,-7.937789859750662980e-02,1.954737238394810561e-01,-6.331197611489286503e-01,-8.822216989366815643e-01,7.161040611786231302e-01,-3.405394753328798263e+00,-2.575984284715326922e-02
2.588999999999825885e+00,-8.024622606607451081e-02,1.962174347546064568e-01,-6.365494346486557653e-01,-8.683274685678834537e-01,7.437109151091323422e-01,-3.429673499705216067e+00,-2.765553542782051011e-02
2.589999999999825775e+00,-8.110053433317869487e-02,1.969890017045455577e-01,-6.400036753572655446e-01,-8.543082671041790643e-01,7.715669499223583028e-01,-3.454240708588336872e+00,-2.960870714640018164e-02
2.590999999999825665e+00,-8.194069770444861733e-02,1.977886784254530017e-01,-6.434827810798886549e-01,-8.401633712699215772e-01,7.996767208903832191e-01,-3.479105722602332751e+00,-3.162243026189459627e-02
2.591999999999825555e+00,-8.276658967793894262e-02,1.986167235180245905e-01,-6.469870595009328262e-01,-8.258919734903256149e-01,8.280450925541765761e-01,-3.504278421023446111e+00,-3.369996786701046076e-02
2.592999999999825445e+00,-8.357808285462248188e-02,1.994734007748942550e-01,-6.505168287535317839e-01,-8.114931766835337124e-01,8.566772568517877495e-01,-3.529769252578925265e+00,-3.584478809715063718e-02
2.593999999999825334e+00,-8.437504884332382160e-02,2.003589795274187124e-01,-6.540724180242204477e-01,-7.969659887013382793e-01,8.855787525061938892e-01,-3.555589270669233137e+00,-3.806057953521735371e-02
2.594999999999825224e+00,-8.515735815971284262e-02,2.012737350132037806e-01,-6.576541681954501950e-01,-7.823093163890174617e-01,9.147554857664608186e-01,-3.581750171210873912e+00,-4.035126794311461040e-02
2.595999999999825114e+00,-8.592488011894991451e-02,2.022179487658379848e-01,-6.612624325287929095e-01,-7.675219592370740029e-01,9.442137526150938820e-01,-3.608264333324175954e+00,-4.272103442312102928e-02
2.596999999999825004e+00,-8.667748272154167377e-02,2.031919090284091400e-01,-6.648975773919129084e-01,-7.526026025917598172e-01,9.739602625517093104e-01,-3.635144863101923640e+00,-4.517433516316682329e-02
2.597999999999824894e+00,-8.741503253193141920e-02,2.041959111925107095e-01,-6.685599830326529602e-01,-7.375498103897422109e-01,1.004002164081717385e+00,-3.662405640722771860e+00,-4.771592291118542661e-02
2.598999999999824784e+00,-8.813739454931161788e-02,2.052302582645777196e-01,-6.722500444038664869e-01,-7.223620173802015598e-01,1.034347072046847282e+00,-3.690061371196784457e+00,-5.035087034345187007e-02
2.599999999999824674e+00,-8.884443207010365995e-02,2.062952613615422204e-01,-6.759681720429377982e-01,-7.070375207920385208e-01,1.065003096943847538e+00,-3.718127639055287759e+00,-5.308459552322641883e-02
2.600999999999824563e+00,-8.953600654150620231e-02,2.073912402379600173e-01,-6.797147930102853675e-01,-6.915744714025382489e-01,1.095978876396825896e+00,-3.746620967331822705e+00,-5.592288964539804397e-02
2.601999999999824453e+00,-9.021197740546492427e-02,2.085185238469388636e-01,-6.834903518915106391e-01,-6.759708639587284074e-01,1.127283608957550864e+00,-3.775558881210546058e+00,-5.887194730194300618e-02
2.602999999999824343e+00,-9.087220193236315857e-02,2.096774509373874606e-01,-6.872953118682819662e-01,-6.602245268982301907e-01,1.158927090426796092e+00,-3.804959976756965290e+00,-6.193839952234903024e-02
2.603999999999824233e+00,-9.151653504367510128e-02,2.108683706903170807e-01,-6.911301558634828091e-01,-6.443331113119378228e-01,1.190919752907539486e+00,-3.834843995187220411e+00,-6.512934986995677633e-02
2.604999999999824123e+00,-9.214482912276121540e-02,2.120916433971590798e-01,-6.949953877666728008e-01,-6.282940790861181179e-01,1.223272706819491962e+00,-3.865231903177248629e+00,-6.845241390670686599e-02
2.605999999999824013e+00,-9.275693381291516548e-02,2.133476411833061526e-01,-6.988915337464471911e-01,-6.121046901539552998e-01,1.255997786124189997e+00,-3.896145979762251965e+00,-7.191576238402097587e-02
2.606999999999823903e+00,-9.335269580169797132e-02,2.146367487803672036e-01,-7.028191436568949069e-01,-5.957619887827996230e-01,1.289107597037831177e+00,-3.927609910436358653e+00,-7.552816853819210863e-02
2.607999999999823793e+00,-9.393195859051142738e-02,2.159593643509193084e-01,-7.067787925460259357e-01,-5.792627888134574965e-01,1.322615570528436812e+00,-3.959648889120514603e+00,-7.929905993924579732e-02
2.608999999999823682e+00,-9.449456224827440520e-02,2.173159003698725833e-01,-7.107710822747759227e-01,-5.626036577629739410e-01,1.356536018929332954e+00,-3.992289728740431087e+00,-8.323857536634449161e-02
2.609999999999823572e+00,-9.504034314796520888e-02,2.187067845669225241e-01,-7.147966432560147743e-01,-5.457808996908037891e-01,1.390884197025616498e+00,-4.025560981229968860e+00,-8.735762726771589826e-02
2.610999999999823462e+00,-9.556913368468712699e-02,2.201324609349593064e-01,-7.188561363238890056e-01,-5.287905367219150055e-01,1.425676368012133821e+00,-4.059493067866122296e+00,-9.166797039979357464e-02
2.611999999999823352e+00,-9.608076197379407379e-02,2.215933908097368343e-01,-7.229502547448297678e-01,-5.116282891069514616e-01,1.460929874752464386e+00,-4.094118420933885005e+00,-9.618227734231865611e-02
2.612999999999823242e+00,-9.657505152748475930e-02,2.230900540265803589e-01,-7.270797263826680457e-01,-4.942895536906907195e-01,1.496663216818066244e+00,-4.129471637831825248e+00,-1.009142216429366190e-01
2.613999999999823132e+00,-9.705182090812908280e-02,2.246229501604334600e-01,-7.312453160315194323e-01,-4.767693806443210613e-01,1.532896133827377660e+00,-4.165589648846466986e+00,-1.058785694654578169e-01
2.614999999999823022e+00,-9.751088335643540161e-02,2.261925998561233608e-01,-7.354478279314873301e-01,-4.590624483063118766e-01,1.569649695663889233e+00,-4.202511899963774056e+00,-1.110912806942954134e-01
2.615999999999822911e+00,-9.795204639239248057e-02,2.277995462563513762e-01,-7.396881084837235720e-01,-4.411630359570842819e-01,1.606946400201621827e+00,-4.240280552233151923e+00,-1.165696206033737248e-01
2.616999999999822801e+00,-9.837511138673069033e-02,2.294443565356180936e-01,-7.439670491831025245e-01,-4.230649943382085443e-01,1.644810279240038309e+00,-4.278940699376624579e+00,-1.223322833047173486e-01
2.617999999999822691e+00,-9.877987310043674640e-02,2.311276235490596076e-01,-7.482855897886280250e-01,-4.047617137060582904e-01,1.683267013414549984e+00,-4.318540605524678000e+00,-1.283995283727941139e-01
2.618999999999822581e+00,-9.916611918962443817e-02,2.328499676060180046e-01,-7.526447217538068113e-01,-3.862460891876911551e-01,1.722344056931175427e+00,-4.359131965178734802e+00,-1.347933322165477676e-01
2.619999999999822471e+00,-9.953362967280847406e-02,2.346120383791092390e-01,-7.570454919415527950e-01,-3.675104831840321218e-01,1.762070773063728391e+00,-4.400770187747164108e+00,-1.415375559708962339e-01
2.620999999999822361e+00,-9.988217635734544797e-02,2.364145169605837427e-01,-7.614890066508268607e-01,-3.485466845369721289e-01,1.802478581446895323e+00,-4.443514709276762176e+00,-1.486581319315083416e-01
2.621999999999822251e+00,-1.002115222214928908e-01,2.382581180789234976e-01,-7.659764359851406468e-01,-3.293458641474406590e-01,1.843601118311850584e+00,-4.487429334317124763e+00,-1.561832708194654806e-01
2.622999999999822140e+00,-1.005214207481921890e-01,2.401435924898843166e-01,-7.705090185963471283e-01,-3.098985266993023457e-01,1.885474410932757472e+00,-4.532582611211291912e+00,-1.641436924744297254e-01
2.623999999999822030e+00,-1.008116152062958071e-01,2.420717295575980088e-01,-7.750880668408471896e-01,-2.901944581036114967e-01,1.928137067685564698e+00,-4.579048244506306986e+00,-1.725728829547061860e-01
2.624999999999821920e+00,-1.010818378745337309e-01,2.440433600429065819e-01,-7.797149723894809537e-01,-2.702226682379279543e-01,1.971630485280274403e+00,-4.626905548640825927e+00,-1.815073814165897303e-01
2.625999999999821810e+00,-1.013318092030409401e-01,2.460593591178285855e-01,-7.843912123370591072e-01,-2.499713285072047986e-01,2.015999074893740417e+00,-4.676239947586509516e+00,-1.909871006446529629e-01
2.626999999999821700e+00,-1.015612369067411119e-01,2.481206496269803552e-01,-7.891183558627656858e-01,-2.294277037001716535e-01,2.061290509123606896e+00,-4.727143525715836070e+00,-2.010556856559433392e-01
2.627999999999821590e+00,-1.017698149842965055e-01,2.502282056189064074e-01,-7.938980714986041409e-01,-2.085780775553919830e-01,2.107555991897969605e+00,-4.779715635849425936e+00,-2.117609154526213233e-01
2.628999999999821480e+00,-1.019572226556797884e-01,2.523830561726507771e-01,-7.987321350698067812e-01,-1.874076713832890095e-01,2.154850553716507910e+00,-4.834063571214477051e+00,-2.231551537533317253e-01
2.629999999999821370e+00,-1.021231232106962067e-01,2.545862895475497489e-01,-8.036224383787342607e-01,-1.659005550164222575e-01,2.203233374871312655e+00,-4.890303308940025850e+00,-2.352958554009387804e-01
2.630999999999821259e+00,-1.022671627599702066e-01,2.568390576871723563e-01,-8.085709987124569675e-01,-1.440395492739994787e-01,2.252768139595460628e+00,-4.948560333736931938e+00,-2.482461361811469924e-01
2.631999999999821149e+00,-1.023889688789997310e-01,2.591425811116301325e-01,-8.135799692640327541e-01,-1.218061190295270796e-01,2.303523424431206390e+00,-5.008970551590588016e+00,-2.620754149813825373e-01
2.632999999999821039e+00,-1.024881491348620111e-01,2.614981542361517475e-01,-8.186516505686731726e-01,-9.918025586227607882e-02,2.355573124495823567e+00,-5.071681304655578870e+00,-2.768601386171284928e-01
2.633999999999820929e+00,-1.025642894840107650e-01,2.639071511579303420e-01,-8.237885030687672749e-01,-7.614034914874887039e-02,2.408996921753712606e+00,-5.136852500110181907e+00,-2.926846013108932998e-01
2.634999999999820819e+00,-1.026169525283202322e-01,2.663710319578468377e-01,-8.289931609362976017e-01,-5.266304430946631282e-02,2.463880799892851137e+00,-5.204657867546922390e+00,-3.096418727490373723e-01
2.635999999999820709e+00,-1.026456756150857658e-01,2.688913495688239896e-01,-8.342684472978666443e-01,-2.872308676553720838e-02,2.520317610954789789e+00,-5.275286361584967665e+00,-3.278348509376012299e-01
2.636999999999820599e+00,-1.026499687650627851e-01,2.714697572683352766e-01,-8.396173910266938600e-01,-4.293149977018573260e-03,2.578407699490828264e+00,-5.348943728843492451e+00,-3.473774587884683740e-01
2.637999999999820488e+00,-1.026293124107892085e-01,2.741080168590725452e-01,-8.450432452879518275e-01,2.065635427357287793e-02,2.638259590718840641e+00,-5.425854261272842649e+00,-3.683960065888816082e-01
2.638999999999820378e+00,-1.025831549253577862e-01,2.768080076090370656e-01,-8.505495080491164428e-01,4.615748543141556803e-02,2.699990749948761870e+00,-5.506262761178266629e+00,-3.910307463510178660e-01
2.639999999999820268e+00,-1.025109099194538714e-01,2.795717360305003951e-01,-8.561399447962921849e-01,7.224500590391302879e-02,2.763728421450777351e+00,-5.590436747187096600e+00,-4.154376485825670429e-01
2.640999999999820158e+00,-1.024119532818036499e-01,2.824013465864598227e-01,-8.618186137312816575e-01,9.895663765022491565e-02,2.829610555950317963e+00,-5.678668934998169604e+00,-4.417904375172905240e-01
2.641999999999820048e+00,-1.022856199351436512e-01,2.852991334235586707e-01,-8.675898937634409780e-01,1.263333466600047583e-01,2.897786837094291634e+00,-5.771280032164166407e+00,-4.702829273792548115e-01
2.642999999999819938e+00,-1.021312002763611892e-01,2.882675532420919118e-01,-8.734585156559826480e-01,1.544196587824631650e-01,2.968419818534031140e+00,-5.868621892540662799e+00,-5.011317101758472337e-01
2.643999999999819828e+00,-1.019479362655061477e-01,2.913092394268432250e-01,-8.794295967395927560e-01,1.832640108550439018e-01,3.041686184758290334e+00,-5.971081083602310713e+00,-5.345792550149968125e-01
2.644999999999819718e+00,-1.017350171238470546e-01,2.944270175773056608e-01,-8.855086796684128458e-01,2.129191416590908714e-01,3.117778150477003685e+00,-6.079082928803365427e+00,-5.708974905290986612e-01
2.645999999999819607e+00,-1.014915745959486110e-01,2.976239225925481069e-01,-8.917017757663090460e-01,2.434425278984384544e-01,3.196905015266159999e+00,-6.193096097867935690e+00,-6.103919559895540914e-01
2.646999999999819497e+00,-1.012166777247609922e-01,3.009032174848422225e-01,-8.980154135970396245e-01,2.748968711876150217e-01,3.279294892328265654e+00,-6.313637830688223040e+00,-6.534066238423368311e-01
2.647999999999819387e+00,-1.009093270817935234e-01,3.042684141174551993e-01,-9.044566934929593183e-01,3.073506429674631169e-01,3.365196632659729570e+00,-6.441279895859537419e+00,-7.003295173472112722e-01
2.648999999999819277e+00,-1.005684483864251882e-01,3.077232960860584732e-01,-9.110333488964023063e-01,3.408786953683378140e-01,3.454881968665077796e+00,-6.576655403360655683e+00,-7.515992727605977919e-01
2.649999999999819167e+00,-1.001928854390643220e-01,3.112719439903307017e-01,-9.177538155097255679e-01,3.755629473608636526e-01,3.548647904352006499e+00,-6.720466613213514684e+00,-8.077128273162763605e-01
2.650999999999819057e+00,-9.978139228195449795e-02,3.149187633729644831e-01,-9.246273094189183528e-01,4.114931571098215946e-01,3.646819382734786341e+00,-6.873493909048425721e+00,-8.692344536192435633e-01
2.651999999999818947e+00,-9.933262448860147309e-02,3.186685156378103456e-01,-9.316639155575945352e-01,4.487677933530208052e-01,3.749752264972283200e+00,-7.036606138489755580e+00,-9.368064101116404530e-01
2.652999999999818836e+00,-9.884512946766071950e-02,3.225263522977803721e-01,-9.388746881204678152e-01,4.874950209407470370e-01,3.857836660126553241e+00,-7.210772562634137017e+00,-1.011161538538117632e+00
2.653999999999818726e+00,-9.831733564915785817e-02,3.264978529468428037e-01,-9.462717648272495063e-01,5.277938185028584472e-01,3.971500649255074400e+00,-7.397076706477771602e+00,-1.093138216302898869e+00
2.654999999999818616e+00,-9.774754039945222905e-02,3.305890673994571483e-01,-9.538684972909858839e-01,5.697952497056258947e-01,4.091214452849929906e+00,-7.596732463352101838e+00,-1.183698168761244673e+00
2.655999999999818506e+00,-9.713389648554357492e-02,3.348065624955625097e-01,-9.616796001738169286e-01,6.136439139086579120e-01,4.217495096392383402e+00,-7.811102882346995457e+00,-1.283947769728117194e+00
2.656999999999818396e+00,-9.647439687804928998e-02,3.391574741301395246e-01,-9.697213223367766588e-01,6.594996074942872655e-01,4.350911634925624938e+00,-8.041722162352321845e+00,-1.395163615692407433e+00
2.657999999999818286e+00,-9.576685764397561973e-02,3.436495651336425872e-01,-9.780116438325278105e-01,7.075392340736674779e-01,4.492091003925345660e+00,-8.290321494990182671e+00,-1.518823360890914742e+00
2.658999999999818176e+00,-9.500889863331768437e-02,3.482912897032582888e-01,-9.865705033817455671e-01,7.579590106579376929e-01,4.641724570126440241e+00,-8.558859548265861150e+00,-1.656643060592065453e+00
2.659999999999818066e+00,-9.419792160490994548e-02,3.530918651645610917e-01,-9.954200619553355001e-01,8.109770284077447711e-01,4.800575461919722287e+00,-8.849558572399017109e+00,-1.810622607826214647e+00
2.660999999999817955e+00,-9.333108536321911564e-02,3.580613519276439893e-01,-1.004585009308087917e+00,8.668362416908262924e-01,4.969486763827440257e+00,-9.164947351263551312e+00,-1.983101290341570788e+00
2.661999999999817845e+00,-9.240527738396098201e-02,3.632107425890955810e-01,-1.014092921843576134e+00,9.258079792581297429e-01,5.149390662350044501e+00,-9.507912533623851914e+00,-2.176826075638455649e+00
2.662999999999817735e+00,-9.141708128559325464e-02,3.685520612175823829e-01,-1.023974682126150615e+00,9.881960983677239296e-01,5.341318629570802834e+00,-9.881760280237582350e+00,-2.200000000000000178e+00
2.663999999999817625e+00,-9.036842005012900303e-02,3.740984739401555514e-01,-1.034264972815509553e+00,1.048661235464251718e+00,5.546412723881013918e+00,-1.029029068642486955e+01,-2.200000000000000178e+00
2.664999999999817515e+00,-8.926155940952405776e-02,3.798431618287144707e-01,-1.044964304650267017e+00,1.106860640604940604e+00,5.744687889518098167e+00,-1.069933183181018421e+01,-2.200000000000000178e+00
2.665999999999817405e+00,-8.809867659324630007e-02,3.857774020873302456e-01,-1.056069276057075568e+00,1.162882816277760689e+00,5.934240259143456875e+00,-1.110497140396907056e+01,-2.200000000000000178e+00
2.666999999999817295e+00,-8.688190769001022384e-02,3.918925104124162395e-01,-1.067576756707948160e+00,1.216768903236073340e+00,6.115108325234094089e+00,-1.150748064812582427e+01,-2.200000000000000178e+00
2.667999999999817184e+00,-8.561333619897805447e-02,3.981797146198057802e-01,-1.079483817343468877e+00,1.268571491032175258e+00,6.287204207219681429e+00,-1.190706063283896299e+01,-2.200000000000000178e+00
2.668999999999817074e+00,-8.429497927899491649e-02,4.046301719589845414e-01,-1.091787753673307826e+00,1.318356919983144415e+00,6.450457338747423996e+00,-1.230393632719506414e+01,-2.200000000000000178e+00
2.669999999999816964e+00,-8.292877441394963522e-02,4.112349910402677833e-01,-1.104486112830455946e+00,1.366204865045277161e+00,6.604819080638872464e+00,-1.269835915452081210e+01,-2.200000000000000178e+00
2.670999999999816854e+00,-8.151656646276120299e-02,4.179852517549937363e-01,-1.117576718147004433e+00,1.412207951188432453e+00,6.750260713908372345e+00,-1.309060531392004023e+01,-2.200000000000000178e+00
2.671999999999816744e+00,-8.006009495286096900e-02,4.248720232443520817e-01,-1.131057692239080481e+00,1.456471509900230554e+00,6.886771488400126984e+00,-1.348097408943389830e+01,-2.200000000000000178e+00
2.672999999999816634e+00,-7.856098149011206400e-02,4.318863802374522942e-01,-1.144927478537591581e+00,1.499113462748898895e+00,7.014356992027121152e+00,-1.386978629584614708e+01,-2.200000000000000178e+00
2.673999999999816524e+00,-7.702071717177641497e-02,4.390194180462773654e-01,-1.159184861363407038e+00,1.540264318335648142e+00,7.133037807657939489e+00,-1.425738282312287808e+01,-2.200000000000000178e+00
2.674999999999816414e+00,-7.544064989798335286e-02,4.462622664748630563e-01,-1.173828984608665138e+00,1.580067273793067661e+00,7.242848427341175288e+00,-1.464412324253439834e+01,-2.200000000000000178e+00
2.675999999999816303e+00,-7.382197148228010486e-02,4.536061028831198660e-01,-1.188859369055888626e+00,1.618678415703250328e+00,7.343836406949126427e+00,-1.503038444446870514e+01,-2.200000000000000178e+00
2.676999999999816193e+00,-7.216570446432248043e-02,4.610421646396473117e-01,-1.204275928341291380e+00,1.656267017957620435e+00,7.436061755167894027e+00,-1.541655928261718245e+01,-2.200000000000000178e+00
2.677999999999816083e+00,-7.047268852842850095e-02,4.685617612002795918e-01,-1.220078983545870965e+00,1.693015935893973145e+00,7.519596559230684818e+00,-1.580305520176513667e+01,-2.200000000000000178e+00
2.678999999999815973e+00,-6.874356643122915556e-02,4.761562860582426171e-01,-1.236269276376008364e+00,1.729122097199345953e+00,7.594524856528105161e+00,-1.619029282729692909e+01,-2.200000000000000178e+00
2.679999999999815863e+00,-6.697876934052859887e-02,4.838172288264366849e-01,-1.252847980872934253e+00,1.764797090700553017e+00,7.660942766733299436e+00,-1.657870449406306790e+01,-2.200000000000000178e+00
2.680999999999815753e+00,-6.517850148619346029e-02,4.915361877316891670e-01,-1.269816713566546795e+00,1.800267854335139139e+00,7.718958903772959346e+00,-1.696873269073121548e+01,-2.200000000000000178e+00
2.681999999999815643e+00,-6.334272402281872216e-02,4.993048828242661052e-01,-1.287177541962751803e+00,1.835777463374732799e+00,7.768695091085469961e+00,-1.736082839330959615e+01,-2.200000000000000178e+00
2.682999999999815532e+00,-6.147113800345847118e-02,5.071151702331629929e-01,-1.304932991224019956e+00,1.871586019360248931e+00,7.810287407399096438e+00,-1.775544925836429400e+01,-2.200000000000000178e+00
2.683999999999815422e+00,-5.956316636426542410e-02,5.149590578284976017e-01,-1.323086048869563047e+00,1.907971639193050128e+00,7.843887593836585737e+00,-1.815305764263524679e+01,-2.200000000000000178e+00
2.684999999999815312e+00,-5.761793482188637405e-02,5.228287226865779846e-01,-1.341640167283844942e+00,1.945231542379046719e+00,7.869664856587897717e+00,-1.855411841137633644e+01,-2.200000000000000178e+00
2.685999999999815202e+00,-5.563425158941300019e-02,5.307165307907905083e-01,-1.360599263779631807e+00,1.983683232473375968e+00,7.887808102730708981e+00,-1.895909649288907417e+01,-2.200000000000000178e+00
2.686999999999815092e+00,-5.361058582317504428e-02,5.386150594422185467e-01,-1.379967717913966885e+00,2.023665766237958685e+00,7.898528649962287318e+00,-1.936845413145152506e+01,-2.200000000000000178e+00
2.687999999999814982e+00,-5.154504472237785018e-02,5.465171228976088980e-01,-1.399750365702090660e+00,2.065541100797192442e+00,7.902063453945639360e+00,-1.978264778526077805e+01,-2.200000000000000178e+00
2.688999999999814872e+00,-4.943534921736873061e-02,5.544158017985418851e-01,-1.419952490315160354e+00,2.109695505009121952e+00,7.898678899514512075e+00,-2.020212461023273320e+01,-2.200000000000000178e+00
2.689999999999814762e+00,-4.727880820115860916e-02,5.623044770037823881e-01,-1.440579808782650906e+00,2.156541016210118400e+00,7.888675203852916873e+00,-2.062731846468819796e+01,-2.200000000000000178e+00
2.690999999999814651e+00,-4.507229128392258033e-02,5.701768684857899672e-01,-1.461638454149754018e+00,2.206516917236027719e+00,7.872391480655458018e+00,-2.105864536434093992e+01,-2.200000000000000178e+00
2.691999999999814541e+00,-4.281220008295787138e-02,5.780270800008019405e-01,-1.483134952464359335e+00,2.260091200964705394e+00,7.850211513699806076e+00,-2.149649831189127980e+01,-2.200000000000000178e+00
2.692999999999814431e+00,-4.049443810264847371e-02,5.858496502877238443e-01,-1.505076193888374325e+00,2.317761980309396730e+00,7.822570285653899447e+00,-2.194124142135665778e+01,-2.200000000000000178e+00
2.693999999999814321e+00,-3.811437931227755482e-02,5.936396115914562843e-01,-1.527469397145571950e+00,2.380058790370919386e+00,7.789961302512944386e+00,-2.239320325460132466e+01,-2.200000000000000178e+00
2.694999999999814211e+00,-3.566683559622736699e-02,6.013925563375168704e-01,-1.550322066435231516e+00,2.447543716050190721e+00,7.752944744893303763e+00,-2.285266928713444656e+01,-2.200000000000000178e+00
2.695999999999814101e+00,-3.314602333364904257e-02,6.091047128019351220e-01,-1.573641939860790373e+00,2.520812262578325580e+00,7.712156463306795828e+00,-2.331987342311126099e+01,-2.200000000000000178e+00
2.696999999999813991e+00,-3.054552946573314137e-02,6.167730306170822185e-01,-1.597436928350026486e+00,2.600493867915899315e+00,7.668317814095154006e+00,-2.379498848687476809e+01,-2.200000000000000178e+00
2.697999999999813880e+00,-2.785827753107165267e-02,6.243952769223052313e-01,-1.621715043984211846e+00,2.687251934661487152e+00,7.622246304233770253e+00,-2.427811563191765742e+01,-2.200000000000000178e+00
2.698999999999813770e+00,-2.507649429608660441e-02,6.319701438979954400e-01,-1.646484316616189103e+00,2.781783234985048203e+00,7.574866974766635508e+00,-2.476927262981069333e+01,-2.200000000000000178e+00
2.699999999999813660e+00,-2.219167778071033659e-02,6.394973683008776666e-01,-1.671752697652082897e+00,2.884816515376265933e+00,7.527224402027018257e+00,-2.526838103383617096e+01,-2.200000000000000178e+00
2.700999999999813550e+00,-1.919456768151194329e-02,6.469778634323498645e-01,-1.697527949911640466e+00,2.997110099198394106e+00,7.480495130687849326e+00,-2.577525225761522165e+01,-2.200000000000000178e+00
2.701999999999813440e+00,-1.607511942633735313e-02,6.544138637037449913e-01,-1.723817522584606410e+00,3.119448255174589235e+00,7.436000270683418734e+00,-2.628957267114619967e+01,-2.200000000000000178e+00
2.702999999999813330e+00,-1.282248335568983606e-02,6.618090815934004612e-01,-1.750628410485193909e+00,3.252636070647517474e+00,7.395217889018345758e+00,-2.681088789889680868e+01,-2.200000000000000178e+00
2.703999999999813220e+00,-9.424990813466453329e-03,6.691688762998337925e-01,-1.777966997097242707e+00,3.397492542223383261e+00,7.359794705871411935e+00,-2.733858661049164951e+01,-2.200000000000000178e+00
2.704999999999813109e+00,-5.870149236639848195e-03,6.765004327620912639e-01,-1.805838881326021772e+00,3.554841576826604843e+00,7.331556461771567612e+00,-2.787188422735975735e+01,-2.200000000000000178e+00
2.705999999999812999e+00,-2.144648648541093525e-03,6.838129489230188041e-01,-1.834248688458084420e+00,3.725500588098754395e+00,7.312516160517429142e+00,-2.840980713078480946e+01,-2.200000000000000178e+00
2.706999999999812889e+00,1.765617734282656521e-03,6.911178281386556321e-01,-1.863199866607822219e+00,3.910266382823749609e+00,7.304879215301234296e+00,-2.895117814860243044e+01,-2.200000000000000178e+00
2.707999999999812779e+00,5.875515801796528034e-03,6.984288724807019566e-01,-1.892694470925519790e+00,4.109898067513871212e+00,7.311044341782892531e+00,-2.949460431670602034e+01,-2.200000000000000178e+00
2.708999999999812669e+00,1.020061257742648116e-02,7.057624713467072208e-01,-1.922732939076593928e+00,4.325096775629953427e+00,7.333598865811352674e+00,-3.003846815022333061e+01,-2.200000000000000178e+00
2.709999999999812559e+00,1.475709470854458943e-02,7.131377783131096493e-01,-1.953313862981025606e+00,4.556482131118107404e+00,7.375306966272535902e+00,-3.058092390371871616e+01,-2.200000000000000178e+00
2.710999999999812449e+00,1.956166024216671184e-02,7.205768675977640703e-01,-1.984433763508939297e+00,4.804565533622123574e+00,7.439089284582278694e+00,-3.111990052733384005e+01,-2.200000000000000178e+00
2.711999999999812339e+00,2.463138082450239130e-02,7.281048599373345365e-01,-2.016086876712468001e+00,5.069720582335677683e+00,7.527992339547879830e+00,-3.165311320307210963e+01,-2.200000000000000178e+00
2.712999999999812228e+00,2.998353207609442961e-02,7.357500062725070844e-01,-2.048264962140369239e+00,5.352151251592037084e+00,7.645146335189116904e+00,-3.217808542755911816e+01,-2.200000000000000178e+00
2.713999999999812118e+00,3.563539086242453746e-02,7.435437165615961241e-01,-2.080957145679521503e+00,5.651858786330110185e+00,7.793710289132295799e+00,-3.269218353891167794e+01,-2.200000000000000178e+00
2.714999999999812008e+00,4.160399954425675340e-02,7.515205205488523221e-01,-2.114149810982886901e+00,5.968608681832215268e+00,7.976803987311807731e+00,-3.319266530321162634e+01,-2.200000000000000178e+00
2.715999999999811898e+00,4.790589906059727898e-02,7.597179476695392619e-01,-2.147826554601933946e+00,6.301899516340522922e+00,8.197427120738398187e+00,-3.367674361896352053e+01,-2.200000000000000178e+00
2.716999999999811788e+00,5.455683482723714534e-02,7.681763147578799522e-01,-2.181968220120372504e+00,6.650935766639863189e+00,8.458367088370311038e+00,-3.414166551840656183e+01,-2.200000000000000178e+00
2.717999999999811678e+00,6.157144181582330927e-02,7.769384130769628749e-01,-2.216553025547636224e+00,7.014606988586161052e+00,8.762098319072768149e+00,-3.458480542726476870e+01,-2.200000000000000178e+00
2.718999999999811568e+00,6.896291762599127129e-02,7.860490905551458241e-01,-2.251556795674368505e+00,7.391475810167960958e+00,9.110677478114475036e+00,-3.500377012674513111e+01,-2.200000000000000178e+00
2.719999999999811457e+00,7.674269461562878425e-02,7.955547309695005787e-01,-2.286953306826407850e+00,7.779776989637509743e+00,9.505640414211756095e+00,-3.539651115204239318e+01,-2.200000000000000178e+00
2.720999999999811347e+00,8.492012389695374752e-02,8.055026389121578978e-01,-2.322714745476595510e+00,8.177429281324963384e+00,9.947907942425523231e+00,-3.576143865016030077e+01,-2.200000000000000178e+00
2.721999999999811237e+00,9.350218491034935353e-02,8.159403471897899163e-01,-2.358812274746477033e+00,8.582061013395607674e+00,1.043770827730240214e+01,-3.609752926980171139e+01,-2.200000000000000178e+00
2.722999999999811127e+00,1.024932340703017808e-01,8.269148710577098882e-01,-2.395216694518659928e+00,8.991049159952426706e+00,1.097452386748894426e+01,-3.640441977203118995e+01,-2.200000000000000178e+00
2.723999999999811017e+00,1.118948044663429647e-01,8.384719404050134939e-01,-2.431899172539583986e+00,9.401570396041183386e+00,1.155706934677387210e+01,-3.668247802067932639e+01,-2.200000000000000178e+00
2.724999999999810907e+00,1.217054657946672891e-01,8.506552456614229207e-01,-2.468832016572965582e+00,9.810661328324325581e+00,1.218330525579091983e+01,-3.693284403302754271e+01,-2.200000000000000178e+00
2.725999999999810797e+00,1.319207497927929185e-01,8.635057349046947328e-01,-2.505989452449702171e+00,1.021528399812562427e+01,1.285048924258111391e+01,-3.715743587625858169e+01,-2.200000000000000178e+00
2.726999999999810687e+00,1.425331418414958196e-01,8.770609978643885141e-01,-2.543348370654365365e+00,1.061239204870291353e+01,1.355526295895399080e+01,-3.735891820404863495e+01,-2.200000000000000178e+00
2.727999999999810576e+00,1.535321346115753049e-01,8.913547671948953699e-01,-2.580889005408400383e+00,1.099899277007949117e+01,1.429376932974475700e+01,-3.754063475327799893e+01,-2.200000000000000178e+00
2.728999999999810466e+00,1.649043352365086035e-01,9.064165590357895486e-01,-2.618595515041411748e+00,1.137220062493329209e+01,1.506179184013921812e+01,-3.770650963210796647e+01,-2.200000000000000178e+00
2.729999999999810356e+00,1.766336139906934388e-01,9.222714644891237823e-01,-2.656456440208357694e+00,1.172927875418483268e+01,1.585490545261550466e+01,-3.786092516590024815e+01,-2.200000000000000178e+00
2.730999999999810246e+00,1.887012801965553543e-01,9.389400925271961240e-01,-2.694465026174027500e+00,1.206766620586192040e+01,1.666862803741691934e+01,-3.800858596448867388e+01,-2.200000000000000178e+00
2.731999999999810136e+00,2.010862702140260305e-01,9.564386543610807756e-01,-2.732619405652560118e+00,1.238499001747066863e+01,1.749856183331502990e+01,-3.815437947723022916e+01,-2.200000000000000178e+00
2.732999999999810026e+00,2.137653328129200947e-01,9.747791706105162213e-01,-2.770922648264249943e+00,1.267906259889406861e+01,1.834051624896919108e+01,-3.830324261028435728e+01,-2.200000000000000178e+00
2.733999999999809916e+00,2.267131987525857206e-01,9.939697764909362077e-01,-2.809382690492726820e+00,1.294786593966562904e+01,1.919060588006817625e+01,-3.846004222699036035e+01,-2.200000000000000178e+00
2.734999999999809805e+00,2.399027236534969909e-01,1.014015096971684349e+00,-2.848012165420073405e+00,1.318952490091126606e+01,2.004532048051579096e+01,-3.862947492580340736e+01,-2.200000000000000178e+00
2.735999999999809695e+00,2.533049958778436639e-01,1.034916663312623886e+00,-2.886828154251509293e+00,1.340227222434666743e+01,2.090156634082593712e+01,-3.881598882986127563e+01,-2.200000000000000178e+00
2.736999999999809585e+00,2.668894038170046557e-01,1.056673344070356846e+00,-2.925851881872039151e+00,1.358440793916100020e+01,2.175668075773332788e+01,-3.902372761894972086e+01,-2.200000000000000178e+00
2.737999999999809475e+00,2.806236594720419864e-01,1.079281766911036611e+00,-2.965108376839794335e+00,1.373425565503730894e+01,2.260842284078518105e+01,-3.925649496619300294e+01,-2.200000000000000178e+00
2.738999999999809365e+00,2.944737773676907033e-01,1.102736711667988256e+00,-3.004626112890316225e+00,1.385011789564872942e+01,2.345494475715091909e+01,-3.951773604900107983e+01,-2.200000000000000178e+00
2.739999999999809255e+00,3.084040096156944744e-01,1.127031459410298364e+00,-3.044436644794519697e+00,1.393023224800377413e+01,2.429474774259038128e+01,-3.981053190274341347e+01,-2.200000000000000178e+00
2.740999999999809145e+00,3.223767393746495569e-01,1.152158086360492106e+00,-3.084574246798265307e+00,1.397272975895508118e+01,2.512662695054217465e+01,-4.013760200236221465e+01,-2.200000000000000178e+00
2.741999999999809035e+00,3.363523361341591023e-01,1.178107695003273170e+00,-3.125075557269175075e+00,1.397559675950955338e+01,2.594960864318270310e+01,-4.050131046961752190e+01,-2.200000000000000178e+00
2.742999999999808924e+00,3.502889773118674777e-01,1.204870577513333485e+00,3.117206078330066354e+00,1.393664117770835986e+01,2.676288251050177891e+01,-4.090367157915640917e+01,2.200000000000000178e+00
2.743999999999808814e+00,3.636917738528793742e-01,1.232436308684341952e+00,3.075859727669680854e+00,1.340279654101191831e+01,2.756573117147500795e+01,-4.134635065930865494e+01,2.200000000000000178e+00
2.744999999999808704e+00,3.765235393335119585e-01,1.260295879701822663e+00,3.035463874075118085e+00,1.283176548063256561e+01,2.785957101262501112e+01,-4.039585359790117991e+01,2.200000000000000178e+00
2.745999999999808594e+00,3.887506764511896584e-01,1.288369166616696981e+00,2.995971936818526693e+00,1.222713711767770839e+01,2.807328690997296761e+01,-3.949193725916768472e+01,2.200000000000000178e+00
2.746999999999808484e+00,4.003446478922190743e-01,1.316575806129152815e+00,2.957340633300222343e+00,1.159397144102941013e+01,2.820663950873244019e+01,-3.863130351920530359e+01,2.200000000000000178e+00
2.747999999999808374e+00,4.112817288985014530e-01,1.344842564306623744e+00,2.919534625125993710e+00,1.093708100628239244e+01,2.826675817506959021e+01,-3.780600817360143395e+01,2.200000000000000178e+00
2.748999999999808264e+00,4.215427131489030144e-01,1.373103049333684877e+00,2.882526225316673241e+00,1.026098425040157380e+01,2.826048502577326360e+01,-3.700839980759123193e+01,2.200000000000000178e+00
2.749999999999808153e+00,4.311126636448978644e-01,1.401297079302638915e+00,2.846294828409392075e+00,9.569950495994856254e+00,2.819402996847730236e+01,-3.623139690488958564e+01,2.200000000000000178e+00
2.750999999999808043e+00,4.399807009658168733e-01,1.429370112554263272e+00,2.810826312712226827e+00,8.868037320919034627e+00,2.807303325167442054e+01,-3.546851569447183294e+01,2.200000000000000178e+00
2.751999999999807933e+00,4.481398174198262807e-01,1.457272755772021977e+00,2.776112433142385871e+00,8.159116454009431862e+00,2.790264321810427361e+01,-3.471387956710215406e+01,2.200000000000000178e+00
2.752999999999807823e+00,4.555867062309798543e-01,1.484960345587776454e+00,2.742150211092073686e+00,7.446888811153558052e+00,2.768758981622683635e+01,-3.396222204769725295e+01,2.200000000000000178e+00
2.753999999999807713e+00,4.623215960150741655e-01,1.512392596270871747e+00,2.708941325651833765e+00,6.734889784094325371e+00,2.743225068357938312e+01,-3.320888543784349167e+01,2.200000000000000178e+00
2.754999999999807603e+00,4.683480822127572551e-01,1.539533304442304518e+00,2.676491509861766538e+00,6.026486197683112778e+00,2.714070817185478290e+01,-3.244981578793562704e+01,2.200000000000000178e+00
2.755999999999807493e+00,4.736729487971002572e-01,1.566350100948816770e+00,2.644809955775265564e+00,5.324866584342981213e+00,2.681679650682923466e+01,-3.168155408464643585e+01,2.200000000000000178e+00
2.756999999999807383e+00,4.783059753842783257e-01,1.592814239846696678e+00,2.613908732646136102e+00,4.633026587178063593e+00,2.646413889806854769e+01,-3.090122312754362355e+01,2.200000000000000178e+00
2.757999999999807272e+00,4.822597267693648493e-01,1.618900414755452433e+00,2.583802223201005166e+00,3.953751385086523129e+00,2.608617490880764223e+01,-3.010650944379456462e+01,2.200000000000000178e+00
2.758999999999807162e+00,4.855493237930947892e-01,1.644586593554510978e+00,2.554506583511388040e+00,3.289597023729939895e+00,2.568617879897128375e+01,-2.929563968850594335e+01,2.200000000000000178e+00
2.759999999999807052e+00,4.881921962227272482e-01,1.669853863432010810e+00,2.526039232273229906e+00,2.642872429632460385e+00,2.526726987727682427e+01,-2.846735123724646144e+01,2.200000000000000178e+00
2.760999999999806942e+00,4.902078199066161046e-01,1.694686279574779908e+00,2.498418375238796507e+00,2.015623683888882134e+00,2.483241614241453732e+01,-2.762085703369812251e+01,2.200000000000000178e+00
2.761999999999806832e+00,4.916174417561900434e-01,1.719070712228835340e+00,2.471662570090106481e+00,1.409621849573943653e+00,2.438443265357589596e+01,-2.675580514810787136e+01,2.200000000000000178e+00
2.762999999999806722e+00,4.924437970607973281e-01,1.742996688371535541e+00,2.445790336213745420e+00,8.263553046072934505e-01,2.392597614210073331e+01,-2.587223387591328461e+01,2.200000000000000178e+00
2.763999999999806612e+00,4.927108242183242393e-01,1.766456225730406393e+00,2.420819812698482565e+00,2.670271575268964304e-01,2.345953735815923125e+01,-2.497052351493168487e+01,2.200000000000000178e+00
2.764999999999806501e+00,4.924433821663156685e-01,1.789443658276221205e+00,2.396768466526616237e+00,-2.674420520085454278e-01,2.298743254499877509e+01,-2.405134617163416522e+01,2.200000000000000178e+00
2.765999999999806391e+00,4.916669756523616708e-01,1.811955453538423910e+00,2.373652851481003356e+00,-7.764065139540150540e-01,2.251179526129064712e+01,-2.311561504546606827e+01,2.200000000000000178e+00
2.766999999999806281e+00,4.904074930407359423e-01,1.833990023087580523e+00,2.351488416857304475e+00,-1.259482611625706294e+00,2.203456954815845492e+01,-2.216443462362308381e+01,2.200000000000000178e+00
2.767999999999806171e+00,4.886909606832616215e-01,1.855547528272265989e+00,2.330289363757952259e+00,-1.716532357474338966e+00,2.155750518361093526e+01,-2.119905309933545823e+01,2.200000000000000178e+00
2.768999999999806061e+00,4.865433170626582426e-01,1.876629683779392765e+00,2.310068545631328796e+00,-2.147643620603380654e+00,2.108215550598821864e+01,-2.022081812665260969e+01,2.200000000000000178e+00
2.769999999999805951e+00,4.839902090223641151e-01,1.897239561820712517e+00,2.290837408859769386e+00,-2.553108040294113756e+00,2.060987804013019087e+01,-1.923113677162422164e+01,2.200000000000000178e+00
2.770999999999805841e+00,4.810568114968760689e-01,1.917381399763558925e+00,2.272605968617414263e+00,-2.933397525488059543e+00,2.014183794161808194e+01,-1.823144024244320960e+01,2.200000000000000178e+00
2.771999999999805731e+00,4.777676713077061432e-01,1.937060413861332320e+00,2.255382814911667033e+00,-3.289140189169918127e+00,1.967901409651966560e+01,-1.722315370585109662e+01,2.200000000000000178e+00
2.772999999999805620e+00,4.741465748340759068e-01,1.956282621444522585e+00,2.239175143666702006e+00,-3.621096473630230239e+00,1.922220758192455392e+01,-1.620767124507551316e+01,2.200000000000000178e+00
2.773999999999805510e+00,4.702164387311928984e-01,1.975054673552221418e+00,2.223988807866282613e+00,-3.930136102882981319e+00,1.877205210643319333e+01,-1.518633580053042209e+01,2.200000000000000178e+00
2.774999999999805400e+00,4.659992223650896159e-01,1.993383699559374111e+00,2.209828384099750576e+00,-4.217216366103301972e+00,1.832902600589951447e+01,-1.416042376663686753e+01,2.200000000000000178e+00
2.775999999999805290e+00,4.615158602624915840e-01,2.011277164922309346e+00,2.196697250301156146e+00,-4.483362102598004384e+00,1.789346536170349466e+01,-1.313113379868942943e+01,2.200000000000000178e+00
2.776999999999805180e+00,4.567862126290250235e-01,2.028742742752282169e+00,2.184597670990871876e+00,-4.729647633466586676e+00,1.746557782877281539e+01,-1.209957931036679213e+01,2.200000000000000178e+00
2.777999999999805070e+00,4.518290318552242169e-01,2.045788199553836950e+00,2.173530886881234192e+00,-4.957180773800816453e+00,1.704545680039348099e+01,-1.106678410970633664e+01,2.200000000000000178e+00
2.778999999999804960e+00,4.466619428898130906e-01,2.062421295143905819e+00,2.163497206259474392e+00,-5.167088965411132051e+00,1.663309558895139162e+01,-1.003368062181543152e+01,2.200000000000000178e+00
2.779999999999804849e+00,4.413014353949326063e-01,2.078649696504655253e+00,2.154496096087192392e+00,-5.360507494880483392e+00,1.622840135968094799e+01,-9.001110172324125358e+00,2.200000000000000178e+00
2.780999999999804739e+00,4.357628656901328945e-01,2.094480905118778491e+00,2.146526271238272443e+00,-5.538569704799735760e+00,1.583120861310615979e+01,-7.969824848952058005e+00,2.200000000000000178e+00
2.781999999999804629e+00,4.300604666243494356e-01,2.109922197187188431e+00,2.139585780725546282e+00,-5.702399065783435361e+00,1.544129206744496052e+01,-6.940490512751543051e+00,2.200000000000000178e+00
2.782999999999804519e+00,4.242073636732617281e-01,2.124980576030413904e+00,2.133672090135569022e+00,-5.853102951087730155e+00,1.505837884231268475e+01,-5.913690589999273328e+00,2.200000000000000178e+00
2.783999999999804409e+00,4.182155957314040995e-01,2.139662735919567904e+00,2.128782159799633700e+00,-5.991767941857653490e+00,1.468215988829144436e+01,-4.889930335958002416e+00,2.200000000000000178e+00
2.784999999999804299e+00,4.120961392446973459e-01,2.153975036563163581e+00,2.124912518479965762e+00,-6.119456486706775777e+00,1.431230064278206981e+01,-3.869641319697350923e+00,2.200000000000000178e+00
2.785999999999804189e+00,4.058589345025584993e-01,2.167923487485110545e+00,2.122059332547247212e+00,-6.237204742138866109e+00,1.394845092117788532e+01,-2.853185932758806942e+00,2.200000000000000178e+00
2.786999999999804078e+00,3.995129130743643731e-01,2.181513741560158870e+00,2.120218470774813291e+00,-6.346021428194138281e+00,1.359025407432059573e+01,-1.840861772490207215e+00,2.200000000000000178e+00
2.787999999999803968e+00,3.930660255294611272e-01,2.194751097020063657e+00,2.119385564982045445e+00,-6.446887544903222356e+00,1.323735545921431367e+01,-8.329057928457466176e-01,2.200000000000000178e+00
2.788999999999803858e+00,3.865252687212088478e-01,2.207640507301712240e+00,2.119556066830812213e+00,-6.540756808252279342e+00,1.288941028098849273e+01,1.705018486619760409e-01,2.200000000000000178e+00
2.789999999999803748e+00,3.798967120429050937e-01,2.220186598173385040e+00,2.120725301119984252e+00,-6.628556678303759497e+00,1.254609087103972342e+01,1.169234289035321339e+00,2.200000000000000178e+00
2.790999999999803638e+00,3.731855221768480835e-01,2.232393691644008804e+00,2.122888515939301612e+00,-6.711189866057035047e+00,1.220709347001022849e+01,2.163214819142117662e+00,2.200000000000000178e+00
2.791999999999803528e+00,3.663959859578725387e-01,2.244265836230193489e+00,2.126040930039761800e+00,-6.789536218975531945e+00,1.187214458558626795e+01,3.152414100242719286e+00,2.200000000000000178e+00
2.792999999999803418e+00,3.595315310604260683e-01,2.255806843225458547e+00,2.130177777757138902e+00,-6.864454897446471193e+00,1.154100699467478819e+01,4.136847717110135214e+00,2.200000000000000178e+00
2.793999999999803308e+00,3.525947442949153854e-01,2.267020328683973851e+00,2.135294351791340972e+00,-6.936786765510656316e+00,1.121348545792648466e+01,5.116574033879641270e+00,2.200000000000000178e+00
2.794999999999803197e+00,3.455873873660645912e-01,2.277909760896808411e+00,2.141386044099756081e+00,-7.007356928850807520e+00,1.088943221224129942e+01,6.091692308032677694e+00,2.200000000000000178e+00
2.795999999999803087e+00,3.385104100048918485e-01,2.288478513201593678e+00,2.148448385109374303e+00,-7.076977361172724024e+00,1.056875230418065925e+01,7.062341009167646178e+00,2.200000000000000178e+00
2.796999999999802977e+00,3.313639604381614645e-01,2.298729922026526040e+00,2.156477081391785511e+00,-7.146449566730400882e+00,1.025140882430874711e+01,8.028696281886672281e+00,2.200000000000000178e+00
2.797999999999802867e+00,3.241473932063322905e-01,2.308667350126747841e+00,2.165468051878187694e+00,-7.216567231829197127e+00,9.937428099572418461e+00,8.990970485794928635e+00,2.200000000000000178e+00
2.798999999999802757e+00,3.168592743846257442e-01,2.318294255025342920e+00,2.175417462618717934e+00,-7.288118821706555117e+00,9.626904897912355707e+00,9.949410739833187023e+00,2.200000000000000178e+00
2.799999999999802647e+00,3.094973843033754779e-01,2.327614262722427885e+00,2.186321760012111426e+00,-7.361890081250262341e+00,9.320007696360210758e+00,1.090429739259555042e+01,2.200000000000000178e+00
2.800999999999802537e+00,3.020587179047957704e-01,2.336631246783981375e+00,2.198177702347607454e+00,-7.438666398579697692e+00,9.016984060777861743e+00,1.185594233458675184e+01,2.200000000000000178e+00
2.801999999999802426e+00,2.945394829152190863e-01,2.345349412966761360e+00,2.210982389410901305e+00,-7.519234989576687234e+00,8.718166181944198456e+00,1.280468706226027287e+01,2.200000000000000178e+00
2.802999999999802316e+00,2.869350960562307429e-01,2.353773389576242270e+00,2.224733289808932923e+00,-7.604386858988323006e+00,8.423976608574438529e+00,1.375090039686016752e+01,2.200000000000000178e+00
2.803999999999802206e+00,2.792401775665399044e-01,2.361908323789924768e+00,2.239428265563576215e+00,-7.694918489690850016e+00,8.134934212692346733e+00,1.469497575331467587e+01,2.200000000000000178e+00
2.804999999999802096e+00,2.714485443605015313e-01,2.369759984207069792e+00,2.255065593410519043e+00,-7.791633206038378390e+00,7.851660416060741277e+00,1.563732784543976173e+01,2.200000000000000178e+00
2.805999999999801986e+00,2.635532022106644168e-01,2.377334869905759707e+00,2.271643982115482796e+00,-7.895342149837100365e+00,7.574885697494851300e+00,1.657838870325993952e+01,2.200000000000000178e+00
2.806999999999801876e+00,2.555463374123728704e-01,2.384640326296149748e+00,2.289162584983505333e+00,-8.006864798291527308e+00,7.305456389069107104e+00,1.751860286609240802e+01,2.200000000000000178e+00
2.807999999999801766e+00,2.474193084702376866e-01,2.391684668051214935e+00,2.307621006586650925e+00,-8.127028942135190448e+00,7.044341753598494904e+00,1.845842160095535789e+01,2.200000000000000178e+00
2.808999999999801656e+00,2.391626384412643136e-01,2.398477309368034049e+00,2.327019302568742898e+00,-8.256670028973363884e+00,6.792641315186546791e+00,1.939829597960280338e+01,2.200000000000000178e+00
2.809999999999801545e+00,2.307660086797871102e-01,2.405028901757706006e+00,2.347357971200486393e+00,-8.396629761477193199e+00,6.551592387849378696e+00,2.033866862891130722e+01,2.200000000000000178e+00
2.810999999999801435e+00,2.222182548574305194e-01,2.411351479472394921e+00,2.368637935151983953e+00,-8.547753822356593645e+00,6.322577712649573911e+00,2.127996394826657678e+01,2.200000000000000178e+00
2.811999999999801325e+00,2.135073662795677063e-01,2.417458612544355567e+00,2.390860511719675507e+00,-8.710888577862807125e+00,6.107133069673473358e+00,2.222257656399961334e+01,2.200000000000000178e+00
2.812999999999801215e+00,2.046204896907470316e-01,2.423365567222378836e+00,2.414027369488750185e+00,-8.886876588820667777e+00,5.906954675453876646e+00,2.316685776484512616e+01,2.200000000000000178e+00
2.813999999999801105e+00,1.955439389579811393e-01,2.429089473332008975e+00,2.438140469127715093e+00,-9.076550732765904073e+00,5.723906106738505528e+00,2.411309963411034119e+01,2.200000000000000178e+00
2.814999999999800995e+00,1.862632122453649064e-01,2.434649497740419388e+00,2.463201985697572205e+00,-9.280726712616239382e+00,5.560024405153539462e+00,2.506151656427238095e+01,2.200000000000000178e+00
2.815999999999800885e+00,1.767630185489375005e-01,2.440067022655497020e+00,2.489214209513041620e+00,-9.500193696427402301e+00,5.417524911406450983e+00,2.601222380903121234e+01,2.200000000000000178e+00
2.816999999999800774e+00,1.670273157496607319e-01,2.445365826908674656e+00,2.516179422218438599e+00,-9.735702799276777952e+00,5.298804249037861069e+00,2.696521269796110687e+01,2.200000000000000178e+00
2.817999999999800664e+00,1.570393626672662024e-01,2.450572267636499380e+00,2.544099744339304969e+00,-9.987953082394515292e+00,5.206440723157944817e+00,2.792032211226280225e+01,2.200000000000000178e+00
2.818999999999800554e+00,1.467817879604633169e-01,2.455715458857663513e+00,2.572976950149633346e+00,-1.025757470680288996e+01,5.143191215906380620e+00,2.887720580035949780e+01,2.200000000000000178e+00
2.819999999999800444e+00,1.362366791206970074e-01,2.460827442308461510e+00,2.602812245265871738e+00,-1.054510883976632130e+01,5.111983444882982397e+00,2.983529510467194967e+01,2.200000000000000178e+00
2.820999999999800334e+00,1.253856952468586639e-01,2.465943344516792202e+00,2.633606001963094467e+00,-1.085098387383835039e+01,5.115902201688959039e+00,3.079375668379291398e+01,2.200000000000000178e+00
2.821999999999800224e+00,1.142102077640217012e-01,2.471101512429271896e+00,2.665357446837710143e+00,-1.117548748283696014e+01,5.158167905040508927e+00,3.175144485901201818e+01,2.200000000000000178e+00
2.822999999999800114e+00,1.026914737528100696e-01,2.476343617927151630e+00,2.698064295162970527e+00,-1.151873401121163099e+01,5.242105489576058375e+00,3.270684830712740165e+01,2.200000000000000178e+00
2.823999999999800004e+00,9.081084707230450970e-02,2.481714719251732593e+00,2.731722326169942594e+00,-1.188062668050556248e+01,5.371101315352202477e+00,3.365803098590318143e+01,2.200000000000000178e+00
2.824999999999799893e+00,7.855003296099234700e-02,2.487263264701438548e+00,2.766324893640853322e+00,-1.226081411131216292e+01,5.548545439503344667e+00,3.460256744644753013e+01,2.200000000000000178e+00
2.825999999999799783e+00,6.589139223999293526e-02,2.493041020980395484e+00,2.801862366770996093e+00,-1.265864072099941140e+01,5.777756267750886465e+00,3.553747310176811425e+01,2.200000000000000178e+00
2.826999999999799673e+00,5.281830154284524598e-02,2.499102905336581415e+00,2.838321497444271202e+00,-1.307309069714769123e+01,6.061884343973773071e+00,3.645913064041650387e+01,2.200000000000000178e+00
2.827999999999799563e+00,3.931557603269270063e-02,2.505506697260711846e+00,2.875684712154142009e+00,-1.350272551015254408e+01,6.403791910947660426e+00,3.736321467189837620e+01,2.200000000000000178e+00
2.828999999999799453e+00,2.536996065054098609e-02,2.512312602265621031e+00,2.913929330153099961e+00,-1.394561538215171304e+01,6.805904990839405144e+00,3.824461795519165719e+01,2.200000000000000178e+00
2.829999999999799343e+00,1.097069478626306466e-02,2.519582637525632940e+00,2.953026714495152749e+00,-1.439926586427792188e+01,7.270035245202036478e+00,3.909738429176987040e+01,2.200000000000000178e+00
2.830999999999799233e+00,-3.889847019845243600e-03,2.527379807539683387e+00,2.992941370005674617e+00,-1.486054180610830855e+01,7.797169998716434236e+00,3.991465545296942707e+01,2.200000000000000178e+00
2.831999999999799122e+00,-1.921543968219123835e-02,2.535767038393852868e+00,3.033630012485356353e+00,-1.532559266234599527e+01,8.387230838609387007e+00,4.068864241409511351e+01,2.200000000000000178e+00
2.832999999999799012e+00,-3.500522507663426236e-02,2.544805842900606407e+00,3.075040647205369737e+00,-1.578978539444302420e+01,9.038804491342068204e+00,4.141063464563821839e+01,2.200000000000000178e+00
2.833999999999798902e+00,-5.125287932159501569e-02,2.554554697539871189e+00,3.117111712329626361e+00,-1.624765424496074928e+01,9.748854624440332017e+00,4.207106504036532613e+01,2.200000000000000178e+00
2.834999999999798792e+00,-6.794575960253840252e-02,2.565067127719325324e+00,-3.123413943064293097e+00,-1.669288028094338117e+01,1.051243016568117739e+01,4.265965169158103265e+01,2.200000000000000178e+00
2.835999999999798682e+00,-8.506407700199167254e-02,2.576389522516021824e+00,-3.080248302793883841e+00,-1.711831739945326802e+01,1.132239478439150204e+01,4.316564016550070448e+01,2.200000000000000178e+00
2.836999999999798572e+00,-1.025801615610435202e-01,2.588558735448992731e+00,-3.036670133176572861e+00,-1.751608455905184059e+01,1.216921292238780339e+01,4.357816950098305853e+01,2.200000000000000178e+00
2.837999999999798462e+00,-1.204579063857001142e-01,2.601599574296791229e+00,-2.992783353373001720e+00,-1.787774482465658821e+01,1.304083883885373396e+01,4.388677967520533940e+01,2.200000000000000178e+00
2.838999999999798352e+00,-1.386524946921130486e-01,2.615522338123291046e+00,-2.948701288103861007e+00,-1.819458830641294256e+01,1.392276381854677680e+01,4.408206512799402788e+01,2.200000000000000178e+00
2.839999999999798241e+00,-1.571105207242696200e-01,2.630320616816832935e+00,-2.904544831864808163e+00,-1.845802603215657456e+01,1.479827868509784494e+01,4.415645608411163892e+01,2.200000000000000178e+00
2.840999999999798131e+00,-1.757706046165250779e-01,2.645969615458695579e+00,-2.860439754907797116e+00,-1.866008389225545017e+01,1.564899863033462424e+01,4.410507678681358357e+01,2.200000000000000178e+00
2.841999999999798021e+00,-1.945645656758201170e-01,2.662425285619090420e+00,-2.816513163531076724e+00,-1.879396105929503946e+01,1.645567014187001575e+01,4.392659118919534222e+01,2.200000000000000178e+00
2.842999999999797911e+00,-2.134191561121214498e-01,2.679624519511999203e+00,-2.772889252001407456e+00,-1.885459043630134346e+01,1.719923386210821192e+01,4.362391132206060718e+01,2.200000000000000178e+00
2.843999999999797801e+00,-2.322582743502053793e-01,2.697486577300501676e+00,-2.729684626320092899e+00,-1.883911823808392327e+01,1.786205773899797578e+01,4.320462545028107115e+01,2.200000000000000178e+00
2.844999999999797691e+00,-2.510054901155048257e-01,2.715915773228287033e+00,-2.687003609066421550e+00,-1.874721576529945821e+01,1.842919585255947723e+01,4.268101699564162743e+01,2.200000000000000178e+00
2.845999999999797581e+00,-2.695866457508072078e-01,2.734805263833417932e+00,-2.644934009616488169e+00,-1.858115563530239456e+01,1.888949049745203013e+01,4.206959916171598479e+01,2.200000000000000178e+00
2.846999999999797470e+00,-2.879322717199387927e-01,2.754041602118998178e+00,-2.603543831193373848e+00,-1.834562596913159283e+01,1.923633814009305354e+01,4.139017810270223663e+01,2.200000000000000178e+00
2.847999999999797360e+00,-3.059795800627029827e-01,2.773509594045076465e+00,-2.562879274249822092e+00,-1.804730834276419316e+01,1.946799173986175546e+01,4.066455659092315500e+01,2.200000000000000178e+00
2.848999999999797250e+00,-3.236738718717311891e-01,2.793096955903480172e+00,-2.522964205702654006e+00,-1.769429180902820420e+01,1.958736163173411526e+01,3.991506816486764819e+01,2.200000000000000178e+00
2.849999999999797140e+00,-3.409692928539841961e-01,2.812698333171562037e+00,-2.483801043922670981e+00,-1.729542098225298830e+01,1.960137700468423461e+01,3.916316137328421121e+01,2.200000000000000178e+00
2.850999999999797030e+00,-3.578289678060248558e-01,2.832218381239500982e+00,-2.445372817205357929e+00,-1.685967495204068101e+01,1.952004777463936236e+01,3.842822629387819688e+01,2.200000000000000178e+00
2.851999999999796920e+00,-3.742246180971364744e-01,2.851573782237949661e+00,-2.407646032068874842e+00,-1.639565029111163597e+01,1.935540068432403515e+01,3.772678470559438324e+01,2.200000000000000178e+00
2.852999999999796810e+00,-3.901358052299741530e-01,2.870694233660513905e+00,-2.370573952763056713e+00,-1.591118713283767505e+01,1.912045109779962360e+01,3.707207887735688701e+01,2.200000000000000178e+00
2.853999999999796700e+00,-4.055489494890611168e-01,2.889522561128936129e+00,-2.334099932852192527e+00,-1.541314425908695362e+01,1.882832714314223921e+01,3.647401949428338952e+01,2.200000000000000178e+00
2.854999999999796589e+00,-4.204562547223742452e-01,2.908014167879604983e+00,-2.298160525212797012e+00,-1.490730523331312263e+01,1.849160643395787673e+01,3.593940724287212163e+01,2.200000000000000178e+00
2.855999999999796479e+00,-4.348546399516197147e-01,2.926136043534608433e+00,-2.262688197294516090e+00,-1.439838522924549480e+01,1.812187535425475460e+01,3.547232754817312639e+01,2.200000000000000178e+00
2.856999999999796369e+00,-4.487447455873036506e-01,2.943865530188547908e+00,-2.227613570434024748e+00,-1.389010563568394829e+01,1.772948637454661380e+01,3.507462652111441770e+01,2.200000000000000178e+00
2.857999999999796259e+00,-4.621300528522543916e-01,2.961189001983652425e+00,-2.192867172712599899e+00,-1.338530726495076273e+01,1.732347154045971394e+01,3.474639741511037982e+01,2.200000000000000178e+00
2.858999999999796149e+00,-4.750161324669416318e-01,2.978100568793655700e+00,-2.158380741175378592e+00,-1.288607961468722607e+01,1.691156658171087912e+01,3.448643126456477148e+01,2.200000000000000178e+00
2.859999999999796039e+00,-4.874100231220568902e-01,2.994600873814283304e+00,-2.124088134079600731e+00,-1.239389065511527832e+01,1.650030481882861721e+01,3.429260685599146541e+01,2.200000000000000178e+00
2.860999999999795929e+00,-4.993197307949033270e-01,3.010696022546471617e+00,-2.089925922677970505e+00,-1.190970767284645859e+01,1.609514855593497984e+01,3.416221119292544017e+01,2.200000000000000178e+00
2.861999999999795818e+00,-5.107538350904412550e-01,3.026396657459590411e+00,-2.055833730533694226e+00,-1.143410429553791019e+01,1.570063476072318664e+01,3.409219196421180698e+01,2.200000000000000178e+00
2.862999999999795708e+00,-5.217211870567258769e-01,3.041717177417961437e+00,-2.021754381162357728e+00,-1.096735196628456954e+01,1.532051982770811449e+01,3.407934921712603682e+01,2.200000000000000178e+00
2.863999999999795598e+00,-5.322306831451139031e-01,3.056675091978021452e+00,-1.987633905206841023e+00,-1.050949608838802973e+01,1.495791444880667775e+01,3.412047582425440595e+01,2.200000000000000178e+00
2.864999999999795488e+00,-5.422911012814670695e-01,3.071290496131980685e+00,-1.953421448445832986e+00,-1.006041813635313176e+01,1.461540405976599644e+01,3.421245664984269297e+01,2.200000000000000178e+00
2.865999999999795378e+00,-5.519109867956067950e-01,3.085585649481093817e+00,-1.919069112845843028e+00,-9.619885514139765448e+00,1.429515326972866873e+01,3.435233550623133425e+01,2.200000000000000178e+00
2.866999999999795268e+00,-5.610985778562769255e-01,3.099584644024095503e+00,-1.884531755091256144e+00,-9.187591060670092347e+00,1.399899447633863225e+01,3.453735767577493476e+01,2.200000000000000178e+00
2.867999999999795158e+00,-5.698617618706302013e-01,3.113313145938696902e+00,-1.849766760684856681e+00,-8.763184014353285534e+00,1.372850185878108142e+01,3.476499434033330971e+01,2.200000000000000178e+00
2.868999999999795048e+00,-5.782080559284743515e-01,3.126798198384553640e+00,-1.814733806715431053e+00,-8.346294057844104941e+00,1.348505239921863463e+01,3.503295391416841653e+01,2.200000000000000178e+00
2.869999999999794937e+00,-5.861446057645447461e-01,3.140068074134279907e+00,-1.779394622560617867e+00,-7.936549836070441621e+00,1.326987571082777606e+01,3.533918410868850657e+01,2.200000000000000178e+00
2.870999999999794827e+00,-5.936781988762827034e-01,-3.130033138625440969e+00,-1.743712754927741138e+00,-7.533593111737986625e+00,1.308409438746781817e+01,3.568186759444304812e+01,2.200000000000000178e+00
2.871999999999794717e+00,-6.008152883883794981e-01,-3.117104382171177246e+00,-1.707653341538047265e+00,-7.137089512096808086e+00,1.292875642731370078e+01,3.605941335772571676e+01,2.200000000000000178e+00
2.872999999999794607e+00,-6.075620250251874133e-01,-3.104299521071375967e+00,-1.671182896260403838e+00,-6.746736636807900922e+00,1.280486107740952306e+01,3.647044525110683821e+01,2.200000000000000178e+00
2.873999999999794497e+00,-6.139242951662089443e-01,-3.091586141821360378e+00,-1.634269107458813597e+00,-6.362270141021554970e+00,1.271337923143785353e+01,3.691378877961270177e+01,2.200000000000000178e+00
2.874999999999794387e+00,-6.199077634448604268e-01,-3.078930872498821358e+00,-1.596880650622106712e+00,-5.983468278651471906e+00,1.265526930715278908e+01,3.738845681855943326e+01,2.200000000000000178e+00
2.875999999999794277e+00,-6.255179187299796384e-01,-3.066299383144646562e+00,-1.558987015906919238e+00,-5.610155285119211577e+00,1.263148934146341063e+01,3.789363470025925551e+01,2.200000000000000178e+00
2.876999999999794166e+00,-6.307601226228040092e-01,-3.053656377261141586e+00,-1.520558350980313778e+00,-5.242203892824385036e+00,1.264300587304035872e+01,3.842866491438832099e+01,2.200000000000000178e+00
2.877999999999794056e+00,-6.356396598254021590e-01,-3.040965577218268656e+00,-1.481565319446016771e+00,-4.879537202598116075e+00,1.269080003430210368e+01,3.899303152436525011e+01,2.200000000000000178e+00
2.878999999999793946e+00,-6.401617899024222291e-01,-3.028189706066251485e+00,-1.441978975140792985e+00,-4.522130077020053207e+00,1.277587114504741805e+01,3.958634429722457782e+01,2.200000000000000178e+00
2.879999999999793836e+00,-6.443318000761897313e-01,-3.015290468074174779e+00,-1.401770652666585182e+00,-4.170010173767459527e+00,1.289923798646900899e+01,4.020832246784699038e+01,2.200000000000000178e+00
2.880999999999793726e+00,-6.481550587727699098e-01,-3.002228530235120818e+00,-1.360911874658081722e+00,-3.823258696580143834e+00,1.306193783461178270e+01,4.085877800353487288e+01,2.200000000000000178e+00
2.881999999999793616e+00,-6.516370696786315531e-01,-2.988963506987011076e+00,-1.319374276456855677e+00,-3.482010905861693484e+00,1.326502324467149663e+01,4.153759819744333726e+01,2.200000000000000178e+00
2.882999999999793506e+00,-6.547835260773250399e-01,-2.975453950483752941e+00,-1.277129549057263613e+00,-3.146456398693448175e+00,1.350955650069183100e+01,4.224472739682181555e+01,2.200000000000000178e+00
2.883999999999793395e+00,-6.576003652151203305e-01,-2.961657348903056874e+00,-1.234149401391852363e+00,-2.816839137795329684e+00,1.379660157889447447e+01,4.298014766350900118e+01,2.200000000000000178e+00
2.884999999999793285e+00,-6.600938223949215367e-01,-2.947530135484223379e+00,-1.190405543220596662e+00,-2.493457179801228385e+00,1.412721341770867767e+01,4.374385817009591193e+01,2.200000000000000178e+00
2.885999999999793175e+00,-6.622704844195516083e-01,-2.933027711238392676e+00,-1.145869690062826685e+00,-2.176662024630022341e+00,1.450242424531156971e+01,4.453585315724744476e+01,2.200000000000000178e+00
2.886999999999793065e+00,-6.641373418992512212e-01,-2.918104484549271405e+00,-1.100513591744388009e+00,-1.866857479699576938e+00,1.492322668914755468e+01,4.535609831845989248e+01,2.200000000000000178e+00
2.887999999999792955e+00,-6.657018398050473795e-01,-2.902713931164079497e+00,-1.054309086203514045e+00,-1.564497905796206290e+00,1.539055338571525944e+01,4.620450554135663168e+01,2.200000000000000178e+00
2.888999999999792845e+00,-6.669719254918266005e-01,-2.886808678336590717e+00,-1.007228180181135357e+00,-1.270085686779269363e+00,1.590525282846709487e+01,4.708090602325075480e+01,2.200000000000000178e+00
2.889999999999792735e+00,-6.679560932367780701e-01,-2.870340617094349955e+00,-9.592431582855287520e-01,-9.841677449514143472e-01,1.646806124363816792e+01,4.798502189679729923e+01,2.200000000000000178e+00
2.890999999999792625e+00,-6.686634241474731510e-01,-2.853261046720407812e+00,-9.103267216349146818e-01,-7.073309106950484981e-01,1.707957037572363390e+01,4.891643665205829450e+01,2.200000000000000178e+00
2.891999999999792514e+00,-6.691036201000665207e-01,-2.835520855518750327e+00,-8.604521568111200835e-01,-4.401959525933561990e-01,1.774019120378980574e+01,4.987456482542619085e+01,2.200000000000000178e+00
2.892999999999792404e+00,-6.692870301873261596e-01,-2.817070741717575988e+00,-8.095935351709249161e-01,-1.834100872596833853e-01,1.845011380362176823e+01,5.085862164194827528e+01,2.200000000000000178e+00
2.893999999999792294e+00,-6.692246680089132260e-01,-2.797861477896982141e+00,-7.577259416330009989e-01,6.236217841297625464e-02,1.920926382331828819e+01,5.186759353972938413e+01,2.200000000000000178e+00
2.894999999999792184e+00,-6.689282180481879170e-01,-2.777844221548533277e+00,-7.048257308733010262e-01,2.964499607252797375e-01,2.001725635140648762e+01,5.290021076148426005e+01,2.200000000000000178e+00
2.895999999999792074e+00,-6.684100293809391857e-01,-2.756970873231385788e+00,-6.508708074249145437e-01,5.181886672487652223e-01,2.087334832028725629e+01,5.395492345006997681e+01,2.200000000000000178e+00
2.896999999999791964e+00,-6.676830950845913382e-01,-2.735194482246678938e+00,-5.958409245213918126e-01,7.269342963478467867e-01,2.177639098796652561e+01,5.502988290501892266e+01,2.200000000000000178e+00
2.897999999999791854e+00,-6.667610159939285630e-01,-2.712469697799761548e+00,-5.397179947116012011e-01,9.220790906627196470e-01,2.272478445022629856e+01,5.612292981100507916e+01,2.200000000000000178e+00
2.898999999999791743e+00,-6.656579479083905015e-01,-2.688753261289671403e+00,-4.824864034163751092e-01,1.103068085538100984e+00,2.371643651336704650e+01,5.723159129606020201e+01,2.200000000000000178e+00
2.899999999999791633e+00,-6.643885320128196659e-01,-2.664004532741008902e+00,-4.241333148422582466e-01,1.269415895570798813e+00,2.474872855181351738e+01,5.835308857446295860e+01,2.200000000000000178e+00
2.900999999999791523e+00,-6.629678091270756468e-01,-2.638186041620651068e+00,-3.646489582039815214e-01,1.420722885744015507e+00,2.581849112327950380e+01,5.948435663802278839e+01,2.200000000000000178e+00
2.901999999999791413e+00,-6.614111194256733217e-01,-2.611264049570972023e+00,-3.040268812487845196e-01,1.556689701402336423e+00,2.692199205226001979e+01,6.062207695423140308e+01,2.200000000000000178e+00
2.902999999999791303e+00,-6.597339904146835021e-01,-2.583209110209901738e+00,-2.422641578399722939e-01,1.677129010989849789e+00,2.805493936319148673e+01,6.176272340702210073e+01,2.200000000000000178e+00
2.903999999999791193e+00,-6.579520171399637629e-01,-2.553996609400692730e+00,-1.793615370339436965e-01,1.781973274719684142e+00,2.921250081075103111e+01,6.290262080330828098e+01,2.200000000000000178e+00
2.904999999999791083e+00,-6.560807397259369456e-01,-2.523607268588296648e+00,-1.153235228000961121e-01,1.871277414026869312e+00,3.038934081324210013e+01,6.403801423010261828e+01,2.200000000000000178e+00
2.905999999999790973e+00,-6.541355242929086655e-01,-2.492027594201029483e+00,-5.015837631287090731e-02,1.945215433028316010e+00,3.157967438730815957e+01,6.516514648237514962e+01,2.200000000000000178e+00
2.906999999999790862e+00,-6.521314539620571837e-01,-2.459250257901054226e+00,1.612196350983240503e-02,2.004070330851452475e+00,3.277733629911571001e+01,6.628033981669054242e+01,2.200000000000000178e+00
2.907999999999790752e+00,-6.500832369413311884e-01,-2.425274395675482975e+00,8.350204107141412369e-02,2.048217020726041948e+00,3.397586222373620046e+01,6.738007755437446633e+01,2.200000000000000178e+00
2.908999999999790642e+00,-6.480051385426186528e-01,-2.390105818268534854e+00,1.519631217591225769e-01,2.078098398712556527e+00,3.516857740408715216e+01,6.846108067930322250e+01,2.200000000000000178e+00
2.909999999999790532e+00,-6.459109434127170424e-01,-2.353757130975357992e+00,2.214834963959027847e-01,2.094195129901633035e+00,3.634868728926591075e+01,6.952037462720527117e+01,2.200000000000000178e+00
2.910999999999790422e+00,-6.438139533256620473e-01,-2.316247766923110962e+00,2.920388383687274048e-01,2.096990087054959595e+00,3.750936404729284135e+01,7.055534196213906739e+01,2.200000000000000178e+00
2.911999999999790312e+00,-6.417270246888743257e-01,-2.277603944146231907e+00,3.636025959080381176e-01,2.086928636787735769e+00,3.864382277091798557e+01,7.156375752760533260e+01,2.200000000000000178e+00
2.912999999999790202e+00,-6.396626486001268930e-01,-2.237858562504582594e+00,4.361463997464025133e-01,2.064376088747406524e+00,3.974538163474672103e+01,7.254380382575538988e+01,2.200000000000000178e+00
2.913999999999790091e+00,-6.376330750059951979e-01,-2.197051061348631151e+00,5.096404654144857105e-01,2.029573594131698577e+00,4.080750114819496588e+01,7.349406565470729902e+01,2.200000000000000178e+00
2.914999999999789981e+00,-6.356504813892371875e-01,-2.155227262490575946e+00,5.840539696705355777e-01,1.982593616758037580e+00,4.182379884955278015e+01,7.441350424206046910e+01,2.200000000000000178e+00
2.915999999999789871e+00,-6.337271855485440142e-01,-2.112439225346903537e+00,6.593553817746321544e-01,1.923295840693207026e+00,4.278803713454221480e+01,7.530141208965339672e+01,2.200000000000000178e+00
2.916999999999789761e+00,-6.318759014708982269e-01,-2.068745142097201395e+00,7.355127321594201462e-01,1.851284077645763748e+00,4.369408324007324040e+01,7.615735037005607921e+01,2.200000000000000178e+00
2.917999999999789651e+00,-6.301100370120938932e-01,-2.024209300512509024e+00,8.124938031003671179e-01,1.765864458804339510e+00,4.453584157468910121e+01,7.698107092608391611e+01,2.200000000000000178e+00
2.918999999999789541e+00,-6.284440320050670437e-01,-1.978902140978707314e+00,8.902662278322031053e-01,1.666005007026806206e+00,4.530715952354856313e+01,7.777242471699364046e+01,2.200000000000000178e+00
2.919999999999789431e+00,-6.268937353506742749e-01,-1.932900432415229908e+00,9.687974858234821296e-01,1.550296654392730344e+00,4.600170855308462592e+01,7.853125797659413365e+01,2.200000000000000178e+00
2.920999999999789321e+00,-6.254768193839194135e-01,-1.886287589431779654e+00,1.048054782323138978e+00,1.416915966754895839e+00,4.661284297302179880e+01,7.925729648525633309e+01,2.200000000000000178e+00
2.921999999999789210e+00,-6.242132290478866752e-01,-1.839154150186794956e+00,1.128004799659783952e+00,1.263590336032786476e+00,4.713343923460993778e+01,7.995001732264111638e+01,2.200000000000000178e+00
2.922999999999789100e+00,-6.231256617599976178e-01,-1.791598430791366603e+00,1.208613306070266402e+00,1.087567287889048551e+00,4.755571938518892949e+01,8.060850639697991937e+01,2.200000000000000178e+00
2.923999999999788990e+00,-6.222400708346644826e-01,-1.743727367209435108e+00,1.289844605191612148e+00,8.855909253331488706e-01,4.787106357190374695e+01,8.123129910844423307e+01,2.200000000000000178e+00
2.924999999999788880e+00,-6.215861803414309827e-01,-1.695657548512256252e+00,1.371660806129120003e+00,6.538904932335075637e-01,4.806981868744551178e+01,8.181620092531443333e+01,2.200000000000000178e+00
2.925999999999788770e+00,-6.211979916469039242e-01,-1.647516434642622762e+00,1.454020890902717689e+00,3.881886945270906497e-01,4.814111386029452433e+01,8.236008476223463504e+01,2.200000000000000178e+00
2.926999999999788660e+00,-6.211142509109393028e-01,-1.599443735571608016e+00,1.536879554258751890e+00,8.374073596466397040e-02,4.807269906221017663e+01,8.285866334566117075e+01,2.200000000000000178e+00
2.927999999999788550e+00,-6.213788319360092904e-01,-1.551592904374312409e+00,1.620185792234512645e+00,-2.645810250700033617e-01,4.785083118923603251e+01,8.330623796659392610e+01,2.200000000000000178e+00
2.928999999999788439e+00,-6.220409699603234310e-01,-1.504132661414979699e+00,1.703881223424188018e+00,-6.621380243141135047e-01,4.746024295233693380e+01,8.369543118201744392e+01,2.200000000000000178e+00
2.929999999999788329e+00,-6.231552603006244029e-01,-1.457248417757681436e+00,1.787898144861756133e+00,-1.114290340300935656e+00,4.688424365185118603e+01,8.401692143184169481e+01,2.200000000000000178e+00
2.930999999999788219e+00,-6.247813142410412190e-01,-1.411143401629956218e+00,1.872157358399731741e+00,-1.626053940416791743e+00,4.610501612454955023e+01,8.425921353476556419e+01,2.200000000000000178e+00
2.931999999999788109e+00,-6.269829493350396188e-01,-1.366039214152387604e+00,1.956565859795815987e+00,-2.201635093998448589e+00,4.510418747769971759e+01,8.440850139616405556e+01,2.200000000000000178e+00
2.932999999999787999e+00,-6.298267922944854602e-01,-1.322175458077607502e+00,2.041014566757376247e+00,-2.843842959445795238e+00,4.386375607964588852e+01,8.444870696590720627e+01,2.200000000000000178e+00
2.933999999999787889e+00,-6.333802032545094995e-01,-1.279808015006917765e+00,2.125376374383162403e+00,-3.553410960024075749e+00,4.236744308215612165e+01,8.436180763554224882e+01,2.200000000000000178e+00
2.934999999999787779e+00,-6.377085040625344314e-01,-1.239205525286813492e+00,2.209504956047932733e+00,-4.328300808024976298e+00,4.060248974044041859e+01,8.412858168111296209e+01,2.200000000000000178e+00
2.935999999999787669e+00,-6.428716170699888544e-01,-1.200643695942052336e+00,2.293234845251098886e+00,-5.163113007454465553e+00,3.856182937645951370e+01,8.372988922703623871e+01,2.200000000000000178e+00
2.936999999999787558e+00,-6.489203839277181141e-01,-1.164397272792909499e+00,2.376383386220989102e+00,-6.048766857729268587e+00,3.624642319453054284e+01,8.314854100155378092e+01,2.200000000000000178e+00
2.937999999999787448e+00,-6.558929986982766636e-01,-1.130729887846597670e+00,2.458755057876397032e+00,-6.972614770558511310e+00,3.366738500691678837e+01,8.237167169385193688e+01,2.200000000000000178e+00
2.938999999999787338e+00,-6.638120940403881010e-01,-1.099882499359185362e+00,2.540148395859076480e+00,-7.919095342111414304e+00,3.084738856315243183e+01,8.139333802496976489e+01,2.200000000000000178e+00
2.939999999999787228e+00,-6.726829979098932766e-01,-1.072061663214502136e+00,2.620365254328687055e+00,-8.870903869505193384e+00,2.782083623306694520e+01,8.021685851041382875e+01,2.200000000000000178e+00
2.940999999999787118e+00,-6.824935003569628789e-01,-1.047429222891355316e+00,2.699221555467940625e+00,-9.810502447069644916e+00,2.463244041881956292e+01,7.885630117084329527e+01,2.200000000000000178e+00
2.941999999999787008e+00,-6.932151710871721217e-01,-1.026094994339534328e+00,2.776558162784872774e+00,-1.072167073020919403e+01,2.133422864676825625e+01,7.733660732989822861e+01,2.200000000000000178e+00
2.942999999999786898e+00,-7.048059466896894332e-01,-1.008113573821859843e+00,2.852250305166049493e+00,-1.159077560251734518e+01,1.798142060223307936e+01,7.569214236584986111e+01,2.200000000000000178e+00
2.943999999999786787e+00,-7.172134760423818367e-01,-9.934856167502167379e-01,2.926214199479744593e+00,-1.240752935269243196e+01,1.462795713614790749e+01,7.396389426198641104e+01,2.200000000000000178e+00
2.944999999999786677e+00,-7.303786430932596163e-01,-9.821630826508216394e-01,2.998410114567259477e+00,-1.316516705087779826e+01,1.132253413597775449e+01,7.219591499461711237e+01,2.200000000000000178e+00
2.945999999999786567e+00,-7.442387724048556974e-01,-9.740572985431247277e-01,3.068841869282773693e+00,-1.386012931159610062e+01,8.105784111680900850e+00,7.043175458092957797e+01,2.200000000000000178e+00
2.946999999999786457e+00,-7.587302005931513271e-01,-9.690484266782549705e-01,3.137553399517583053e+00,-1.449142818829564483e+01,5.008871835361471625e+00,6.871153006241098637e+01,2.200000000000000178e+00
2.947999999999786347e+00,-7.737900878915414671e-01,-9.669950261379460787e-01,-3.078561916469204629e+00,-1.505988729839017459e+01,2.053400479928155775e+00,6.706999099001245668e+01,2.200000000000000178e+00
2.948999999999786237e+00,-7.893574931333627864e-01,-9.677427382938091904e-01,-3.013026281811579832e+00,-1.556740524182136376e+01,-7.477122418898858314e-01,6.553563443405332123e+01,2.200000000000000178e+00
2.949999999999786127e+00,-8.053738220995730890e-01,-9.711315383781256028e-01,-2.948895583482125549e+00,-1.601632896621029900e+01,-3.388800189334139290e+00,6.413069809539973676e+01,2.200000000000000178e+00
2.950999999999786017e+00,-8.217827898554714849e-01,-9.770013556942942490e-01,-2.886023825208002602e+00,-1.640896775589844125e+01,-5.869817433205430035e+00,6.287175803932436224e+01,2.200000000000000178e+00
2.951999999999785906e+00,-8.385300307270616704e-01,-9.851961159010791391e-01,-2.824253168305538075e+00,-1.674724087159013663e+01,-8.194760329384738640e+00,6.177065667526252923e+01,2.200000000000000178e+00
2.952999999999785796e+00,-8.555624635733064531e-01,-9.955663966573417012e-01,-2.763417626059656129e+00,-1.703243284624478093e+01,-1.037028087897415318e+01,6.083554203280860406e+01,2.200000000000000178e+00
2.953999999999785686e+00,-8.728274885468649824e-01,-1.007970937191965177e+00,-2.703345754953370594e+00,-1.726502497355858523e+01,-1.240454065317010723e+01,6.007187091202160190e+01,2.200000000000000178e+00
2.954999999999785576e+00,-8.902720623638178399e-01,-1.022277234396061552e+00,-2.643862463109742933e+00,-1.744457381695287523e+01,-1.430629731530268778e+01,5.948329167120674299e+01,2.200000000000000178e+00
2.955999999999785466e+00,-9.078416756500718998e-01,-1.038361419367307414e+00,-2.584790095419090772e+00,-1.756961328625408925e+01,-1.608418507281189846e+01,5.907236754178925509e+01,2.200000000000000178e+00
2.956999999999785356e+00,-9.254792391762942660e-01,-1.056107557084496884e+00,-2.525948967425834635e+00,-1.763756352622238666e+01,-1.774613780737936253e+01,5.884112786872785961e+01,2.200000000000000178e+00
2.957999999999785246e+00,-9.431238758070921158e-01,-1.075406458485142602e+00,-2.467157521365094031e+00,-1.764463663079779820e+01,-1.929890147793747701e+01,5.879144596074233675e+01,2.200000000000000178e+00
2.958999999999785135e+00,-9.607096120125171446e-01,-1.096154043750688700e+00,-2.408232278856849540e+00,-1.758573620542500393e+01,-2.074758532826419355e+01,5.892524243270408135e+01,2.200000000000000178e+00
2.959999999999785025e+00,-9.781639679398264065e-01,-1.118249250318821053e+00,-2.348987773263818468e+00,-1.745435592730922991e+01,-2.209520661406530095e+01,5.924450554185416706e+01,2.200000000000000178e+00
2.960999999999784915e+00,-9.954064608115775759e-01,-1.141591440655415735e+00,-2.289236665429148054e+00,-1.724249287175113565e+01,-2.334219036258832602e+01,5.975110780791882803e+01,2.200000000000000178e+00
2.961999999999784805e+00,-1.012347066947542062e+00,-1.166077236138229667e+00,-2.228790281651833460e+00,-1.694060613596438358e+01,-2.448579548433907505e+01,6.044638377529439310e+01,2.200000000000000178e+00
2.962999999999784695e+00,-1.028884738651233866e+00,-1.191596691026421739e+00,-2.167459860888557799e+00,-1.653767170369171069e+01,-2.551945485887424425e+01,6.133042078652901807e+01,2.200000000000000178e+00
2.963999999999784585e+00,-1.044906149518533001e+00,-1.218028736677042589e+00,-2.105058851402926479e+00,-1.602141086729912089e+01,-2.643204558177421859e+01,6.240100953477066525e+01,2.200000000000000178e+00
2.964999999999784475e+00,-1.060284948333641619e+00,-1.245235890974442539e+00,-2.041406636189483148e+00,-1.537879881510860614e+01,-2.720715417763364741e+01,6.365221528877409440e+01,2.200000000000000178e+00
2.965999999999784364e+00,-1.074881930464107738e+00,-1.273058369278038615e+00,-1.976334054381293281e+00,-1.459698213046601545e+01,-2.782247811866496789e+01,6.507258190901410444e+01,2.200000000000000178e+00
2.966999999999784254e+00,-1.088546657818192820e+00,-1.301307981110868539e+00,-1.909690962394846148e+00,-1.366472735408510175e+01,-2.824961156602175194e+01,6.664309210991788746e+01,2.200000000000000178e+00
2.967999999999784144e+00,-1.101121110542308879e+00,-1.329762565577665701e+00,-1.841355765108705800e+00,-1.257445272411600889e+01,-2.845458410027282525e+01,6.833519742557918164e+01,2.200000000000000178e+00
2.968999999999784034e+00,-1.112445834370446862e+00,-1.358162170628979704e+00,-1.771246275692702321e+00,-1.132472382813793566e+01,-2.839960456887421003e+01,7.010948955871188559e+01,2.200000000000000178e+00
2.969999999999783924e+00,-1.122368647103808570e+00,-1.386208578310699213e+00,-1.699330444131567308e+00,-9.922812733361753956e+00,-2.804640707328540117e+01,7.191583168602875276e+01,2.200000000000000178e+00
2.970999999999783814e+00,-1.130755250962911740e+00,-1.413569852422922546e+00,-1.625634621244896660e+00,-8.386603859103200165e+00,-2.736127337970918916e+01,7.369582296252971787e+01,2.200000000000000178e+00
2.971999999999783704e+00,-1.137500219859933548e+00,-1.439891005283991277e+00,-1.550246532630612295e+00,-6.744968897021882626e+00,-2.632115202418729893e+01,7.538808859995499745e+01,2.200000000000000178e+00
2.972999999999783594e+00,-1.142536182616495477e+00,-1.464810474864744583e+00,-1.473310586841901415e+00,-5.035962756561887410e+00,-2.491946868019019234e+01,7.693594563664011332e+01,2.200000000000000178e+00
2.973999999999783483e+00,-1.145839067616477358e+00,-1.487980167113028829e+00,-1.395014834864988451e+00,-3.302884999981789971e+00,-2.316969134342127390e+01,7.829575164061634496e+01,2.200000000000000178e+00
2.974999999999783373e+00,-1.147428193443363886e+00,-1.509085202778862822e+00,-1.315571415480304651e+00,-1.589125826886611526e+00,-2.110503482585918178e+01,7.944341882890111606e+01,2.200000000000000178e+00
2.975999999999783263e+00,-1.147361437779991000e+00,-1.527859194926002750e+00,-1.235194505507236640e+00,6.675566337281724216e-02,-1.877399143757087430e+01,8.037690918337345636e+01,2.200000000000000178e+00
2.976999999999783153e+00,-1.145726994332683990e+00,-1.544092219643911967e+00,-1.154080455204830491e+00,1.634443447307007080e+00,-1.623302418729180729e+01,8.111404929044061873e+01,2.200000000000000178e+00
2.977999999999783043e+00,-1.142633779861041310e+00,-1.557630965034205728e+00,-1.072393625150027230e+00,3.093214471642763641e+00,-1.353874506199131211e+01,8.168682885690503781e+01,2.200000000000000178e+00
2.978999999999782933e+00,-1.138202315848331203e+00,-1.568372657639375056e+00,-9.902592455526910697e-01,4.431464012710003786e+00,-1.074169247651754411e+01,8.213437826725552782e+01,2.200000000000000178e+00
2.979999999999782823e+00,-1.132557221196141661e+00,-1.576255419756408926e+00,-9.077625827108377621e-01,5.645094652189492024e+00,-7.882762164703743579e+00,8.249666144055238703e+01,2.200000000000000178e+00
2.980999999999782712e+00,-1.125821726638792430e+00,-1.581247631924308950e+00,-8.249525679029090508e-01,6.735494557349177569e+00,-4.992212356298583842e+00,8.281001339392319949e+01,2.200000000000000178e+00
2.981999999999782602e+00,-1.118114105349240495e+00,-1.583338130629251106e+00,-7.418478675844198955e-01,7.707621289551990884e+00,-2.090498994484272899e+00,8.310469894102106991e+01,2.200000000000000178e+00
2.982999999999782492e+00,-1.109545656543834857e+00,-1.582528197527164115e+00,-6.584437804384534187e-01,8.568448805405566304e+00,8.099327487669203407e-01,8.340408584169091455e+01,2.200000000000000178e+00
2.983999999999782382e+00,-1.100219816520931815e+00,-1.578825613491854796e+00,-5.747189310515748994e-01,9.325840022903141957e+00,3.702583649750782691e+00,8.372484817951679759e+01,2.200000000000000178e+00
2.984999999999782272e+00,-1.090232016813059257e+00,-1.572240643978197960e+00,-4.906412419101596201e-01,9.987799707872445865e+00,6.584969120206217497e+00,8.407768804331786328e+01,2.200000000000000178e+00
2.985999999999782162e+00,-1.079669994675568789e+00,-1.562783643738155037e+00,-4.061730175423327593e-01,1.056202213749047480e+01,9.456999856006495619e+00,8.446822338241305772e+01,2.200000000000000178e+00
2.986999999999782052e+00,-1.068614348852306106e+00,-1.550463934058826210e+00,-3.212751752349535805e-01,1.105564582326261736e+01,1.231970931596034724e+01,8.489784143172209951e+01,2.200000000000000178e+00
2.987999999999781942e+00,-1.057139207484133925e+00,-1.535289642439393809e+00,-2.359107483532693617e-01,1.147514136817211394e+01,1.517429128321521858e+01,8.536442610879262816e+01,2.200000000000000178e+00
2.988999999999781831e+00,-1.045312931801907208e+00,-1.517268256968630880e+00,-1.500478138319532584e-01,1.182627568222665282e+01,1.802138516469249296e+01,8.586293384195518286e+01,2.200000000000000178e+00
2.989999999999781721e+00,-1.033198821094741371e+00,-1.496407711692514519e+00,-6.366198641806811165e-02,1.211411070716583893e+01,2.086054500079949392e+01,8.638582681789951323e+01,2.200000000000000178e+00
2.990999999999781611e+00,-1.020855815163786318e+00,-1.472717875252289588e+00,2.326140191900184437e-02,1.234300593095513676e+01,2.368983619475957170e+01,8.692338781428591687e+01,2.200000000000000178e+00
2.991999999999781501e+00,-1.008339213509754195e+00,-1.446212360792392237e+00,1.107253482608821088e-01,1.251660165403210456e+01,2.650551424252359212e+01,8.746394588265783909e+01,2.200000000000000178e+00
2.992999999999781391e+00,-9.957014481332602251e-01,-1.416910611366573480e+00,1.987193920060726093e-01,1.263776537649398968e+01,2.930174923437607504e+01,8.799404334073049938e+01,2.200000000000000178e+00
2.993999999999781281e+00,-9.829929597490810744e-01,-1.384840242860537973e+00,2.872179681176854626e-01,1.270848838417911608e+01,3.207036833826717981e+01,8.849857575408748289e+01,2.200000000000000178e+00
2.994999999999781171e+00,-9.702632342143964195e-01,-1.350039645340728400e+00,3.761789088207690424e-01,1.272972553468469492e+01,3.480059737353719385e+01,8.896094038564328343e+01,2.200000000000000178e+00
2.995999999999781060e+00,-9.575620535380523490e-01,-1.312560850410285473e+00,4.655421456881134734e-01,1.270118067634409798e+01,3.747879480364991167e+01,8.936323658405002845e+01,2.200000000000000178e+00
2.996999999999780950e+00,-9.449409979007391547e-01,-1.272472659349321633e+00,5.552287202666196242e-01,1.262105563731320146e+01,4.008819095178934333e+01,8.968657432419630027e+01,2.200000000000000178e+00
2.997999999999780840e+00,-9.324551934143110454e-01,-1.229863982930932131e+00,6.451402837457727024e-01,1.248580448642815277e+01,4.260867632503323676e+01,8.991156324925424315e+01,2.200000000000000178e+00
2.998999999999780730e+00,-9.201652264728252817e-01,-1.184847254233118319e+00,7.351593531532115700e-01,1.228996694148572111e+01,4.501672861835263717e+01,9.001906919771602134e+01,2.200000000000000178e+00
