t,phi,alpha,theta,phi_dot,alpha_dot,theta_dot,tau,x_roll
0.0010,0.000000,-0.000000,0.150098,0.0000,0.0000,0.0000,2.20,0.000000
0.0020,-0.000262,-0.000000,0.150098,-0.2617,0.0000,0.0000,2.20,0.000000
0.0030,-0.000784,-0.000731,0.150629,-0.5221,-0.7306,0.5314,2.20,0.000000
0.0040,-0.001565,-0.002188,0.151689,-0.7811,-1.4573,1.0598,2.20,0.000001
0.0050,-0.002604,-0.004368,0.153274,-1.0389,-2.1796,1.5845,2.20,0.000001
0.0060,-0.003899,-0.007265,0.155379,-1.2955,-2.8976,2.1052,2.20,0.000001
0.0070,-0.005450,-0.010876,0.158000,-1.5509,-3.6111,2.6215,2.20,0.000001
0.0080,-0.007256,-0.015196,0.161133,-1.8052,-4.3198,3.1327,2.20,0.000001
0.0090,-0.009314,-0.020220,0.164772,-2.0584,-5.0235,3.6385,2.20,0.000000
0.0100,-0.011624,-0.025941,0.168910,-2.3102,-5.7218,4.1382,2.20,-0.000000
0.0110,-0.014185,-0.032356,0.173541,-2.5606,-6.4143,4.6311,2.20,-0.000001
0.0120,-0.016994,-0.039456,0.178658,-2.8093,-7.1002,5.1167,2.00,-0.000002
0.0130,-0.020026,-0.047235,0.184252,-3.0325,-7.7788,5.5940,1.56,-0.000003
0.0140,-0.023227,-0.055620,0.190268,-3.2009,-8.3849,6.0169,0.97,-0.000004
0.0150,-0.026524,-0.064459,0.196598,-3.2969,-8.8391,6.3300,0.32,-0.000005
0.0160,-0.029839,-0.073553,0.203100,-3.3146,-9.0948,6.5018,-0.30,-0.000005
0.0170,-0.033097,-0.082691,0.209624,-3.2586,-9.1375,6.5235,-0.82,-0.000005
0.0180,-0.036239,-0.091672,0.216030,-3.1414,-8.9811,6.4063,-1.20,-0.000004
0.0190,-0.039219,-0.100333,0.222206,-2.9806,-8.6609,6.1764,-1.43,-0.000002
0.0200,-0.042015,-0.108558,0.228075,-2.7956,-8.2252,5.8681,-1.50,-0.000001
0.0210,-0.044620,-0.116285,0.233593,-2.6050,-7.7270,5.5189,-1.43,0.000001
0.0220,-0.047044,-0.123501,0.238757,-2.4243,-7.2161,5.1634,-1.27,0.000003
0.0230,-0.049309,-0.130235,0.243587,-2.2647,-6.7342,4.8300,-1.04,0.000005
0.0240,-0.051442,-0.136546,0.248126,-2.1328,-6.3109,4.5389,-0.80,0.000006
0.0250,-0.053472,-0.142509,0.252427,-2.0304,-5.9630,4.3011,-0.56,0.000007
0.0260,-0.055428,-0.148205,0.256546,-1.9557,-5.6953,4.1193,-0.36,0.000007
0.0270,-0.057332,-0.153707,0.260536,-1.9044,-5.5025,3.9897,-0.22,0.000007
0.0280,-0.059203,-0.159080,0.264439,-1.8704,-5.3725,3.9034,-0.12,0.000007
0.0290,-0.061050,-0.164369,0.268289,-1.8472,-5.2891,3.8492,-0.08,0.000006
0.0300,-0.062879,-0.169603,0.272104,-1.8289,-5.2348,3.8151,-0.09,0.000006
0.0310,-0.064689,-0.174797,0.275894,-1.8103,-5.1937,3.7899,-0.12,0.000005
0.0320,-0.066477,-0.179949,0.279658,-1.7880,-5.1522,3.7645,-0.18,0.000005
0.0330,-0.068236,-0.185050,0.283390,-1.7595,-5.1008,3.7324,-0.25,0.000005
0.0340,-0.069961,-0.190084,0.287080,-1.7242,-5.0336,3.6896,-0.31,0.000005
0.0350,-0.071643,-0.195032,0.290715,-1.6822,-4.9484,3.6347,-0.37,0.000005
0.0360,-0.073278,-0.199878,0.294283,-1.6346,-4.8459,3.5683,-0.42,0.000005
0.0370,-0.074860,-0.204607,0.297775,-1.5828,-4.7288,3.4922,-0.45,0.000006
0.0380,-0.076389,-0.209208,0.301184,-1.5285,-4.6009,3.4091,-0.46,0.000006
0.0390,-0.077862,-0.213674,0.304506,-1.4731,-4.4667,3.3219,-0.47,0.000006
0.0400,-0.079280,-0.218005,0.307740,-1.4180,-4.3301,3.2334,-0.46,0.000007
0.0410,-0.080644,-0.222199,0.310886,-1.3643,-4.1946,3.1459,-0.45,0.000007
0.0420,-0.081957,-0.226262,0.313947,-1.3125,-4.0628,3.0612,-0.44,0.000007
0.0430,-0.083220,-0.230198,0.316927,-1.2629,-3.9364,2.9803,-0.42,0.000008
0.0440,-0.084435,-0.234014,0.319831,-1.2158,-3.8162,2.9037,-0.41,0.000008
0.0450,-0.085606,-0.237717,0.322662,-1.1708,-3.7024,2.8317,-0.39,0.000008
0.0460,-0.086734,-0.241312,0.325426,-1.1279,-3.5947,2.7639,-0.38,0.000008
0.0470,-0.087821,-0.244804,0.328126,-1.0866,-3.4923,2.6998,-0.37,0.000008
0.0480,-0.088867,-0.248198,0.330765,-1.0466,-3.3945,2.6389,-0.37,0.000008
0.0490,-0.089875,-0.251499,0.333345,-1.0077,-3.3004,2.5805,-0.37,0.000008
0.0500,-0.090845,-0.254708,0.335870,-0.9696,-3.2091,2.5242,-0.36,0.000008
0.0510,-0.091777,-0.257828,0.338339,-0.9321,-3.1201,2.4694,-0.36,0.000008
0.0520,-0.092672,-0.260861,0.340755,-0.8952,-3.0328,2.4159,-0.36,0.000008
0.0530,-0.093530,-0.263808,0.343118,-0.8586,-2.9469,2.3634,-0.37,0.000008
0.0540,-0.094353,-0.266670,0.345430,-0.8224,-2.8621,2.3117,-0.37,0.000008
0.0550,-0.095139,-0.269448,0.347691,-0.7866,-2.7785,2.2608,-0.37,0.000008
0.0560,-0.095891,-0.272144,0.349902,-0.7511,-2.6958,2.2107,-0.37,0.000008
0.0570,-0.096607,-0.274758,0.352063,-0.7161,-2.6142,2.1613,-0.37,0.000008
0.0580,-0.097288,-0.277292,0.354176,-0.6814,-2.5338,2.1126,-0.37,0.000008
0.0590,-0.097935,-0.279747,0.356240,-0.6473,-2.4545,2.0648,-0.37,0.000008
0.0600,-0.098549,-0.282123,0.358258,-0.6136,-2.3765,2.0179,-0.37,0.000008
0.0610,-0.099129,-0.284423,0.360230,-0.5804,-2.2997,1.9719,-0.36,0.000008
0.0620,-0.099677,-0.286647,0.362157,-0.5477,-2.2243,1.9267,-0.36,0.000008
0.0630,-0.100193,-0.288797,0.364039,-0.5155,-2.1502,1.8825,-0.36,0.000008
0.0640,-0.100676,-0.290875,0.365879,-0.4838,-2.0775,1.8392,-0.36,0.000008
0.0650,-0.101129,-0.292881,0.367675,-0.4526,-2.0061,1.7967,-0.36,0.000008
0.0660,-0.101551,-0.294817,0.369430,-0.4219,-1.9360,1.7552,-0.36,0.000008
0.0670,-0.101943,-0.296684,0.371145,-0.3917,-1.8672,1.7145,-0.36,0.000008
0.0680,-0.102305,-0.298484,0.372819,-0.3619,-1.7996,1.6746,-0.35,0.000008
0.0690,-0.102637,-0.300217,0.374455,-0.3326,-1.7332,1.6355,-0.35,0.000008
0.0700,-0.102941,-0.301885,0.376052,-0.3036,-1.6680,1.5972,-0.35,0.000009
0.0710,-0.103216,-0.303489,0.377612,-0.2752,-1.6039,1.5596,-0.35,0.000009
0.0720,-0.103463,-0.305030,0.379134,-0.2471,-1.5409,1.5227,-0.35,0.000009
0.0730,-0.103682,-0.306509,0.380621,-0.2194,-1.4790,1.4865,-0.35,0.000009
0.0740,-0.103875,-0.307927,0.382072,-0.1921,-1.4182,1.4510,-0.35,0.000009
0.0750,-0.104040,-0.309285,0.383488,-0.1652,-1.3583,1.4162,-0.35,0.000009
0.0760,-0.104178,-0.310585,0.384870,-0.1387,-1.2994,1.3819,-0.35,0.000009
0.0770,-0.104291,-0.311826,0.386218,-0.1126,-1.2415,1.3483,-0.34,0.000009
0.0780,-0.104378,-0.313011,0.387534,-0.0868,-1.1845,1.3153,-0.34,0.000009
0.0790,-0.104439,-0.314139,0.388817,-0.0613,-1.1285,1.2829,-0.34,0.000009
0.0800,-0.104475,-0.315213,0.390068,-0.0363,-1.0733,1.2510,-0.34,0.000009
0.0810,-0.104487,-0.316232,0.391287,-0.0115,-1.0191,1.2197,-0.34,0.000009
0.0820,-0.104474,-0.317197,0.392476,0.0129,-0.9657,1.1889,-0.34,0.000009
0.0830,-0.104437,-0.318110,0.393635,0.0370,-0.9131,1.1586,-0.34,0.000008
0.0840,-0.104376,-0.318972,0.394764,0.0607,-0.8613,1.1288,-0.34,0.000008
0.0850,-0.104292,-0.319782,0.395863,0.0842,-0.8104,1.0996,-0.33,0.000008
0.0860,-0.104185,-0.320542,0.396934,0.1073,-0.7603,1.0708,-0.33,0.000008
0.0870,-0.104055,-0.321253,0.397976,0.1301,-0.7109,1.0425,-0.33,0.000008
0.0880,-0.103902,-0.321915,0.398991,0.1526,-0.6623,1.0146,-0.33,0.000008
0.0890,-0.103727,-0.322530,0.399978,0.1749,-0.6144,0.9872,-0.33,0.000008
0.0900,-0.103530,-0.323097,0.400939,0.1968,-0.5673,0.9602,-0.33,0.000008
0.0910,-0.103312,-0.323618,0.401872,0.2184,-0.5209,0.9337,-0.33,0.000008
0.0920,-0.103072,-0.324093,0.402780,0.2398,-0.4751,0.9076,-0.33,0.000008
0.0930,-0.102811,-0.324523,0.403662,0.2609,-0.4301,0.8819,-0.33,0.000008
0.0940,-0.102530,-0.324909,0.404518,0.2817,-0.3858,0.8565,-0.32,0.000008
0.0950,-0.102227,-0.325251,0.405350,0.3022,-0.3421,0.8316,-0.32,0.000008
0.0960,-0.101905,-0.325550,0.406157,0.3225,-0.2990,0.8071,-0.32,0.000008
0.0970,-0.101563,-0.325807,0.406940,0.3425,-0.2566,0.7829,-0.32,0.000008
0.0980,-0.101200,-0.326022,0.407699,0.3622,-0.2149,0.7591,-0.32,0.000008
0.0990,-0.100819,-0.326195,0.408434,0.3817,-0.1737,0.7356,-0.32,0.000008
0.1000,-0.100418,-0.326329,0.409147,0.4009,-0.1332,0.7125,-0.32,0.000008
0.1010,-0.099998,-0.326422,0.409837,0.4199,-0.0933,0.6897,-0.32,0.000008
0.1020,-0.099559,-0.326476,0.410504,0.4386,-0.0539,0.6673,-0.31,0.000008
0.1030,-0.099102,-0.326491,0.411149,0.4571,-0.0151,0.6452,-0.31,0.000008
0.1040,-0.098627,-0.326468,0.411772,0.4754,0.0231,0.6234,-0.31,0.000008
0.1050,-0.098133,-0.326407,0.412374,0.4934,0.0607,0.6019,-0.31,0.000008
0.1060,-0.097622,-0.326309,0.412955,0.5112,0.0978,0.5807,-0.31,0.000008
0.1070,-0.097093,-0.326175,0.413515,0.5287,0.1344,0.5599,-0.31,0.000008
0.1080,-0.096547,-0.326005,0.414054,0.5460,0.1704,0.5393,-0.31,0.000008
0.1090,-0.095984,-0.325799,0.414573,0.5631,0.2059,0.5190,-0.31,0.000008
0.1100,-0.095404,-0.325558,0.415072,0.5800,0.2408,0.4991,-0.30,0.000008
0.1110,-0.094808,-0.325283,0.415552,0.5966,0.2753,0.4793,-0.30,0.000008
0.1120,-0.094195,-0.324973,0.416012,0.6130,0.3092,0.4599,-0.30,0.000008
0.1130,-0.093565,-0.324631,0.416452,0.6292,0.3426,0.4408,-0.30,0.000008
0.1140,-0.092920,-0.324255,0.416874,0.6452,0.3756,0.4219,-0.30,0.000008
0.1150,-0.092259,-0.323847,0.417278,0.6610,0.4080,0.4033,-0.30,0.000008
0.1160,-0.091583,-0.323407,0.417663,0.6765,0.4400,0.3849,-0.30,0.000008
0.1170,-0.090891,-0.322936,0.418029,0.6919,0.4715,0.3668,-0.30,0.000008
0.1180,-0.090184,-0.322433,0.418378,0.7070,0.5025,0.3490,-0.29,0.000008
0.1190,-0.089462,-0.321900,0.418710,0.7219,0.5330,0.3314,-0.29,0.000008
0.1200,-0.088725,-0.321337,0.419024,0.7366,0.5631,0.3141,-0.29,0.000008
0.1210,-0.087974,-0.320745,0.419321,0.7511,0.5927,0.2970,-0.29,0.000008
0.1220,-0.087209,-0.320123,0.419601,0.7654,0.6219,0.2801,-0.29,0.000008
0.1230,-0.086429,-0.319472,0.419864,0.7795,0.6506,0.2635,-0.29,0.000008
0.1240,-0.085636,-0.318793,0.420111,0.7934,0.6788,0.2471,-0.29,0.000008
0.1250,-0.084829,-0.318087,0.420342,0.8071,0.7066,0.2310,-0.29,0.000008
0.1260,-0.084008,-0.317353,0.420557,0.8205,0.7340,0.2151,-0.28,0.000008
0.1270,-0.083174,-0.316592,0.420757,0.8338,0.7610,0.1994,-0.28,0.000008
0.1280,-0.082328,-0.315804,0.420941,0.8469,0.7875,0.1839,-0.28,0.000008
0.1290,-0.081468,-0.314991,0.421109,0.8598,0.8135,0.1687,-0.28,0.000008
0.1300,-0.080595,-0.314151,0.421263,0.8725,0.8392,0.1537,-0.28,0.000008
0.1310,-0.079710,-0.313287,0.421402,0.8849,0.8644,0.1389,-0.28,0.000008
0.1320,-0.078813,-0.312398,0.421526,0.8972,0.8892,0.1243,-0.28,0.000008
0.1330,-0.077904,-0.311484,0.421636,0.9093,0.9136,0.1100,-0.27,0.000008
0.1340,-0.076983,-0.310547,0.421732,0.9212,0.9376,0.0959,-0.27,0.000008
0.1350,-0.076050,-0.309585,0.421814,0.9329,0.9611,0.0820,-0.27,0.000008
0.1360,-0.075105,-0.308601,0.421883,0.9444,0.9843,0.0683,-0.27,0.000008
0.1370,-0.074150,-0.307594,0.421937,0.9557,1.0070,0.0548,-0.27,0.000008
0.1380,-0.073183,-0.306565,0.421979,0.9668,1.0293,0.0415,-0.27,0.000008
0.1390,-0.072205,-0.305514,0.422007,0.9778,1.0512,0.0285,-0.27,0.000008
0.1400,-0.071216,-0.304441,0.422023,0.9885,1.0727,0.0157,-0.26,0.000008
0.1410,-0.070217,-0.303347,0.422026,0.9990,1.0938,0.0030,-0.26,0.000008
0.1420,-0.069208,-0.302233,0.422017,1.0094,1.1145,-0.0094,-0.26,0.000008
0.1430,-0.068189,-0.301098,0.421995,1.0195,1.1348,-0.0216,-0.26,0.000008
0.1440,-0.067159,-0.299943,0.421961,1.0295,1.1547,-0.0336,-0.26,0.000008
0.1450,-0.066120,-0.298769,0.421916,1.0392,1.1742,-0.0454,-0.26,0.000008
0.1460,-0.065071,-0.297575,0.421859,1.0488,1.1934,-0.0570,-0.25,0.000008
0.1470,-0.064013,-0.296363,0.421791,1.0582,1.2121,-0.0683,-0.25,0.000008
0.1480,-0.062945,-0.295133,0.421711,1.0674,1.2304,-0.0795,-0.25,0.000007
0.1490,-0.061869,-0.293885,0.421621,1.0764,1.2483,-0.0905,-0.25,0.000007
0.1500,-0.060784,-0.292619,0.421520,1.0852,1.2658,-0.1012,-0.25,0.000007
0.1510,-0.059690,-0.291336,0.421408,1.0938,1.2830,-0.1118,-0.25,0.000007
0.1520,-0.058588,-0.290036,0.421286,1.1022,1.2997,-0.1221,-0.25,0.000007
0.1530,-0.057477,-0.288720,0.421153,1.1105,1.3161,-0.1322,-0.24,0.000007
0.1540,-0.056359,-0.287388,0.421011,1.1185,1.3320,-0.1422,-0.24,0.000007
0.1550,-0.055232,-0.286040,0.420859,1.1264,1.3476,-0.1519,-0.24,0.000007
0.1560,-0.054098,-0.284678,0.420698,1.1340,1.3628,-0.1614,-0.24,0.000007
0.1570,-0.052957,-0.283300,0.420527,1.1415,1.3776,-0.1707,-0.24,0.000007
0.1580,-0.051808,-0.281908,0.420347,1.1487,1.3920,-0.1798,-0.24,0.000007
0.1590,-0.050652,-0.280502,0.420159,1.1558,1.4060,-0.1887,-0.23,0.000007
0.1600,-0.049490,-0.279082,0.419961,1.1627,1.4196,-0.1974,-0.23,0.000007
0.1610,-0.048320,-0.277650,0.419755,1.1694,1.4329,-0.2059,-0.23,0.000007
0.1620,-0.047144,-0.276204,0.419541,1.1759,1.4458,-0.2142,-0.23,0.000007
0.1630,-0.045962,-0.274746,0.419319,1.1823,1.4582,-0.2223,-0.23,0.000007
0.1640,-0.044774,-0.273275,0.419089,1.1884,1.4703,-0.2302,-0.23,0.000007
0.1650,-0.043579,-0.271793,0.418851,1.1943,1.4820,-0.2378,-0.22,0.000007
0.1660,-0.042379,-0.270300,0.418606,1.2001,1.4934,-0.2453,-0.22,0.000007
0.1670,-0.041174,-0.268795,0.418353,1.2056,1.5043,-0.2525,-0.22,0.000007
0.1680,-0.039963,-0.267281,0.418093,1.2110,1.5149,-0.2596,-0.22,0.000007
0.1690,-0.038746,-0.265755,0.417827,1.2162,1.5251,-0.2664,-0.22,0.000007
0.1700,-0.037525,-0.264221,0.417554,1.2211,1.5349,-0.2731,-0.22,0.000007
0.1710,-0.036299,-0.262676,0.417274,1.2259,1.5443,-0.2795,-0.21,0.000007
0.1720,-0.035069,-0.261123,0.416989,1.2305,1.5534,-0.2857,-0.21,0.000007
0.1730,-0.033834,-0.259561,0.416697,1.2349,1.5620,-0.2917,-0.21,0.000007
0.1740,-0.032595,-0.257991,0.416399,1.2392,1.5703,-0.2975,-0.21,0.000007
0.1750,-0.031352,-0.256412,0.416096,1.2432,1.5782,-0.3032,-0.21,0.000007
0.1760,-0.030105,-0.254827,0.415788,1.2470,1.5858,-0.3086,-0.21,0.000007
0.1770,-0.028854,-0.253234,0.415474,1.2507,1.5929,-0.3138,-0.20,0.000007
0.1780,-0.027600,-0.251634,0.415155,1.2542,1.5997,-0.3188,-0.20,0.000007
0.1790,-0.026342,-0.250028,0.414832,1.2574,1.6062,-0.3236,-0.20,0.000007
0.1800,-0.025082,-0.248416,0.414504,1.2605,1.6122,-0.3281,-0.20,0.000007
0.1810,-0.023818,-0.246798,0.414171,1.2634,1.6179,-0.3325,-0.20,0.000007
0.1820,-0.022552,-0.245174,0.413834,1.2661,1.6232,-0.3367,-0.19,0.000007
0.1830,-0.021283,-0.243546,0.413494,1.2687,1.6281,-0.3407,-0.19,0.000007
0.1840,-0.020012,-0.241914,0.413149,1.2710,1.6327,-0.3445,-0.19,0.000007
0.1850,-0.018739,-0.240277,0.412801,1.2732,1.6369,-0.3480,-0.19,0.000007
0.1860,-0.017464,-0.238636,0.412450,1.2751,1.6407,-0.3514,-0.19,0.000007
0.1870,-0.016187,-0.236992,0.412095,1.2769,1.6442,-0.3546,-0.19,0.000007
0.1880,-0.014909,-0.235344,0.411738,1.2785,1.6474,-0.3576,-0.18,0.000007
0.1890,-0.013629,-0.233694,0.411377,1.2799,1.6501,-0.3603,-0.18,0.000007
0.1900,-0.012348,-0.232042,0.411014,1.2811,1.6525,-0.3629,-0.18,0.000007
0.1910,-0.011065,-0.230387,0.410649,1.2822,1.6546,-0.3653,-0.18,0.000007
0.1920,-0.009782,-0.228731,0.410281,1.2831,1.6563,-0.3675,-0.18,0.000007
0.1930,-0.008499,-0.227073,0.409912,1.2837,1.6576,-0.3695,-0.18,0.000007
0.1940,-0.007214,-0.225415,0.409541,1.2842,1.6586,-0.3713,-0.17,0.000007
0.1950,-0.005930,-0.223756,0.409168,1.2846,1.6592,-0.3729,-0.17,0.000007
0.1960,-0.004645,-0.222096,0.408793,1.2847,1.6595,-0.3743,-0.17,0.000007
0.1970,-0.003360,-0.220436,0.408418,1.2847,1.6595,-0.3756,-0.17,0.000007
0.1980,-0.002076,-0.218777,0.408041,1.2845,1.6591,-0.3766,-0.17,0.000007
0.1990,-0.000792,-0.217119,0.407664,1.2841,1.6584,-0.3775,-0.17,0.000007
0.2000,0.000492,-0.215462,0.407286,1.2835,1.6573,-0.3781,-0.16,0.000007
0.2010,0.001774,-0.213806,0.406907,1.2828,1.6560,-0.3786,-0.16,0.000007
0.2020,0.003056,-0.212151,0.406528,1.2819,1.6542,-0.3789,-0.16,0.000007
0.2030,0.004337,-0.210499,0.406149,1.2808,1.6522,-0.3791,-0.16,0.000007
0.2040,0.005617,-0.208849,0.405770,1.2795,1.6498,-0.3790,-0.16,0.000007
0.2050,0.006895,-0.207202,0.405391,1.2781,1.6471,-0.3788,-0.16,0.000006
0.2060,0.008171,-0.205558,0.405013,1.2765,1.6441,-0.3784,-0.16,0.000006
0.2070,0.009446,-0.203917,0.404635,1.2748,1.6408,-0.3778,-0.15,0.000006
0.2080,0.010719,-0.202280,0.404258,1.2729,1.6372,-0.3771,-0.15,0.000006
0.2090,0.011990,-0.200647,0.403882,1.2708,1.6332,-0.3761,-0.15,0.000006
0.2100,0.013258,-0.199018,0.403507,1.2685,1.6290,-0.3751,-0.15,0.000006
0.2110,0.014524,-0.197394,0.403133,1.2661,1.6244,-0.3738,-0.15,0.000006
0.2120,0.015788,-0.195774,0.402761,1.2635,1.6196,-0.3724,-0.15,0.000006
0.2130,0.017049,-0.194160,0.402390,1.2608,1.6144,-0.3709,-0.15,0.000006
0.2140,0.018307,-0.192551,0.402021,1.2579,1.6090,-0.3691,-0.14,0.000006
0.2150,0.019561,-0.190947,0.401653,1.2548,1.6032,-0.3673,-0.14,0.000006
0.2160,0.020813,-0.189350,0.401288,1.2516,1.5972,-0.3652,-0.14,0.000006
0.2170,0.022061,-0.187759,0.400925,1.2483,1.5910,-0.3631,-0.14,0.000006
0.2180,0.023306,-0.186175,0.400564,1.2448,1.5844,-0.3608,-0.14,0.000006
0.2190,0.024547,-0.184597,0.400206,1.2411,1.5776,-0.3583,-0.14,0.000006
0.2200,0.025784,-0.183027,0.399850,1.2373,1.5705,-0.3557,-0.14,0.000006
0.2210,0.027018,-0.181464,0.399497,1.2334,1.5631,-0.3530,-0.13,0.000006
0.2220,0.028247,-0.179908,0.399147,1.2292,1.5555,-0.3501,-0.13,0.000006
0.2230,0.029472,-0.178361,0.398800,1.2250,1.5476,-0.3471,-0.13,0.000006
0.2240,0.030693,-0.176821,0.398456,1.2206,1.5395,-0.3439,-0.13,0.000006
0.2250,0.031909,-0.175290,0.398115,1.2161,1.5311,-0.3407,-0.13,0.000006
0.2260,0.033120,-0.173768,0.397778,1.2114,1.5225,-0.3373,-0.13,0.000006
0.2270,0.034327,-0.172254,0.397444,1.2066,1.5136,-0.3338,-0.13,0.000006
0.2280,0.035529,-0.170750,0.397114,1.2017,1.5045,-0.3302,-0.13,0.000006
0.2290,0.036725,-0.169254,0.396788,1.1966,1.4952,-0.3265,-0.12,0.000006
0.2300,0.037917,-0.167769,0.396465,1.1914,1.4857,-0.3226,-0.12,0.000006
0.2310,0.039103,-0.166293,0.396146,1.1861,1.4759,-0.3187,-0.12,0.000006
0.2320,0.040283,-0.164827,0.395832,1.1806,1.4659,-0.3146,-0.12,0.000006
0.2330,0.041458,-0.163371,0.395521,1.1750,1.4558,-0.3105,-0.12,0.000006
0.2340,0.042628,-0.161926,0.395215,1.1693,1.4454,-0.3063,-0.12,0.000006
0.2350,0.043791,-0.160491,0.394913,1.1635,1.4348,-0.3019,-0.12,0.000006
0.2360,0.044949,-0.159067,0.394616,1.1575,1.4240,-0.2975,-0.12,0.000006
0.2370,0.046100,-0.157654,0.394323,1.1515,1.4130,-0.2930,-0.12,0.000006
0.2380,0.047245,-0.156252,0.394034,1.1453,1.4019,-0.2884,-0.11,0.000006
0.2390,0.048384,-0.154861,0.393750,1.1390,1.3906,-0.2837,-0.11,0.000006
0.2400,0.049517,-0.153482,0.393471,1.1326,1.3790,-0.2790,-0.11,0.000006
0.2410,0.050643,-0.152115,0.393197,1.1261,1.3674,-0.2742,-0.11,0.000006
0.2420,0.051762,-0.150760,0.392928,1.1194,1.3555,-0.2693,-0.11,0.000006
0.2430,0.052875,-0.149416,0.392664,1.1127,1.3435,-0.2643,-0.11,0.000006
0.2440,0.053981,-0.148085,0.392404,1.1058,1.3313,-0.2593,-0.11,0.000006
0.2450,0.055080,-0.146766,0.392150,1.0989,1.3190,-0.2542,-0.11,0.000006
0.2460,0.056172,-0.145459,0.391901,1.0919,1.3066,-0.2491,-0.11,0.000006
0.2470,0.057256,-0.144165,0.391657,1.0847,1.2940,-0.2439,-0.11,0.000006
0.2480,0.058334,-0.142884,0.391418,1.0775,1.2812,-0.2387,-0.11,0.000006
0.2490,0.059404,-0.141616,0.391185,1.0701,1.2684,-0.2335,-0.11,0.000006
0.2500,0.060467,-0.140360,0.390957,1.0627,1.2554,-0.2282,-0.10,0.000006
0.2510,0.061522,-0.139118,0.390734,1.0552,1.2422,-0.2228,-0.10,0.000006
0.2520,0.062570,-0.137889,0.390516,1.0476,1.2290,-0.2175,-0.10,0.000006
0.2530,0.063609,-0.136673,0.390304,1.0399,1.2157,-0.2120,-0.10,0.000006
0.2540,0.064642,-0.135471,0.390098,1.0321,1.2022,-0.2066,-0.10,0.000006
0.2550,0.065666,-0.134282,0.389897,1.0242,1.1887,-0.2012,-0.10,0.000006
0.2560,0.066682,-0.133107,0.389701,1.0163,1.1750,-0.1957,-0.10,0.000006
0.2570,0.067690,-0.131946,0.389511,1.0083,1.1613,-0.1902,-0.10,0.000006
0.2580,0.068691,-0.130799,0.389326,1.0002,1.1474,-0.1847,-0.10,0.000006
0.2590,0.069683,-0.129665,0.389147,0.9920,1.1335,-0.1792,-0.10,0.000006
0.2600,0.070666,-0.128546,0.388973,0.9838,1.1195,-0.1737,-0.10,0.000006
0.2610,0.071642,-0.127440,0.388805,0.9755,1.1055,-0.1682,-0.10,0.000006
0.2620,0.072609,-0.126349,0.388642,0.9671,1.0913,-0.1627,-0.10,0.000006
0.2630,0.073567,-0.125272,0.388485,0.9586,1.0771,-0.1572,-0.10,0.000006
0.2640,0.074518,-0.124209,0.388333,0.9501,1.0629,-0.1517,-0.10,0.000006
0.2650,0.075459,-0.123160,0.388187,0.9415,1.0486,-0.1462,-0.10,0.000006
0.2660,0.076392,-0.122126,0.388046,0.9329,1.0342,-0.1408,-0.10,0.000006
0.2670,0.077316,-0.121106,0.387911,0.9242,1.0198,-0.1353,-0.10,0.000006
0.2680,0.078232,-0.120101,0.387781,0.9154,1.0053,-0.1299,-0.09,0.000006
0.2690,0.079138,-0.119110,0.387656,0.9066,0.9908,-0.1245,-0.09,0.000006
0.2700,0.080036,-0.118134,0.387537,0.8977,0.9763,-0.1192,-0.09,0.000006
0.2710,0.080925,-0.117172,0.387423,0.8888,0.9618,-0.1138,-0.09,0.000006
0.2720,0.081805,-0.116225,0.387315,0.8798,0.9472,-0.1085,-0.09,0.000006
0.2730,0.082675,-0.115292,0.387212,0.8708,0.9326,-0.1033,-0.09,0.000006
0.2740,0.083537,-0.114374,0.387114,0.8617,0.9180,-0.0980,-0.09,0.000006
0.2750,0.084390,-0.113471,0.387021,0.8526,0.9034,-0.0928,-0.09,0.000006
0.2760,0.085233,-0.112582,0.386933,0.8435,0.8887,-0.0877,-0.09,0.000006
0.2770,0.086067,-0.111708,0.386850,0.8343,0.8741,-0.0826,-0.09,0.000006
0.2780,0.086892,-0.110849,0.386773,0.8250,0.8595,-0.0776,-0.09,0.000006
0.2790,0.087708,-0.110004,0.386700,0.8158,0.8448,-0.0726,-0.09,0.000006
0.2800,0.088515,-0.109174,0.386632,0.8064,0.8302,-0.0677,-0.09,0.000006
0.2810,0.089312,-0.108358,0.386570,0.7971,0.8156,-0.0629,-0.09,0.000006
0.2820,0.090100,-0.107557,0.386511,0.7877,0.8010,-0.0581,-0.09,0.000006
0.2830,0.090878,-0.106771,0.386458,0.7783,0.7865,-0.0533,-0.09,0.000006
0.2840,0.091647,-0.105999,0.386409,0.7689,0.7719,-0.0487,-0.09,0.000006
0.2850,0.092406,-0.105241,0.386365,0.7594,0.7574,-0.0441,-0.09,0.000006
0.2860,0.093156,-0.104498,0.386326,0.7499,0.7429,-0.0396,-0.09,0.000006
0.2870,0.093896,-0.103770,0.386291,0.7404,0.7284,-0.0351,-0.09,0.000006
0.2880,0.094627,-0.103056,0.386260,0.7308,0.7140,-0.0308,-0.09,0.000006
0.2890,0.095348,-0.102356,0.386233,0.7213,0.6996,-0.0265,-0.09,0.000006
0.2900,0.096060,-0.101671,0.386211,0.7117,0.6853,-0.0223,-0.09,0.000006
0.2910,0.096762,-0.101000,0.386193,0.7021,0.6710,-0.0182,-0.09,0.000006
0.2920,0.097455,-0.100343,0.386179,0.6925,0.6568,-0.0142,-0.09,0.000006
0.2930,0.098137,-0.099700,0.386168,0.6828,0.6426,-0.0103,-0.09,0.000006
0.2940,0.098811,-0.099072,0.386162,0.6732,0.6285,-0.0064,-0.09,0.000006
0.2950,0.099474,-0.098458,0.386159,0.6635,0.6144,-0.0027,-0.09,0.000006
0.2960,0.100128,-0.097857,0.386160,0.6538,0.6005,0.0009,-0.09,0.000006
0.2970,0.100772,-0.097271,0.386165,0.6441,0.5865,0.0045,-0.09,0.000006
0.2980,0.101407,-0.096698,0.386173,0.6344,0.5727,0.0079,-0.09,0.000006
0.2990,0.102031,-0.096139,0.386184,0.6247,0.5589,0.0112,-0.09,0.000006
0.3000,0.102646,-0.095594,0.386198,0.6150,0.5452,0.0145,-0.09,0.000006
0.3010,0.103252,-0.095062,0.386216,0.6053,0.5315,0.0176,-0.09,0.000006
0.3020,0.103847,-0.094544,0.386236,0.5956,0.5180,0.0206,-0.09,0.000006
0.3030,0.104433,-0.094040,0.386260,0.5859,0.5045,0.0235,-0.09,0.000006
0.3040,0.105009,-0.093549,0.386286,0.5761,0.4911,0.0263,-0.09,0.000006
0.3050,0.105576,-0.093071,0.386315,0.5664,0.4779,0.0289,-0.09,0.000006
0.3060,0.106132,-0.092606,0.386347,0.5567,0.4647,0.0315,-0.09,0.000006
0.3070,0.106679,-0.092155,0.386381,0.5470,0.4516,0.0339,-0.09,0.000006
0.3080,0.107217,-0.091716,0.386417,0.5373,0.4386,0.0363,-0.09,0.000006
0.3090,0.107744,-0.091290,0.386455,0.5276,0.4256,0.0384,-0.09,0.000006
0.3100,0.108262,-0.090877,0.386496,0.5179,0.4128,0.0405,-0.10,0.000006
0.3110,0.108770,-0.090477,0.386538,0.5082,0.4001,0.0425,-0.10,0.000006
0.3120,0.109269,-0.090090,0.386583,0.4985,0.3875,0.0443,-0.10,0.000006
0.3130,0.109758,-0.089715,0.386629,0.4888,0.3751,0.0460,-0.10,0.000006
0.3140,0.110237,-0.089352,0.386676,0.4792,0.3627,0.0475,-0.10,0.000006
0.3150,0.110706,-0.089002,0.386725,0.4695,0.3504,0.0490,-0.10,0.000006
0.3160,0.111166,-0.088663,0.386775,0.4599,0.3383,0.0503,-0.10,0.000006
0.3170,0.111616,-0.088337,0.386827,0.4503,0.3262,0.0514,-0.10,0.000006
0.3180,0.112057,-0.088023,0.386879,0.4407,0.3143,0.0525,-0.10,0.000006
0.3190,0.112488,-0.087720,0.386933,0.4311,0.3025,0.0534,-0.10,0.000006
0.3200,0.112910,-0.087429,0.386987,0.4215,0.2909,0.0541,-0.10,0.000006
0.3210,0.113322,-0.087150,0.387041,0.4120,0.2793,0.0548,-0.10,0.000006
0.3220,0.113724,-0.086882,0.387097,0.4024,0.2679,0.0552,-0.10,0.000006
0.3230,0.114117,-0.086626,0.387152,0.3929,0.2566,0.0556,-0.10,0.000006
0.3240,0.114500,-0.086380,0.387208,0.3834,0.2454,0.0558,-0.10,0.000006
0.3250,0.114874,-0.086146,0.387264,0.3739,0.2344,0.0559,-0.10,0.000006
0.3260,0.115239,-0.085922,0.387320,0.3645,0.2235,0.0558,-0.10,0.000006
0.3270,0.115594,-0.085710,0.387375,0.3551,0.2127,0.0556,-0.10,0.000006
0.3280,0.115940,-0.085508,0.387431,0.3457,0.2021,0.0552,-0.10,0.000006
0.3290,0.116276,-0.085316,0.387485,0.3363,0.1916,0.0547,-0.10,0.000006
0.3300,0.116603,-0.085135,0.387539,0.3270,0.1812,0.0540,-0.10,0.000006
0.3310,0.116921,-0.084964,0.387592,0.3176,0.1710,0.0532,-0.10,0.000006
0.3320,0.117229,-0.084803,0.387645,0.3084,0.1609,0.0523,-0.10,0.000006
0.3330,0.117528,-0.084652,0.387696,0.2991,0.1509,0.0512,-0.11,0.000006
0.3340,0.117818,-0.084511,0.387746,0.2899,0.1411,0.0500,-0.11,0.000006
0.3350,0.118098,-0.084379,0.387795,0.2807,0.1315,0.0486,-0.11,0.000006
0.3360,0.118370,-0.084257,0.387842,0.2715,0.1220,0.0470,-0.11,0.000006
0.3370,0.118632,-0.084145,0.387887,0.2623,0.1126,0.0454,-0.11,0.000006
0.3380,0.118886,-0.084041,0.387931,0.2532,0.1034,0.0435,-0.11,0.000006
0.3390,0.119130,-0.083947,0.387972,0.2442,0.0943,0.0415,-0.11,0.000006
0.3400,0.119365,-0.083862,0.388011,0.2351,0.0854,0.0394,-0.11,0.000006
0.3410,0.119591,-0.083785,0.388049,0.2261,0.0766,0.0371,-0.11,0.000006
0.3420,0.119808,-0.083717,0.388083,0.2171,0.0680,0.0347,-0.11,0.000006
0.3430,0.120016,-0.083658,0.388115,0.2082,0.0595,0.0321,-0.11,0.000006
0.3440,0.120216,-0.083607,0.388145,0.1993,0.0511,0.0294,-0.11,0.000006
0.3450,0.120406,-0.083564,0.388171,0.1904,0.0430,0.0265,-0.11,0.000006
0.3460,0.120588,-0.083529,0.388195,0.1816,0.0349,0.0235,-0.11,0.000006
0.3470,0.120760,-0.083502,0.388215,0.1728,0.0271,0.0203,-0.11,0.000006
0.3480,0.120924,-0.083482,0.388232,0.1641,0.0193,0.0169,-0.11,0.000006
0.3490,0.121080,-0.083471,0.388245,0.1554,0.0118,0.0134,-0.12,0.000006
0.3500,0.121227,-0.083466,0.388255,0.1467,0.0043,0.0098,-0.12,0.000006
0.3510,0.121365,-0.083469,0.388261,0.1380,-0.0029,0.0060,-0.12,0.000006
0.3520,0.121494,-0.083479,0.388263,0.1294,-0.0100,0.0021,-0.12,0.000006
0.3530,0.121615,-0.083496,0.388261,0.1209,-0.0170,-0.0020,-0.12,0.000006
0.3540,0.121727,-0.083520,0.388255,0.1124,-0.0238,-0.0063,-0.12,0.000006
0.3550,0.121831,-0.083551,0.388244,0.1039,-0.0304,-0.0106,-0.12,0.000006
0.3560,0.121927,-0.083587,0.388229,0.0955,-0.0369,-0.0152,-0.12,0.000006
0.3570,0.122014,-0.083631,0.388209,0.0871,-0.0433,-0.0199,-0.12,0.000006
0.3580,0.122093,-0.083680,0.388185,0.0787,-0.0495,-0.0247,-0.12,0.000006
0.3590,0.122163,-0.083736,0.388155,0.0704,-0.0555,-0.0297,-0.12,0.000006
0.3600,0.122225,-0.083797,0.388120,0.0622,-0.0614,-0.0348,-0.12,0.000006
0.3610,0.122279,-0.083864,0.388080,0.0540,-0.0671,-0.0401,-0.12,0.000006
0.3620,0.122325,-0.083937,0.388035,0.0458,-0.0727,-0.0455,-0.12,0.000006
0.3630,0.122363,-0.084015,0.387983,0.0377,-0.0781,-0.0510,-0.12,0.000006
0.3640,0.122392,-0.084098,0.387927,0.0296,-0.0834,-0.0568,-0.13,0.000006
0.3650,0.122414,-0.084187,0.387864,0.0215,-0.0885,-0.0626,-0.13,0.000006
0.3660,0.122427,-0.084280,0.387796,0.0135,-0.0934,-0.0686,-0.13,0.000006
0.3670,0.122433,-0.084379,0.387721,0.0056,-0.0982,-0.0747,-0.13,0.000006
0.3680,0.122430,-0.084481,0.387640,-0.0023,-0.1029,-0.0810,-0.13,0.000006
0.3690,0.122420,-0.084589,0.387552,-0.0102,-0.1074,-0.0874,-0.13,0.000006
0.3700,0.122402,-0.084701,0.387458,-0.0180,-0.1118,-0.0940,-0.13,0.000006
0.3710,0.122376,-0.084817,0.387358,-0.0258,-0.1160,-0.1006,-0.13,0.000006
0.3720,0.122343,-0.084937,0.387250,-0.0335,-0.1200,-0.1075,-0.13,0.000006
0.3730,0.122302,-0.085061,0.387136,-0.0412,-0.1240,-0.1144,-0.13,0.000006
0.3740,0.122253,-0.085188,0.387014,-0.0489,-0.1277,-0.1215,-0.13,0.000006
0.3750,0.122196,-0.085320,0.386886,-0.0564,-0.1313,-0.1288,-0.13,0.000006
0.3760,0.122132,-0.085455,0.386749,-0.0640,-0.1348,-0.1361,-0.13,0.000006
0.3770,0.122061,-0.085593,0.386606,-0.0715,-0.1381,-0.1436,-0.13,0.000006
0.3780,0.121982,-0.085734,0.386455,-0.0789,-0.1413,-0.1512,-0.13,0.000006
0.3790,0.121896,-0.085878,0.386296,-0.0864,-0.1444,-0.1590,-0.13,0.000006
0.3800,0.121802,-0.086026,0.386129,-0.0937,-0.1473,-0.1669,-0.14,0.000006
0.3810,0.121701,-0.086176,0.385954,-0.1010,-0.1500,-0.1749,-0.14,0.000006
0.3820,0.121592,-0.086328,0.385771,-0.1083,-0.1527,-0.1830,-0.14,0.000006
0.3830,0.121477,-0.086483,0.385580,-0.1155,-0.1551,-0.1912,-0.14,0.000006
0.3840,0.121354,-0.086641,0.385380,-0.1227,-0.1575,-0.1996,-0.14,0.000006
0.3850,0.121224,-0.086801,0.385172,-0.1299,-0.1597,-0.2081,-0.14,0.000006
0.3860,0.121087,-0.086962,0.384955,-0.1370,-0.1618,-0.2167,-0.14,0.000006
0.3870,0.120943,-0.087126,0.384730,-0.1440,-0.1637,-0.2254,-0.14,0.000006
0.3880,0.120792,-0.087292,0.384495,-0.1510,-0.1655,-0.2343,-0.14,0.000006
0.3890,0.120634,-0.087459,0.384252,-0.1580,-0.1672,-0.2432,-0.14,0.000006
0.3900,0.120470,-0.087628,0.384000,-0.1649,-0.1687,-0.2523,-0.14,0.000006
0.3910,0.120298,-0.087798,0.383738,-0.1717,-0.1702,-0.2615,-0.14,0.000006
0.3920,0.120119,-0.087969,0.383468,-0.1786,-0.1715,-0.2708,-0.14,0.000006
0.3930,0.119934,-0.088142,0.383188,-0.1853,-0.1726,-0.2802,-0.14,0.000006
0.3940,0.119742,-0.088315,0.382898,-0.1921,-0.1737,-0.2896,-0.14,0.000006
0.3950,0.119543,-0.088490,0.382599,-0.1987,-0.1746,-0.2992,-0.14,0.000006
0.3960,0.119338,-0.088665,0.382290,-0.2054,-0.1754,-0.3089,-0.14,0.000006
0.3970,0.119126,-0.088842,0.381971,-0.2120,-0.1761,-0.3187,-0.15,0.000006
0.3980,0.118907,-0.089018,0.381642,-0.2185,-0.1766,-0.3286,-0.15,0.000006
0.3990,0.118682,-0.089195,0.381304,-0.2251,-0.1771,-0.3386,-0.15,0.000006
0.4000,0.118451,-0.089373,0.380955,-0.2315,-0.1774,-0.3487,-0.15,0.000006
0.4010,0.118213,-0.089550,0.380596,-0.2380,-0.1776,-0.3589,-0.15,0.000006
0.4020,0.117968,-0.089728,0.380227,-0.2443,-0.1777,-0.3691,-0.15,0.000006
0.4030,0.117718,-0.089906,0.379847,-0.2507,-0.1777,-0.3795,-0.15,0.000006
0.4040,0.117461,-0.090083,0.379458,-0.2570,-0.1776,-0.3899,-0.15,0.000006
0.4050,0.117197,-0.090261,0.379057,-0.2632,-0.1774,-0.4005,-0.15,0.000006
0.4060,0.116928,-0.090438,0.378646,-0.2694,-0.1771,-0.4111,-0.15,0.000006
0.4070,0.116652,-0.090615,0.378224,-0.2756,-0.1767,-0.4217,-0.15,0.000006
0.4080,0.116371,-0.090791,0.377792,-0.2817,-0.1762,-0.4325,-0.15,0.000006
0.4090,0.116083,-0.090966,0.377348,-0.2878,-0.1755,-0.4433,-0.15,0.000006
0.4100,0.115789,-0.091141,0.376894,-0.2939,-0.1748,-0.4542,-0.15,0.000006
0.4110,0.115489,-0.091315,0.376429,-0.2999,-0.1740,-0.4652,-0.15,0.000006
0.4120,0.115183,-0.091488,0.375953,-0.3058,-0.1731,-0.4762,-0.15,0.000006
0.4130,0.114871,-0.091660,0.375465,-0.3118,-0.1721,-0.4874,-0.15,0.000006
0.4140,0.114554,-0.091831,0.374967,-0.3177,-0.1710,-0.4985,-0.15,0.000006
0.4150,0.114230,-0.092001,0.374457,-0.3235,-0.1698,-0.5098,-0.15,0.000006
0.4160,0.113901,-0.092170,0.373936,-0.3293,-0.1686,-0.5211,-0.15,0.000006
0.4170,0.113566,-0.092337,0.373404,-0.3351,-0.1672,-0.5324,-0.15,0.000006
0.4180,0.113225,-0.092503,0.372860,-0.3408,-0.1658,-0.5438,-0.15,0.000006
0.4190,0.112879,-0.092667,0.372305,-0.3465,-0.1643,-0.5553,-0.15,0.000006
0.4200,0.112526,-0.092830,0.371738,-0.3522,-0.1627,-0.5668,-0.15,0.000006
0.4210,0.112169,-0.092991,0.371159,-0.3578,-0.1611,-0.5784,-0.16,0.000006
0.4220,0.111805,-0.093150,0.370569,-0.3633,-0.1593,-0.5900,-0.16,0.000007
0.4230,0.111436,-0.093308,0.369968,-0.3689,-0.1575,-0.6016,-0.16,0.000007
0.4240,0.111062,-0.093463,0.369354,-0.3744,-0.1556,-0.6133,-0.16,0.000007
0.4250,0.110682,-0.093617,0.368729,-0.3799,-0.1537,-0.6251,-0.16,0.000007
0.4260,0.110297,-0.093769,0.368093,-0.3853,-0.1516,-0.6368,-0.16,0.000007
0.4270,0.109906,-0.093918,0.367444,-0.3907,-0.1496,-0.6487,-0.16,0.000007
0.4280,0.109510,-0.094066,0.366783,-0.3960,-0.1474,-0.6605,-0.16,0.000007
0.4290,0.109109,-0.094211,0.366111,-0.4014,-0.1452,-0.6724,-0.16,0.000007
0.4300,0.108702,-0.094354,0.365427,-0.4066,-0.1429,-0.6843,-0.16,0.000007
0.4310,0.108290,-0.094494,0.364730,-0.4119,-0.1406,-0.6962,-0.16,0.000007
0.4320,0.107873,-0.094633,0.364022,-0.4171,-0.1382,-0.7082,-0.16,0.000007
0.4330,0.107451,-0.094768,0.363302,-0.4223,-0.1358,-0.7202,-0.16,0.000007
0.4340,0.107023,-0.094902,0.362570,-0.4274,-0.1333,-0.7322,-0.16,0.000007
0.4350,0.106591,-0.095032,0.361826,-0.4325,-0.1307,-0.7442,-0.16,0.000007
0.4360,0.106153,-0.095160,0.361069,-0.4376,-0.1281,-0.7563,-0.16,0.000007
0.4370,0.105711,-0.095286,0.360301,-0.4427,-0.1255,-0.7683,-0.16,0.000007
0.4380,0.105263,-0.095409,0.359521,-0.4477,-0.1228,-0.7804,-0.16,0.000007
0.4390,0.104810,-0.095529,0.358728,-0.4527,-0.1200,-0.7925,-0.16,0.000007
0.4400,0.104353,-0.095646,0.357924,-0.4576,-0.1172,-0.8046,-0.16,0.000007
0.4410,0.103890,-0.095760,0.357107,-0.4625,-0.1144,-0.8167,-0.16,0.000007
0.4420,0.103423,-0.095872,0.356278,-0.4674,-0.1115,-0.8288,-0.16,0.000007
0.4430,0.102950,-0.095981,0.355437,-0.4722,-0.1086,-0.8409,-0.16,0.000007
0.4440,0.102473,-0.096086,0.354584,-0.4770,-0.1057,-0.8531,-0.16,0.000007
0.4450,0.101992,-0.096189,0.353719,-0.4818,-0.1027,-0.8652,-0.16,0.000007
0.4460,0.101505,-0.096289,0.352842,-0.4866,-0.0997,-0.8773,-0.16,0.000007
0.4470,0.101014,-0.096385,0.351952,-0.4913,-0.0966,-0.8894,-0.16,0.000007
0.4480,0.100518,-0.096479,0.351051,-0.4960,-0.0936,-0.9015,-0.16,0.000007
0.4490,0.100017,-0.096569,0.350137,-0.5006,-0.0904,-0.9136,-0.16,0.000007
0.4500,0.099512,-0.096657,0.349211,-0.5053,-0.0873,-0.9257,-0.16,0.000007
0.4510,0.099002,-0.096741,0.348274,-0.5098,-0.0841,-0.9378,-0.16,0.000007
0.4520,0.098488,-0.096822,0.347324,-0.5144,-0.0809,-0.9499,-0.16,0.000007
0.4530,0.097969,-0.096899,0.346362,-0.5189,-0.0777,-0.9619,-0.16,0.000007
0.4540,0.097445,-0.096974,0.345388,-0.5234,-0.0745,-0.9740,-0.16,0.000007
0.4550,0.096917,-0.097045,0.344402,-0.5279,-0.0712,-0.9860,-0.16,0.000007
0.4560,0.096385,-0.097113,0.343404,-0.5323,-0.0679,-0.9980,-0.16,0.000007
0.4570,0.095848,-0.097177,0.342394,-0.5367,-0.0646,-1.0100,-0.16,0.000007
0.4580,0.095307,-0.097239,0.341372,-0.5411,-0.0612,-1.0220,-0.16,0.000007
0.4590,0.094762,-0.097296,0.340338,-0.5454,-0.0579,-1.0339,-0.16,0.000007
0.4600,0.094212,-0.097351,0.339292,-0.5497,-0.0545,-1.0459,-0.16,0.000007
0.4610,0.093658,-0.097402,0.338234,-0.5540,-0.0511,-1.0578,-0.16,0.000007
0.4620,0.093100,-0.097450,0.337164,-0.5583,-0.0477,-1.0697,-0.16,0.000007
0.4630,0.092537,-0.097494,0.336083,-0.5625,-0.0443,-1.0815,-0.16,0.000007
0.4640,0.091971,-0.097535,0.334990,-0.5667,-0.0408,-1.0933,-0.16,0.000007
0.4650,0.091400,-0.097572,0.333885,-0.5708,-0.0374,-1.1051,-0.16,0.000007
0.4660,0.090825,-0.097606,0.332768,-0.5750,-0.0339,-1.1169,-0.16,0.000007
0.4670,0.090246,-0.097637,0.331639,-0.5790,-0.0304,-1.1286,-0.15,0.000007
0.4680,0.089663,-0.097664,0.330499,-0.5831,-0.0269,-1.1403,-0.15,0.000007
0.4690,0.089076,-0.097687,0.329347,-0.5871,-0.0234,-1.1520,-0.15,0.000007
0.4700,0.088484,-0.097707,0.328183,-0.5911,-0.0199,-1.1636,-0.15,0.000007
0.4710,0.087889,-0.097723,0.327008,-0.5951,-0.0164,-1.1752,-0.15,0.000007
0.4720,0.087290,-0.097736,0.325821,-0.5990,-0.0129,-1.1868,-0.15,0.000007
0.4730,0.086687,-0.097746,0.324623,-0.6029,-0.0093,-1.1983,-0.15,0.000007
0.4740,0.086081,-0.097751,0.323413,-0.6068,-0.0058,-1.2097,-0.15,0.000007
0.4750,0.085470,-0.097754,0.322192,-0.6107,-0.0022,-1.2212,-0.15,0.000007
0.4760,0.084855,-0.097752,0.320959,-0.6145,0.0013,-1.2326,-0.15,0.000007
0.4770,0.084237,-0.097747,0.319715,-0.6182,0.0049,-1.2439,-0.15,0.000007
0.4780,0.083615,-0.097739,0.318460,-0.6220,0.0085,-1.2553,-0.15,0.000007
0.4790,0.082989,-0.097727,0.317194,-0.6257,0.0121,-1.2665,-0.15,0.000007
0.4800,0.082360,-0.097711,0.315916,-0.6294,0.0157,-1.2778,-0.15,0.000007
0.4810,0.081727,-0.097692,0.314627,-0.6330,0.0193,-1.2889,-0.15,0.000007
0.4820,0.081090,-0.097669,0.313327,-0.6366,0.0229,-1.3001,-0.15,0.000007
0.4830,0.080450,-0.097642,0.312016,-0.6402,0.0265,-1.3112,-0.15,0.000007
0.4840,0.079806,-0.097612,0.310694,-0.6438,0.0301,-1.3222,-0.15,0.000007
0.4850,0.079159,-0.097579,0.309360,-0.6473,0.0337,-1.3332,-0.15,0.000007
0.4860,0.078508,-0.097541,0.308016,-0.6508,0.0373,-1.3442,-0.15,0.000007
0.4870,0.077854,-0.097500,0.306661,-0.6542,0.0410,-1.3551,-0.15,0.000007
0.4880,0.077196,-0.097456,0.305295,-0.6576,0.0446,-1.3659,-0.15,0.000007
0.4890,0.076535,-0.097407,0.303919,-0.6610,0.0482,-1.3767,-0.15,0.000007
0.4900,0.075871,-0.097356,0.302531,-0.6644,0.0519,-1.3875,-0.15,0.000007
0.4910,0.075203,-0.097300,0.301133,-0.6677,0.0555,-1.3982,-0.15,0.000007
0.4920,0.074533,-0.097241,0.299724,-0.6709,0.0592,-1.4088,-0.15,0.000007
0.4930,0.073858,-0.097178,0.298305,-0.6742,0.0628,-1.4194,-0.15,0.000007
0.4940,0.073181,-0.097112,0.296875,-0.6774,0.0665,-1.4300,-0.15,0.000007
0.4950,0.072500,-0.097041,0.295434,-0.6805,0.0702,-1.4405,-0.15,0.000007
0.4960,0.071817,-0.096968,0.293983,-0.6837,0.0738,-1.4509,-0.15,0.000007
0.4970,0.071130,-0.096890,0.292522,-0.6868,0.0775,-1.4613,-0.14,0.000007
0.4980,0.070440,-0.096809,0.291050,-0.6898,0.0812,-1.4716,-0.14,0.000007
0.4990,0.069747,-0.096724,0.289569,-0.6928,0.0849,-1.4819,-0.14,0.000007
0.5000,0.069051,-0.096635,0.288076,-0.6958,0.0886,-1.4921,-0.14,0.000007
0.5010,0.068353,-0.096543,0.286574,-0.6988,0.0923,-1.5023,-0.14,0.000007
0.5020,0.067651,-0.096447,0.285062,-0.7017,0.0960,-1.5124,-0.14,0.000007
0.5030,0.066946,-0.096347,0.283539,-0.7046,0.0997,-1.5225,-0.14,0.000007
0.5040,0.066239,-0.096244,0.282007,-0.7074,0.1034,-1.5325,-0.14,0.000007
0.5050,0.065529,-0.096137,0.280464,-0.7102,0.1071,-1.5425,-0.14,0.000007
0.5060,0.064816,-0.096026,0.278912,-0.7129,0.1108,-1.5524,-0.14,0.000007
0.5070,0.064100,-0.095912,0.277350,-0.7157,0.1146,-1.5622,-0.14,0.000007
0.5080,0.063382,-0.095793,0.275778,-0.7183,0.1183,-1.5720,-0.14,0.000007
0.5090,0.062661,-0.095671,0.274196,-0.7210,0.1220,-1.5817,-0.14,0.000007
0.5100,0.061937,-0.095545,0.272604,-0.7236,0.1258,-1.5914,-0.14,0.000007
0.5110,0.061211,-0.095416,0.271003,-0.7261,0.1296,-1.6010,-0.14,0.000007
0.5120,0.060483,-0.095283,0.269393,-0.7286,0.1333,-1.6106,-0.14,0.000006
0.5130,0.059751,-0.095145,0.267773,-0.7311,0.1371,-1.6201,-0.14,0.000006
0.5140,0.059018,-0.095005,0.266143,-0.7336,0.1409,-1.6296,-0.14,0.000006
0.5150,0.058282,-0.094860,0.264504,-0.7359,0.1447,-1.6390,-0.14,0.000006
0.5160,0.057544,-0.094711,0.262856,-0.7383,0.1485,-1.6483,-0.14,0.000006
0.5170,0.056803,-0.094559,0.261198,-0.7406,0.1523,-1.6576,-0.14,0.000006
0.5180,0.056060,-0.094403,0.259531,-0.7429,0.1561,-1.6668,-0.13,0.000006
0.5190,0.055315,-0.094243,0.257855,-0.7451,0.1599,-1.6760,-0.13,0.000006
0.5200,0.054568,-0.094079,0.256170,-0.7473,0.1638,-1.6851,-0.13,0.000006
0.5210,0.053818,-0.093912,0.254476,-0.7494,0.1676,-1.6942,-0.13,0.000006
0.5220,0.053067,-0.093740,0.252773,-0.7515,0.1715,-1.7032,-0.13,0.000006
0.5230,0.052313,-0.093565,0.251061,-0.7536,0.1754,-1.7121,-0.13,0.000006
0.5240,0.051558,-0.093385,0.249340,-0.7556,0.1793,-1.7210,-0.13,0.000006
0.5250,0.050800,-0.093202,0.247610,-0.7575,0.1832,-1.7298,-0.13,0.000006
0.5260,0.050041,-0.093015,0.245871,-0.7594,0.1871,-1.7386,-0.13,0.000006
0.5270,0.049279,-0.092824,0.244124,-0.7613,0.1910,-1.7473,-0.13,0.000006
0.5280,0.048516,-0.092629,0.242368,-0.7631,0.1949,-1.7560,-0.13,0.000006
0.5290,0.047751,-0.092430,0.240603,-0.7649,0.1989,-1.7646,-0.13,0.000006
0.5300,0.046985,-0.092228,0.238830,-0.7667,0.2029,-1.7732,-0.13,0.000006
0.5310,0.046216,-0.092021,0.237049,-0.7684,0.2068,-1.7816,-0.13,0.000006
0.5320,0.045446,-0.091810,0.235259,-0.7700,0.2108,-1.7901,-0.13,0.000006
0.5330,0.044675,-0.091595,0.233460,-0.7716,0.2148,-1.7985,-0.13,0.000006
0.5340,0.043902,-0.091376,0.231653,-0.7731,0.2189,-1.8068,-0.13,0.000006
0.5350,0.043127,-0.091153,0.229838,-0.7747,0.2229,-1.8150,-0.13,0.000006
0.5360,0.042351,-0.090926,0.228015,-0.7761,0.2270,-1.8233,-0.12,0.000006
0.5370,0.041573,-0.090695,0.226184,-0.7775,0.2310,-1.8314,-0.12,0.000006
0.5380,0.040794,-0.090460,0.224344,-0.7789,0.2351,-1.8395,-0.12,0.000006
0.5390,0.040014,-0.090221,0.222497,-0.7802,0.2392,-1.8475,-0.12,0.000006
0.5400,0.039233,-0.089978,0.220641,-0.7815,0.2433,-1.8555,-0.12,0.000006
0.5410,0.038450,-0.089730,0.218778,-0.7827,0.2475,-1.8635,-0.12,0.000006
0.5420,0.037666,-0.089479,0.216906,-0.7838,0.2516,-1.8713,-0.12,0.000006
0.5430,0.036881,-0.089223,0.215027,-0.7849,0.2558,-1.8791,-0.12,0.000006
0.5440,0.036095,-0.088963,0.213140,-0.7860,0.2600,-1.8869,-0.12,0.000006
0.5450,0.035308,-0.088698,0.211246,-0.7870,0.2642,-1.8946,-0.12,0.000006
0.5460,0.034520,-0.088430,0.209343,-0.7880,0.2684,-1.9023,-0.12,0.000006
0.5470,0.033731,-0.088157,0.207434,-0.7889,0.2727,-1.9098,-0.12,0.000006
0.5480,0.032942,-0.087880,0.205516,-0.7898,0.2770,-1.9174,-0.12,0.000006
0.5490,0.032151,-0.087599,0.203591,-0.7906,0.2813,-1.9249,-0.12,0.000006
0.5500,0.031360,-0.087314,0.201659,-0.7914,0.2856,-1.9323,-0.12,0.000006
0.5510,0.030567,-0.087024,0.199719,-0.7921,0.2899,-1.9397,-0.12,0.000006
0.5520,0.029775,-0.086729,0.197772,-0.7928,0.2942,-1.9470,-0.12,0.000006
0.5530,0.028981,-0.086431,0.195818,-0.7934,0.2986,-1.9542,-0.11,0.000006
0.5540,0.028187,-0.086128,0.193857,-0.7939,0.3030,-1.9614,-0.11,0.000006
0.5550,0.027393,-0.085820,0.191888,-0.7945,0.3074,-1.9686,-0.11,0.000006
0.5560,0.026598,-0.085508,0.189912,-0.7949,0.3119,-1.9757,-0.11,0.000006
0.5570,0.025803,-0.085192,0.187930,-0.7953,0.3163,-1.9827,-0.11,0.000006
0.5580,0.025007,-0.084871,0.185940,-0.7957,0.3208,-1.9897,-0.11,0.000006
0.5590,0.024211,-0.084546,0.183943,-0.7960,0.3253,-1.9966,-0.11,0.000006
0.5600,0.023415,-0.084216,0.181940,-0.7963,0.3298,-2.0035,-0.11,0.000006
0.5610,0.022618,-0.083882,0.179930,-0.7965,0.3344,-2.0103,-0.11,0.000006
0.5620,0.021822,-0.083543,0.177912,-0.7966,0.3390,-2.0171,-0.11,0.000006
0.5630,0.021025,-0.083199,0.175889,-0.7967,0.3436,-2.0238,-0.11,0.000006
0.5640,0.020228,-0.082851,0.173858,-0.7967,0.3482,-2.0305,-0.11,0.000006
0.5650,0.019431,-0.082498,0.171821,-0.7967,0.3528,-2.0371,-0.11,0.000006
0.5660,0.018635,-0.082141,0.169777,-0.7967,0.3575,-2.0436,-0.11,0.000006
0.5670,0.017838,-0.081779,0.167727,-0.7966,0.3622,-2.0501,-0.11,0.000006
0.5680,0.017042,-0.081412,0.165671,-0.7964,0.3669,-2.0565,-0.11,0.000006
0.5690,0.016246,-0.081040,0.163608,-0.7962,0.3716,-2.0629,-0.10,0.000006
0.5700,0.015450,-0.080664,0.161539,-0.7959,0.3764,-2.0693,-0.10,0.000006
0.5710,0.014654,-0.080283,0.159463,-0.7956,0.3812,-2.0755,-0.10,0.000006
0.5720,0.013859,-0.079897,0.157381,-0.7952,0.3860,-2.0818,-0.10,0.000006
0.5730,0.013064,-0.079506,0.155293,-0.7948,0.3908,-2.0879,-0.10,0.000006
0.5740,0.012270,-0.079110,0.153199,-0.7943,0.3957,-2.0941,-0.10,0.000006
0.5750,0.011476,-0.078710,0.151099,-0.7937,0.4006,-2.1001,-0.10,0.000006
0.5760,0.010683,-0.078304,0.148993,-0.7931,0.4055,-2.1061,-0.10,0.000006
0.5770,0.009891,-0.077894,0.146881,-0.7925,0.4104,-2.1121,-0.10,0.000006
0.5780,0.009099,-0.077478,0.144763,-0.7918,0.4154,-2.1180,-0.10,0.000006
0.5790,0.008308,-0.077058,0.142639,-0.7910,0.4204,-2.1238,-0.10,0.000006
0.5800,0.007518,-0.076633,0.140510,-0.7902,0.4254,-2.1296,-0.10,0.000006
0.5810,0.006728,-0.076202,0.138374,-0.7894,0.4304,-2.1354,-0.10,0.000006
0.5820,0.005940,-0.075767,0.136233,-0.7885,0.4355,-2.1411,-0.10,0.000006
0.5830,0.005152,-0.075326,0.134087,-0.7875,0.4406,-2.1467,-0.10,0.000006
0.5840,0.004366,-0.074880,0.131934,-0.7865,0.4457,-2.1523,-0.10,0.000006
0.5850,0.003580,-0.074430,0.129776,-0.7854,0.4508,-2.1578,-0.09,0.000006
0.5860,0.002796,-0.073974,0.127613,-0.7843,0.4560,-2.1633,-0.09,0.000006
0.5870,0.002013,-0.073512,0.125444,-0.7831,0.4612,-2.1687,-0.09,0.000006
0.5880,0.001231,-0.073046,0.123270,-0.7818,0.4664,-2.1741,-0.09,0.000006
0.5890,0.000451,-0.072575,0.121091,-0.7805,0.4716,-2.1794,-0.09,0.000006
0.5900,-0.000329,-0.072098,0.118906,-0.7792,0.4769,-2.1846,-0.09,0.000006
0.5910,-0.001106,-0.071615,0.116717,-0.7778,0.4822,-2.1899,-0.09,0.000006
0.5920,-0.001883,-0.071128,0.114522,-0.7764,0.4875,-2.1950,-0.09,0.000006
0.5930,-0.002658,-0.070635,0.112321,-0.7748,0.4928,-2.2001,-0.09,0.000006
0.5940,-0.003431,-0.070137,0.110116,-0.7733,0.4982,-2.2052,-0.09,0.000006
0.5950,-0.004203,-0.069633,0.107906,-0.7717,0.5036,-2.2102,-0.09,0.000006
0.5960,-0.004973,-0.069125,0.105691,-0.7700,0.5090,-2.2151,-0.09,0.000006
0.5970,-0.005741,-0.068610,0.103471,-0.7683,0.5144,-2.2200,-0.09,0.000006
0.5980,-0.006507,-0.068090,0.101246,-0.7665,0.5199,-2.2248,-0.09,0.000006
0.5990,-0.007272,-0.067565,0.099016,-0.7647,0.5253,-2.2296,-0.08,0.000006
0.6000,-0.008035,-0.067034,0.096782,-0.7628,0.5308,-2.2344,-0.08,0.000006
0.6010,-0.008796,-0.066498,0.094543,-0.7609,0.5364,-2.2390,-0.08,0.000006
0.6020,-0.009555,-0.065956,0.092299,-0.7589,0.5419,-2.2437,-0.08,0.000006
0.6030,-0.010312,-0.065408,0.090051,-0.7569,0.5475,-2.2482,-0.08,0.000006
0.6040,-0.011066,-0.064855,0.087798,-0.7548,0.5531,-2.2528,-0.08,0.000006
0.6050,-0.011819,-0.064296,0.085541,-0.7527,0.5587,-2.2572,-0.08,0.000006
0.6060,-0.012570,-0.063732,0.083280,-0.7505,0.5644,-2.2616,-0.08,0.000006
0.6070,-0.013318,-0.063162,0.081014,-0.7482,0.5700,-2.2660,-0.08,0.000006
0.6080,-0.014064,-0.062586,0.078743,-0.7460,0.5757,-2.2703,-0.08,0.000006
0.6090,-0.014807,-0.062005,0.076469,-0.7436,0.5814,-2.2746,-0.08,0.000006
0.6100,-0.015549,-0.061418,0.074190,-0.7412,0.5872,-2.2788,-0.08,0.000006
0.6110,-0.016287,-0.060825,0.071907,-0.7388,0.5929,-2.2829,-0.08,0.000006
0.6120,-0.017024,-0.060226,0.069620,-0.7363,0.5987,-2.2870,-0.08,0.000006
0.6130,-0.017757,-0.059622,0.067329,-0.7337,0.6045,-2.2910,-0.07,0.000006
0.6140,-0.018489,-0.059011,0.065034,-0.7312,0.6103,-2.2950,-0.07,0.000006
0.6150,-0.019217,-0.058395,0.062735,-0.7285,0.6161,-2.2989,-0.07,0.000006
0.6160,-0.019943,-0.057773,0.060432,-0.7258,0.6220,-2.3028,-0.07,0.000006
0.6170,-0.020666,-0.057145,0.058126,-0.7231,0.6279,-2.3066,-0.07,0.000006
0.6180,-0.021386,-0.056511,0.055815,-0.7203,0.6338,-2.3104,-0.07,0.000006
0.6190,-0.022104,-0.055872,0.053501,-0.7174,0.6397,-2.3141,-0.07,0.000006
0.6200,-0.022818,-0.055226,0.051183,-0.7145,0.6456,-2.3178,-0.07,0.000006
0.6210,-0.023530,-0.054575,0.048862,-0.7116,0.6516,-2.3214,-0.07,0.000006
0.6220,-0.024238,-0.053917,0.046537,-0.7086,0.6575,-2.3249,-0.07,0.000006
0.6230,-0.024944,-0.053254,0.044209,-0.7056,0.6635,-2.3284,-0.07,0.000006
0.6240,-0.025647,-0.052584,0.041877,-0.7025,0.6695,-2.3319,-0.07,0.000006
0.6250,-0.026346,-0.051909,0.039541,-0.6994,0.6755,-2.3353,-0.07,0.000006
0.6260,-0.027042,-0.051227,0.037203,-0.6962,0.6815,-2.3386,-0.06,0.000006
0.6270,-0.027735,-0.050539,0.034861,-0.6930,0.6876,-2.3419,-0.06,0.000006
0.6280,-0.028425,-0.049846,0.032516,-0.6897,0.6936,-2.3451,-0.06,0.000006
0.6290,-0.029111,-0.049146,0.030168,-0.6864,0.6997,-2.3482,-0.06,0.000006
0.6300,-0.029794,-0.048440,0.027816,-0.6830,0.7058,-2.3514,-0.06,0.000006
0.6310,-0.030474,-0.047729,0.025462,-0.6796,0.7119,-2.3544,-0.06,0.000006
0.6320,-0.031150,-0.047011,0.023104,-0.6762,0.7180,-2.3574,-0.06,0.000006
0.6330,-0.031823,-0.046286,0.020744,-0.6727,0.7241,-2.3603,-0.06,0.000006
0.6340,-0.032492,-0.045556,0.018381,-0.6691,0.7302,-2.3632,-0.06,0.000006
0.6350,-0.033158,-0.044820,0.016015,-0.6656,0.7364,-2.3660,-0.06,0.000006
0.6360,-0.033819,-0.044077,0.013646,-0.6619,0.7425,-2.3688,-0.06,0.000006
0.6370,-0.034478,-0.043329,0.011275,-0.6583,0.7487,-2.3715,-0.06,0.000006
0.6380,-0.035132,-0.042574,0.008900,-0.6546,0.7548,-2.3742,-0.06,0.000006
0.6390,-0.035783,-0.041813,0.006524,-0.6508,0.7610,-2.3768,-0.05,0.000006
0.6400,-0.036430,-0.041046,0.004144,-0.6470,0.7672,-2.3793,-0.05,0.000006
0.6410,-0.037073,-0.040272,0.001763,-0.6432,0.7734,-2.3818,-0.05,0.000006
0.6420,-0.037713,-0.039493,-0.000622,-0.6393,0.7795,-2.3842,-0.05,0.000006
0.6430,-0.038348,-0.038707,-0.003008,-0.6354,0.7857,-2.3865,-0.05,0.000006
0.6440,-0.038979,-0.037915,-0.005397,-0.6314,0.7919,-2.3888,-0.05,0.000006
0.6450,-0.039607,-0.037117,-0.007788,-0.6274,0.7981,-2.3911,-0.05,0.000006
0.6460,-0.040230,-0.036313,-0.010181,-0.6234,0.8044,-2.3932,-0.05,0.000006
0.6470,-0.040850,-0.035502,-0.012577,-0.6193,0.8106,-2.3954,-0.05,0.000006
0.6480,-0.041465,-0.034685,-0.014974,-0.6152,0.8168,-2.3974,-0.05,0.000006
0.6490,-0.042076,-0.033862,-0.017373,-0.6111,0.8230,-2.3994,-0.05,0.000006
0.6500,-0.042683,-0.033033,-0.019775,-0.6069,0.8292,-2.4013,-0.05,0.000006
0.6510,-0.043285,-0.032198,-0.022178,-0.6026,0.8354,-2.4032,-0.04,0.000006
0.6520,-0.043884,-0.031356,-0.024583,-0.5984,0.8416,-2.4050,-0.04,0.000006
0.6530,-0.044478,-0.030508,-0.026990,-0.5941,0.8478,-2.4068,-0.04,0.000006
0.6540,-0.045068,-0.029654,-0.029398,-0.5897,0.8540,-2.4084,-0.04,0.000006
0.6550,-0.045653,-0.028794,-0.031808,-0.5854,0.8602,-2.4101,-0.04,0.000006
0.6560,-0.046234,-0.027928,-0.034220,-0.5810,0.8664,-2.4116,-0.04,0.000006
0.6570,-0.046810,-0.027055,-0.036633,-0.5765,0.8725,-2.4131,-0.04,0.000006
0.6580,-0.047382,-0.026177,-0.039048,-0.5721,0.8787,-2.4145,-0.04,0.000006
0.6590,-0.047950,-0.025292,-0.041463,-0.5676,0.8849,-2.4159,-0.04,0.000006
0.6600,-0.048513,-0.024401,-0.043881,-0.5630,0.8910,-2.4172,-0.04,0.000006
0.6610,-0.049072,-0.023503,-0.046299,-0.5585,0.8972,-2.4184,-0.04,0.000006
0.6620,-0.049625,-0.022600,-0.048719,-0.5539,0.9033,-2.4196,-0.03,0.000006
0.6630,-0.050175,-0.021691,-0.051139,-0.5493,0.9094,-2.4207,-0.03,0.000006
0.6640,-0.050719,-0.020775,-0.053561,-0.5446,0.9155,-2.4217,-0.03,0.000006
0.6650,-0.051259,-0.019854,-0.055984,-0.5399,0.9216,-2.4226,-0.03,0.000006
0.6660,-0.051794,-0.018926,-0.058407,-0.5352,0.9277,-2.4235,-0.03,0.000006
0.6670,-0.052325,-0.017992,-0.060832,-0.5305,0.9338,-2.4243,-0.03,0.000006
0.6680,-0.052851,-0.017052,-0.063257,-0.5257,0.9398,-2.4251,-0.03,0.000006
0.6690,-0.053372,-0.016106,-0.065682,-0.5209,0.9458,-2.4258,-0.03,0.000006
0.6700,-0.053888,-0.015155,-0.068109,-0.5161,0.9518,-2.4264,-0.03,0.000006
0.6710,-0.054399,-0.014197,-0.070536,-0.5112,0.9578,-2.4269,-0.03,0.000006
0.6720,-0.054905,-0.013233,-0.072963,-0.5064,0.9638,-2.4274,-0.03,0.000006
0.6730,-0.055407,-0.012263,-0.075391,-0.5015,0.9697,-2.4278,-0.02,0.000006
0.6740,-0.055903,-0.011288,-0.077819,-0.4966,0.9756,-2.4281,-0.02,0.000006
0.6750,-0.056395,-0.010306,-0.080247,-0.4916,0.9815,-2.4283,-0.02,0.000006
0.6760,-0.056882,-0.009319,-0.082676,-0.4867,0.9874,-2.4285,-0.02,0.000006
0.6770,-0.057363,-0.008326,-0.085104,-0.4817,0.9932,-2.4286,-0.02,0.000006
0.6780,-0.057840,-0.007327,-0.087533,-0.4767,0.9990,-2.4286,-0.02,0.000006
0.6790,-0.058312,-0.006322,-0.089961,-0.4716,1.0048,-2.4285,-0.02,0.000006
0.6800,-0.058778,-0.005311,-0.092390,-0.4666,1.0105,-2.4284,-0.02,0.000006
0.6810,-0.059240,-0.004295,-0.094818,-0.4615,1.0162,-2.4281,-0.02,0.000006
0.6820,-0.059696,-0.003273,-0.097246,-0.4564,1.0219,-2.4278,-0.02,0.000006
0.6830,-0.060147,-0.002246,-0.099673,-0.4513,1.0275,-2.4275,-0.02,0.000006
0.6840,-0.060594,-0.001213,-0.102100,-0.4462,1.0331,-2.4270,-0.01,0.000006
0.6850,-0.061035,-0.000174,-0.104527,-0.4411,1.0387,-2.4265,-0.01,0.000006
0.6860,-0.061471,0.000870,-0.106952,-0.4359,1.0442,-2.4258,-0.01,0.000006
0.6870,-0.061901,0.001920,-0.109378,-0.4308,1.0497,-2.4251,-0.01,0.000006
0.6880,-0.062327,0.002975,-0.111802,-0.4256,1.0551,-2.4243,-0.01,0.000006
0.6890,-0.062747,0.004035,-0.114225,-0.4204,1.0605,-2.4234,-0.01,0.000006
0.6900,-0.063163,0.005101,-0.116648,-0.4152,1.0659,-2.4225,-0.01,0.000006
0.6910,-0.063572,0.006172,-0.119069,-0.4100,1.0712,-2.4214,-0.01,0.000006
0.6920,-0.063977,0.007249,-0.121490,-0.4047,1.0764,-2.4203,-0.01,0.000006
0.6930,-0.064377,0.008331,-0.123909,-0.3995,1.0816,-2.4191,-0.01,0.000006
0.6940,-0.064771,0.009417,-0.126326,-0.3942,1.0868,-2.4178,-0.00,0.000006
0.6950,-0.065160,0.010509,-0.128743,-0.3890,1.0919,-2.4163,-0.00,0.000006
0.6960,-0.065544,0.011606,-0.131158,-0.3837,1.0970,-2.4148,-0.00,0.000006
0.6970,-0.065922,0.012708,-0.133571,-0.3784,1.1020,-2.4133,-0.00,0.000006
0.6980,-0.066295,0.013815,-0.135982,-0.3732,1.1069,-2.4116,-0.00,0.000006
0.6990,-0.066663,0.014927,-0.138392,-0.3679,1.1118,-2.4098,0.00,0.000006
0.7000,-0.067026,0.016044,-0.140800,-0.3626,1.1166,-2.4079,0.00,0.000006
0.7010,-0.067383,0.017165,-0.143206,-0.3573,1.1214,-2.4060,0.00,0.000006
0.7020,-0.067735,0.018291,-0.145610,-0.3520,1.1261,-2.4039,0.00,0.000006
0.7030,-0.068082,0.019422,-0.148012,-0.3467,1.1307,-2.4017,0.01,0.000006
0.7040,-0.068423,0.020557,-0.150411,-0.3414,1.1353,-2.3995,0.01,0.000006
0.7050,-0.068759,0.021697,-0.152808,-0.3361,1.1398,-2.3971,0.01,0.000006
0.7060,-0.069090,0.022841,-0.155203,-0.3307,1.1443,-2.3947,0.01,0.000006
0.7070,-0.069415,0.023990,-0.157595,-0.3254,1.1487,-2.3921,0.01,0.000006
0.7080,-0.069735,0.025143,-0.159985,-0.3201,1.1530,-2.3894,0.01,0.000006
0.7090,-0.070050,0.026300,-0.162371,-0.3148,1.1572,-2.3867,0.01,0.000006
0.7100,-0.070360,0.027461,-0.164755,-0.3095,1.1613,-2.3838,0.01,0.000006
0.7110,-0.070664,0.028627,-0.167136,-0.3042,1.1654,-2.3808,0.01,0.000006
0.7120,-0.070963,0.029796,-0.169513,-0.2989,1.1694,-2.3777,0.02,0.000006
0.7130,-0.071256,0.030970,-0.171888,-0.2936,1.1734,-2.3745,0.02,0.000006
0.7140,-0.071545,0.032147,-0.174259,-0.2883,1.1772,-2.3712,0.02,0.000006
0.7150,-0.071828,0.033328,-0.176627,-0.2830,1.1810,-2.3678,0.02,0.000006
0.7160,-0.072106,0.034512,-0.178991,-0.2778,1.1846,-2.3643,0.02,0.000006
0.7170,-0.072378,0.035701,-0.181352,-0.2725,1.1882,-2.3606,0.02,0.000006
0.7180,-0.072645,0.036892,-0.183709,-0.2672,1.1917,-2.3569,0.02,0.000006
0.7190,-0.072907,0.038088,-0.186062,-0.2620,1.1951,-2.3530,0.02,0.000006
0.7200,-0.073164,0.039286,-0.188411,-0.2567,1.1985,-2.3490,0.03,0.000006
0.7210,-0.073416,0.040488,-0.190756,-0.2515,1.2017,-2.3449,0.03,0.000006
0.7220,-0.073662,0.041693,-0.193096,-0.2463,1.2049,-2.3407,0.03,0.000006
0.7230,-0.073903,0.042900,-0.195433,-0.2411,1.2079,-2.3363,0.03,0.000006
0.7240,-0.074139,0.044111,-0.197765,-0.2359,1.2108,-2.3319,0.03,0.000006
0.7250,-0.074370,0.045325,-0.200092,-0.2307,1.2137,-2.3273,0.03,0.000006
0.7260,-0.074595,0.046541,-0.202414,-0.2256,1.2164,-2.3226,0.03,0.000006
0.7270,-0.074815,0.047761,-0.204732,-0.2204,1.2191,-2.3177,0.03,0.000006
0.7280,-0.075031,0.048982,-0.207045,-0.2153,1.2216,-2.3128,0.04,0.000006
0.7290,-0.075241,0.050206,-0.209353,-0.2102,1.2241,-2.3077,0.04,0.000006
0.7300,-0.075446,0.051433,-0.211655,-0.2051,1.2264,-2.3024,0.04,0.000006
0.7310,-0.075646,0.052661,-0.213952,-0.2000,1.2286,-2.2971,0.04,0.000006
0.7320,-0.075841,0.053892,-0.216244,-0.1949,1.2308,-2.2916,0.04,0.000006
0.7330,-0.076031,0.055125,-0.218530,-0.1899,1.2328,-2.2860,0.04,0.000006
0.7340,-0.076216,0.056360,-0.220810,-0.1849,1.2347,-2.2802,0.04,0.000006
0.7350,-0.076395,0.057596,-0.223084,-0.1799,1.2364,-2.2744,0.04,0.000006
0.7360,-0.076570,0.058834,-0.225353,-0.1749,1.2381,-2.2683,0.05,0.000006
0.7370,-0.076740,0.060074,-0.227615,-0.1699,1.2396,-2.2622,0.05,0.000006
0.7380,-0.076905,0.061315,-0.229871,-0.1650,1.2411,-2.2559,0.05,0.000006
0.7390,-0.077065,0.062557,-0.232120,-0.1601,1.2424,-2.2494,0.05,0.000006
0.7400,-0.077221,0.063801,-0.234363,-0.1552,1.2435,-2.2428,0.05,0.000006
0.7410,-0.077371,0.065045,-0.236599,-0.1504,1.2446,-2.2361,0.05,0.000006
0.7420,-0.077516,0.066291,-0.238828,-0.1455,1.2455,-2.2293,0.05,0.000006
0.7430,-0.077657,0.067537,-0.241051,-0.1407,1.2463,-2.2222,0.06,0.000006
0.7440,-0.077793,0.068784,-0.243266,-0.1360,1.2470,-2.2151,0.06,0.000006
0.7450,-0.077924,0.070031,-0.245473,-0.1312,1.2475,-2.2078,0.06,0.000006
0.7460,-0.078051,0.071279,-0.247674,-0.1265,1.2479,-2.2003,0.06,0.000006
0.7470,-0.078173,0.072528,-0.249866,-0.1218,1.2482,-2.1927,0.06,0.000006
0.7480,-0.078290,0.073776,-0.252051,-0.1172,1.2483,-2.1849,0.06,0.000006
0.7490,-0.078403,0.075024,-0.254228,-0.1126,1.2483,-2.1770,0.07,0.000006
0.7500,-0.078511,0.076272,-0.256397,-0.1080,1.2482,-2.1690,0.07,0.000006
0.7510,-0.078614,0.077520,-0.258558,-0.1034,1.2479,-2.1607,0.07,0.000006
0.7520,-0.078713,0.078768,-0.260710,-0.0989,1.2474,-2.1523,0.07,0.000006
0.7530,-0.078807,0.080015,-0.262854,-0.0944,1.2469,-2.1438,0.07,0.000006
0.7540,-0.078897,0.081261,-0.264989,-0.0900,1.2462,-2.1351,0.07,0.000006
0.7550,-0.078983,0.082506,-0.267116,-0.0856,1.2453,-2.1263,0.07,0.000006
0.7560,-0.079064,0.083750,-0.269233,-0.0812,1.2443,-2.1172,0.08,0.000006
0.7570,-0.079141,0.084993,-0.271341,-0.0769,1.2431,-2.1080,0.08,0.000006
0.7580,-0.079214,0.086235,-0.273440,-0.0726,1.2418,-2.0987,0.08,0.000006
0.7590,-0.079282,0.087476,-0.275529,-0.0683,1.2404,-2.0892,0.08,0.000006
0.7600,-0.079346,0.088714,-0.277608,-0.0641,1.2387,-2.0795,0.08,0.000006
0.7610,-0.079406,0.089951,-0.279678,-0.0599,1.2370,-2.0697,0.08,0.000006
0.7620,-0.079462,0.091186,-0.281737,-0.0558,1.2350,-2.0596,0.09,0.000006
0.7630,-0.079513,0.092419,-0.283787,-0.0517,1.2329,-2.0495,0.09,0.000006
0.7640,-0.079561,0.093650,-0.285826,-0.0476,1.2307,-2.0391,0.09,0.000006
0.7650,-0.079604,0.094878,-0.287855,-0.0436,1.2283,-2.0286,0.09,0.000006
0.7660,-0.079644,0.096104,-0.289872,-0.0396,1.2257,-2.0179,0.09,0.000006
0.7670,-0.079680,0.097327,-0.291879,-0.0357,1.2230,-2.0070,0.09,0.000006
0.7680,-0.079711,0.098547,-0.293875,-0.0318,1.2201,-1.9959,0.10,0.000006
0.7690,-0.079739,0.099764,-0.295860,-0.0279,1.2170,-1.9847,0.10,0.000006
0.7700,-0.079764,0.100978,-0.297833,-0.0241,1.2138,-1.9733,0.10,0.000006
0.7710,-0.079784,0.102188,-0.299795,-0.0204,1.2104,-1.9617,0.10,0.000006
0.7720,-0.079801,0.103395,-0.301745,-0.0167,1.2069,-1.9500,0.10,0.000006
0.7730,-0.079814,0.104598,-0.303683,-0.0130,1.2031,-1.9380,0.10,0.000006
0.7740,-0.079823,0.105797,-0.305609,-0.0094,1.1992,-1.9259,0.11,0.000006
0.7750,-0.079829,0.106993,-0.307523,-0.0058,1.1951,-1.9136,0.11,0.000006
0.7760,-0.079831,0.108184,-0.309424,-0.0023,1.1909,-1.9011,0.11,0.000006
0.7770,-0.079830,0.109370,-0.311312,0.0012,1.1865,-1.8885,0.11,0.000006
0.7780,-0.079825,0.110552,-0.313188,0.0046,1.1819,-1.8756,0.11,0.000006
0.7790,-0.079817,0.111729,-0.315050,0.0080,1.1771,-1.8626,0.12,0.000006
0.7800,-0.079806,0.112901,-0.316900,0.0113,1.1722,-1.8494,0.12,0.000006
0.7810,-0.079791,0.114068,-0.318736,0.0146,1.1670,-1.8360,0.12,0.000006
0.7820,-0.079774,0.115230,-0.320558,0.0178,1.1618,-1.8224,0.12,0.000006
0.7830,-0.079753,0.116386,-0.322367,0.0210,1.1563,-1.8086,0.12,0.000006
0.7840,-0.079729,0.117537,-0.324162,0.0241,1.1506,-1.7947,0.12,0.000006
0.7850,-0.079701,0.118682,-0.325942,0.0272,1.1448,-1.7805,0.13,0.000006
0.7860,-0.079671,0.119820,-0.327708,0.0302,1.1388,-1.7662,0.13,0.000006
0.7870,-0.079638,0.120953,-0.329460,0.0332,1.1326,-1.7517,0.13,0.000006
0.7880,-0.079602,0.122079,-0.331197,0.0361,1.1262,-1.7370,0.13,0.000006
0.7890,-0.079563,0.123199,-0.332919,0.0390,1.1197,-1.7221,0.13,0.000006
0.7900,-0.079521,0.124312,-0.334626,0.0418,1.1129,-1.7070,0.14,0.000006
0.7910,-0.079477,0.125418,-0.336318,0.0446,1.1060,-1.6918,0.14,0.000006
0.7920,-0.079429,0.126517,-0.337994,0.0473,1.0989,-1.6763,0.14,0.000006
0.7930,-0.079379,0.127608,-0.339655,0.0499,1.0917,-1.6607,0.14,0.000006
0.7940,-0.079327,0.128693,-0.341300,0.0525,1.0842,-1.6449,0.14,0.000006
0.7950,-0.079272,0.129769,-0.342929,0.0551,1.0766,-1.6288,0.15,0.000006
0.7960,-0.079214,0.130838,-0.344541,0.0576,1.0688,-1.6127,0.15,0.000006
0.7970,-0.079154,0.131899,-0.346137,0.0601,1.0608,-1.5963,0.15,0.000006
0.7980,-0.079092,0.132951,-0.347717,0.0625,1.0526,-1.5797,0.15,0.000006
0.7990,-0.079027,0.133996,-0.349280,0.0648,1.0443,-1.5630,0.15,0.000007
0.8000,-0.078960,0.135031,-0.350826,0.0671,1.0357,-1.5460,0.15,0.000007
0.8010,-0.078890,0.136058,-0.352355,0.0693,1.0270,-1.5289,0.16,0.000007
0.8020,-0.078819,0.137077,-0.353867,0.0715,1.0181,-1.5116,0.16,0.000007
0.8030,-0.078745,0.138086,-0.355361,0.0737,1.0091,-1.4941,0.16,0.000007
0.8040,-0.078669,0.139086,-0.356837,0.0757,0.9998,-1.4765,0.16,0.000007
0.8050,-0.078592,0.140076,-0.358296,0.0778,0.9904,-1.4586,0.16,0.000007
0.8060,-0.078512,0.141057,-0.359736,0.0798,0.9808,-1.4406,0.17,0.000007
0.8070,-0.078430,0.142028,-0.361159,0.0817,0.9711,-1.4224,0.17,0.000007
0.8080,-0.078347,0.142989,-0.362563,0.0836,0.9612,-1.4040,0.17,0.000007
0.8090,-0.078261,0.143940,-0.363948,0.0854,0.9511,-1.3855,0.17,0.000007
0.8100,-0.078174,0.144881,-0.365315,0.0872,0.9408,-1.3667,0.17,0.000007
0.8110,-0.078085,0.145811,-0.366663,0.0889,0.9303,-1.3478,0.17,0.000007
0.8120,-0.077995,0.146731,-0.367992,0.0906,0.9197,-1.3288,0.18,0.000007
0.8130,-0.077902,0.147640,-0.369301,0.0922,0.9090,-1.3095,0.18,0.000007
0.8140,-0.077809,0.148538,-0.370591,0.0938,0.8980,-1.2901,0.18,0.000007
0.8150,-0.077713,0.149425,-0.371862,0.0953,0.8869,-1.2705,0.18,0.000007
0.8160,-0.077617,0.150301,-0.373113,0.0968,0.8757,-1.2508,0.18,0.000007
0.8170,-0.077518,0.151165,-0.374343,0.0982,0.8643,-1.2309,0.19,0.000007
0.8180,-0.077419,0.152018,-0.375554,0.0996,0.8527,-1.2109,0.19,0.000007
0.8190,-0.077318,0.152859,-0.376745,0.1009,0.8410,-1.1907,0.19,0.000007
0.8200,-0.077216,0.153688,-0.377915,0.1022,0.8291,-1.1703,0.19,0.000007
0.8210,-0.077112,0.154505,-0.379065,0.1035,0.8171,-1.1498,0.19,0.000007
0.8220,-0.077008,0.155310,-0.380194,0.1047,0.8049,-1.1291,0.19,0.000007
0.8230,-0.076902,0.156102,-0.381302,0.1058,0.7926,-1.1083,0.20,0.000007
0.8240,-0.076795,0.156882,-0.382390,0.1069,0.7802,-1.0873,0.20,0.000007
0.8250,-0.076687,0.157650,-0.383456,0.1080,0.7676,-1.0662,0.20,0.000007
0.8260,-0.076578,0.158405,-0.384501,0.1090,0.7548,-1.0450,0.20,0.000007
0.8270,-0.076468,0.159147,-0.385525,0.1100,0.7420,-1.0236,0.20,0.000007
0.8280,-0.076357,0.159876,-0.386527,0.1110,0.7290,-1.0021,0.20,0.000007
0.8290,-0.076245,0.160592,-0.387507,0.1119,0.7159,-0.9805,0.21,0.000007
0.8300,-0.076132,0.161294,-0.388466,0.1128,0.7027,-0.9588,0.21,0.000007
0.8310,-0.076018,0.161984,-0.389403,0.1136,0.6893,-0.9369,0.21,0.000007
0.8320,-0.075904,0.162660,-0.390318,0.1144,0.6758,-0.9149,0.21,0.000007
0.8330,-0.075789,0.163322,-0.391211,0.1152,0.6623,-0.8928,0.21,0.000007
0.8340,-0.075673,0.163970,-0.392081,0.1159,0.6486,-0.8706,0.21,0.000007
0.8350,-0.075556,0.164605,-0.392930,0.1166,0.6348,-0.8483,0.21,0.000007
0.8360,-0.075439,0.165226,-0.393755,0.1173,0.6209,-0.8258,0.22,0.000007
0.8370,-0.075321,0.165833,-0.394559,0.1179,0.6069,-0.8033,0.22,0.000007
0.8380,-0.075203,0.166426,-0.395339,0.1185,0.5928,-0.7807,0.22,0.000007
0.8390,-0.075084,0.167004,-0.396097,0.1191,0.5787,-0.7580,0.22,0.000007
0.8400,-0.074964,0.167569,-0.396833,0.1196,0.5644,-0.7352,0.22,0.000007
0.8410,-0.074844,0.168119,-0.397545,0.1202,0.5501,-0.7123,0.22,0.000007
0.8420,-0.074723,0.168655,-0.398234,0.1207,0.5357,-0.6894,0.22,0.000007
0.8430,-0.074602,0.169176,-0.398901,0.1211,0.5212,-0.6664,0.22,0.000007
0.8440,-0.074480,0.169682,-0.399544,0.1216,0.5067,-0.6433,0.22,0.000007
0.8450,-0.074358,0.170174,-0.400164,0.1220,0.4921,-0.6201,0.23,0.000007
0.8460,-0.074236,0.170652,-0.400761,0.1224,0.4774,-0.5969,0.23,0.000007
0.8470,-0.074113,0.171114,-0.401335,0.1228,0.4627,-0.5737,0.23,0.000007
0.8480,-0.073990,0.171562,-0.401885,0.1232,0.4479,-0.5504,0.23,0.000007
0.8490,-0.073866,0.171996,-0.402412,0.1236,0.4331,-0.5270,0.23,0.000007
0.8500,-0.073742,0.172414,-0.402916,0.1239,0.4183,-0.5036,0.23,0.000007
0.8510,-0.073618,0.172817,-0.403396,0.1243,0.4035,-0.4802,0.23,0.000007
0.8520,-0.073493,0.173206,-0.403853,0.1246,0.3886,-0.4568,0.23,0.000007
0.8530,-0.073368,0.173580,-0.404286,0.1250,0.3737,-0.4333,0.23,0.000007
0.8540,-0.073243,0.173938,-0.404696,0.1253,0.3588,-0.4098,0.23,0.000007
0.8550,-0.073118,0.174282,-0.405082,0.1256,0.3438,-0.3863,0.23,0.000007
0.8560,-0.072992,0.174611,-0.405445,0.1259,0.3289,-0.3629,0.23,0.000007
0.8570,-0.072866,0.174925,-0.405784,0.1262,0.3140,-0.3394,0.23,0.000007
0.8580,-0.072739,0.175224,-0.406100,0.1265,0.2991,-0.3159,0.24,0.000007
0.8590,-0.072612,0.175508,-0.406393,0.1268,0.2842,-0.2924,0.24,0.000007
0.8600,-0.072485,0.175778,-0.406661,0.1271,0.2693,-0.2689,0.24,0.000007
0.8610,-0.072358,0.176032,-0.406907,0.1275,0.2544,-0.2455,0.24,0.000007
0.8620,-0.072230,0.176272,-0.407129,0.1278,0.2396,-0.2221,0.24,0.000007
0.8630,-0.072102,0.176497,-0.407328,0.1281,0.2248,-0.1987,0.24,0.000007
0.8640,-0.071973,0.176707,-0.407503,0.1285,0.2101,-0.1754,0.24,0.000007
0.8650,-0.071844,0.176902,-0.407655,0.1288,0.1954,-0.1521,0.24,0.000007
0.8660,-0.071715,0.177083,-0.407784,0.1292,0.1807,-0.1289,0.24,0.000007
0.8670,-0.071586,0.177249,-0.407890,0.1296,0.1661,-0.1057,0.24,0.000007
0.8680,-0.071456,0.177401,-0.407972,0.1300,0.1516,-0.0826,0.24,0.000007
0.8690,-0.071325,0.177538,-0.408032,0.1304,0.1372,-0.0595,0.24,0.000007
0.8700,-0.071194,0.177660,-0.408068,0.1308,0.1228,-0.0365,0.24,0.000007
0.8710,-0.071063,0.177769,-0.408082,0.1313,0.1085,-0.0136,0.24,0.000007
0.8720,-0.070931,0.177863,-0.408073,0.1317,0.0943,0.0092,0.24,0.000007
0.8730,-0.070799,0.177943,-0.408041,0.1322,0.0801,0.0319,0.24,0.000007
0.8740,-0.070666,0.178009,-0.407986,0.1328,0.0661,0.0546,0.24,0.000007
0.8750,-0.070533,0.178062,-0.407909,0.1333,0.0522,0.0771,0.24,0.000007
0.8760,-0.070399,0.178100,-0.407810,0.1339,0.0384,0.0996,0.24,0.000007
0.8770,-0.070265,0.178125,-0.407688,0.1345,0.0247,0.1219,0.24,0.000007
0.8780,-0.070130,0.178136,-0.407544,0.1352,0.0111,0.1441,0.24,0.000007
0.8790,-0.069994,0.178133,-0.407377,0.1358,-0.0024,0.1662,0.24,0.000007
0.8800,-0.069857,0.178118,-0.407189,0.1366,-0.0157,0.1882,0.24,0.000007
0.8810,-0.069720,0.178089,-0.406979,0.1373,-0.0289,0.2100,0.24,0.000007
0.8820,-0.069582,0.178047,-0.406748,0.1381,-0.0420,0.2317,0.24,0.000007
0.8830,-0.069443,0.177992,-0.406494,0.1389,-0.0549,0.2533,0.23,0.000007
0.8840,-0.069303,0.177924,-0.406220,0.1398,-0.0677,0.2747,0.23,0.000007
0.8850,-0.069162,0.177844,-0.405924,0.1407,-0.0803,0.2960,0.23,0.000007
0.8860,-0.069021,0.177751,-0.405606,0.1416,-0.0928,0.3172,0.23,0.000007
0.8870,-0.068878,0.177646,-0.405268,0.1426,-0.1051,0.3381,0.23,0.000007
0.8880,-0.068735,0.177529,-0.404909,0.1436,-0.1173,0.3590,0.23,0.000007
0.8890,-0.068590,0.177400,-0.404530,0.1447,-0.1293,0.3796,0.23,0.000007
0.8900,-0.068444,0.177258,-0.404129,0.1458,-0.1411,0.4002,0.23,0.000007
0.8910,-0.068297,0.177106,-0.403709,0.1470,-0.1528,0.4205,0.23,0.000007
0.8920,-0.068149,0.176941,-0.403268,0.1482,-0.1642,0.4407,0.23,0.000007
0.8930,-0.067999,0.176766,-0.402808,0.1495,-0.1755,0.4607,0.23,0.000007
0.8940,-0.067849,0.176579,-0.402327,0.1508,-0.1867,0.4805,0.23,0.000007
0.8950,-0.067696,0.176382,-0.401827,0.1521,-0.1976,0.5001,0.23,0.000007
0.8960,-0.067543,0.176173,-0.401307,0.1535,-0.2084,0.5196,0.23,0.000007
0.8970,-0.067388,0.175954,-0.400769,0.1550,-0.2189,0.5388,0.22,0.000007
0.8980,-0.067231,0.175725,-0.400211,0.1565,-0.2293,0.5579,0.22,0.000007
0.8990,-0.067073,0.175485,-0.399634,0.1581,-0.2395,0.5768,0.22,0.000007
0.9000,-0.066914,0.175236,-0.399038,0.1597,-0.2495,0.5955,0.22,0.000007
0.9010,-0.066752,0.174977,-0.398424,0.1614,-0.2593,0.6141,0.22,0.000007
0.9020,-0.066589,0.174708,-0.397792,0.1631,-0.2689,0.6324,0.22,0.000007
0.9030,-0.066424,0.174429,-0.397141,0.1649,-0.2783,0.6505,0.22,0.000007
0.9040,-0.066258,0.174142,-0.396473,0.1667,-0.2876,0.6685,0.22,0.000007
0.9050,-0.066089,0.173845,-0.395787,0.1686,-0.2966,0.6862,0.22,0.000007
0.9060,-0.065919,0.173540,-0.395083,0.1705,-0.3054,0.7037,0.22,0.000007
0.9070,-0.065746,0.173226,-0.394362,0.1725,-0.3140,0.7211,0.21,0.000007
0.9080,-0.065572,0.172903,-0.393624,0.1745,-0.3224,0.7382,0.21,0.000007
0.9090,-0.065395,0.172573,-0.392868,0.1766,-0.3306,0.7552,0.21,0.000007
0.9100,-0.065216,0.172234,-0.392097,0.1787,-0.3387,0.7719,0.21,0.000007
0.9110,-0.065035,0.171888,-0.391308,0.1809,-0.3465,0.7884,0.21,0.000007
0.9120,-0.064852,0.171533,-0.390503,0.1831,-0.3541,0.8048,0.21,0.000007
0.9130,-0.064667,0.171172,-0.389682,0.1854,-0.3615,0.8209,0.21,0.000007
0.9140,-0.064479,0.170803,-0.388846,0.1878,-0.3688,0.8369,0.21,0.000007
0.9150,-0.064289,0.170427,-0.387993,0.1902,-0.3758,0.8526,0.21,0.000007
0.9160,-0.064096,0.170045,-0.387125,0.1926,-0.3827,0.8682,0.20,0.000007
0.9170,-0.063901,0.169655,-0.386241,0.1951,-0.3893,0.8835,0.20,0.000007
0.9180,-0.063704,0.169260,-0.385342,0.1976,-0.3958,0.8987,0.20,0.000007
0.9190,-0.063503,0.168858,-0.384429,0.2002,-0.4020,0.9137,0.20,0.000007
0.9200,-0.063300,0.168449,-0.383500,0.2029,-0.4081,0.9284,0.20,0.000007
0.9210,-0.063095,0.168035,-0.382557,0.2055,-0.4140,0.9430,0.20,0.000007
0.9220,-0.062887,0.167616,-0.381600,0.2082,-0.4197,0.9574,0.20,0.000007
0.9230,-0.062676,0.167190,-0.380628,0.2110,-0.4252,0.9716,0.20,0.000007
0.9240,-0.062462,0.166760,-0.379643,0.2138,-0.4306,0.9856,0.20,0.000007
0.9250,-0.062245,0.166324,-0.378643,0.2167,-0.4358,0.9994,0.19,0.000007
0.9260,-0.062026,0.165883,-0.377630,0.2196,-0.4408,1.0130,0.19,0.000007
0.9270,-0.061803,0.165438,-0.376604,0.2225,-0.4456,1.0265,0.19,0.000007
0.9280,-0.061578,0.164987,-0.375564,0.2254,-0.4503,1.0398,0.19,0.000007
0.9290,-0.061349,0.164533,-0.374511,0.2284,-0.4547,1.0529,0.19,0.000007
0.9300,-0.061118,0.164074,-0.373446,0.2315,-0.4591,1.0658,0.19,0.000007
0.9310,-0.060883,0.163610,-0.372367,0.2346,-0.4632,1.0785,0.19,0.000007
0.9320,-0.060646,0.163143,-0.371276,0.2377,-0.4673,1.0911,0.19,0.000007
0.9330,-0.060405,0.162672,-0.370172,0.2408,-0.4711,1.1035,0.19,0.000007
0.9340,-0.060161,0.162197,-0.369057,0.2440,-0.4748,1.1157,0.18,0.000007
0.9350,-0.059914,0.161719,-0.367929,0.2472,-0.4784,1.1278,0.18,0.000007
0.9360,-0.059663,0.161237,-0.366789,0.2504,-0.4818,1.1397,0.18,0.000007
0.9370,-0.059409,0.160752,-0.365638,0.2537,-0.4851,1.1514,0.18,0.000007
0.9380,-0.059152,0.160264,-0.364475,0.2570,-0.4882,1.1630,0.18,0.000007
0.9390,-0.058892,0.159772,-0.363300,0.2603,-0.4912,1.1745,0.18,0.000007
0.9400,-0.058629,0.159278,-0.362115,0.2636,-0.4941,1.1857,0.18,0.000007
0.9410,-0.058362,0.158781,-0.360918,0.2670,-0.4969,1.1969,0.18,0.000007
0.9420,-0.058091,0.158282,-0.359710,0.2704,-0.4995,1.2078,0.18,0.000007
0.9430,-0.057817,0.157780,-0.358491,0.2738,-0.5020,1.2187,0.18,0.000007
0.9440,-0.057540,0.157276,-0.357262,0.2772,-0.5044,1.2294,0.17,0.000007
0.9450,-0.057260,0.156769,-0.356022,0.2806,-0.5066,1.2399,0.17,0.000007
0.9460,-0.056976,0.156260,-0.354772,0.2841,-0.5088,1.2503,0.17,0.000007
0.9470,-0.056688,0.155749,-0.353511,0.2875,-0.5109,1.2606,0.17,0.000007
0.9480,-0.056397,0.155236,-0.352240,0.2910,-0.5128,1.2708,0.17,0.000007
0.9490,-0.056103,0.154722,-0.350959,0.2945,-0.5147,1.2808,0.17,0.000007
0.9500,-0.055805,0.154205,-0.349669,0.2980,-0.5164,1.2907,0.17,0.000007
0.9510,-0.055503,0.153687,-0.348368,0.3015,-0.5181,1.3004,0.17,0.000007
0.9520,-0.055198,0.153168,-0.347058,0.3050,-0.5197,1.3101,0.17,0.000007
0.9530,-0.054889,0.152646,-0.345739,0.3086,-0.5212,1.3196,0.17,0.000007
0.9540,-0.054577,0.152124,-0.344410,0.3121,-0.5226,1.3290,0.17,0.000007
0.9550,-0.054262,0.151600,-0.343071,0.3156,-0.5239,1.3383,0.17,0.000006
0.9560,-0.053943,0.151075,-0.341724,0.3192,-0.5251,1.3475,0.16,0.000006
0.9570,-0.053620,0.150548,-0.340367,0.3227,-0.5263,1.3566,0.16,0.000006
0.9580,-0.053294,0.150021,-0.339002,0.3263,-0.5274,1.3655,0.16,0.000006
0.9590,-0.052964,0.149493,-0.337627,0.3298,-0.5285,1.3744,0.16,0.000006
0.9600,-0.052630,0.148963,-0.336244,0.3333,-0.5294,1.3831,0.16,0.000006
0.9610,-0.052294,0.148433,-0.334852,0.3369,-0.5304,1.3918,0.16,0.000006
0.9620,-0.051953,0.147902,-0.333452,0.3404,-0.5312,1.4003,0.16,0.000006
0.9630,-0.051609,0.147370,-0.332043,0.3439,-0.5320,1.4088,0.16,0.000006
0.9640,-0.051262,0.146837,-0.330626,0.3475,-0.5328,1.4171,0.16,0.000006
0.9650,-0.050911,0.146303,-0.329201,0.3510,-0.5335,1.4254,0.16,0.000006
0.9660,-0.050556,0.145769,-0.327767,0.3545,-0.5341,1.4336,0.16,0.000006
0.9670,-0.050198,0.145235,-0.326326,0.3580,-0.5347,1.4416,0.16,0.000006
0.9680,-0.049837,0.144699,-0.324876,0.3615,-0.5353,1.4496,0.16,0.000006
0.9690,-0.049472,0.144164,-0.323418,0.3650,-0.5358,1.4576,0.15,0.000006
0.9700,-0.049103,0.143627,-0.321953,0.3684,-0.5363,1.4654,0.15,0.000006
0.9710,-0.048731,0.143091,-0.320480,0.3719,-0.5367,1.4731,0.15,0.000006
0.9720,-0.048356,0.142553,-0.318999,0.3753,-0.5371,1.4808,0.15,0.000006
0.9730,-0.047977,0.142016,-0.317511,0.3787,-0.5375,1.4884,0.15,0.000006
0.9740,-0.047595,0.141478,-0.316015,0.3821,-0.5379,1.4959,0.15,0.000006
0.9750,-0.047210,0.140940,-0.314512,0.3855,-0.5382,1.5033,0.15,0.000006
0.9760,-0.046821,0.140401,-0.313001,0.3889,-0.5385,1.5107,0.15,0.000006
0.9770,-0.046429,0.139862,-0.311483,0.3923,-0.5388,1.5180,0.15,0.000006
0.9780,-0.046033,0.139323,-0.309958,0.3956,-0.5391,1.5252,0.15,0.000006
0.9790,-0.045634,0.138784,-0.308425,0.3989,-0.5393,1.5323,0.15,0.000006
0.9800,-0.045232,0.138244,-0.306886,0.4022,-0.5396,1.5394,0.15,0.000006
0.9810,-0.044826,0.137705,-0.305340,0.4055,-0.5398,1.5464,0.15,0.000006
0.9820,-0.044418,0.137165,-0.303786,0.4087,-0.5400,1.5534,0.15,0.000006
0.9830,-0.044006,0.136624,-0.302226,0.4120,-0.5402,1.5602,0.14,0.000006
0.9840,-0.043590,0.136084,-0.300659,0.4152,-0.5404,1.5671,0.14,0.000006
0.9850,-0.043172,0.135544,-0.299085,0.4183,-0.5406,1.5738,0.14,0.000006
0.9860,-0.042751,0.135003,-0.297505,0.4215,-0.5408,1.5805,0.14,0.000006
0.9870,-0.042326,0.134462,-0.295918,0.4246,-0.5409,1.5871,0.14,0.000006
0.9880,-0.041898,0.133921,-0.294324,0.4277,-0.5411,1.5937,0.14,0.000006
0.9890,-0.041468,0.133379,-0.292724,0.4308,-0.5413,1.6002,0.14,0.000006
0.9900,-0.041034,0.132838,-0.291117,0.4338,-0.5415,1.6067,0.14,0.000006
0.9910,-0.040597,0.132296,-0.289504,0.4368,-0.5416,1.6131,0.14,0.000006
0.9920,-0.040157,0.131755,-0.287884,0.4398,-0.5418,1.6195,0.14,0.000006
0.9930,-0.039714,0.131213,-0.286259,0.4428,-0.5420,1.6258,0.14,0.000006
0.9940,-0.039269,0.130670,-0.284627,0.4457,-0.5422,1.6320,0.14,0.000006
0.9950,-0.038820,0.130128,-0.282988,0.4486,-0.5424,1.6382,0.14,0.000006
0.9960,-0.038369,0.129585,-0.281344,0.4514,-0.5426,1.6443,0.14,0.000006
0.9970,-0.037914,0.129043,-0.279694,0.4543,-0.5428,1.6504,0.14,0.000006
0.9980,-0.037457,0.128499,-0.278037,0.4571,-0.5431,1.6565,0.14,0.000006
0.9990,-0.036997,0.127956,-0.276375,0.4598,-0.5433,1.6625,0.13,0.000006
1.0000,-0.036535,0.127413,-0.274706,0.4626,-0.5435,1.6684,0.13,0.000006
1.0100,-0.031767,0.121960,-0.257706,0.4879,-0.5470,1.7253,0.13,0.000006
1.0200,-0.026766,0.116460,-0.240159,0.5094,-0.5527,1.7780,0.12,0.000006
1.0300,-0.021573,0.110889,-0.222108,0.5268,-0.5612,1.8267,0.12,0.000006
1.0400,-0.016230,0.105217,-0.203590,0.5399,-0.5727,1.8718,0.11,0.000006
1.0500,-0.010780,0.099411,-0.184641,0.5485,-0.5875,1.9132,0.10,0.000006
1.0600,-0.005269,0.093439,-0.165298,0.5526,-0.6056,1.9511,0.10,0.000006
1.0700,0.000258,0.087268,-0.145595,0.5521,-0.6270,1.9854,0.09,0.000006
1.0800,0.005756,0.080867,-0.125570,0.5472,-0.6513,2.0159,0.08,0.000006
1.0900,0.011181,0.074206,-0.105261,0.5380,-0.6785,2.0426,0.08,0.000006
1.1000,0.016490,0.067261,-0.084707,0.5245,-0.7080,2.0653,0.07,0.000006
1.1100,0.021642,0.060008,-0.063949,0.5070,-0.7396,2.0838,0.06,0.000006
1.1200,0.026599,0.052431,-0.043031,0.4858,-0.7726,2.0978,0.06,0.000006
1.1300,0.031325,0.044518,-0.021997,0.4612,-0.8066,2.1072,0.05,0.000006
1.1400,0.035787,0.036264,-0.000898,0.4335,-0.8409,2.1115,0.04,0.000006
1.1500,0.039956,0.027668,0.020216,0.4030,-0.8747,2.1104,0.03,0.000006
1.1600,0.043808,0.018740,0.041287,0.3703,-0.9074,2.1035,0.02,0.000006
1.1700,0.047323,0.009496,0.062255,0.3358,-0.9379,2.0904,0.01,0.000006
1.1800,0.050484,-0.000038,0.083056,0.2999,-0.9656,2.0705,0.01,0.000006
1.1900,0.053282,-0.009828,0.103618,0.2632,-0.9894,2.0434,-0.00,0.000006
1.2000,0.055710,-0.019831,0.123866,0.2261,-1.0083,2.0084,-0.01,0.000006
1.2100,0.057767,-0.029992,0.143718,0.1891,-1.0215,1.9649,-0.02,0.000006
1.2200,0.059457,-0.040248,0.163086,0.1528,-1.0280,1.9124,-0.03,0.000006
1.2300,0.060791,-0.050528,0.181877,0.1177,-1.0268,1.8503,-0.05,0.000006
1.2400,0.061782,-0.060751,0.199992,0.0841,-1.0172,1.7781,-0.06,0.000006
1.2500,0.062447,-0.070827,0.217326,0.0525,-0.9984,1.6953,-0.07,0.000006
1.2600,0.062809,-0.080663,0.233773,0.0232,-0.9699,1.6016,-0.08,0.000006
1.2700,0.062892,-0.090159,0.249223,-0.0035,-0.9314,1.4969,-0.09,0.000006
1.2800,0.062723,-0.099213,0.263565,-0.0275,-0.8827,1.3813,-0.11,0.000006
1.2900,0.062329,-0.107725,0.276692,-0.0486,-0.8239,1.2551,-0.12,0.000006
1.3000,0.061741,-0.115596,0.288502,-0.0669,-0.7557,1.1190,-0.13,0.000007
1.3100,0.060983,-0.122736,0.298901,-0.0826,-0.6787,0.9739,-0.14,0.000007
1.3200,0.060082,-0.129065,0.307806,-0.0959,-0.5944,0.8212,-0.15,0.000007
1.3300,0.059060,-0.134518,0.315150,-0.1072,-0.5043,0.6627,-0.16,0.000007
1.3400,0.057932,-0.139045,0.320885,-0.1171,-0.4101,0.5001,-0.17,0.000007
1.3500,0.056711,-0.142619,0.324983,-0.1261,-0.3142,0.3358,-0.17,0.000007
1.3600,0.055403,-0.145234,0.327439,-0.1347,-0.2185,0.1720,-0.17,0.000007
1.3700,0.054007,-0.146904,0.328271,-0.1436,-0.1255,0.0110,-0.18,0.000007
1.3800,0.052518,-0.147668,0.327517,-0.1533,-0.0370,-0.1451,-0.18,0.000007
1.3900,0.050926,-0.147579,0.325238,-0.1643,0.0453,-0.2945,-0.17,0.000007
1.4000,0.049216,-0.146708,0.321509,-0.1767,0.1201,-0.4358,-0.17,0.000007
1.4100,0.047373,-0.145133,0.316416,-0.1907,0.1867,-0.5679,-0.17,0.000007
1.4200,0.045381,-0.142940,0.310055,-0.2063,0.2448,-0.6905,-0.16,0.000007
1.4300,0.043226,-0.140210,0.302522,-0.2233,0.2947,-0.8032,-0.16,0.000007
1.4400,0.040895,-0.137025,0.293915,-0.2412,0.3369,-0.9064,-0.15,0.000007
1.4500,0.038381,-0.133455,0.284327,-0.2598,0.3724,-1.0005,-0.14,0.000007
1.4600,0.035680,-0.129564,0.273845,-0.2785,0.4021,-1.0861,-0.14,0.000007
1.4700,0.032793,-0.125402,0.262550,-0.2970,0.4271,-1.1639,-0.13,0.000006
1.4800,0.029725,-0.121010,0.250516,-0.3146,0.4485,-1.2346,-0.13,0.000006
1.4900,0.026487,-0.116420,0.237812,-0.3311,0.4673,-1.2988,-0.12,0.000006
1.5000,0.023093,-0.111653,0.224498,-0.3459,0.4842,-1.3571,-0.12,0.000006
1.5100,0.019561,-0.106723,0.210632,-0.3589,0.5001,-1.4100,-0.11,0.000006
1.5200,0.015910,-0.101637,0.196265,-0.3697,0.5155,-1.4579,-0.10,0.000006
1.5300,0.012166,-0.096397,0.181445,-0.3780,0.5309,-1.5010,-0.10,0.000006
1.5400,0.008351,-0.091002,0.166218,-0.3838,0.5466,-1.5397,-0.09,0.000006
1.5500,0.004494,-0.085447,0.150628,-0.3869,0.5629,-1.5741,-0.09,0.000006
1.5600,0.000620,-0.079725,0.134717,-0.3873,0.5799,-1.6043,-0.08,0.000006
1.5700,-0.003242,-0.073829,0.118528,-0.3849,0.5977,-1.6304,-0.08,0.000006
1.5800,-0.007066,-0.067751,0.102099,-0.3798,0.6161,-1.6523,-0.07,0.000006
1.5900,-0.010823,-0.061486,0.085475,-0.3720,0.6351,-1.6701,-0.06,0.000006
1.6000,-0.014487,-0.055030,0.068695,-0.3616,0.6544,-1.6837,-0.06,0.000006
1.6100,-0.018035,-0.048378,0.051804,-0.3488,0.6739,-1.6930,-0.05,0.000006
1.6200,-0.021441,-0.041533,0.034844,-0.3337,0.6932,-1.6978,-0.04,0.000006
1.6300,-0.024686,-0.034498,0.017861,-0.3166,0.7119,-1.6980,-0.04,0.000006
1.6400,-0.027749,-0.027280,0.000903,-0.2976,0.7297,-1.6934,-0.03,0.000006
1.6500,-0.030613,-0.019891,-0.015983,-0.2770,0.7462,-1.6838,-0.02,0.000006
1.6600,-0.033263,-0.012347,-0.032743,-0.2551,0.7608,-1.6690,-0.01,0.000006
1.6700,-0.035689,-0.004670,-0.049327,-0.2322,0.7731,-1.6488,-0.01,0.000006
1.6800,-0.037880,0.003116,-0.065677,-0.2084,0.7826,-1.6229,0.00,0.000006
1.6900,-0.039832,0.010979,-0.081736,-0.1842,0.7888,-1.5911,0.01,0.000006
1.7000,-0.041540,0.018885,-0.097443,-0.1598,0.7913,-1.5532,0.02,0.000006
1.7100,-0.043004,0.026792,-0.112737,-0.1355,0.7896,-1.5090,0.02,0.000006
1.7200,-0.044227,0.034657,-0.127553,-0.1116,0.7833,-1.4582,0.03,0.000006
1.7300,-0.045214,0.042433,-0.141826,-0.0882,0.7720,-1.4009,0.04,0.000006
1.7400,-0.045971,0.050066,-0.155489,-0.0657,0.7555,-1.3370,0.05,0.000006
1.7500,-0.046509,0.057506,-0.168476,-0.0441,0.7336,-1.2664,0.06,0.000006
1.7600,-0.046837,0.064695,-0.180721,-0.0238,0.7061,-1.1892,0.07,0.000006
1.7700,-0.046968,0.071580,-0.192159,-0.0047,0.6732,-1.1058,0.08,0.000006
1.7800,-0.046916,0.078106,-0.202729,0.0131,0.6350,-1.0163,0.08,0.000006
1.7900,-0.046694,0.084222,-0.212374,0.0295,0.5917,-0.9212,0.09,0.000006
1.8000,-0.046315,0.089878,-0.221040,0.0446,0.5438,-0.8212,0.10,0.000006
1.8100,-0.045792,0.095033,-0.228681,0.0584,0.4918,-0.7168,0.10,0.000006
1.8200,-0.045136,0.099649,-0.235258,0.0711,0.4364,-0.6090,0.11,0.000007
1.8300,-0.044360,0.103695,-0.240742,0.0829,0.3784,-0.4985,0.12,0.000007
1.8400,-0.043471,0.107151,-0.245111,0.0938,0.3186,-0.3863,0.12,0.000007
1.8500,-0.042476,0.110004,-0.248353,0.1041,0.2579,-0.2735,0.12,0.000007
1.8600,-0.041381,0.112248,-0.250468,0.1140,0.1972,-0.1610,0.13,0.000007
1.8700,-0.040188,0.113890,-0.251465,0.1236,0.1373,-0.0498,0.13,0.000007
1.8800,-0.038899,0.114941,-0.251362,0.1332,0.0791,0.0591,0.13,0.000007
1.8900,-0.037515,0.115423,-0.250186,0.1428,0.0232,0.1650,0.13,0.000007
1.9000,-0.036033,0.115361,-0.247972,0.1526,-0.0298,0.2671,0.13,0.000007
1.9100,-0.034452,0.114786,-0.244760,0.1626,-0.0796,0.3648,0.13,0.000007
1.9200,-0.032771,0.113732,-0.240596,0.1727,-0.1259,0.4577,0.12,0.000007
1.9300,-0.030988,0.112236,-0.235532,0.1830,-0.1685,0.5456,0.12,0.000007
1.9400,-0.029101,0.110333,-0.229617,0.1933,-0.2076,0.6282,0.12,0.000007
1.9500,-0.027111,0.108059,-0.222906,0.2035,-0.2431,0.7054,0.11,0.000007
1.9600,-0.025021,0.105448,-0.215451,0.2135,-0.2754,0.7773,0.11,0.000006
1.9700,-0.022832,0.102530,-0.207307,0.2231,-0.3048,0.8440,0.11,0.000006
1.9800,-0.020551,0.099334,-0.198525,0.2321,-0.3314,0.9055,0.10,0.000006
1.9900,-0.018184,0.095883,-0.189155,0.2404,-0.3558,0.9620,0.10,0.000006
2.0000,-0.015740,0.092201,-0.179247,0.2477,-0.3782,1.0137,0.10,0.000006
2.0100,-0.013228,0.088304,-0.168847,0.2539,-0.3988,1.0608,0.09,0.000006
2.0200,-0.010660,0.084209,-0.158001,0.2590,-0.4181,1.1034,0.09,0.000006
2.0300,-0.008049,0.079928,-0.146753,0.2627,-0.4362,1.1416,0.08,0.000006
2.0400,-0.005408,0.075471,-0.135147,0.2649,-0.4533,1.1756,0.08,0.000006
2.0500,-0.002753,0.070848,-0.123223,0.2657,-0.4696,1.2055,0.07,0.000006
2.0600,-0.000099,0.066066,-0.111022,0.2650,-0.4852,1.2314,0.07,0.000006
2.0700,0.002540,0.061132,-0.098585,0.2627,-0.5001,1.2532,0.06,0.000006
2.0800,0.005147,0.056052,-0.085951,0.2588,-0.5143,1.2712,0.06,0.000006
2.0900,0.007707,0.050834,-0.073159,0.2535,-0.5279,1.2852,0.05,0.000006
2.1000,0.010205,0.045483,-0.060248,0.2466,-0.5408,1.2953,0.05,0.000006
2.1100,0.012627,0.040008,-0.047258,0.2384,-0.5528,1.3014,0.04,0.000006
2.1200,0.014959,0.034419,-0.034229,0.2288,-0.5638,1.3035,0.04,0.000006
2.1300,0.017188,0.028725,-0.021201,0.2180,-0.5737,1.3017,0.03,0.000006
2.1400,0.019303,0.022939,-0.008214,0.2061,-0.5824,1.2957,0.02,0.000006
2.1500,0.021294,0.017075,0.004691,0.1932,-0.5895,1.2856,0.02,0.000006
2.1600,0.023152,0.011149,0.017473,0.1795,-0.5949,1.2713,0.01,0.000006
2.1700,0.024869,0.005180,0.030087,0.1652,-0.5983,1.2528,0.01,0.000006
2.1800,0.026439,-0.000813,0.042493,0.1503,-0.5997,1.2299,-0.00,0.000006
2.1900,0.027858,-0.006806,0.054647,0.1350,-0.5987,1.2028,-0.01,0.000006
2.2000,0.029122,-0.012776,0.066504,0.1194,-0.5952,1.1712,-0.01,0.000006
2.2100,0.030231,-0.018697,0.078022,0.1038,-0.5890,1.1352,-0.02,0.000006
2.2200,0.031184,-0.024540,0.089156,0.0883,-0.5800,1.0949,-0.02,0.000006
2.2300,0.031981,-0.030277,0.099863,0.0729,-0.5681,1.0503,-0.03,0.000006
2.2400,0.032627,-0.035878,0.110101,0.0578,-0.5531,1.0014,-0.04,0.000006
2.2500,0.033123,-0.041313,0.119827,0.0431,-0.5351,0.9484,-0.04,0.000006
2.2600,0.033475,-0.046551,0.129001,0.0288,-0.5141,0.8915,-0.05,0.000006
2.2700,0.033687,-0.051563,0.137586,0.0151,-0.4901,0.8309,-0.05,0.000006
2.2800,0.033766,-0.056319,0.145545,0.0020,-0.4633,0.7668,-0.06,0.000006
2.2900,0.033716,-0.060793,0.152846,-0.0105,-0.4339,0.6995,-0.06,0.000006
2.3000,0.033545,-0.064959,0.159458,-0.0224,-0.4021,0.6295,-0.07,0.000006
2.3100,0.033258,-0.068794,0.165356,-0.0337,-0.3681,0.5570,-0.07,0.000006
2.3200,0.032861,-0.072279,0.170517,-0.0444,-0.3322,0.4825,-0.08,0.000006
2.3300,0.032361,-0.075397,0.174925,-0.0545,-0.2949,0.4065,-0.08,0.000006
2.3400,0.031763,-0.078135,0.178568,-0.0641,-0.2565,0.3295,-0.08,0.000006
2.3500,0.031071,-0.080485,0.181436,-0.0733,-0.2173,0.2519,-0.09,0.000006
2.3600,0.030289,-0.082440,0.183528,-0.0820,-0.1778,0.1743,-0.09,0.000006
2.3700,0.029422,-0.084000,0.184846,-0.0904,-0.1383,0.0971,-0.09,0.000006
2.3800,0.028473,-0.085167,0.185397,-0.0985,-0.0991,0.0209,-0.09,0.000006
2.3900,0.027445,-0.085946,0.185193,-0.1063,-0.0607,-0.0541,-0.09,0.000006
2.4000,0.026341,-0.086347,0.184248,-0.1138,-0.0233,-0.1272,-0.09,0.000006
2.4100,0.025162,-0.086379,0.182583,-0.1212,0.0129,-0.1983,-0.09,0.000006
2.4200,0.023911,-0.086057,0.180221,-0.1282,0.0477,-0.2669,-0.09,0.000006
2.4300,0.022591,-0.085396,0.177187,-0.1351,0.0809,-0.3328,-0.09,0.000006
2.4400,0.021204,-0.084412,0.173509,-0.1416,0.1125,-0.3958,-0.09,0.000006
2.4500,0.019753,-0.083121,0.169219,-0.1479,0.1423,-0.4558,-0.09,0.000006
2.4600,0.018241,-0.081543,0.164347,-0.1538,0.1704,-0.5125,-0.08,0.000006
2.4700,0.016673,-0.079693,0.158926,-0.1593,0.1967,-0.5658,-0.08,0.000006
2.4800,0.015052,-0.077589,0.152990,-0.1643,0.2214,-0.6158,-0.08,0.000006
2.4900,0.013384,-0.075247,0.146573,-0.1688,0.2444,-0.6623,-0.08,0.000006
2.5000,0.011674,-0.072684,0.139710,-0.1727,0.2659,-0.7054,-0.07,0.000006
2.5100,0.009929,-0.069913,0.132434,-0.1759,0.2860,-0.7451,-0.07,0.000006
2.5200,0.008155,-0.066950,0.124781,-0.1784,0.3046,-0.7813,-0.07,0.000006
2.5300,0.006360,-0.063807,0.116785,-0.1802,0.3220,-0.8141,-0.07,0.000006
2.5400,0.004552,-0.060498,0.108479,-0.1812,0.3381,-0.8436,-0.06,0.000006
2.5500,0.002739,-0.057033,0.099897,-0.1813,0.3531,-0.8696,-0.06,0.000006
2.5600,0.000929,-0.053424,0.091073,-0.1806,0.3670,-0.8923,-0.05,0.000006
2.5700,-0.000869,-0.049683,0.082040,-0.1790,0.3798,-0.9117,-0.05,0.000006
2.5800,-0.002645,-0.045820,0.072831,-0.1765,0.3915,-0.9279,-0.05,0.000006
2.5900,-0.004393,-0.041845,0.063480,-0.1732,0.4022,-0.9407,-0.04,0.000006
2.6000,-0.006102,-0.037769,0.054018,-0.1690,0.4118,-0.9502,-0.04,0.000006
2.6100,-0.007766,-0.033604,0.044478,-0.1640,0.4203,-0.9565,-0.03,0.000006
2.6200,-0.009375,-0.029360,0.034893,-0.1583,0.4276,-0.9596,-0.03,0.000006
2.6300,-0.010922,-0.025050,0.025295,-0.1518,0.4337,-0.9594,-0.03,0.000006
2.6400,-0.012401,-0.020684,0.015717,-0.1446,0.4386,-0.9560,-0.02,0.000006
2.6500,-0.013805,-0.016277,0.006191,-0.1368,0.4422,-0.9493,-0.02,0.000006
2.6600,-0.015128,-0.011843,-0.003251,-0.1285,0.4443,-0.9395,-0.01,0.000006
2.6700,-0.016365,-0.007394,-0.012576,-0.1198,0.4450,-0.9264,-0.01,0.000006
2.6800,-0.017513,-0.002948,-0.021754,-0.1106,0.4442,-0.9102,-0.00,0.000006
2.6900,-0.018567,0.001482,-0.030752,-0.1011,0.4417,-0.8908,0.00,0.000006
2.7000,-0.019524,0.005878,-0.039539,-0.0913,0.4376,-0.8683,0.01,0.000006
2.7100,-0.020383,0.010223,-0.048085,-0.0814,0.4317,-0.8428,0.01,0.000006
2.7200,-0.021142,0.014500,-0.056359,-0.0714,0.4241,-0.8143,0.01,0.000006
2.7300,-0.021801,0.018691,-0.064331,-0.0614,0.4148,-0.7829,0.02,0.000006
2.7400,-0.022359,0.022779,-0.071974,-0.0513,0.4036,-0.7487,0.02,0.000006
2.7500,-0.022818,0.026745,-0.079260,-0.0414,0.3907,-0.7118,0.03,0.000006
2.7600,-0.023178,0.030572,-0.086163,-0.0316,0.3760,-0.6723,0.03,0.000006
2.7700,-0.023441,0.034244,-0.092658,-0.0220,0.3596,-0.6305,0.04,0.000006
2.7800,-0.023609,0.037743,-0.098722,-0.0126,0.3417,-0.5865,0.04,0.000006
2.7900,-0.023685,0.041054,-0.104335,-0.0035,0.3222,-0.5404,0.04,0.000006
2.8000,-0.023672,0.044162,-0.109477,0.0053,0.3013,-0.4926,0.05,0.000006
2.8100,-0.023571,0.047054,-0.114132,0.0139,0.2792,-0.4431,0.05,0.000006
2.8200,-0.023387,0.049719,-0.118286,0.0221,0.2559,-0.3924,0.05,0.000006
2.8300,-0.023121,0.052146,-0.121925,0.0301,0.2317,-0.3406,0.05,0.000006
2.8400,-0.022778,0.054327,-0.125043,0.0377,0.2067,-0.2880,0.06,0.000006
2.8500,-0.022361,0.056253,-0.127631,0.0450,0.1811,-0.2349,0.06,0.000006
2.8600,-0.021872,0.057922,-0.129686,0.0520,0.1551,-0.1815,0.06,0.000006
2.8700,-0.021314,0.059329,-0.131206,0.0588,0.1289,-0.1281,0.06,0.000006
2.8800,-0.020691,0.060473,-0.132195,0.0652,0.1025,-0.0750,0.06,0.000006
2.8900,-0.020005,0.061353,-0.132655,0.0713,0.0763,-0.0224,0.06,0.000006
2.9000,-0.019259,0.061973,-0.132593,0.0772,0.0503,0.0294,0.06,0.000006
2.9100,-0.018457,0.062336,-0.132019,0.0827,0.0248,0.0802,0.06,0.000006
2.9200,-0.017600,0.062446,-0.130944,0.0880,-0.0002,0.1297,0.06,0.000006
2.9300,-0.016692,0.062309,-0.129380,0.0930,-0.0246,0.1779,0.06,0.000006
2.9400,-0.015736,0.061933,-0.127344,0.0977,-0.0482,0.2244,0.06,0.000006
2.9500,-0.014735,0.061325,-0.124852,0.1020,-0.0710,0.2692,0.06,0.000006
2.9600,-0.013692,0.060494,-0.121923,0.1061,-0.0929,0.3121,0.06,0.000006
2.9700,-0.012611,0.059449,-0.118575,0.1098,-0.1138,0.3529,0.06,0.000006
2.9800,-0.011495,0.058200,-0.114831,0.1131,-0.1338,0.3917,0.06,0.000006
2.9900,-0.010348,0.056756,-0.110711,0.1160,-0.1528,0.4282,0.06,0.000006
3.0000,-0.009174,0.055129,-0.106239,0.1185,-0.1707,0.4625,0.06,0.000006
3.0100,-0.007977,0.053327,-0.101437,0.1206,-0.1877,0.4944,0.05,0.000006
3.0200,-0.006762,0.051362,-0.096328,0.1222,-0.2036,0.5239,0.05,0.000006
3.0300,-0.005534,0.049243,-0.090938,0.1233,-0.2185,0.5510,0.05,0.000006
3.0400,-0.004297,0.046981,-0.085291,0.1239,-0.2324,0.5756,0.05,0.000006
3.0500,-0.003057,0.044585,-0.079410,0.1241,-0.2453,0.5978,0.05,0.000006
3.0600,-0.001817,0.042066,-0.073322,0.1237,-0.2572,0.6175,0.04,0.000006
3.0700,-0.000585,0.039434,-0.067051,0.1228,-0.2681,0.6347,0.04,0.000006
3.0800,0.000636,0.036698,-0.060621,0.1214,-0.2780,0.6493,0.04,0.000006
3.0900,0.001841,0.033868,-0.054059,0.1195,-0.2869,0.6615,0.03,0.000006
3.1000,0.003023,0.030954,-0.047388,0.1171,-0.2948,0.6712,0.03,0.000006
3.1100,0.004178,0.027967,-0.040634,0.1142,-0.3017,0.6784,0.03,0.000006
3.1200,0.005302,0.024917,-0.033822,0.1108,-0.3076,0.6831,0.03,0.000006
3.1300,0.006389,0.021813,-0.026976,0.1070,-0.3125,0.6854,0.02,0.000006
3.1400,0.007436,0.018666,-0.020122,0.1027,-0.3163,0.6852,0.02,0.000006
3.1500,0.008438,0.015486,-0.013282,0.0981,-0.3191,0.6826,0.02,0.000006
3.1600,0.009392,0.012286,-0.006482,0.0931,-0.3207,0.6776,0.01,0.000006
3.1700,0.010293,0.009074,0.000255,0.0877,-0.3213,0.6702,0.01,0.000006
3.1800,0.011140,0.005863,0.006906,0.0821,-0.3207,0.6605,0.01,0.000006
3.1900,0.011928,0.002664,0.013446,0.0762,-0.3190,0.6485,0.00,0.000006
3.2000,0.012657,-0.000511,0.019855,0.0701,-0.3162,0.6343,-0.00,0.000006
3.2100,0.013324,-0.003652,0.026109,0.0638,-0.3122,0.6179,-0.00,0.000006
3.2200,0.013927,-0.006747,0.032187,0.0574,-0.3070,0.5993,-0.01,0.000006
3.2300,0.014465,-0.009784,0.038069,0.0509,-0.3007,0.5788,-0.01,0.000006
3.2400,0.014937,-0.012751,0.043735,0.0443,-0.2933,0.5563,-0.01,0.000006
3.2500,0.015344,-0.015638,0.049165,0.0377,-0.2847,0.5319,-0.02,0.000006
3.2600,0.015685,-0.018434,0.054341,0.0311,-0.2751,0.5057,-0.02,0.000006
3.2700,0.015959,-0.021127,0.059247,0.0245,-0.2644,0.4779,-0.02,0.000006
3.2800,0.016168,-0.023707,0.063866,0.0180,-0.2527,0.4486,-0.02,0.000006
3.2900,0.016313,-0.026165,0.068184,0.0115,-0.2401,0.4178,-0.03,0.000006
3.3000,0.016393,-0.028492,0.072187,0.0052,-0.2265,0.3858,-0.03,0.000006
3.3100,0.016411,-0.030679,0.075864,-0.0010,-0.2122,0.3527,-0.03,0.000006
3.3200,0.016368,-0.032718,0.079203,-0.0070,-0.1971,0.3185,-0.03,0.000006
3.3300,0.016265,-0.034603,0.082197,-0.0129,-0.1813,0.2835,-0.04,0.000006
3.3400,0.016105,-0.036326,0.084837,-0.0186,-0.1650,0.2479,-0.04,0.000006
3.3500,0.015888,-0.037884,0.087117,-0.0242,-0.1482,0.2118,-0.04,0.000006
3.3600,0.015617,-0.039272,0.089034,-0.0295,-0.1310,0.1753,-0.04,0.000006
3.3700,0.015294,-0.040486,0.090585,-0.0346,-0.1135,0.1386,-0.04,0.000006
3.3800,0.014920,-0.041524,0.091769,-0.0396,-0.0959,0.1019,-0.04,0.000006
3.3900,0.014498,-0.042386,0.092587,-0.0443,-0.0781,0.0653,-0.04,0.000006
3.4000,0.014030,-0.043069,0.093040,-0.0488,-0.0604,0.0291,-0.04,0.000006
3.4100,0.013519,-0.043575,0.093133,-0.0531,-0.0427,-0.0068,-0.04,0.000006
3.4200,0.012966,-0.043905,0.092871,-0.0571,-0.0252,-0.0420,-0.05,0.000006
3.4300,0.012374,-0.044062,0.092261,-0.0609,-0.0079,-0.0765,-0.05,0.000006
3.4400,0.011745,-0.044047,0.091309,-0.0645,0.0091,-0.1102,-0.05,0.000006
3.4500,0.011082,-0.043865,0.090027,-0.0678,0.0257,-0.1429,-0.04,0.000006
3.4600,0.010388,-0.043519,0.088424,-0.0708,0.0418,-0.1745,-0.04,0.000006
3.4700,0.009664,-0.043014,0.086511,-0.0736,0.0575,-0.2049,-0.04,0.000006
3.4800,0.008915,-0.042356,0.084301,-0.0761,0.0726,-0.2340,-0.04,0.000006
3.4900,0.008142,-0.041549,0.081807,-0.0783,0.0871,-0.2617,-0.04,0.000006
3.5000,0.007349,-0.040601,0.079044,-0.0802,0.1010,-0.2880,-0.04,0.000006
3.5100,0.006538,-0.039517,0.076026,-0.0818,0.1143,-0.3128,-0.04,0.000006
3.5200,0.005713,-0.038304,0.072768,-0.0831,0.1269,-0.3361,-0.04,0.000006
3.5300,0.004876,-0.036968,0.069288,-0.0841,0.1389,-0.3577,-0.04,0.000006
3.5400,0.004032,-0.035517,0.065600,-0.0847,0.1501,-0.3776,-0.04,0.000006
3.5500,0.003183,-0.033958,0.061722,-0.0850,0.1606,-0.3958,-0.03,0.000006
3.5600,0.002332,-0.032298,0.057672,-0.0850,0.1703,-0.4123,-0.03,0.000006
3.5700,0.001483,-0.030545,0.053466,-0.0847,0.1793,-0.4270,-0.03,0.000006
3.5800,0.000640,-0.028705,0.049123,-0.0840,0.1876,-0.4400,-0.03,0.000006
3.5900,-0.000196,-0.026788,0.044661,-0.0831,0.1951,-0.4511,-0.03,0.000006
3.6000,-0.001020,-0.024799,0.040096,-0.0818,0.2018,-0.4605,-0.03,0.000006
3.6100,-0.001828,-0.022748,0.035448,-0.0801,0.2077,-0.4681,-0.02,0.000006
3.6200,-0.002619,-0.020642,0.030734,-0.0782,0.2129,-0.4738,-0.02,0.000006
3.6300,-0.003390,-0.018489,0.025973,-0.0760,0.2172,-0.4778,-0.02,0.000006
3.6400,-0.004136,-0.016297,0.021182,-0.0735,0.2207,-0.4800,-0.02,0.000006
3.6500,-0.004856,-0.014074,0.016378,-0.0707,0.2235,-0.4804,-0.01,0.000006
3.6600,-0.005547,-0.011828,0.011581,-0.0677,0.2254,-0.4790,-0.01,0.000006
3.6700,-0.006206,-0.009567,0.006806,-0.0645,0.2265,-0.4759,-0.01,0.000006
3.6800,-0.006832,-0.007300,0.002071,-0.0610,0.2268,-0.4712,-0.01,0.000006
3.6900,-0.007422,-0.005034,-0.002607,-0.0573,0.2263,-0.4648,-0.01,0.000006
3.7000,-0.007975,-0.002778,-0.007211,-0.0535,0.2249,-0.4567,-0.00,0.000006
3.7100,-0.008488,-0.000540,-0.011727,-0.0495,0.2228,-0.4471,-0.00,0.000006
3.7200,-0.008961,0.001673,-0.016137,-0.0454,0.2198,-0.4359,0.00,0.000006
3.7300,-0.009392,0.003851,-0.020428,-0.0412,0.2161,-0.4233,0.00,0.000006
3.7400,-0.009781,0.005988,-0.024585,-0.0369,0.2116,-0.4092,0.01,0.000006
3.7500,-0.010126,0.008076,-0.028594,-0.0325,0.2063,-0.3938,0.01,0.000006
3.7600,-0.010427,0.010106,-0.032442,-0.0281,0.2003,-0.3772,0.01,0.000006
3.7700,-0.010684,0.012073,-0.036116,-0.0237,0.1936,-0.3593,0.01,0.000006
3.7800,-0.010896,0.013969,-0.039605,-0.0192,0.1862,-0.3403,0.01,0.000006
3.7900,-0.011064,0.015788,-0.042898,-0.0148,0.1782,-0.3202,0.02,0.000006
3.8000,-0.011187,0.017523,-0.045985,-0.0104,0.1696,-0.2992,0.02,0.000006
3.8100,-0.011267,0.019168,-0.048857,-0.0060,0.1603,-0.2773,0.02,0.000006
3.8200,-0.011304,0.020719,-0.051506,-0.0017,0.1506,-0.2546,0.02,0.000006
3.8300,-0.011298,0.022169,-0.053924,0.0025,0.1404,-0.2313,0.02,0.000006
3.8400,-0.011250,0.023515,-0.056106,0.0066,0.1298,-0.2074,0.02,0.000006
3.8500,-0.011161,0.024753,-0.058047,0.0107,0.1188,-0.1830,0.03,0.000006
3.8600,-0.011033,0.025879,-0.059741,0.0146,0.1075,-0.1583,0.03,0.000006
3.8700,-0.010865,0.026890,-0.061187,0.0184,0.0959,-0.1333,0.03,0.000006
3.8800,-0.010661,0.027784,-0.062382,0.0221,0.0841,-0.1082,0.03,0.000006
3.8900,-0.010420,0.028559,-0.063325,0.0257,0.0721,-0.0829,0.03,0.000006
3.9000,-0.010145,0.029214,-0.064016,0.0291,0.0601,-0.0578,0.03,0.000006
3.9100,-0.009836,0.029748,-0.064456,0.0323,0.0480,-0.0328,0.03,0.000006
3.9200,-0.009496,0.030162,-0.064647,0.0354,0.0359,-0.0080,0.03,0.000006
3.9300,-0.009126,0.030455,-0.064593,0.0383,0.0239,0.0164,0.03,0.000006
3.9400,-0.008728,0.030628,-0.064296,0.0410,0.0120,0.0404,0.03,0.000006
3.9500,-0.008304,0.030683,-0.063762,0.0436,0.0002,0.0639,0.03,0.000006
3.9600,-0.007855,0.030621,-0.062997,0.0460,-0.0113,0.0868,0.03,0.000006
3.9700,-0.007383,0.030446,-0.062007,0.0481,-0.0226,0.1089,0.03,0.000006
3.9800,-0.006891,0.030158,-0.060799,0.0501,-0.0337,0.1304,0.03,0.000006
3.9900,-0.006380,0.029762,-0.059381,0.0519,-0.0444,0.1510,0.03,0.000006
4.0000,-0.005852,0.029261,-0.057762,0.0534,-0.0547,0.1707,0.03,0.000006
4.0100,-0.005310,0.028658,-0.055950,0.0548,-0.0647,0.1895,0.03,0.000006
4.0200,-0.004756,0.027958,-0.053957,0.0559,-0.0743,0.2073,0.03,0.000006
4.0300,-0.004191,0.027165,-0.051791,0.0569,-0.0834,0.2240,0.03,0.000006
4.0400,-0.003618,0.026282,-0.049463,0.0576,-0.0921,0.2397,0.03,0.000006
4.0500,-0.003039,0.025316,-0.046986,0.0581,-0.1003,0.2542,0.03,0.000006
4.0600,-0.002457,0.024270,-0.044369,0.0583,-0.1080,0.2676,0.02,0.000006
4.0700,-0.001874,0.023150,-0.041626,0.0584,-0.1152,0.2797,0.02,0.000006
4.0800,-0.001291,0.021961,-0.038768,0.0582,-0.1219,0.2907,0.02,0.000006
4.0900,-0.000711,0.020708,-0.035807,0.0578,-0.1280,0.3004,0.02,0.000006
4.1000,-0.000137,0.019397,-0.032755,0.0571,-0.1336,0.3088,0.02,0.000006
4.1100,0.000430,0.018033,-0.029626,0.0563,-0.1386,0.3160,0.02,0.000006
4.1200,0.000988,0.016622,-0.026432,0.0553,-0.1430,0.3220,0.02,0.000006
4.1300,0.001534,0.015170,-0.023185,0.0540,-0.1469,0.3267,0.02,0.000006
4.1400,0.002066,0.013683,-0.019899,0.0526,-0.1502,0.3301,0.01,0.000006
4.1500,0.002584,0.012165,-0.016586,0.0510,-0.1529,0.3322,0.01,0.000006
4.1600,0.003084,0.010624,-0.013258,0.0492,-0.1550,0.3331,0.01,0.000006
4.1700,0.003565,0.009065,-0.009928,0.0472,-0.1566,0.3327,0.01,0.000006
4.1800,0.004026,0.007494,-0.006608,0.0451,-0.1575,0.3312,0.01,0.000006
4.1900,0.004465,0.005916,-0.003310,0.0429,-0.1579,0.3284,0.01,0.000006
4.2000,0.004880,0.004338,-0.000047,0.0405,-0.1577,0.3245,0.00,0.000006
4.2100,0.005271,0.002765,0.003171,0.0380,-0.1569,0.3194,0.00,0.000006
4.2200,0.005637,0.001203,0.006331,0.0353,-0.1555,0.3132,0.00,0.000006
4.2300,0.005975,-0.000342,0.009424,0.0326,-0.1536,0.3059,-0.00,0.000006
4.2400,0.006286,-0.001865,0.012439,0.0298,-0.1512,0.2976,-0.00,0.000006
4.2500,0.006568,-0.003361,0.015365,0.0269,-0.1482,0.2883,-0.00,0.000006
4.2600,0.006822,-0.004824,0.018192,0.0240,-0.1447,0.2781,-0.00,0.000006
4.2700,0.007045,-0.006249,0.020913,0.0210,-0.1406,0.2669,-0.01,0.000006
4.2800,0.007239,-0.007631,0.023517,0.0180,-0.1362,0.2549,-0.01,0.000006
4.2900,0.007403,-0.008966,0.025996,0.0150,-0.1312,0.2422,-0.01,0.000006
4.3000,0.007537,-0.010248,0.028344,0.0120,-0.1258,0.2286,-0.01,0.000006
4.3100,0.007640,-0.011475,0.030553,0.0090,-0.1200,0.2144,-0.01,0.000006
4.3200,0.007714,-0.012642,0.032617,0.0060,-0.1138,0.1996,-0.01,0.000006
4.3300,0.007757,-0.013744,0.034529,0.0030,-0.1073,0.1843,-0.01,0.000006
4.3400,0.007771,-0.014780,0.036285,0.0001,-0.1004,0.1685,-0.02,0.000006
4.3500,0.007756,-0.015745,0.037881,-0.0028,-0.0933,0.1522,-0.02,0.000006
4.3600,0.007712,-0.016638,0.039312,-0.0056,-0.0859,0.1356,-0.02,0.000006
4.3700,0.007640,-0.017455,0.040576,-0.0084,-0.0783,0.1188,-0.02,0.000006
4.3800,0.007542,-0.018194,0.041670,-0.0111,-0.0704,0.1017,-0.02,0.000006
4.3900,0.007416,-0.018855,0.042592,-0.0137,-0.0624,0.0845,-0.02,0.000006
4.4000,0.007265,-0.019435,0.043342,-0.0162,-0.0543,0.0672,-0.02,0.000006
4.4100,0.007090,-0.019933,0.043918,-0.0186,-0.0461,0.0499,-0.02,0.000006
4.4200,0.006890,-0.020350,0.044322,-0.0210,-0.0379,0.0326,-0.02,0.000006
4.4300,0.006669,-0.020683,0.044554,-0.0232,-0.0296,0.0155,-0.02,0.000006
4.4400,0.006425,-0.020934,0.044617,-0.0253,-0.0214,-0.0014,-0.02,0.000006
4.4500,0.006162,-0.021103,0.044511,-0.0272,-0.0132,-0.0180,-0.02,0.000006
4.4600,0.005879,-0.021190,0.044241,-0.0291,-0.0051,-0.0344,-0.02,0.000006
4.4700,0.005579,-0.021196,0.043809,-0.0308,0.0030,-0.0503,-0.02,0.000006
4.4800,0.005263,-0.021123,0.043220,-0.0323,0.0108,-0.0659,-0.02,0.000006
4.4900,0.004931,-0.020972,0.042478,-0.0338,0.0186,-0.0809,-0.02,0.000006
4.5000,0.004586,-0.020745,0.041588,-0.0351,0.0261,-0.0955,-0.02,0.000006
4.5100,0.004229,-0.020444,0.040556,-0.0362,0.0334,-0.1094,-0.02,0.000006
4.5200,0.003861,-0.020071,0.039387,-0.0372,0.0404,-0.1228,-0.02,0.000006
4.5300,0.003484,-0.019629,0.038089,-0.0381,0.0472,-0.1355,-0.02,0.000006
4.5400,0.003099,-0.019120,0.036668,-0.0388,0.0538,-0.1475,-0.02,0.000006
4.5500,0.002708,-0.018548,0.035131,-0.0393,0.0600,-0.1587,-0.02,0.000006
4.5600,0.002313,-0.017916,0.033485,-0.0397,0.0659,-0.1692,-0.02,0.000006
4.5700,0.001914,-0.017226,0.031738,-0.0400,0.0715,-0.1790,-0.02,0.000006
4.5800,0.001514,-0.016482,0.029899,-0.0400,0.0767,-0.1879,-0.02,0.000006
4.5900,0.001114,-0.015688,0.027975,-0.0400,0.0816,-0.1959,-0.02,0.000006
4.6000,0.000715,-0.014847,0.025975,-0.0398,0.0861,-0.2032,-0.02,0.000006
4.6100,0.000319,-0.013964,0.023908,-0.0394,0.0902,-0.2096,-0.01,0.000006
4.6200,-0.000072,-0.013042,0.021781,-0.0389,0.0939,-0.2151,-0.01,0.000006
4.6300,-0.000458,-0.012084,0.019604,-0.0383,0.0972,-0.2197,-0.01,0.000006
4.6400,-0.000836,-0.011096,0.017385,-0.0375,0.1001,-0.2235,-0.01,0.000006
4.6500,-0.001206,-0.010080,0.015134,-0.0366,0.1026,-0.2263,-0.01,0.000006
4.6600,-0.001566,-0.009042,0.012859,-0.0355,0.1047,-0.2283,-0.01,0.000006
4.6700,-0.001915,-0.007985,0.010569,-0.0344,0.1064,-0.2295,-0.01,0.000006
4.6800,-0.002252,-0.006913,0.008272,-0.0331,0.1077,-0.2297,-0.01,0.000006
4.6900,-0.002576,-0.005831,0.005978,-0.0317,0.1086,-0.2291,-0.01,0.000006
4.7000,-0.002885,-0.004742,0.003694,-0.0302,0.1090,-0.2277,-0.00,0.000006
4.7100,-0.003179,-0.003651,0.001428,-0.0287,0.1091,-0.2254,-0.00,0.000006
4.7200,-0.003457,-0.002562,-0.000810,-0.0270,0.1087,-0.2224,-0.00,0.000006
4.7300,-0.003717,-0.001479,-0.003013,-0.0253,0.1080,-0.2185,-0.00,0.000006
4.7400,-0.003960,-0.000405,-0.005173,-0.0235,0.1068,-0.2139,-0.00,0.000006
4.7500,-0.004185,0.000655,-0.007284,-0.0216,0.1053,-0.2086,0.00,0.000006
4.7600,-0.004390,0.001698,-0.009337,-0.0197,0.1034,-0.2026,0.00,0.000006
4.7700,-0.004576,0.002720,-0.011326,-0.0177,0.1011,-0.1959,0.00,0.000006
4.7800,-0.004742,0.003718,-0.013245,-0.0157,0.0985,-0.1885,0.00,0.000006
4.7900,-0.004888,0.004687,-0.015087,-0.0137,0.0956,-0.1806,0.00,0.000006
4.8000,-0.005014,0.005626,-0.016846,-0.0116,0.0924,-0.1721,0.01,0.000006
4.8100,-0.005119,0.006530,-0.018518,-0.0096,0.0888,-0.1631,0.01,0.000006
4.8200,-0.005203,0.007397,-0.020097,-0.0075,0.0850,-0.1536,0.01,0.000006
4.8300,-0.005267,0.008224,-0.021578,-0.0054,0.0808,-0.1436,0.01,0.000006
4.8400,-0.005310,0.009009,-0.022957,-0.0034,0.0765,-0.1333,0.01,0.000006
4.8500,-0.005332,0.009748,-0.024232,-0.0013,0.0719,-0.1226,0.01,0.000006
4.8600,-0.005335,0.010441,-0.025397,0.0007,0.0671,-0.1116,0.01,0.000006
4.8700,-0.005317,0.011085,-0.026451,0.0026,0.0621,-0.1003,0.01,0.000006
4.8800,-0.005280,0.011678,-0.027391,0.0046,0.0570,-0.0888,0.01,0.000006
4.8900,-0.005224,0.012219,-0.028216,0.0064,0.0517,-0.0772,0.01,0.000006
4.9000,-0.005150,0.012706,-0.028923,0.0083,0.0463,-0.0654,0.01,0.000006
4.9100,-0.005057,0.013139,-0.029513,0.0101,0.0408,-0.0536,0.01,0.000006
4.9200,-0.004947,0.013516,-0.029983,0.0118,0.0352,-0.0417,0.01,0.000006
4.9300,-0.004820,0.013837,-0.030335,0.0134,0.0296,-0.0299,0.01,0.000006
4.9400,-0.004678,0.014102,-0.030569,0.0150,0.0239,-0.0181,0.01,0.000006
4.9500,-0.004519,0.014310,-0.030685,0.0165,0.0183,-0.0064,0.01,0.000006
4.9600,-0.004347,0.014462,-0.030685,0.0179,0.0126,0.0052,0.01,0.000006
4.9700,-0.004161,0.014558,-0.030571,0.0192,0.0070,0.0165,0.01,0.000006
4.9800,-0.003962,0.014597,-0.030344,0.0204,0.0015,0.0277,0.01,0.000006
4.9900,-0.003751,0.014582,-0.030007,0.0216,-0.0040,0.0385,0.01,0.000006
5.0000,-0.003529,0.014512,-0.029564,0.0226,-0.0094,0.0491,0.01,0.000006
5.0100,-0.003298,0.014390,-0.029016,0.0236,-0.0146,0.0593,0.01,0.000006
5.0200,-0.003057,0.014215,-0.028369,0.0244,-0.0197,0.0692,0.01,0.000006
5.0300,-0.002809,0.013990,-0.027625,0.0252,-0.0247,0.0786,0.01,0.000006
5.0400,-0.002553,0.013717,-0.026789,0.0258,-0.0295,0.0876,0.01,0.000006
5.0500,-0.002292,0.013396,-0.025865,0.0264,-0.0341,0.0962,0.01,0.000006
5.0600,-0.002026,0.013030,-0.024859,0.0268,-0.0386,0.1042,0.01,0.000006
5.0700,-0.001756,0.012621,-0.023774,0.0271,-0.0428,0.1118,0.01,0.000006
5.0800,-0.001484,0.012171,-0.022617,0.0273,-0.0468,0.1189,0.01,0.000006
5.0900,-0.001210,0.011682,-0.021392,0.0275,-0.0505,0.1253,0.01,0.000006
5.1000,-0.000935,0.011157,-0.020105,0.0275,-0.0541,0.1313,0.01,0.000006
5.1100,-0.000661,0.010598,-0.018763,0.0274,-0.0573,0.1366,0.01,0.000006
5.1200,-0.000388,0.010008,-0.017369,0.0272,-0.0603,0.1414,0.01,0.000006
5.1300,-0.000118,0.009389,-0.015932,0.0269,-0.0631,0.1456,0.01,0.000006
5.1400,0.000149,0.008745,-0.014456,0.0265,-0.0656,0.1492,0.01,0.000006
5.1500,0.000412,0.008077,-0.012947,0.0260,-0.0677,0.1521,0.01,0.000006
5.1600,0.000669,0.007388,-0.011412,0.0255,-0.0697,0.1545,0.01,0.000006
5.1700,0.000920,0.006683,-0.009857,0.0248,-0.0713,0.1563,0.01,0.000006
5.1800,0.001164,0.005962,-0.008288,0.0241,-0.0726,0.1574,0.01,0.000006
5.1900,0.001401,0.005230,-0.006710,0.0232,-0.0737,0.1580,0.01,0.000006
5.2000,0.001628,0.004489,-0.005130,0.0223,-0.0744,0.1579,0.00,0.000006
5.2100,0.001846,0.003741,-0.003554,0.0214,-0.0749,0.1573,0.00,0.000006
5.2200,0.002054,0.002991,-0.001987,0.0203,-0.0751,0.1561,0.00,0.000006
5.2300,0.002252,0.002240,-0.000435,0.0192,-0.0750,0.1543,0.00,0.000006
5.2400,0.002438,0.001491,0.001096,0.0181,-0.0747,0.1520,0.00,0.000006
5.2500,0.002612,0.000748,0.002600,0.0169,-0.0740,0.1492,0.00,0.000006
5.2600,0.002774,0.000012,0.004074,0.0156,-0.0731,0.1458,-0.00,0.000006
5.2700,0.002923,-0.000713,0.005511,0.0143,-0.0720,0.1419,-0.00,0.000006
5.2800,0.003060,-0.001425,0.006907,0.0130,-0.0706,0.1376,-0.00,0.000006
5.2900,0.003182,-0.002122,0.008258,0.0117,-0.0689,0.1328,-0.00,0.000006
5.3000,0.003292,-0.002801,0.009558,0.0103,-0.0670,0.1276,-0.00,0.000006
5.3100,0.003387,-0.003459,0.010804,0.0089,-0.0649,0.1220,-0.00,0.000006
5.3200,0.003468,-0.004096,0.011991,0.0075,-0.0626,0.1161,-0.00,0.000006
5.3300,0.003535,-0.004708,0.013117,0.0061,-0.0601,0.1097,-0.00,0.000006
5.3400,0.003588,-0.005294,0.014178,0.0047,-0.0573,0.1031,-0.01,0.000006
5.3500,0.003627,-0.005851,0.015171,0.0032,-0.0544,0.0961,-0.01,0.000006
5.3600,0.003651,-0.006379,0.016093,0.0018,-0.0514,0.0889,-0.01,0.000006
5.3700,0.003662,-0.006875,0.016942,0.0005,-0.0482,0.0815,-0.01,0.000006
5.3800,0.003659,-0.007339,0.017715,-0.0009,-0.0449,0.0739,-0.01,0.000006
5.3900,0.003643,-0.007769,0.018412,-0.0023,-0.0414,0.0661,-0.01,0.000006
5.4000,0.003613,-0.008163,0.019029,-0.0036,-0.0378,0.0582,-0.01,0.000006
5.4100,0.003570,-0.008521,0.019567,-0.0049,-0.0342,0.0502,-0.01,0.000006
5.4200,0.003514,-0.008842,0.020024,-0.0061,-0.0304,0.0421,-0.01,0.000006
5.4300,0.003447,-0.009126,0.020400,-0.0073,-0.0267,0.0339,-0.01,0.000006
5.4400,0.003367,-0.009372,0.020695,-0.0085,-0.0228,0.0258,-0.01,0.000006
5.4500,0.003276,-0.009578,0.020908,-0.0096,-0.0190,0.0177,-0.01,0.000006
5.4600,0.003174,-0.009747,0.021040,-0.0107,-0.0151,0.0096,-0.01,0.000006
5.4700,0.003062,-0.009876,0.021092,-0.0117,-0.0112,0.0016,-0.01,0.000006
5.4800,0.002940,-0.009967,0.021064,-0.0126,-0.0073,-0.0063,-0.01,0.000006
5.4900,0.002809,-0.010019,0.020959,-0.0135,-0.0035,-0.0140,-0.01,0.000006
5.5000,0.002669,-0.010033,0.020776,-0.0143,0.0003,-0.0216,-0.01,0.000006
5.5100,0.002522,-0.010010,0.020519,-0.0151,0.0040,-0.0290,-0.01,0.000006
5.5200,0.002367,-0.009949,0.020190,-0.0158,0.0077,-0.0362,-0.01,0.000006
5.5300,0.002206,-0.009853,0.019790,-0.0164,0.0113,-0.0431,-0.01,0.000006
5.5400,0.002039,-0.009721,0.019322,-0.0170,0.0148,-0.0498,-0.01,0.000006
5.5500,0.001866,-0.009555,0.018789,-0.0175,0.0181,-0.0562,-0.01,0.000006
5.5600,0.001689,-0.009355,0.018193,-0.0179,0.0214,-0.0622,-0.01,0.000006
5.5700,0.001509,-0.009124,0.017539,-0.0182,0.0245,-0.0680,-0.01,0.000006
5.5800,0.001325,-0.008862,0.016829,-0.0185,0.0275,-0.0734,-0.01,0.000006
5.5900,0.001139,-0.008571,0.016066,-0.0187,0.0304,-0.0785,-0.01,0.000006
5.6000,0.000952,-0.008252,0.015255,-0.0188,0.0331,-0.0832,-0.01,0.000006
5.6100,0.000763,-0.007908,0.014398,-0.0189,0.0356,-0.0876,-0.01,0.000006
5.6200,0.000575,-0.007539,0.013501,-0.0188,0.0380,-0.0915,-0.01,0.000006
5.6300,0.000387,-0.007147,0.012566,-0.0187,0.0402,-0.0950,-0.01,0.000006
5.6400,0.000200,-0.006734,0.011598,-0.0186,0.0422,-0.0982,-0.01,0.000006
5.6500,0.000016,-0.006302,0.010601,-0.0184,0.0440,-0.1009,-0.01,0.000006
5.6600,-0.000166,-0.005853,0.009578,-0.0181,0.0456,-0.1032,-0.01,0.000006
5.6700,-0.000345,-0.005389,0.008535,-0.0177,0.0471,-0.1051,-0.01,0.000006
5.6800,-0.000520,-0.004911,0.007476,-0.0173,0.0483,-0.1066,-0.00,0.000006
5.6900,-0.000691,-0.004422,0.006403,-0.0168,0.0494,-0.1077,-0.00,0.000006
5.7000,-0.000856,-0.003924,0.005323,-0.0163,0.0502,-0.1083,-0.00,0.000006
5.7100,-0.001016,-0.003418,0.004238,-0.0157,0.0509,-0.1086,-0.00,0.000006
5.7200,-0.001170,-0.002907,0.003153,-0.0151,0.0513,-0.1084,-0.00,0.000006
5.7300,-0.001317,-0.002392,0.002072,-0.0144,0.0516,-0.1078,-0.00,0.000006
5.7400,-0.001457,-0.001876,0.000999,-0.0137,0.0516,-0.1068,-0.00,0.000006
5.7500,-0.001590,-0.001361,-0.000062,-0.0129,0.0515,-0.1055,-0.00,0.000006
5.7600,-0.001715,-0.000847,-0.001108,-0.0121,0.0512,-0.1038,-0.00,0.000006
5.7700,-0.001832,-0.000338,-0.002135,-0.0113,0.0507,-0.1017,-0.00,0.000006
5.7800,-0.001940,0.000165,-0.003139,-0.0104,0.0500,-0.0993,0.00,0.000006
0.0010,0.000000,-0.000000,0.150098,0.0000,0.0000,0.0000,2.20,0.000000
0.0020,-0.000262,-0.000000,0.150098,-0.2617,0.0000,0.0000,2.20,0.000000
0.0030,-0.000784,-0.000731,0.150629,-0.5221,-0.7306,0.5314,2.20,0.000000
0.0040,-0.001565,-0.002188,0.151689,-0.7811,-1.4573,1.0598,2.20,0.000001
0.0050,-0.002604,-0.004368,0.153274,-1.0389,-2.1796,1.5845,2.20,0.000001
0.0060,-0.003899,-0.007265,0.155379,-1.2955,-2.8976,2.1052,2.20,0.000001
0.0070,-0.005450,-0.010876,0.158000,-1.5509,-3.6111,2.6215,2.20,0.000001
0.0080,-0.007256,-0.015196,0.161133,-1.8052,-4.3198,3.1327,2.20,0.000001
0.0090,-0.009314,-0.020220,0.164772,-2.0584,-5.0235,3.6385,2.20,0.000000
0.0100,-0.011624,-0.025941,0.168910,-2.3102,-5.7218,4.1382,2.20,-0.000000
0.0110,-0.014185,-0.032356,0.173541,-2.5606,-6.4143,4.6311,2.20,-0.000001
0.0120,-0.016994,-0.039456,0.178658,-2.8093,-7.1002,5.1167,2.00,-0.000002
0.0130,-0.020026,-0.047235,0.184252,-3.0325,-7.7788,5.5940,1.56,-0.000003
0.0140,-0.023227,-0.055620,0.190268,-3.2009,-8.3849,6.0169,0.97,-0.000004
0.0150,-0.026524,-0.064459,0.196598,-3.2969,-8.8391,6.3300,0.32,-0.000005
0.0160,-0.029839,-0.073553,0.203100,-3.3146,-9.0948,6.5018,-0.30,-0.000005
0.0170,-0.033097,-0.082691,0.209624,-3.2586,-9.1375,6.5235,-0.82,-0.000005
0.0180,-0.036239,-0.091672,0.216030,-3.1414,-8.9811,6.4063,-1.20,-0.000004
0.0190,-0.039219,-0.100333,0.222206,-2.9806,-8.6609,6.1764,-1.43,-0.000002
0.0200,-0.042015,-0.108558,0.228075,-2.7956,-8.2252,5.8681,-1.50,-0.000001
0.0210,-0.044620,-0.116285,0.233593,-2.6050,-7.7270,5.5189,-1.43,0.000001
0.0220,-0.047044,-0.123501,0.238757,-2.4243,-7.2161,5.1634,-1.27,0.000003
0.0230,-0.049309,-0.130235,0.243587,-2.2647,-6.7342,4.8300,-1.04,0.000005
0.0240,-0.051442,-0.136546,0.248126,-2.1328,-6.3109,4.5389,-0.80,0.000006
0.0250,-0.053472,-0.142509,0.252427,-2.0304,-5.9630,4.3011,-0.56,0.000007
0.0260,-0.055428,-0.148205,0.256546,-1.9557,-5.6953,4.1193,-0.36,0.000007
0.0270,-0.057332,-0.153707,0.260536,-1.9044,-5.5025,3.9897,-0.22,0.000007
0.0280,-0.059203,-0.159080,0.264439,-1.8704,-5.3725,3.9034,-0.12,0.000007
0.0290,-0.061050,-0.164369,0.268289,-1.8472,-5.2891,3.8492,-0.08,0.000006
0.0300,-0.062879,-0.169603,0.272104,-1.8289,-5.2348,3.8151,-0.09,0.000006
0.0310,-0.064689,-0.174797,0.275894,-1.8103,-5.1937,3.7899,-0.12,0.000005
0.0320,-0.066477,-0.179949,0.279658,-1.7880,-5.1522,3.7645,-0.18,0.000005
0.0330,-0.068236,-0.185050,0.283390,-1.7595,-5.1008,3.7324,-0.25,0.000005
0.0340,-0.069961,-0.190084,0.287080,-1.7242,-5.0336,3.6896,-0.31,0.000005
0.0350,-0.071643,-0.195032,0.290715,-1.6822,-4.9484,3.6347,-0.37,0.000005
0.0360,-0.073278,-0.199878,0.294283,-1.6346,-4.8459,3.5683,-0.42,0.000005
0.0370,-0.074860,-0.204607,0.297775,-1.5828,-4.7288,3.4922,-0.45,0.000006
0.0380,-0.076389,-0.209208,0.301184,-1.5285,-4.6009,3.4091,-0.46,0.000006
0.0390,-0.077862,-0.213674,0.304506,-1.4731,-4.4667,3.3219,-0.47,0.000006
0.0400,-0.079280,-0.218005,0.307740,-1.4180,-4.3301,3.2334,-0.46,0.000007
0.0410,-0.080644,-0.222199,0.310886,-1.3643,-4.1946,3.1459,-0.45,0.000007
0.0420,-0.081957,-0.226262,0.313947,-1.3125,-4.0628,3.0612,-0.44,0.000007
0.0430,-0.083220,-0.230198,0.316927,-1.2629,-3.9364,2.9803,-0.42,0.000008
0.0440,-0.084435,-0.234014,0.319831,-1.2158,-3.8162,2.9037,-0.41,0.000008
0.0450,-0.085606,-0.237717,0.322662,-1.1708,-3.7024,2.8317,-0.39,0.000008
0.0460,-0.086734,-0.241312,0.325426,-1.1279,-3.5947,2.7639,-0.38,0.000008
0.0470,-0.087821,-0.244804,0.328126,-1.0866,-3.4923,2.6998,-0.37,0.000008
0.0480,-0.088867,-0.248198,0.330765,-1.0466,-3.3945,2.6389,-0.37,0.000008
0.0490,-0.089875,-0.251499,0.333345,-1.0077,-3.3004,2.5805,-0.37,0.000008
0.0500,-0.090845,-0.254708,0.335870,-0.9696,-3.2091,2.5242,-0.36,0.000008
0.0510,-0.091777,-0.257828,0.338339,-0.9321,-3.1201,2.4694,-0.36,0.000008
0.0520,-0.092672,-0.260861,0.340755,-0.8952,-3.0328,2.4159,-0.36,0.000008
0.0530,-0.093530,-0.263808,0.343118,-0.8586,-2.9469,2.3634,-0.37,0.000008
0.0540,-0.094353,-0.266670,0.345430,-0.8224,-2.8621,2.3117,-0.37,0.000008
0.0550,-0.095139,-0.269448,0.347691,-0.7866,-2.7785,2.2608,-0.37,0.000008
0.0560,-0.095891,-0.272144,0.349902,-0.7511,-2.6958,2.2107,-0.37,0.000008
0.0570,-0.096607,-0.274758,0.352063,-0.7161,-2.6142,2.1613,-0.37,0.000008
0.0580,-0.097288,-0.277292,0.354176,-0.6814,-2.5338,2.1126,-0.37,0.000008
0.0590,-0.097935,-0.279747,0.356240,-0.6473,-2.4545,2.0648,-0.37,0.000008
0.0600,-0.098549,-0.282123,0.358258,-0.6136,-2.3765,2.0179,-0.37,0.000008
0.0610,-0.099129,-0.284423,0.360230,-0.5804,-2.2997,1.9719,-0.36,0.000008
0.0620,-0.099677,-0.286647,0.362157,-0.5477,-2.2243,1.9267,-0.36,0.000008
0.0630,-0.100193,-0.288797,0.364039,-0.5155,-2.1502,1.8825,-0.36,0.000008
0.0640,-0.100676,-0.290875,0.365879,-0.4838,-2.0775,1.8392,-0.36,0.000008
0.0650,-0.101129,-0.292881,0.367675,-0.4526,-2.0061,1.7967,-0.36,0.000008
0.0660,-0.101551,-0.294817,0.369430,-0.4219,-1.9360,1.7552,-0.36,0.000008
0.0670,-0.101943,-0.296684,0.371145,-0.3917,-1.8672,1.7145,-0.36,0.000008
0.0680,-0.102305,-0.298484,0.372819,-0.3619,-1.7996,1.6746,-0.35,0.000008
0.0690,-0.102637,-0.300217,0.374455,-0.3326,-1.7332,1.6355,-0.35,0.000008
0.0700,-0.102941,-0.301885,0.376052,-0.3036,-1.6680,1.5972,-0.35,0.000009
0.0710,-0.103216,-0.303489,0.377612,-0.2752,-1.6039,1.5596,-0.35,0.000009
0.0720,-0.103463,-0.305030,0.379134,-0.2471,-1.5409,1.5227,-0.35,0.000009
0.0730,-0.103682,-0.306509,0.380621,-0.2194,-1.4790,1.4865,-0.35,0.000009
0.0740,-0.103875,-0.307927,0.382072,-0.1921,-1.4182,1.4510,-0.35,0.000009
0.0750,-0.104040,-0.309285,0.383488,-0.1652,-1.3583,1.4162,-0.35,0.000009
0.0760,-0.104178,-0.310585,0.384870,-0.1387,-1.2994,1.3819,-0.35,0.000009
0.0770,-0.104291,-0.311826,0.386218,-0.1126,-1.2415,1.3483,-0.34,0.000009
0.0780,-0.104378,-0.313011,0.387534,-0.0868,-1.1845,1.3153,-0.34,0.000009
0.0790,-0.104439,-0.314139,0.388817,-0.0613,-1.1285,1.2829,-0.34,0.000009
0.0800,-0.104475,-0.315213,0.390068,-0.0363,-1.0733,1.2510,-0.34,0.000009
0.0810,-0.104487,-0.316232,0.391287,-0.0115,-1.0191,1.2197,-0.34,0.000009
0.0820,-0.104474,-0.317197,0.392476,0.0129,-0.9657,1.1889,-0.34,0.000009
0.0830,-0.104437,-0.318110,0.393635,0.0370,-0.9131,1.1586,-0.34,0.000008
0.0840,-0.104376,-0.318972,0.394764,0.0607,-0.8613,1.1288,-0.34,0.000008
0.0850,-0.104292,-0.319782,0.395863,0.0842,-0.8104,1.0996,-0.33,0.000008
0.0860,-0.104185,-0.320542,0.396934,0.1073,-0.7603,1.0708,-0.33,0.000008
0.0870,-0.104055,-0.321253,0.397976,0.1301,-0.7109,1.0425,-0.33,0.000008
0.0880,-0.103902,-0.321915,0.398991,0.1526,-0.6623,1.0146,-0.33,0.000008
0.0890,-0.103727,-0.322530,0.399978,0.1749,-0.6144,0.9872,-0.33,0.000008
0.0900,-0.103530,-0.323097,0.400939,0.1968,-0.5673,0.9602,-0.33,0.000008
0.0910,-0.103312,-0.323618,0.401872,0.2184,-0.5209,0.9337,-0.33,0.000008
0.0920,-0.103072,-0.324093,0.402780,0.2398,-0.4751,0.9076,-0.33,0.000008
0.0930,-0.102811,-0.324523,0.403662,0.2609,-0.4301,0.8819,-0.33,0.000008
0.0940,-0.102530,-0.324909,0.404518,0.2817,-0.3858,0.8565,-0.32,0.000008
0.0950,-0.102227,-0.325251,0.405350,0.3022,-0.3421,0.8316,-0.32,0.000008
0.0960,-0.101905,-0.325550,0.406157,0.3225,-0.2990,0.8071,-0.32,0.000008
0.0970,-0.101563,-0.325807,0.406940,0.3425,-0.2566,0.7829,-0.32,0.000008
0.0980,-0.101200,-0.326022,0.407699,0.3622,-0.2149,0.7591,-0.32,0.000008
0.0990,-0.100819,-0.326195,0.408434,0.3817,-0.1737,0.7356,-0.32,0.000008
0.1000,-0.100418,-0.326329,0.409147,0.4009,-0.1332,0.7125,-0.32,0.000008
0.1010,-0.099998,-0.326422,0.409837,0.4199,-0.0933,0.6897,-0.32,0.000008
0.1020,-0.099559,-0.326476,0.410504,0.4386,-0.0539,0.6673,-0.31,0.000008
0.1030,-0.099102,-0.326491,0.411149,0.4571,-0.0151,0.6452,-0.31,0.000008
0.1040,-0.098627,-0.326468,0.411772,0.4754,0.0231,0.6234,-0.31,0.000008
0.1050,-0.098133,-0.326407,0.412374,0.4934,0.0607,0.6019,-0.31,0.000008
0.1060,-0.097622,-0.326309,0.412955,0.5112,0.0978,0.5807,-0.31,0.000008
0.1070,-0.097093,-0.326175,0.413515,0.5287,0.1344,0.5599,-0.31,0.000008
0.1080,-0.096547,-0.326005,0.414054,0.5460,0.1704,0.5393,-0.31,0.000008
0.1090,-0.095984,-0.325799,0.414573,0.5631,0.2059,0.5190,-0.31,0.000008
0.1100,-0.095404,-0.325558,0.415072,0.5800,0.2408,0.4991,-0.30,0.000008
0.1110,-0.094808,-0.325283,0.415552,0.5966,0.2753,0.4793,-0.30,0.000008
0.1120,-0.094195,-0.324973,0.416012,0.6130,0.3092,0.4599,-0.30,0.000008
0.1130,-0.093565,-0.324631,0.416452,0.6292,0.3426,0.4408,-0.30,0.000008
0.1140,-0.092920,-0.324255,0.416874,0.6452,0.3756,0.4219,-0.30,0.000008
0.1150,-0.092259,-0.323847,0.417278,0.6610,0.4080,0.4033,-0.30,0.000008
0.1160,-0.091583,-0.323407,0.417663,0.6765,0.4400,0.3849,-0.30,0.000008
0.1170,-0.090891,-0.322936,0.418029,0.6919,0.4715,0.3668,-0.30,0.000008
0.1180,-0.090184,-0.322433,0.418378,0.7070,0.5025,0.3490,-0.29,0.000008
0.1190,-0.089462,-0.321900,0.418710,0.7219,0.5330,0.3314,-0.29,0.000008
0.1200,-0.088725,-0.321337,0.419024,0.7366,0.5631,0.3141,-0.29,0.000008
0.1210,-0.087974,-0.320745,0.419321,0.7511,0.5927,0.2970,-0.29,0.000008
0.1220,-0.087209,-0.320123,0.419601,0.7654,0.6219,0.2801,-0.29,0.000008
0.1230,-0.086429,-0.319472,0.419864,0.7795,0.6506,0.2635,-0.29,0.000008
0.1240,-0.085636,-0.318793,0.420111,0.7934,0.6788,0.2471,-0.29,0.000008
0.1250,-0.084829,-0.318087,0.420342,0.8071,0.7066,0.2310,-0.29,0.000008
0.1260,-0.084008,-0.317353,0.420557,0.8205,0.7340,0.2151,-0.28,0.000008
0.1270,-0.083174,-0.316592,0.420757,0.8338,0.7610,0.1994,-0.28,0.000008
0.1280,-0.082328,-0.315804,0.420941,0.8469,0.7875,0.1839,-0.28,0.000008
0.1290,-0.081468,-0.314991,0.421109,0.8598,0.8135,0.1687,-0.28,0.000008
0.1300,-0.080595,-0.314151,0.421263,0.8725,0.8392,0.1537,-0.28,0.000008
0.1310,-0.079710,-0.313287,0.421402,0.8849,0.8644,0.1389,-0.28,0.000008
0.1320,-0.078813,-0.312398,0.421526,0.8972,0.8892,0.1243,-0.28,0.000008
0.1330,-0.077904,-0.311484,0.421636,0.9093,0.9136,0.1100,-0.27,0.000008
0.1340,-0.076983,-0.310547,0.421732,0.9212,0.9376,0.0959,-0.27,0.000008
0.1350,-0.076050,-0.309585,0.421814,0.9329,0.9611,0.0820,-0.27,0.000008
0.1360,-0.075105,-0.308601,0.421883,0.9444,0.9843,0.0683,-0.27,0.000008
0.1370,-0.074150,-0.307594,0.421937,0.9557,1.0070,0.0548,-0.27,0.000008
0.1380,-0.073183,-0.306565,0.421979,0.9668,1.0293,0.0415,-0.27,0.000008
0.1390,-0.072205,-0.305514,0.422007,0.9778,1.0512,0.0285,-0.27,0.000008
0.1400,-0.071216,-0.304441,0.422023,0.9885,1.0727,0.0157,-0.26,0.000008
0.1410,-0.070217,-0.303347,0.422026,0.9990,1.0938,0.0030,-0.26,0.000008
0.1420,-0.069208,-0.302233,0.422017,1.0094,1.1145,-0.0094,-0.26,0.000008
0.1430,-0.068189,-0.301098,0.421995,1.0195,1.1348,-0.0216,-0.26,0.000008
0.1440,-0.067159,-0.299943,0.421961,1.0295,1.1547,-0.0336,-0.26,0.000008
0.1450,-0.066120,-0.298769,0.421916,1.0392,1.1742,-0.0454,-0.26,0.000008
0.1460,-0.065071,-0.297575,0.421859,1.0488,1.1934,-0.0570,-0.25,0.000008
0.1470,-0.064013,-0.296363,0.421791,1.0582,1.2121,-0.0683,-0.25,0.000008
0.1480,-0.062945,-0.295133,0.421711,1.0674,1.2304,-0.0795,-0.25,0.000007
0.1490,-0.061869,-0.293885,0.421621,1.0764,1.2483,-0.0905,-0.25,0.000007
0.1500,-0.060784,-0.292619,0.421520,1.0852,1.2658,-0.1012,-0.25,0.000007
0.1510,-0.059690,-0.291336,0.421408,1.0938,1.2830,-0.1118,-0.25,0.000007
0.1520,-0.058588,-0.290036,0.421286,1.1022,1.2997,-0.1221,-0.25,0.000007
0.1530,-0.057477,-0.288720,0.421153,1.1105,1.3161,-0.1322,-0.24,0.000007
0.1540,-0.056359,-0.287388,0.421011,1.1185,1.3320,-0.1422,-0.24,0.000007
0.1550,-0.055232,-0.286040,0.420859,1.1264,1.3476,-0.1519,-0.24,0.000007
0.1560,-0.054098,-0.284678,0.420698,1.1340,1.3628,-0.1614,-0.24,0.000007
0.1570,-0.052957,-0.283300,0.420527,1.1415,1.3776,-0.1707,-0.24,0.000007
0.1580,-0.051808,-0.281908,0.420347,1.1487,1.3920,-0.1798,-0.24,0.000007
0.1590,-0.050652,-0.280502,0.420159,1.1558,1.4060,-0.1887,-0.23,0.000007
0.1600,-0.049490,-0.279082,0.419961,1.1627,1.4196,-0.1974,-0.23,0.000007
0.1610,-0.048320,-0.277650,0.419755,1.1694,1.4329,-0.2059,-0.23,0.000007
0.1620,-0.047144,-0.276204,0.419541,1.1759,1.4458,-0.2142,-0.23,0.000007
0.1630,-0.045962,-0.274746,0.419319,1.1823,1.4582,-0.2223,-0.23,0.000007
0.1640,-0.044774,-0.273275,0.419089,1.1884,1.4703,-0.2302,-0.23,0.000007
0.1650,-0.043579,-0.271793,0.418851,1.1943,1.4820,-0.2378,-0.22,0.000007
0.1660,-0.042379,-0.270300,0.418606,1.2001,1.4934,-0.2453,-0.22,0.000007
0.1670,-0.041174,-0.268795,0.418353,1.2056,1.5043,-0.2525,-0.22,0.000007
0.1680,-0.039963,-0.267281,0.418093,1.2110,1.5149,-0.2596,-0.22,0.000007
0.1690,-0.038746,-0.265755,0.417827,1.2162,1.5251,-0.2664,-0.22,0.000007
0.1700,-0.037525,-0.264221,0.417554,1.2211,1.5349,-0.2731,-0.22,0.000007
0.1710,-0.036299,-0.262676,0.417274,1.2259,1.5443,-0.2795,-0.21,0.000007
0.1720,-0.035069,-0.261123,0.416989,1.2305,1.5534,-0.2857,-0.21,0.000007
0.1730,-0.033834,-0.259561,0.416697,1.2349,1.5620,-0.2917,-0.21,0.000007
0.1740,-0.032595,-0.257991,0.416399,1.2392,1.5703,-0.2975,-0.21,0.000007
0.1750,-0.031352,-0.256412,0.416096,1.2432,1.5782,-0.3032,-0.21,0.000007
0.1760,-0.030105,-0.254827,0.415788,1.2470,1.5858,-0.3086,-0.21,0.000007
0.1770,-0.028854,-0.253234,0.415474,1.2507,1.5929,-0.3138,-0.20,0.000007
0.1780,-0.027600,-0.251634,0.415155,1.2542,1.5997,-0.3188,-0.20,0.000007
0.1790,-0.026342,-0.250028,0.414832,1.2574,1.6062,-0.3236,-0.20,0.000007
0.1800,-0.025082,-0.248416,0.414504,1.2605,1.6122,-0.3281,-0.20,0.000007
0.1810,-0.023818,-0.246798,0.414171,1.2634,1.6179,-0.3325,-0.20,0.000007
0.1820,-0.022552,-0.245174,0.413834,1.2661,1.6232,-0.3367,-0.19,0.000007
0.1830,-0.021283,-0.243546,0.413494,1.2687,1.6281,-0.3407,-0.19,0.000007
0.1840,-0.020012,-0.241914,0.413149,1.2710,1.6327,-0.3445,-0.19,0.000007
0.1850,-0.018739,-0.240277,0.412801,1.2732,1.6369,-0.3480,-0.19,0.000007
0.1860,-0.017464,-0.238636,0.412450,1.2751,1.6407,-0.3514,-0.19,0.000007
0.1870,-0.016187,-0.236992,0.412095,1.2769,1.6442,-0.3546,-0.19,0.000007
0.1880,-0.014909,-0.235344,0.411738,1.2785,1.6474,-0.3576,-0.18,0.000007
0.1890,-0.013629,-0.233694,0.411377,1.2799,1.6501,-0.3603,-0.18,0.000007
0.1900,-0.012348,-0.232042,0.411014,1.2811,1.6525,-0.3629,-0.18,0.000007
0.1910,-0.011065,-0.230387,0.410649,1.2822,1.6546,-0.3653,-0.18,0.000007
0.1920,-0.009782,-0.228731,0.410281,1.2831,1.6563,-0.3675,-0.18,0.000007
0.1930,-0.008499,-0.227073,0.409912,1.2837,1.6576,-0.3695,-0.18,0.000007
0.1940,-0.007214,-0.225415,0.409541,1.2842,1.6586,-0.3713,-0.17,0.000007
0.1950,-0.005930,-0.223756,0.409168,1.2846,1.6592,-0.3729,-0.17,0.000007
0.1960,-0.004645,-0.222096,0.408793,1.2847,1.6595,-0.3743,-0.17,0.000007
0.1970,-0.003360,-0.220436,0.408418,1.2847,1.6595,-0.3756,-0.17,0.000007
0.1980,-0.002076,-0.218777,0.408041,1.2845,1.6591,-0.3766,-0.17,0.000007
0.1990,-0.000792,-0.217119,0.407664,1.2841,1.6584,-0.3775,-0.17,0.000007
0.2000,0.000492,-0.215462,0.407286,1.2835,1.6573,-0.3781,-0.16,0.000007
0.2010,0.001774,-0.213806,0.406907,1.2828,1.6560,-0.3786,-0.16,0.000007
0.2020,0.003056,-0.212151,0.406528,1.2819,1.6542,-0.3789,-0.16,0.000007
0.2030,0.004337,-0.210499,0.406149,1.2808,1.6522,-0.3791,-0.16,0.000007
0.2040,0.005617,-0.208849,0.405770,1.2795,1.6498,-0.3790,-0.16,0.000007
0.2050,0.006895,-0.207202,0.405391,1.2781,1.6471,-0.3788,-0.16,0.000006
0.2060,0.008171,-0.205558,0.405013,1.2765,1.6441,-0.3784,-0.16,0.000006
0.2070,0.009446,-0.203917,0.404635,1.2748,1.6408,-0.3778,-0.15,0.000006
0.2080,0.010719,-0.202280,0.404258,1.2729,1.6372,-0.3771,-0.15,0.000006
0.2090,0.011990,-0.200647,0.403882,1.2708,1.6332,-0.3761,-0.15,0.000006
0.2100,0.013258,-0.199018,0.403507,1.2685,1.6290,-0.3751,-0.15,0.000006
0.2110,0.014524,-0.197394,0.403133,1.2661,1.6244,-0.3738,-0.15,0.000006
0.2120,0.015788,-0.195774,0.402761,1.2635,1.6196,-0.3724,-0.15,0.000006
0.2130,0.017049,-0.194160,0.402390,1.2608,1.6144,-0.3709,-0.15,0.000006
0.2140,0.018307,-0.192551,0.402021,1.2579,1.6090,-0.3691,-0.14,0.000006
0.2150,0.019561,-0.190947,0.401653,1.2548,1.6032,-0.3673,-0.14,0.000006
0.2160,0.020813,-0.189350,0.401288,1.2516,1.5972,-0.3652,-0.14,0.000006
0.2170,0.022061,-0.187759,0.400925,1.2483,1.5910,-0.3631,-0.14,0.000006
0.2180,0.023306,-0.186175,0.400564,1.2448,1.5844,-0.3608,-0.14,0.000006
0.2190,0.024547,-0.184597,0.400206,1.2411,1.5776,-0.3583,-0.14,0.000006
0.2200,0.025784,-0.183027,0.399850,1.2373,1.5705,-0.3557,-0.14,0.000006
0.2210,0.027018,-0.181464,0.399497,1.2334,1.5631,-0.3530,-0.13,0.000006
0.2220,0.028247,-0.179908,0.399147,1.2292,1.5555,-0.3501,-0.13,0.000006
0.2230,0.029472,-0.178361,0.398800,1.2250,1.5476,-0.3471,-0.13,0.000006
0.2240,0.030693,-0.176821,0.398456,1.2206,1.5395,-0.3439,-0.13,0.000006
0.2250,0.031909,-0.175290,0.398115,1.2161,1.5311,-0.3407,-0.13,0.000006
0.2260,0.033120,-0.173768,0.397778,1.2114,1.5225,-0.3373,-0.13,0.000006
0.2270,0.034327,-0.172254,0.397444,1.2066,1.5136,-0.3338,-0.13,0.000006
0.2280,0.035529,-0.170750,0.397114,1.2017,1.5045,-0.3302,-0.13,0.000006
0.2290,0.036725,-0.169254,0.396788,1.1966,1.4952,-0.3265,-0.12,0.000006
0.2300,0.037917,-0.167769,0.396465,1.1914,1.4857,-0.3226,-0.12,0.000006
0.2310,0.039103,-0.166293,0.396146,1.1861,1.4759,-0.3187,-0.12,0.000006
0.2320,0.040283,-0.164827,0.395832,1.1806,1.4659,-0.3146,-0.12,0.000006
0.2330,0.041458,-0.163371,0.395521,1.1750,1.4558,-0.3105,-0.12,0.000006
0.2340,0.042628,-0.161926,0.395215,1.1693,1.4454,-0.3063,-0.12,0.000006
0.2350,0.043791,-0.160491,0.394913,1.1635,1.4348,-0.3019,-0.12,0.000006
0.2360,0.044949,-0.159067,0.394616,1.1575,1.4240,-0.2975,-0.12,0.000006
0.2370,0.046100,-0.157654,0.394323,1.1515,1.4130,-0.2930,-0.12,0.000006
0.2380,0.047245,-0.156252,0.394034,1.1453,1.4019,-0.2884,-0.11,0.000006
0.2390,0.048384,-0.154861,0.393750,1.1390,1.3906,-0.2837,-0.11,0.000006
0.2400,0.049517,-0.153482,0.393471,1.1326,1.3790,-0.2790,-0.11,0.000006
0.2410,0.050643,-0.152115,0.393197,1.1261,1.3674,-0.2742,-0.11,0.000006
0.2420,0.051762,-0.150760,0.392928,1.1194,1.3555,-0.2693,-0.11,0.000006
0.2430,0.052875,-0.149416,0.392664,1.1127,1.3435,-0.2643,-0.11,0.000006
0.2440,0.053981,-0.148085,0.392404,1.1058,1.3313,-0.2593,-0.11,0.000006
0.2450,0.055080,-0.146766,0.392150,1.0989,1.3190,-0.2542,-0.11,0.000006
0.2460,0.056172,-0.145459,0.391901,1.0919,1.3066,-0.2491,-0.11,0.000006
0.2470,0.057256,-0.144165,0.391657,1.0847,1.2940,-0.2439,-0.11,0.000006
0.2480,0.058334,-0.142884,0.391418,1.0775,1.2812,-0.2387,-0.11,0.000006
0.2490,0.059404,-0.141616,0.391185,1.0701,1.2684,-0.2335,-0.11,0.000006
0.2500,0.060467,-0.140360,0.390957,1.0627,1.2554,-0.2282,-0.10,0.000006
0.2510,0.061522,-0.139118,0.390734,1.0552,1.2422,-0.2228,-0.10,0.000006
0.2520,0.062570,-0.137889,0.390516,1.0476,1.2290,-0.2175,-0.10,0.000006
0.2530,0.063609,-0.136673,0.390304,1.0399,1.2157,-0.2120,-0.10,0.000006
0.2540,0.064642,-0.135471,0.390098,1.0321,1.2022,-0.2066,-0.10,0.000006
0.2550,0.065666,-0.134282,0.389897,1.0242,1.1887,-0.2012,-0.10,0.000006
0.2560,0.066682,-0.133107,0.389701,1.0163,1.1750,-0.1957,-0.10,0.000006
0.2570,0.067690,-0.131946,0.389511,1.0083,1.1613,-0.1902,-0.10,0.000006
0.2580,0.068691,-0.130799,0.389326,1.0002,1.1474,-0.1847,-0.10,0.000006
0.2590,0.069683,-0.129665,0.389147,0.9920,1.1335,-0.1792,-0.10,0.000006
0.2600,0.070666,-0.128546,0.388973,0.9838,1.1195,-0.1737,-0.10,0.000006
0.2610,0.071642,-0.127440,0.388805,0.9755,1.1055,-0.1682,-0.10,0.000006
0.2620,0.072609,-0.126349,0.388642,0.9671,1.0913,-0.1627,-0.10,0.000006
0.2630,0.073567,-0.125272,0.388485,0.9586,1.0771,-0.1572,-0.10,0.000006
0.2640,0.074518,-0.124209,0.388333,0.9501,1.0629,-0.1517,-0.10,0.000006
0.2650,0.075459,-0.123160,0.388187,0.9415,1.0486,-0.1462,-0.10,0.000006
0.2660,0.076392,-0.122126,0.388046,0.9329,1.0342,-0.1408,-0.10,0.000006
0.2670,0.077316,-0.121106,0.387911,0.9242,1.0198,-0.1353,-0.10,0.000006
0.2680,0.078232,-0.120101,0.387781,0.9154,1.0053,-0.1299,-0.09,0.000006
0.2690,0.079138,-0.119110,0.387656,0.9066,0.9908,-0.1245,-0.09,0.000006
0.2700,0.080036,-0.118134,0.387537,0.8977,0.9763,-0.1192,-0.09,0.000006
0.2710,0.080925,-0.117172,0.387423,0.8888,0.9618,-0.1138,-0.09,0.000006
0.2720,0.081805,-0.116225,0.387315,0.8798,0.9472,-0.1085,-0.09,0.000006
0.2730,0.082675,-0.115292,0.387212,0.8708,0.9326,-0.1033,-0.09,0.000006
0.2740,0.083537,-0.114374,0.387114,0.8617,0.9180,-0.0980,-0.09,0.000006
0.2750,0.084390,-0.113471,0.387021,0.8526,0.9034,-0.0928,-0.09,0.000006
0.2760,0.085233,-0.112582,0.386933,0.8435,0.8887,-0.0877,-0.09,0.000006
0.2770,0.086067,-0.111708,0.386850,0.8343,0.8741,-0.0826,-0.09,0.000006
0.2780,0.086892,-0.110849,0.386773,0.8250,0.8595,-0.0776,-0.09,0.000006
0.2790,0.087708,-0.110004,0.386700,0.8158,0.8448,-0.0726,-0.09,0.000006
0.2800,0.088515,-0.109174,0.386632,0.8064,0.8302,-0.0677,-0.09,0.000006
0.2810,0.089312,-0.108358,0.386570,0.7971,0.8156,-0.0629,-0.09,0.000006
0.2820,0.090100,-0.107557,0.386511,0.7877,0.8010,-0.0581,-0.09,0.000006
0.2830,0.090878,-0.106771,0.386458,0.7783,0.7865,-0.0533,-0.09,0.000006
0.2840,0.091647,-0.105999,0.386409,0.7689,0.7719,-0.0487,-0.09,0.000006
0.2850,0.092406,-0.105241,0.386365,0.7594,0.7574,-0.0441,-0.09,0.000006
0.2860,0.093156,-0.104498,0.386326,0.7499,0.7429,-0.0396,-0.09,0.000006
0.2870,0.093896,-0.103770,0.386291,0.7404,0.7284,-0.0351,-0.09,0.000006
0.2880,0.094627,-0.103056,0.386260,0.7308,0.7140,-0.0308,-0.09,0.000006
0.2890,0.095348,-0.102356,0.386233,0.7213,0.6996,-0.0265,-0.09,0.000006
0.2900,0.096060,-0.101671,0.386211,0.7117,0.6853,-0.0223,-0.09,0.000006
0.2910,0.096762,-0.101000,0.386193,0.7021,0.6710,-0.0182,-0.09,0.000006
0.2920,0.097455,-0.100343,0.386179,0.6925,0.6568,-0.0142,-0.09,0.000006
0.2930,0.098137,-0.099700,0.386168,0.6828,0.6426,-0.0103,-0.09,0.000006
0.2940,0.098811,-0.099072,0.386162,0.6732,0.6285,-0.0064,-0.09,0.000006
0.2950,0.099474,-0.098458,0.386159,0.6635,0.6144,-0.0027,-0.09,0.000006
0.2960,0.100128,-0.097857,0.386160,0.6538,0.6005,0.0009,-0.09,0.000006
0.2970,0.100772,-0.097271,0.386165,0.6441,0.5865,0.0045,-0.09,0.000006
0.2980,0.101407,-0.096698,0.386173,0.6344,0.5727,0.0079,-0.09,0.000006
0.2990,0.102031,-0.096139,0.386184,0.6247,0.5589,0.0112,-0.09,0.000006
0.3000,0.102646,-0.095594,0.386198,0.6150,0.5452,0.0145,-0.09,0.000006
0.3010,0.103252,-0.095062,0.386216,0.6053,0.5315,0.0176,-0.09,0.000006
0.3020,0.103847,-0.094544,0.386236,0.5956,0.5180,0.0206,-0.09,0.000006
0.3030,0.104433,-0.094040,0.386260,0.5859,0.5045,0.0235,-0.09,0.000006
0.3040,0.105009,-0.093549,0.386286,0.5761,0.4911,0.0263,-0.09,0.000006
0.3050,0.105576,-0.093071,0.386315,0.5664,0.4779,0.0289,-0.09,0.000006
0.3060,0.106132,-0.092606,0.386347,0.5567,0.4647,0.0315,-0.09,0.000006
0.3070,0.106679,-0.092155,0.386381,0.5470,0.4516,0.0339,-0.09,0.000006
0.3080,0.107217,-0.091716,0.386417,0.5373,0.4386,0.0363,-0.09,0.000006
0.3090,0.107744,-0.091290,0.386455,0.5276,0.4256,0.0384,-0.09,0.000006
0.3100,0.108262,-0.090877,0.386496,0.5179,0.4128,0.0405,-0.10,0.000006
0.3110,0.108770,-0.090477,0.386538,0.5082,0.4001,0.0425,-0.10,0.000006
0.3120,0.109269,-0.090090,0.386583,0.4985,0.3875,0.0443,-0.10,0.000006
0.3130,0.109758,-0.089715,0.386629,0.4888,0.3751,0.0460,-0.10,0.000006
0.3140,0.110237,-0.089352,0.386676,0.4792,0.3627,0.0475,-0.10,0.000006
0.3150,0.110706,-0.089002,0.386725,0.4695,0.3504,0.0490,-0.10,0.000006
0.3160,0.111166,-0.088663,0.386775,0.4599,0.3383,0.0503,-0.10,0.000006
0.3170,0.111616,-0.088337,0.386827,0.4503,0.3262,0.0514,-0.10,0.000006
0.3180,0.112057,-0.088023,0.386879,0.4407,0.3143,0.0525,-0.10,0.000006
0.3190,0.112488,-0.087720,0.386933,0.4311,0.3025,0.0534,-0.10,0.000006
0.3200,0.112910,-0.087429,0.386987,0.4215,0.2909,0.0541,-0.10,0.000006
0.3210,0.113322,-0.087150,0.387041,0.4120,0.2793,0.0548,-0.10,0.000006
0.3220,0.113724,-0.086882,0.387097,0.4024,0.2679,0.0552,-0.10,0.000006
0.3230,0.114117,-0.086626,0.387152,0.3929,0.2566,0.0556,-0.10,0.000006
0.3240,0.114500,-0.086380,0.387208,0.3834,0.2454,0.0558,-0.10,0.000006
0.3250,0.114874,-0.086146,0.387264,0.3739,0.2344,0.0559,-0.10,0.000006
0.3260,0.115239,-0.085922,0.387320,0.3645,0.2235,0.0558,-0.10,0.000006
0.3270,0.115594,-0.085710,0.387375,0.3551,0.2127,0.0556,-0.10,0.000006
0.3280,0.115940,-0.085508,0.387431,0.3457,0.2021,0.0552,-0.10,0.000006
0.3290,0.116276,-0.085316,0.387485,0.3363,0.1916,0.0547,-0.10,0.000006
0.3300,0.116603,-0.085135,0.387539,0.3270,0.1812,0.0540,-0.10,0.000006
0.3310,0.116921,-0.084964,0.387592,0.3176,0.1710,0.0532,-0.10,0.000006
0.3320,0.117229,-0.084803,0.387645,0.3084,0.1609,0.0523,-0.10,0.000006
0.3330,0.117528,-0.084652,0.387696,0.2991,0.1509,0.0512,-0.11,0.000006
0.3340,0.117818,-0.084511,0.387746,0.2899,0.1411,0.0500,-0.11,0.000006
0.3350,0.118098,-0.084379,0.387795,0.2807,0.1315,0.0486,-0.11,0.000006
0.3360,0.118370,-0.084257,0.387842,0.2715,0.1220,0.0470,-0.11,0.000006
0.3370,0.118632,-0.084145,0.387887,0.2623,0.1126,0.0454,-0.11,0.000006
0.3380,0.118886,-0.084041,0.387931,0.2532,0.1034,0.0435,-0.11,0.000006
0.3390,0.119130,-0.083947,0.387972,0.2442,0.0943,0.0415,-0.11,0.000006
0.3400,0.119365,-0.083862,0.388011,0.2351,0.0854,0.0394,-0.11,0.000006
0.3410,0.119591,-0.083785,0.388049,0.2261,0.0766,0.0371,-0.11,0.000006
0.3420,0.119808,-0.083717,0.388083,0.2171,0.0680,0.0347,-0.11,0.000006
0.3430,0.120016,-0.083658,0.388115,0.2082,0.0595,0.0321,-0.11,0.000006
0.3440,0.120216,-0.083607,0.388145,0.1993,0.0511,0.0294,-0.11,0.000006
0.3450,0.120406,-0.083564,0.388171,0.1904,0.0430,0.0265,-0.11,0.000006
0.3460,0.120588,-0.083529,0.388195,0.1816,0.0349,0.0235,-0.11,0.000006
0.3470,0.120760,-0.083502,0.388215,0.1728,0.0271,0.0203,-0.11,0.000006
0.3480,0.120924,-0.083482,0.388232,0.1641,0.0193,0.0169,-0.11,0.000006
0.3490,0.121080,-0.083471,0.388245,0.1554,0.0118,0.0134,-0.12,0.000006
0.3500,0.121227,-0.083466,0.388255,0.1467,0.0043,0.0098,-0.12,0.000006
0.3510,0.121365,-0.083469,0.388261,0.1380,-0.0029,0.0060,-0.12,0.000006
0.3520,0.121494,-0.083479,0.388263,0.1294,-0.0100,0.0021,-0.12,0.000006
0.3530,0.121615,-0.083496,0.388261,0.1209,-0.0170,-0.0020,-0.12,0.000006
0.3540,0.121727,-0.083520,0.388255,0.1124,-0.0238,-0.0063,-0.12,0.000006
0.3550,0.121831,-0.083551,0.388244,0.1039,-0.0304,-0.0106,-0.12,0.000006
0.3560,0.121927,-0.083587,0.388229,0.0955,-0.0369,-0.0152,-0.12,0.000006
0.3570,0.122014,-0.083631,0.388209,0.0871,-0.0433,-0.0199,-0.12,0.000006
0.3580,0.122093,-0.083680,0.388185,0.0787,-0.0495,-0.0247,-0.12,0.000006
0.3590,0.122163,-0.083736,0.388155,0.0704,-0.0555,-0.0297,-0.12,0.000006
0.3600,0.122225,-0.083797,0.388120,0.0622,-0.0614,-0.0348,-0.12,0.000006
0.3610,0.122279,-0.083864,0.388080,0.0540,-0.0671,-0.0401,-0.12,0.000006
0.3620,0.122325,-0.083937,0.388035,0.0458,-0.0727,-0.0455,-0.12,0.000006
0.3630,0.122363,-0.084015,0.387983,0.0377,-0.0781,-0.0510,-0.12,0.000006
0.3640,0.122392,-0.084098,0.387927,0.0296,-0.0834,-0.0568,-0.13,0.000006
0.3650,0.122414,-0.084187,0.387864,0.0215,-0.0885,-0.0626,-0.13,0.000006
0.3660,0.122427,-0.084280,0.387796,0.0135,-0.0934,-0.0686,-0.13,0.000006
0.3670,0.122433,-0.084379,0.387721,0.0056,-0.0982,-0.0747,-0.13,0.000006
0.3680,0.122430,-0.084481,0.387640,-0.0023,-0.1029,-0.0810,-0.13,0.000006
0.3690,0.122420,-0.084589,0.387552,-0.0102,-0.1074,-0.0874,-0.13,0.000006
0.3700,0.122402,-0.084701,0.387458,-0.0180,-0.1118,-0.0940,-0.13,0.000006
0.3710,0.122376,-0.084817,0.387358,-0.0258,-0.1160,-0.1006,-0.13,0.000006
0.3720,0.122343,-0.084937,0.387250,-0.0335,-0.1200,-0.1075,-0.13,0.000006
0.3730,0.122302,-0.085061,0.387136,-0.0412,-0.1240,-0.1144,-0.13,0.000006
0.3740,0.122253,-0.085188,0.387014,-0.0489,-0.1277,-0.1215,-0.13,0.000006
0.3750,0.122196,-0.085320,0.386886,-0.0564,-0.1313,-0.1288,-0.13,0.000006
0.3760,0.122132,-0.085455,0.386749,-0.0640,-0.1348,-0.1361,-0.13,0.000006
0.3770,0.122061,-0.085593,0.386606,-0.0715,-0.1381,-0.1436,-0.13,0.000006
0.3780,0.121982,-0.085734,0.386455,-0.0789,-0.1413,-0.1512,-0.13,0.000006
0.3790,0.121896,-0.085878,0.386296,-0.0864,-0.1444,-0.1590,-0.13,0.000006
0.3800,0.121802,-0.086026,0.386129,-0.0937,-0.1473,-0.1669,-0.14,0.000006
0.3810,0.121701,-0.086176,0.385954,-0.1010,-0.1500,-0.1749,-0.14,0.000006
0.3820,0.121592,-0.086328,0.385771,-0.1083,-0.1527,-0.1830,-0.14,0.000006
0.3830,0.121477,-0.086483,0.385580,-0.1155,-0.1551,-0.1912,-0.14,0.000006
0.3840,0.121354,-0.086641,0.385380,-0.1227,-0.1575,-0.1996,-0.14,0.000006
0.3850,0.121224,-0.086801,0.385172,-0.1299,-0.1597,-0.2081,-0.14,0.000006
0.3860,0.121087,-0.086962,0.384955,-0.1370,-0.1618,-0.2167,-0.14,0.000006
0.3870,0.120943,-0.087126,0.384730,-0.1440,-0.1637,-0.2254,-0.14,0.000006
0.3880,0.120792,-0.087292,0.384495,-0.1510,-0.1655,-0.2343,-0.14,0.000006
0.3890,0.120634,-0.087459,0.384252,-0.1580,-0.1672,-0.2432,-0.14,0.000006
0.3900,0.120470,-0.087628,0.384000,-0.1649,-0.1687,-0.2523,-0.14,0.000006
0.3910,0.120298,-0.087798,0.383738,-0.1717,-0.1702,-0.2615,-0.14,0.000006
0.3920,0.120119,-0.087969,0.383468,-0.1786,-0.1715,-0.2708,-0.14,0.000006
0.3930,0.119934,-0.088142,0.383188,-0.1853,-0.1726,-0.2802,-0.14,0.000006
0.3940,0.119742,-0.088315,0.382898,-0.1921,-0.1737,-0.2896,-0.14,0.000006
0.3950,0.119543,-0.088490,0.382599,-0.1987,-0.1746,-0.2992,-0.14,0.000006
0.3960,0.119338,-0.088665,0.382290,-0.2054,-0.1754,-0.3089,-0.14,0.000006
0.3970,0.119126,-0.088842,0.381971,-0.2120,-0.1761,-0.3187,-0.15,0.000006
0.3980,0.118907,-0.089018,0.381642,-0.2185,-0.1766,-0.3286,-0.15,0.000006
0.3990,0.118682,-0.089195,0.381304,-0.2251,-0.1771,-0.3386,-0.15,0.000006
0.4000,0.118451,-0.089373,0.380955,-0.2315,-0.1774,-0.3487,-0.15,0.000006
0.4010,0.118213,-0.089550,0.380596,-0.2380,-0.1776,-0.3589,-0.15,0.000006
0.4020,0.117968,-0.089728,0.380227,-0.2443,-0.1777,-0.3691,-0.15,0.000006
0.4030,0.117718,-0.089906,0.379847,-0.2507,-0.1777,-0.3795,-0.15,0.000006
0.4040,0.117461,-0.090083,0.379458,-0.2570,-0.1776,-0.3899,-0.15,0.000006
0.4050,0.117197,-0.090261,0.379057,-0.2632,-0.1774,-0.4005,-0.15,0.000006
0.4060,0.116928,-0.090438,0.378646,-0.2694,-0.1771,-0.4111,-0.15,0.000006
0.4070,0.116652,-0.090615,0.378224,-0.2756,-0.1767,-0.4217,-0.15,0.000006
0.4080,0.116371,-0.090791,0.377792,-0.2817,-0.1762,-0.4325,-0.15,0.000006
0.4090,0.116083,-0.090966,0.377348,-0.2878,-0.1755,-0.4433,-0.15,0.000006
0.4100,0.115789,-0.091141,0.376894,-0.2939,-0.1748,-0.4542,-0.15,0.000006
0.4110,0.115489,-0.091315,0.376429,-0.2999,-0.1740,-0.4652,-0.15,0.000006
0.4120,0.115183,-0.091488,0.375953,-0.3058,-0.1731,-0.4762,-0.15,0.000006
0.4130,0.114871,-0.091660,0.375465,-0.3118,-0.1721,-0.4874,-0.15,0.000006
0.4140,0.114554,-0.091831,0.374967,-0.3177,-0.1710,-0.4985,-0.15,0.000006
0.4150,0.114230,-0.092001,0.374457,-0.3235,-0.1698,-0.5098,-0.15,0.000006
0.4160,0.113901,-0.092170,0.373936,-0.3293,-0.1686,-0.5211,-0.15,0.000006
0.4170,0.113566,-0.092337,0.373404,-0.3351,-0.1672,-0.5324,-0.15,0.000006
0.4180,0.113225,-0.092503,0.372860,-0.3408,-0.1658,-0.5438,-0.15,0.000006
0.4190,0.112879,-0.092667,0.372305,-0.3465,-0.1643,-0.5553,-0.15,0.000006
0.4200,0.112526,-0.092830,0.371738,-0.3522,-0.1627,-0.5668,-0.15,0.000006
0.4210,0.112169,-0.092991,0.371159,-0.3578,-0.1611,-0.5784,-0.16,0.000006
0.4220,0.111805,-0.093150,0.370569,-0.3633,-0.1593,-0.5900,-0.16,0.000007
0.4230,0.111436,-0.093308,0.369968,-0.3689,-0.1575,-0.6016,-0.16,0.000007
0.4240,0.111062,-0.093463,0.369354,-0.3744,-0.1556,-0.6133,-0.16,0.000007
0.4250,0.110682,-0.093617,0.368729,-0.3799,-0.1537,-0.6251,-0.16,0.000007
0.4260,0.110297,-0.093769,0.368093,-0.3853,-0.1516,-0.6368,-0.16,0.000007
0.4270,0.109906,-0.093918,0.367444,-0.3907,-0.1496,-0.6487,-0.16,0.000007
0.4280,0.109510,-0.094066,0.366783,-0.3960,-0.1474,-0.6605,-0.16,0.000007
0.4290,0.109109,-0.094211,0.366111,-0.4014,-0.1452,-0.6724,-0.16,0.000007
0.4300,0.108702,-0.094354,0.365427,-0.4066,-0.1429,-0.6843,-0.16,0.000007
0.4310,0.108290,-0.094494,0.364730,-0.4119,-0.1406,-0.6962,-0.16,0.000007
0.4320,0.107873,-0.094633,0.364022,-0.4171,-0.1382,-0.7082,-0.16,0.000007
0.4330,0.107451,-0.094768,0.363302,-0.4223,-0.1358,-0.7202,-0.16,0.000007
0.4340,0.107023,-0.094902,0.362570,-0.4274,-0.1333,-0.7322,-0.16,0.000007
0.4350,0.106591,-0.095032,0.361826,-0.4325,-0.1307,-0.7442,-0.16,0.000007
0.4360,0.106153,-0.095160,0.361069,-0.4376,-0.1281,-0.7563,-0.16,0.000007
0.4370,0.105711,-0.095286,0.360301,-0.4427,-0.1255,-0.7683,-0.16,0.000007
0.4380,0.105263,-0.095409,0.359521,-0.4477,-0.1228,-0.7804,-0.16,0.000007
0.4390,0.104810,-0.095529,0.358728,-0.4527,-0.1200,-0.7925,-0.16,0.000007
0.4400,0.104353,-0.095646,0.357924,-0.4576,-0.1172,-0.8046,-0.16,0.000007
0.4410,0.103890,-0.095760,0.357107,-0.4625,-0.1144,-0.8167,-0.16,0.000007
0.4420,0.103423,-0.095872,0.356278,-0.4674,-0.1115,-0.8288,-0.16,0.000007
0.4430,0.102950,-0.095981,0.355437,-0.4722,-0.1086,-0.8409,-0.16,0.000007
0.4440,0.102473,-0.096086,0.354584,-0.4770,-0.1057,-0.8531,-0.16,0.000007
0.4450,0.101992,-0.096189,0.353719,-0.4818,-0.1027,-0.8652,-0.16,0.000007
0.4460,0.101505,-0.096289,0.352842,-0.4866,-0.0997,-0.8773,-0.16,0.000007
0.4470,0.101014,-0.096385,0.351952,-0.4913,-0.0966,-0.8894,-0.16,0.000007
0.4480,0.100518,-0.096479,0.351051,-0.4960,-0.0936,-0.9015,-0.16,0.000007
0.4490,0.100017,-0.096569,0.350137,-0.5006,-0.0904,-0.9136,-0.16,0.000007
0.4500,0.099512,-0.096657,0.349211,-0.5053,-0.0873,-0.9257,-0.16,0.000007
0.4510,0.099002,-0.096741,0.348274,-0.5098,-0.0841,-0.9378,-0.16,0.000007
0.4520,0.098488,-0.096822,0.347324,-0.5144,-0.0809,-0.9499,-0.16,0.000007
0.4530,0.097969,-0.096899,0.346362,-0.5189,-0.0777,-0.9619,-0.16,0.000007
0.4540,0.097445,-0.096974,0.345388,-0.5234,-0.0745,-0.9740,-0.16,0.000007
0.4550,0.096917,-0.097045,0.344402,-0.5279,-0.0712,-0.9860,-0.16,0.000007
0.4560,0.096385,-0.097113,0.343404,-0.5323,-0.0679,-0.9980,-0.16,0.000007
0.4570,0.095848,-0.097177,0.342394,-0.5367,-0.0646,-1.0100,-0.16,0.000007
0.4580,0.095307,-0.097239,0.341372,-0.5411,-0.0612,-1.0220,-0.16,0.000007
0.4590,0.094762,-0.097296,0.340338,-0.5454,-0.0579,-1.0339,-0.16,0.000007
0.4600,0.094212,-0.097351,0.339292,-0.5497,-0.0545,-1.0459,-0.16,0.000007
0.4610,0.093658,-0.097402,0.338234,-0.5540,-0.0511,-1.0578,-0.16,0.000007
0.4620,0.093100,-0.097450,0.337164,-0.5583,-0.0477,-1.0697,-0.16,0.000007
0.4630,0.092537,-0.097494,0.336083,-0.5625,-0.0443,-1.0815,-0.16,0.000007
0.4640,0.091971,-0.097535,0.334990,-0.5667,-0.0408,-1.0933,-0.16,0.000007
0.4650,0.091400,-0.097572,0.333885,-0.5708,-0.0374,-1.1051,-0.16,0.000007
0.4660,0.090825,-0.097606,0.332768,-0.5750,-0.0339,-1.1169,-0.16,0.000007
0.4670,0.090246,-0.097637,0.331639,-0.5790,-0.0304,-1.1286,-0.15,0.000007
0.4680,0.089663,-0.097664,0.330499,-0.5831,-0.0269,-1.1403,-0.15,0.000007
0.4690,0.089076,-0.097687,0.329347,-0.5871,-0.0234,-1.1520,-0.15,0.000007
0.4700,0.088484,-0.097707,0.328183,-0.5911,-0.0199,-1.1636,-0.15,0.000007
0.4710,0.087889,-0.097723,0.327008,-0.5951,-0.0164,-1.1752,-0.15,0.000007
0.4720,0.087290,-0.097736,0.325821,-0.5990,-0.0129,-1.1868,-0.15,0.000007
0.4730,0.086687,-0.097746,0.324623,-0.6029,-0.0093,-1.1983,-0.15,0.000007
0.4740,0.086081,-0.097751,0.323413,-0.6068,-0.0058,-1.2097,-0.15,0.000007
0.4750,0.085470,-0.097754,0.322192,-0.6107,-0.0022,-1.2212,-0.15,0.000007
0.4760,0.084855,-0.097752,0.320959,-0.6145,0.0013,-1.2326,-0.15,0.000007
0.4770,0.084237,-0.097747,0.319715,-0.6182,0.0049,-1.2439,-0.15,0.000007
0.4780,0.083615,-0.097739,0.318460,-0.6220,0.0085,-1.2553,-0.15,0.000007
0.4790,0.082989,-0.097727,0.317194,-0.6257,0.0121,-1.2665,-0.15,0.000007
0.4800,0.082360,-0.097711,0.315916,-0.6294,0.0157,-1.2778,-0.15,0.000007
0.4810,0.081727,-0.097692,0.314627,-0.6330,0.0193,-1.2889,-0.15,0.000007
0.4820,0.081090,-0.097669,0.313327,-0.6366,0.0229,-1.3001,-0.15,0.000007
0.4830,0.080450,-0.097642,0.312016,-0.6402,0.0265,-1.3112,-0.15,0.000007
0.4840,0.079806,-0.097612,0.310694,-0.6438,0.0301,-1.3222,-0.15,0.000007
0.4850,0.079159,-0.097579,0.309360,-0.6473,0.0337,-1.3332,-0.15,0.000007
0.4860,0.078508,-0.097541,0.308016,-0.6508,0.0373,-1.3442,-0.15,0.000007
0.4870,0.077854,-0.097500,0.306661,-0.6542,0.0410,-1.3551,-0.15,0.000007
0.4880,0.077196,-0.097456,0.305295,-0.6576,0.0446,-1.3659,-0.15,0.000007
0.4890,0.076535,-0.097407,0.303919,-0.6610,0.0482,-1.3767,-0.15,0.000007
0.4900,0.075871,-0.097356,0.302531,-0.6644,0.0519,-1.3875,-0.15,0.000007
0.4910,0.075203,-0.097300,0.301133,-0.6677,0.0555,-1.3982,-0.15,0.000007
0.4920,0.074533,-0.097241,0.299724,-0.6709,0.0592,-1.4088,-0.15,0.000007
0.4930,0.073858,-0.097178,0.298305,-0.6742,0.0628,-1.4194,-0.15,0.000007
0.4940,0.073181,-0.097112,0.296875,-0.6774,0.0665,-1.4300,-0.15,0.000007
0.4950,0.072500,-0.097041,0.295434,-0.6805,0.0702,-1.4405,-0.15,0.000007
0.4960,0.071817,-0.096968,0.293983,-0.6837,0.0738,-1.4509,-0.15,0.000007
0.4970,0.071130,-0.096890,0.292522,-0.6868,0.0775,-1.4613,-0.14,0.000007
0.4980,0.070440,-0.096809,0.291050,-0.6898,0.0812,-1.4716,-0.14,0.000007
0.4990,0.069747,-0.096724,0.289569,-0.6928,0.0849,-1.4819,-0.14,0.000007
0.5000,0.069051,-0.096635,0.288076,-0.6958,0.0886,-1.4921,-0.14,0.000007
0.5010,0.068353,-0.096543,0.286574,-0.6988,0.0923,-1.5023,-0.14,0.000007
0.5020,0.067651,-0.096447,0.285062,-0.7017,0.0960,-1.5124,-0.14,0.000007
0.5030,0.066946,-0.096347,0.283539,-0.7046,0.0997,-1.5225,-0.14,0.000007
0.5040,0.066239,-0.096244,0.282007,-0.7074,0.1034,-1.5325,-0.14,0.000007
0.5050,0.065529,-0.096137,0.280464,-0.7102,0.1071,-1.5425,-0.14,0.000007
0.5060,0.064816,-0.096026,0.278912,-0.7129,0.1108,-1.5524,-0.14,0.000007
0.5070,0.064100,-0.095912,0.277350,-0.7157,0.1146,-1.5622,-0.14,0.000007
0.5080,0.063382,-0.095793,0.275778,-0.7183,0.1183,-1.5720,-0.14,0.000007
0.5090,0.062661,-0.095671,0.274196,-0.7210,0.1220,-1.5817,-0.14,0.000007
0.5100,0.061937,-0.095545,0.272604,-0.7236,0.1258,-1.5914,-0.14,0.000007
0.5110,0.061211,-0.095416,0.271003,-0.7261,0.1296,-1.6010,-0.14,0.000007
0.5120,0.060483,-0.095283,0.269393,-0.7286,0.1333,-1.6106,-0.14,0.000006
0.5130,0.059751,-0.095145,0.267773,-0.7311,0.1371,-1.6201,-0.14,0.000006
0.5140,0.059018,-0.095005,0.266143,-0.7336,0.1409,-1.6296,-0.14,0.000006
0.5150,0.058282,-0.094860,0.264504,-0.7359,0.1447,-1.6390,-0.14,0.000006
0.5160,0.057544,-0.094711,0.262856,-0.7383,0.1485,-1.6483,-0.14,0.000006
0.5170,0.056803,-0.094559,0.261198,-0.7406,0.1523,-1.6576,-0.14,0.000006
0.5180,0.056060,-0.094403,0.259531,-0.7429,0.1561,-1.6668,-0.13,0.000006
0.5190,0.055315,-0.094243,0.257855,-0.7451,0.1599,-1.6760,-0.13,0.000006
0.5200,0.054568,-0.094079,0.256170,-0.7473,0.1638,-1.6851,-0.13,0.000006
0.5210,0.053818,-0.093912,0.254476,-0.7494,0.1676,-1.6942,-0.13,0.000006
0.5220,0.053067,-0.093740,0.252773,-0.7515,0.1715,-1.7032,-0.13,0.000006
0.5230,0.052313,-0.093565,0.251061,-0.7536,0.1754,-1.7121,-0.13,0.000006
0.5240,0.051558,-0.093385,0.249340,-0.7556,0.1793,-1.7210,-0.13,0.000006
0.5250,0.050800,-0.093202,0.247610,-0.7575,0.1832,-1.7298,-0.13,0.000006
0.5260,0.050041,-0.093015,0.245871,-0.7594,0.1871,-1.7386,-0.13,0.000006
0.5270,0.049279,-0.092824,0.244124,-0.7613,0.1910,-1.7473,-0.13,0.000006
0.5280,0.048516,-0.092629,0.242368,-0.7631,0.1949,-1.7560,-0.13,0.000006
0.5290,0.047751,-0.092430,0.240603,-0.7649,0.1989,-1.7646,-0.13,0.000006
0.5300,0.046985,-0.092228,0.238830,-0.7667,0.2029,-1.7732,-0.13,0.000006
0.5310,0.046216,-0.092021,0.237049,-0.7684,0.2068,-1.7816,-0.13,0.000006
0.5320,0.045446,-0.091810,0.235259,-0.7700,0.2108,-1.7901,-0.13,0.000006
0.5330,0.044675,-0.091595,0.233460,-0.7716,0.2148,-1.7985,-0.13,0.000006
0.5340,0.043902,-0.091376,0.231653,-0.7731,0.2189,-1.8068,-0.13,0.000006
0.5350,0.043127,-0.091153,0.229838,-0.7747,0.2229,-1.8150,-0.13,0.000006
0.5360,0.042351,-0.090926,0.228015,-0.7761,0.2270,-1.8233,-0.12,0.000006
0.5370,0.041573,-0.090695,0.226184,-0.7775,0.2310,-1.8314,-0.12,0.000006
0.5380,0.040794,-0.090460,0.224344,-0.7789,0.2351,-1.8395,-0.12,0.000006
0.5390,0.040014,-0.090221,0.222497,-0.7802,0.2392,-1.8475,-0.12,0.000006
0.5400,0.039233,-0.089978,0.220641,-0.7815,0.2433,-1.8555,-0.12,0.000006
0.5410,0.038450,-0.089730,0.218778,-0.7827,0.2475,-1.8635,-0.12,0.000006
0.5420,0.037666,-0.089479,0.216906,-0.7838,0.2516,-1.8713,-0.12,0.000006
0.5430,0.036881,-0.089223,0.215027,-0.7849,0.2558,-1.8791,-0.12,0.000006
0.5440,0.036095,-0.088963,0.213140,-0.7860,0.2600,-1.8869,-0.12,0.000006
0.5450,0.035308,-0.088698,0.211246,-0.7870,0.2642,-1.8946,-0.12,0.000006
0.5460,0.034520,-0.088430,0.209343,-0.7880,0.2684,-1.9023,-0.12,0.000006
0.5470,0.033731,-0.088157,0.207434,-0.7889,0.2727,-1.9098,-0.12,0.000006
0.5480,0.032942,-0.087880,0.205516,-0.7898,0.2770,-1.9174,-0.12,0.000006
0.5490,0.032151,-0.087599,0.203591,-0.7906,0.2813,-1.9249,-0.12,0.000006
0.5500,0.031360,-0.087314,0.201659,-0.7914,0.2856,-1.9323,-0.12,0.000006
0.5510,0.030567,-0.087024,0.199719,-0.7921,0.2899,-1.9397,-0.12,0.000006
0.5520,0.029775,-0.086729,0.197772,-0.7928,0.2942,-1.9470,-0.12,0.000006
0.5530,0.028981,-0.086431,0.195818,-0.7934,0.2986,-1.9542,-0.11,0.000006
0.5540,0.028187,-0.086128,0.193857,-0.7939,0.3030,-1.9614,-0.11,0.000006
0.5550,0.027393,-0.085820,0.191888,-0.7945,0.3074,-1.9686,-0.11,0.000006
0.5560,0.026598,-0.085508,0.189912,-0.7949,0.3119,-1.9757,-0.11,0.000006
0.5570,0.025803,-0.085192,0.187930,-0.7953,0.3163,-1.9827,-0.11,0.000006
0.5580,0.025007,-0.084871,0.185940,-0.7957,0.3208,-1.9897,-0.11,0.000006
0.5590,0.024211,-0.084546,0.183943,-0.7960,0.3253,-1.9966,-0.11,0.000006
0.5600,0.023415,-0.084216,0.181940,-0.7963,0.3298,-2.0035,-0.11,0.000006
0.5610,0.022618,-0.083882,0.179930,-0.7965,0.3344,-2.0103,-0.11,0.000006
0.5620,0.021822,-0.083543,0.177912,-0.7966,0.3390,-2.0171,-0.11,0.000006
0.5630,0.021025,-0.083199,0.175889,-0.7967,0.3436,-2.0238,-0.11,0.000006
0.5640,0.020228,-0.082851,0.173858,-0.7967,0.3482,-2.0305,-0.11,0.000006
0.5650,0.019431,-0.082498,0.171821,-0.7967,0.3528,-2.0371,-0.11,0.000006
0.5660,0.018635,-0.082141,0.169777,-0.7967,0.3575,-2.0436,-0.11,0.000006
0.5670,0.017838,-0.081779,0.167727,-0.7966,0.3622,-2.0501,-0.11,0.000006
0.5680,0.017042,-0.081412,0.165671,-0.7964,0.3669,-2.0565,-0.11,0.000006
0.5690,0.016246,-0.081040,0.163608,-0.7962,0.3716,-2.0629,-0.10,0.000006
0.5700,0.015450,-0.080664,0.161539,-0.7959,0.3764,-2.0693,-0.10,0.000006
0.5710,0.014654,-0.080283,0.159463,-0.7956,0.3812,-2.0755,-0.10,0.000006
0.5720,0.013859,-0.079897,0.157381,-0.7952,0.3860,-2.0818,-0.10,0.000006
0.5730,0.013064,-0.079506,0.155293,-0.7948,0.3908,-2.0879,-0.10,0.000006
0.5740,0.012270,-0.079110,0.153199,-0.7943,0.3957,-2.0941,-0.10,0.000006
0.5750,0.011476,-0.078710,0.151099,-0.7937,0.4006,-2.1001,-0.10,0.000006
0.5760,0.010683,-0.078304,0.148993,-0.7931,0.4055,-2.1061,-0.10,0.000006
0.5770,0.009891,-0.077894,0.146881,-0.7925,0.4104,-2.1121,-0.10,0.000006
0.5780,0.009099,-0.077478,0.144763,-0.7918,0.4154,-2.1180,-0.10,0.000006
0.5790,0.008308,-0.077058,0.142639,-0.7910,0.4204,-2.1238,-0.10,0.000006
0.5800,0.007518,-0.076633,0.140510,-0.7902,0.4254,-2.1296,-0.10,0.000006
0.5810,0.006728,-0.076202,0.138374,-0.7894,0.4304,-2.1354,-0.10,0.000006
0.5820,0.005940,-0.075767,0.136233,-0.7885,0.4355,-2.1411,-0.10,0.000006
0.5830,0.005152,-0.075326,0.134087,-0.7875,0.4406,-2.1467,-0.10,0.000006
0.5840,0.004366,-0.074880,0.131934,-0.7865,0.4457,-2.1523,-0.10,0.000006
0.5850,0.003580,-0.074430,0.129776,-0.7854,0.4508,-2.1578,-0.09,0.000006
0.5860,0.002796,-0.073974,0.127613,-0.7843,0.4560,-2.1633,-0.09,0.000006
0.5870,0.002013,-0.073512,0.125444,-0.7831,0.4612,-2.1687,-0.09,0.000006
0.5880,0.001231,-0.073046,0.123270,-0.7818,0.4664,-2.1741,-0.09,0.000006
0.5890,0.000451,-0.072575,0.121091,-0.7805,0.4716,-2.1794,-0.09,0.000006
0.5900,-0.000329,-0.072098,0.118906,-0.7792,0.4769,-2.1846,-0.09,0.000006
0.5910,-0.001106,-0.071615,0.116717,-0.7778,0.4822,-2.1899,-0.09,0.000006
0.5920,-0.001883,-0.071128,0.114522,-0.7764,0.4875,-2.1950,-0.09,0.000006
0.5930,-0.002658,-0.070635,0.112321,-0.7748,0.4928,-2.2001,-0.09,0.000006
0.5940,-0.003431,-0.070137,0.110116,-0.7733,0.4982,-2.2052,-0.09,0.000006
0.5950,-0.004203,-0.069633,0.107906,-0.7717,0.5036,-2.2102,-0.09,0.000006
0.5960,-0.004973,-0.069125,0.105691,-0.7700,0.5090,-2.2151,-0.09,0.000006
0.5970,-0.005741,-0.068610,0.103471,-0.7683,0.5144,-2.2200,-0.09,0.000006
0.5980,-0.006507,-0.068090,0.101246,-0.7665,0.5199,-2.2248,-0.09,0.000006
0.5990,-0.007272,-0.067565,0.099016,-0.7647,0.5253,-2.2296,-0.08,0.000006
0.6000,-0.008035,-0.067034,0.096782,-0.7628,0.5308,-2.2344,-0.08,0.000006
0.6010,-0.008796,-0.066498,0.094543,-0.7609,0.5364,-2.2390,-0.08,0.000006
0.6020,-0.009555,-0.065956,0.092299,-0.7589,0.5419,-2.2437,-0.08,0.000006
0.6030,-0.010312,-0.065408,0.090051,-0.7569,0.5475,-2.2482,-0.08,0.000006
0.6040,-0.011066,-0.064855,0.087798,-0.7548,0.5531,-2.2528,-0.08,0.000006
0.6050,-0.011819,-0.064296,0.085541,-0.7527,0.5587,-2.2572,-0.08,0.000006
0.6060,-0.012570,-0.063732,0.083280,-0.7505,0.5644,-2.2616,-0.08,0.000006
0.6070,-0.013318,-0.063162,0.081014,-0.7482,0.5700,-2.2660,-0.08,0.000006
0.6080,-0.014064,-0.062586,0.078743,-0.7460,0.5757,-2.2703,-0.08,0.000006
0.6090,-0.014807,-0.062005,0.076469,-0.7436,0.5814,-2.2746,-0.08,0.000006
0.6100,-0.015549,-0.061418,0.074190,-0.7412,0.5872,-2.2788,-0.08,0.000006
0.6110,-0.016287,-0.060825,0.071907,-0.7388,0.5929,-2.2829,-0.08,0.000006
0.6120,-0.017024,-0.060226,0.069620,-0.7363,0.5987,-2.2870,-0.08,0.000006
0.6130,-0.017757,-0.059622,0.067329,-0.7337,0.6045,-2.2910,-0.07,0.000006
0.6140,-0.018489,-0.059011,0.065034,-0.7312,0.6103,-2.2950,-0.07,0.000006
0.6150,-0.019217,-0.058395,0.062735,-0.7285,0.6161,-2.2989,-0.07,0.000006
0.6160,-0.019943,-0.057773,0.060432,-0.7258,0.6220,-2.3028,-0.07,0.000006
0.6170,-0.020666,-0.057145,0.058126,-0.7231,0.6279,-2.3066,-0.07,0.000006
0.6180,-0.021386,-0.056511,0.055815,-0.7203,0.6338,-2.3104,-0.07,0.000006
0.6190,-0.022104,-0.055872,0.053501,-0.7174,0.6397,-2.3141,-0.07,0.000006
0.6200,-0.022818,-0.055226,0.051183,-0.7145,0.6456,-2.3178,-0.07,0.000006
0.6210,-0.023530,-0.054575,0.048862,-0.7116,0.6516,-2.3214,-0.07,0.000006
0.6220,-0.024238,-0.053917,0.046537,-0.7086,0.6575,-2.3249,-0.07,0.000006
0.6230,-0.024944,-0.053254,0.044209,-0.7056,0.6635,-2.3284,-0.07,0.000006
0.6240,-0.025647,-0.052584,0.041877,-0.7025,0.6695,-2.3319,-0.07,0.000006
0.6250,-0.026346,-0.051909,0.039541,-0.6994,0.6755,-2.3353,-0.07,0.000006
0.6260,-0.027042,-0.051227,0.037203,-0.6962,0.6815,-2.3386,-0.06,0.000006
0.6270,-0.027735,-0.050539,0.034861,-0.6930,0.6876,-2.3419,-0.06,0.000006
0.6280,-0.028425,-0.049846,0.032516,-0.6897,0.6936,-2.3451,-0.06,0.000006
0.6290,-0.029111,-0.049146,0.030168,-0.6864,0.6997,-2.3482,-0.06,0.000006
0.6300,-0.029794,-0.048440,0.027816,-0.6830,0.7058,-2.3514,-0.06,0.000006
0.6310,-0.030474,-0.047729,0.025462,-0.6796,0.7119,-2.3544,-0.06,0.000006
0.6320,-0.031150,-0.047011,0.023104,-0.6762,0.7180,-2.3574,-0.06,0.000006
0.6330,-0.031823,-0.046286,0.020744,-0.6727,0.7241,-2.3603,-0.06,0.000006
0.6340,-0.032492,-0.045556,0.018381,-0.6691,0.7302,-2.3632,-0.06,0.000006
0.6350,-0.033158,-0.044820,0.016015,-0.6656,0.7364,-2.3660,-0.06,0.000006
0.6360,-0.033819,-0.044077,0.013646,-0.6619,0.7425,-2.3688,-0.06,0.000006
0.6370,-0.034478,-0.043329,0.011275,-0.6583,0.7487,-2.3715,-0.06,0.000006
0.6380,-0.035132,-0.042574,0.008900,-0.6546,0.7548,-2.3742,-0.06,0.000006
0.6390,-0.035783,-0.041813,0.006524,-0.6508,0.7610,-2.3768,-0.05,0.000006
0.6400,-0.036430,-0.041046,0.004144,-0.6470,0.7672,-2.3793,-0.05,0.000006
0.6410,-0.037073,-0.040272,0.001763,-0.6432,0.7734,-2.3818,-0.05,0.000006
0.6420,-0.037713,-0.039493,-0.000622,-0.6393,0.7795,-2.3842,-0.05,0.000006
0.6430,-0.038348,-0.038707,-0.003008,-0.6354,0.7857,-2.3865,-0.05,0.000006
0.6440,-0.038979,-0.037915,-0.005397,-0.6314,0.7919,-2.3888,-0.05,0.000006
0.6450,-0.039607,-0.037117,-0.007788,-0.6274,0.7981,-2.3911,-0.05,0.000006
0.6460,-0.040230,-0.036313,-0.010181,-0.6234,0.8044,-2.3932,-0.05,0.000006
0.6470,-0.040850,-0.035502,-0.012577,-0.6193,0.8106,-2.3954,-0.05,0.000006
0.6480,-0.041465,-0.034685,-0.014974,-0.6152,0.8168,-2.3974,-0.05,0.000006
0.6490,-0.042076,-0.033862,-0.017373,-0.6111,0.8230,-2.3994,-0.05,0.000006
0.6500,-0.042683,-0.033033,-0.019775,-0.6069,0.8292,-2.4013,-0.05,0.000006
0.6510,-0.043285,-0.032198,-0.022178,-0.6026,0.8354,-2.4032,-0.04,0.000006
0.6520,-0.043884,-0.031356,-0.024583,-0.5984,0.8416,-2.4050,-0.04,0.000006
0.6530,-0.044478,-0.030508,-0.026990,-0.5941,0.8478,-2.4068,-0.04,0.000006
0.6540,-0.045068,-0.029654,-0.029398,-0.5897,0.8540,-2.4084,-0.04,0.000006
0.6550,-0.045653,-0.028794,-0.031808,-0.5854,0.8602,-2.4101,-0.04,0.000006
0.6560,-0.046234,-0.027928,-0.034220,-0.5810,0.8664,-2.4116,-0.04,0.000006
0.6570,-0.046810,-0.027055,-0.036633,-0.5765,0.8725,-2.4131,-0.04,0.000006
0.6580,-0.047382,-0.026177,-0.039048,-0.5721,0.8787,-2.4145,-0.04,0.000006
0.6590,-0.047950,-0.025292,-0.041463,-0.5676,0.8849,-2.4159,-0.04,0.000006
0.6600,-0.048513,-0.024401,-0.043881,-0.5630,0.8910,-2.4172,-0.04,0.000006
0.6610,-0.049072,-0.023503,-0.046299,-0.5585,0.8972,-2.4184,-0.04,0.000006
0.6620,-0.049625,-0.022600,-0.048719,-0.5539,0.9033,-2.4196,-0.03,0.000006
0.6630,-0.050175,-0.021691,-0.051139,-0.5493,0.9094,-2.4207,-0.03,0.000006
0.6640,-0.050719,-0.020775,-0.053561,-0.5446,0.9155,-2.4217,-0.03,0.000006
0.6650,-0.051259,-0.019854,-0.055984,-0.5399,0.9216,-2.4226,-0.03,0.000006
0.6660,-0.051794,-0.018926,-0.058407,-0.5352,0.9277,-2.4235,-0.03,0.000006
0.6670,-0.052325,-0.017992,-0.060832,-0.5305,0.9338,-2.4243,-0.03,0.000006
0.6680,-0.052851,-0.017052,-0.063257,-0.5257,0.9398,-2.4251,-0.03,0.000006
0.6690,-0.053372,-0.016106,-0.065682,-0.5209,0.9458,-2.4258,-0.03,0.000006
0.6700,-0.053888,-0.015155,-0.068109,-0.5161,0.9518,-2.4264,-0.03,0.000006
0.6710,-0.054399,-0.014197,-0.070536,-0.5112,0.9578,-2.4269,-0.03,0.000006
0.6720,-0.054905,-0.013233,-0.072963,-0.5064,0.9638,-2.4274,-0.03,0.000006
0.6730,-0.055407,-0.012263,-0.075391,-0.5015,0.9697,-2.4278,-0.02,0.000006
0.6740,-0.055903,-0.011288,-0.077819,-0.4966,0.9756,-2.4281,-0.02,0.000006
0.6750,-0.056395,-0.010306,-0.080247,-0.4916,0.9815,-2.4283,-0.02,0.000006
0.6760,-0.056882,-0.009319,-0.082676,-0.4867,0.9874,-2.4285,-0.02,0.000006
0.6770,-0.057363,-0.008326,-0.085104,-0.4817,0.9932,-2.4286,-0.02,0.000006
0.6780,-0.057840,-0.007327,-0.087533,-0.4767,0.9990,-2.4286,-0.02,0.000006
0.6790,-0.058312,-0.006322,-0.089961,-0.4716,1.0048,-2.4285,-0.02,0.000006
0.6800,-0.058778,-0.005311,-0.092390,-0.4666,1.0105,-2.4284,-0.02,0.000006
0.6810,-0.059240,-0.004295,-0.094818,-0.4615,1.0162,-2.4281,-0.02,0.000006
0.6820,-0.059696,-0.003273,-0.097246,-0.4564,1.0219,-2.4278,-0.02,0.000006
0.6830,-0.060147,-0.002246,-0.099673,-0.4513,1.0275,-2.4275,-0.02,0.000006
0.6840,-0.060594,-0.001213,-0.102100,-0.4462,1.0331,-2.4270,-0.01,0.000006
0.6850,-0.061035,-0.000174,-0.104527,-0.4411,1.0387,-2.4265,-0.01,0.000006
0.6860,-0.061471,0.000870,-0.106952,-0.4359,1.0442,-2.4258,-0.01,0.000006
0.6870,-0.061901,0.001920,-0.109378,-0.4308,1.0497,-2.4251,-0.01,0.000006
0.6880,-0.062327,0.002975,-0.111802,-0.4256,1.0551,-2.4243,-0.01,0.000006
0.6890,-0.062747,0.004035,-0.114225,-0.4204,1.0605,-2.4234,-0.01,0.000006
0.6900,-0.063163,0.005101,-0.116648,-0.4152,1.0659,-2.4225,-0.01,0.000006
0.6910,-0.063572,0.006172,-0.119069,-0.4100,1.0712,-2.4214,-0.01,0.000006
0.6920,-0.063977,0.007249,-0.121490,-0.4047,1.0764,-2.4203,-0.01,0.000006
0.6930,-0.064377,0.008331,-0.123909,-0.3995,1.0816,-2.4191,-0.01,0.000006
0.6940,-0.064771,0.009417,-0.126326,-0.3942,1.0868,-2.4178,-0.00,0.000006
0.6950,-0.065160,0.010509,-0.128743,-0.3890,1.0919,-2.4163,-0.00,0.000006
0.6960,-0.065544,0.011606,-0.131158,-0.3837,1.0970,-2.4148,-0.00,0.000006
0.6970,-0.065922,0.012708,-0.133571,-0.3784,1.1020,-2.4133,-0.00,0.000006
0.6980,-0.066295,0.013815,-0.135982,-0.3732,1.1069,-2.4116,-0.00,0.000006
0.6990,-0.066663,0.014927,-0.138392,-0.3679,1.1118,-2.4098,0.00,0.000006
0.7000,-0.067026,0.016044,-0.140800,-0.3626,1.1166,-2.4079,0.00,0.000006
0.7010,-0.067383,0.017165,-0.143206,-0.3573,1.1214,-2.4060,0.00,0.000006
0.7020,-0.067735,0.018291,-0.145610,-0.3520,1.1261,-2.4039,0.00,0.000006
0.7030,-0.068082,0.019422,-0.148012,-0.3467,1.1307,-2.4017,0.01,0.000006
0.7040,-0.068423,0.020557,-0.150411,-0.3414,1.1353,-2.3995,0.01,0.000006
0.7050,-0.068759,0.021697,-0.152808,-0.3361,1.1398,-2.3971,0.01,0.000006
0.7060,-0.069090,0.022841,-0.155203,-0.3307,1.1443,-2.3947,0.01,0.000006
0.7070,-0.069415,0.023990,-0.157595,-0.3254,1.1487,-2.3921,0.01,0.000006
0.7080,-0.069735,0.025143,-0.159985,-0.3201,1.1530,-2.3894,0.01,0.000006
0.7090,-0.070050,0.026300,-0.162371,-0.3148,1.1572,-2.3867,0.01,0.000006
0.7100,-0.070360,0.027461,-0.164755,-0.3095,1.1613,-2.3838,0.01,0.000006
0.7110,-0.070664,0.028627,-0.167136,-0.3042,1.1654,-2.3808,0.01,0.000006
0.7120,-0.070963,0.029796,-0.169513,-0.2989,1.1694,-2.3777,0.02,0.000006
0.7130,-0.071256,0.030970,-0.171888,-0.2936,1.1734,-2.3745,0.02,0.000006
0.7140,-0.071545,0.032147,-0.174259,-0.2883,1.1772,-2.3712,0.02,0.000006
0.7150,-0.071828,0.033328,-0.176627,-0.2830,1.1810,-2.3678,0.02,0.000006
0.7160,-0.072106,0.034512,-0.178991,-0.2778,1.1846,-2.3643,0.02,0.000006
0.7170,-0.072378,0.035701,-0.181352,-0.2725,1.1882,-2.3606,0.02,0.000006
0.7180,-0.072645,0.036892,-0.183709,-0.2672,1.1917,-2.3569,0.02,0.000006
0.7190,-0.072907,0.038088,-0.186062,-0.2620,1.1951,-2.3530,0.02,0.000006
0.7200,-0.073164,0.039286,-0.188411,-0.2567,1.1985,-2.3490,0.03,0.000006
0.7210,-0.073416,0.040488,-0.190756,-0.2515,1.2017,-2.3449,0.03,0.000006
0.7220,-0.073662,0.041693,-0.193096,-0.2463,1.2049,-2.3407,0.03,0.000006
0.7230,-0.073903,0.042900,-0.195433,-0.2411,1.2079,-2.3363,0.03,0.000006
0.7240,-0.074139,0.044111,-0.197765,-0.2359,1.2108,-2.3319,0.03,0.000006
0.7250,-0.074370,0.045325,-0.200092,-0.2307,1.2137,-2.3273,0.03,0.000006
0.7260,-0.074595,0.046541,-0.202414,-0.2256,1.2164,-2.3226,0.03,0.000006
0.7270,-0.074815,0.047761,-0.204732,-0.2204,1.2191,-2.3177,0.03,0.000006
0.7280,-0.075031,0.048982,-0.207045,-0.2153,1.2216,-2.3128,0.04,0.000006
0.7290,-0.075241,0.050206,-0.209353,-0.2102,1.2241,-2.3077,0.04,0.000006
0.7300,-0.075446,0.051433,-0.211655,-0.2051,1.2264,-2.3024,0.04,0.000006
0.7310,-0.075646,0.052661,-0.213952,-0.2000,1.2286,-2.2971,0.04,0.000006
0.7320,-0.075841,0.053892,-0.216244,-0.1949,1.2308,-2.2916,0.04,0.000006
0.7330,-0.076031,0.055125,-0.218530,-0.1899,1.2328,-2.2860,0.04,0.000006
0.7340,-0.076216,0.056360,-0.220810,-0.1849,1.2347,-2.2802,0.04,0.000006
0.7350,-0.076395,0.057596,-0.223084,-0.1799,1.2364,-2.2744,0.04,0.000006
0.7360,-0.076570,0.058834,-0.225353,-0.1749,1.2381,-2.2683,0.05,0.000006
0.7370,-0.076740,0.060074,-0.227615,-0.1699,1.2396,-2.2622,0.05,0.000006
0.7380,-0.076905,0.061315,-0.229871,-0.1650,1.2411,-2.2559,0.05,0.000006
0.7390,-0.077065,0.062557,-0.232120,-0.1601,1.2424,-2.2494,0.05,0.000006
0.7400,-0.077221,0.063801,-0.234363,-0.1552,1.2435,-2.2428,0.05,0.000006
0.7410,-0.077371,0.065045,-0.236599,-0.1504,1.2446,-2.2361,0.05,0.000006
0.7420,-0.077516,0.066291,-0.238828,-0.1455,1.2455,-2.2293,0.05,0.000006
0.7430,-0.077657,0.067537,-0.241051,-0.1407,1.2463,-2.2222,0.06,0.000006
0.7440,-0.077793,0.068784,-0.243266,-0.1360,1.2470,-2.2151,0.06,0.000006
0.7450,-0.077924,0.070031,-0.245473,-0.1312,1.2475,-2.2078,0.06,0.000006
0.7460,-0.078051,0.071279,-0.247674,-0.1265,1.2479,-2.2003,0.06,0.000006
0.7470,-0.078173,0.072528,-0.249866,-0.1218,1.2482,-2.1927,0.06,0.000006
0.7480,-0.078290,0.073776,-0.252051,-0.1172,1.2483,-2.1849,0.06,0.000006
0.7490,-0.078403,0.075024,-0.254228,-0.1126,1.2483,-2.1770,0.07,0.000006
0.7500,-0.078511,0.076272,-0.256397,-0.1080,1.2482,-2.1690,0.07,0.000006
0.7510,-0.078614,0.077520,-0.258558,-0.1034,1.2479,-2.1607,0.07,0.000006
0.7520,-0.078713,0.078768,-0.260710,-0.0989,1.2474,-2.1523,0.07,0.000006
0.7530,-0.078807,0.080015,-0.262854,-0.0944,1.2469,-2.1438,0.07,0.000006
0.7540,-0.078897,0.081261,-0.264989,-0.0900,1.2462,-2.1351,0.07,0.000006
0.7550,-0.078983,0.082506,-0.267116,-0.0856,1.2453,-2.1263,0.07,0.000006
0.7560,-0.079064,0.083750,-0.269233,-0.0812,1.2443,-2.1172,0.08,0.000006
0.7570,-0.079141,0.084993,-0.271341,-0.0769,1.2431,-2.1080,0.08,0.000006
0.7580,-0.079214,0.086235,-0.273440,-0.0726,1.2418,-2.0987,0.08,0.000006
0.7590,-0.079282,0.087476,-0.275529,-0.0683,1.2404,-2.0892,0.08,0.000006
0.7600,-0.079346,0.088714,-0.277608,-0.0641,1.2387,-2.0795,0.08,0.000006
0.7610,-0.079406,0.089951,-0.279678,-0.0599,1.2370,-2.0697,0.08,0.000006
0.7620,-0.079462,0.091186,-0.281737,-0.0558,1.2350,-2.0596,0.09,0.000006
0.7630,-0.079513,0.092419,-0.283787,-0.0517,1.2329,-2.0495,0.09,0.000006
0.7640,-0.079561,0.093650,-0.285826,-0.0476,1.2307,-2.0391,0.09,0.000006
0.7650,-0.079604,0.094878,-0.287855,-0.0436,1.2283,-2.0286,0.09,0.000006
0.7660,-0.079644,0.096104,-0.289872,-0.0396,1.2257,-2.0179,0.09,0.000006
0.7670,-0.079680,0.097327,-0.291879,-0.0357,1.2230,-2.0070,0.09,0.000006
0.7680,-0.079711,0.098547,-0.293875,-0.0318,1.2201,-1.9959,0.10,0.000006
0.7690,-0.079739,0.099764,-0.295860,-0.0279,1.2170,-1.9847,0.10,0.000006
0.7700,-0.079764,0.100978,-0.297833,-0.0241,1.2138,-1.9733,0.10,0.000006
0.7710,-0.079784,0.102188,-0.299795,-0.0204,1.2104,-1.9617,0.10,0.000006
0.7720,-0.079801,0.103395,-0.301745,-0.0167,1.2069,-1.9500,0.10,0.000006
0.7730,-0.079814,0.104598,-0.303683,-0.0130,1.2031,-1.9380,0.10,0.000006
0.7740,-0.079823,0.105797,-0.305609,-0.0094,1.1992,-1.9259,0.11,0.000006
0.7750,-0.079829,0.106993,-0.307523,-0.0058,1.1951,-1.9136,0.11,0.000006
0.7760,-0.079831,0.108184,-0.309424,-0.0023,1.1909,-1.9011,0.11,0.000006
0.7770,-0.079830,0.109370,-0.311312,0.0012,1.1865,-1.8885,0.11,0.000006
0.7780,-0.079825,0.110552,-0.313188,0.0046,1.1819,-1.8756,0.11,0.000006
0.7790,-0.079817,0.111729,-0.315050,0.0080,1.1771,-1.8626,0.12,0.000006
0.7800,-0.079806,0.112901,-0.316900,0.0113,1.1722,-1.8494,0.12,0.000006
0.7810,-0.079791,0.114068,-0.318736,0.0146,1.1670,-1.8360,0.12,0.000006
0.7820,-0.079774,0.115230,-0.320558,0.0178,1.1618,-1.8224,0.12,0.000006
0.7830,-0.079753,0.116386,-0.322367,0.0210,1.1563,-1.8086,0.12,0.000006
0.7840,-0.079729,0.117537,-0.324162,0.0241,1.1506,-1.7947,0.12,0.000006
0.7850,-0.079701,0.118682,-0.325942,0.0272,1.1448,-1.7805,0.13,0.000006
0.7860,-0.079671,0.119820,-0.327708,0.0302,1.1388,-1.7662,0.13,0.000006
0.7870,-0.079638,0.120953,-0.329460,0.0332,1.1326,-1.7517,0.13,0.000006
0.7880,-0.079602,0.122079,-0.331197,0.0361,1.1262,-1.7370,0.13,0.000006
0.7890,-0.079563,0.123199,-0.332919,0.0390,1.1197,-1.7221,0.13,0.000006
0.7900,-0.079521,0.124312,-0.334626,0.0418,1.1129,-1.7070,0.14,0.000006
0.7910,-0.079477,0.125418,-0.336318,0.0446,1.1060,-1.6918,0.14,0.000006
0.7920,-0.079429,0.126517,-0.337994,0.0473,1.0989,-1.6763,0.14,0.000006
0.7930,-0.079379,0.127608,-0.339655,0.0499,1.0917,-1.6607,0.14,0.000006
0.7940,-0.079327,0.128693,-0.341300,0.0525,1.0842,-1.6449,0.14,0.000006
0.7950,-0.079272,0.129769,-0.342929,0.0551,1.0766,-1.6288,0.15,0.000006
0.7960,-0.079214,0.130838,-0.344541,0.0576,1.0688,-1.6127,0.15,0.000006
0.7970,-0.079154,0.131899,-0.346137,0.0601,1.0608,-1.5963,0.15,0.000006
0.7980,-0.079092,0.132951,-0.347717,0.0625,1.0526,-1.5797,0.15,0.000006
0.7990,-0.079027,0.133996,-0.349280,0.0648,1.0443,-1.5630,0.15,0.000007
0.8000,-0.078960,0.135031,-0.350826,0.0671,1.0357,-1.5460,0.15,0.000007
0.8010,-0.078890,0.136058,-0.352355,0.0693,1.0270,-1.5289,0.16,0.000007
0.8020,-0.078819,0.137077,-0.353867,0.0715,1.0181,-1.5116,0.16,0.000007
0.8030,-0.078745,0.138086,-0.355361,0.0737,1.0091,-1.4941,0.16,0.000007
0.8040,-0.078669,0.139086,-0.356837,0.0757,0.9998,-1.4765,0.16,0.000007
0.8050,-0.078592,0.140076,-0.358296,0.0778,0.9904,-1.4586,0.16,0.000007
0.8060,-0.078512,0.141057,-0.359736,0.0798,0.9808,-1.4406,0.17,0.000007
0.8070,-0.078430,0.142028,-0.361159,0.0817,0.9711,-1.4224,0.17,0.000007
0.8080,-0.078347,0.142989,-0.362563,0.0836,0.9612,-1.4040,0.17,0.000007
0.8090,-0.078261,0.143940,-0.363948,0.0854,0.9511,-1.3855,0.17,0.000007
0.8100,-0.078174,0.144881,-0.365315,0.0872,0.9408,-1.3667,0.17,0.000007
0.8110,-0.078085,0.145811,-0.366663,0.0889,0.9303,-1.3478,0.17,0.000007
0.8120,-0.077995,0.146731,-0.367992,0.0906,0.9197,-1.3288,0.18,0.000007
0.8130,-0.077902,0.147640,-0.369301,0.0922,0.9090,-1.3095,0.18,0.000007
0.8140,-0.077809,0.148538,-0.370591,0.0938,0.8980,-1.2901,0.18,0.000007
0.8150,-0.077713,0.149425,-0.371862,0.0953,0.8869,-1.2705,0.18,0.000007
0.8160,-0.077617,0.150301,-0.373113,0.0968,0.8757,-1.2508,0.18,0.000007
0.8170,-0.077518,0.151165,-0.374343,0.0982,0.8643,-1.2309,0.19,0.000007
0.8180,-0.077419,0.152018,-0.375554,0.0996,0.8527,-1.2109,0.19,0.000007
0.8190,-0.077318,0.152859,-0.376745,0.1009,0.8410,-1.1907,0.19,0.000007
0.8200,-0.077216,0.153688,-0.377915,0.1022,0.8291,-1.1703,0.19,0.000007
0.8210,-0.077112,0.154505,-0.379065,0.1035,0.8171,-1.1498,0.19,0.000007
0.8220,-0.077008,0.155310,-0.380194,0.1047,0.8049,-1.1291,0.19,0.000007
0.8230,-0.076902,0.156102,-0.381302,0.1058,0.7926,-1.1083,0.20,0.000007
0.8240,-0.076795,0.156882,-0.382390,0.1069,0.7802,-1.0873,0.20,0.000007
0.8250,-0.076687,0.157650,-0.383456,0.1080,0.7676,-1.0662,0.20,0.000007
0.8260,-0.076578,0.158405,-0.384501,0.1090,0.7548,-1.0450,0.20,0.000007
0.8270,-0.076468,0.159147,-0.385525,0.1100,0.7420,-1.0236,0.20,0.000007
0.8280,-0.076357,0.159876,-0.386527,0.1110,0.7290,-1.0021,0.20,0.000007
0.8290,-0.076245,0.160592,-0.387507,0.1119,0.7159,-0.9805,0.21,0.000007
0.8300,-0.076132,0.161294,-0.388466,0.1128,0.7027,-0.9588,0.21,0.000007
0.8310,-0.076018,0.161984,-0.389403,0.1136,0.6893,-0.9369,0.21,0.000007
0.8320,-0.075904,0.162660,-0.390318,0.1144,0.6758,-0.9149,0.21,0.000007
0.8330,-0.075789,0.163322,-0.391211,0.1152,0.6623,-0.8928,0.21,0.000007
0.8340,-0.075673,0.163970,-0.392081,0.1159,0.6486,-0.8706,0.21,0.000007
0.8350,-0.075556,0.164605,-0.392930,0.1166,0.6348,-0.8483,0.21,0.000007
0.8360,-0.075439,0.165226,-0.393755,0.1173,0.6209,-0.8258,0.22,0.000007
0.8370,-0.075321,0.165833,-0.394559,0.1179,0.6069,-0.8033,0.22,0.000007
0.8380,-0.075203,0.166426,-0.395339,0.1185,0.5928,-0.7807,0.22,0.000007
0.8390,-0.075084,0.167004,-0.396097,0.1191,0.5787,-0.7580,0.22,0.000007
0.8400,-0.074964,0.167569,-0.396833,0.1196,0.5644,-0.7352,0.22,0.000007
0.8410,-0.074844,0.168119,-0.397545,0.1202,0.5501,-0.7123,0.22,0.000007
0.8420,-0.074723,0.168655,-0.398234,0.1207,0.5357,-0.6894,0.22,0.000007
0.8430,-0.074602,0.169176,-0.398901,0.1211,0.5212,-0.6664,0.22,0.000007
0.8440,-0.074480,0.169682,-0.399544,0.1216,0.5067,-0.6433,0.22,0.000007
0.8450,-0.074358,0.170174,-0.400164,0.1220,0.4921,-0.6201,0.23,0.000007
0.8460,-0.074236,0.170652,-0.400761,0.1224,0.4774,-0.5969,0.23,0.000007
0.8470,-0.074113,0.171114,-0.401335,0.1228,0.4627,-0.5737,0.23,0.000007
0.8480,-0.073990,0.171562,-0.401885,0.1232,0.4479,-0.5504,0.23,0.000007
0.8490,-0.073866,0.171996,-0.402412,0.1236,0.4331,-0.5270,0.23,0.000007
0.8500,-0.073742,0.172414,-0.402916,0.1239,0.4183,-0.5036,0.23,0.000007
0.8510,-0.073618,0.172817,-0.403396,0.1243,0.4035,-0.4802,0.23,0.000007
0.8520,-0.073493,0.173206,-0.403853,0.1246,0.3886,-0.4568,0.23,0.000007
0.8530,-0.073368,0.173580,-0.404286,0.1250,0.3737,-0.4333,0.23,0.000007
0.8540,-0.073243,0.173938,-0.404696,0.1253,0.3588,-0.4098,0.23,0.000007
0.8550,-0.073118,0.174282,-0.405082,0.1256,0.3438,-0.3863,0.23,0.000007
0.8560,-0.072992,0.174611,-0.405445,0.1259,0.3289,-0.3629,0.23,0.000007
0.8570,-0.072866,0.174925,-0.405784,0.1262,0.3140,-0.3394,0.23,0.000007
0.8580,-0.072739,0.175224,-0.406100,0.1265,0.2991,-0.3159,0.24,0.000007
0.8590,-0.072612,0.175508,-0.406393,0.1268,0.2842,-0.2924,0.24,0.000007
0.8600,-0.072485,0.175778,-0.406661,0.1271,0.2693,-0.2689,0.24,0.000007
0.8610,-0.072358,0.176032,-0.406907,0.1275,0.2544,-0.2455,0.24,0.000007
0.8620,-0.072230,0.176272,-0.407129,0.1278,0.2396,-0.2221,0.24,0.000007
0.8630,-0.072102,0.176497,-0.407328,0.1281,0.2248,-0.1987,0.24,0.000007
0.8640,-0.071973,0.176707,-0.407503,0.1285,0.2101,-0.1754,0.24,0.000007
0.8650,-0.071844,0.176902,-0.407655,0.1288,0.1954,-0.1521,0.24,0.000007
0.8660,-0.071715,0.177083,-0.407784,0.1292,0.1807,-0.1289,0.24,0.000007
0.8670,-0.071586,0.177249,-0.407890,0.1296,0.1661,-0.1057,0.24,0.000007
0.8680,-0.071456,0.177401,-0.407972,0.1300,0.1516,-0.0826,0.24,0.000007
0.8690,-0.071325,0.177538,-0.408032,0.1304,0.1372,-0.0595,0.24,0.000007
0.8700,-0.071194,0.177660,-0.408068,0.1308,0.1228,-0.0365,0.24,0.000007
0.8710,-0.071063,0.177769,-0.408082,0.1313,0.1085,-0.0136,0.24,0.000007
0.8720,-0.070931,0.177863,-0.408073,0.1317,0.0943,0.0092,0.24,0.000007
0.8730,-0.070799,0.177943,-0.408041,0.1322,0.0801,0.0319,0.24,0.000007
0.8740,-0.070666,0.178009,-0.407986,0.1328,0.0661,0.0546,0.24,0.000007
0.8750,-0.070533,0.178062,-0.407909,0.1333,0.0522,0.0771,0.24,0.000007
0.8760,-0.070399,0.178100,-0.407810,0.1339,0.0384,0.0996,0.24,0.000007
0.8770,-0.070265,0.178125,-0.407688,0.1345,0.0247,0.1219,0.24,0.000007
0.8780,-0.070130,0.178136,-0.407544,0.1352,0.0111,0.1441,0.24,0.000007
0.8790,-0.069994,0.178133,-0.407377,0.1358,-0.0024,0.1662,0.24,0.000007
0.8800,-0.069857,0.178118,-0.407189,0.1366,-0.0157,0.1882,0.24,0.000007
0.8810,-0.069720,0.178089,-0.406979,0.1373,-0.0289,0.2100,0.24,0.000007
0.8820,-0.069582,0.178047,-0.406748,0.1381,-0.0420,0.2317,0.24,0.000007
0.8830,-0.069443,0.177992,-0.406494,0.1389,-0.0549,0.2533,0.23,0.000007
0.8840,-0.069303,0.177924,-0.406220,0.1398,-0.0677,0.2747,0.23,0.000007
0.8850,-0.069162,0.177844,-0.405924,0.1407,-0.0803,0.2960,0.23,0.000007
0.8860,-0.069021,0.177751,-0.405606,0.1416,-0.0928,0.3172,0.23,0.000007
0.8870,-0.068878,0.177646,-0.405268,0.1426,-0.1051,0.3381,0.23,0.000007
0.8880,-0.068735,0.177529,-0.404909,0.1436,-0.1173,0.3590,0.23,0.000007
0.8890,-0.068590,0.177400,-0.404530,0.1447,-0.1293,0.3796,0.23,0.000007
0.8900,-0.068444,0.177258,-0.404129,0.1458,-0.1411,0.4002,0.23,0.000007
0.8910,-0.068297,0.177106,-0.403709,0.1470,-0.1528,0.4205,0.23,0.000007
0.8920,-0.068149,0.176941,-0.403268,0.1482,-0.1642,0.4407,0.23,0.000007
0.8930,-0.067999,0.176766,-0.402808,0.1495,-0.1755,0.4607,0.23,0.000007
0.8940,-0.067849,0.176579,-0.402327,0.1508,-0.1867,0.4805,0.23,0.000007
0.8950,-0.067696,0.176382,-0.401827,0.1521,-0.1976,0.5001,0.23,0.000007
0.8960,-0.067543,0.176173,-0.401307,0.1535,-0.2084,0.5196,0.23,0.000007
0.8970,-0.067388,0.175954,-0.400769,0.1550,-0.2189,0.5388,0.22,0.000007
0.8980,-0.067231,0.175725,-0.400211,0.1565,-0.2293,0.5579,0.22,0.000007
0.8990,-0.067073,0.175485,-0.399634,0.1581,-0.2395,0.5768,0.22,0.000007
0.9000,-0.066914,0.175236,-0.399038,0.1597,-0.2495,0.5955,0.22,0.000007
0.9010,-0.066752,0.174977,-0.398424,0.1614,-0.2593,0.6141,0.22,0.000007
0.9020,-0.066589,0.174708,-0.397792,0.1631,-0.2689,0.6324,0.22,0.000007
0.9030,-0.066424,0.174429,-0.397141,0.1649,-0.2783,0.6505,0.22,0.000007
0.9040,-0.066258,0.174142,-0.396473,0.1667,-0.2876,0.6685,0.22,0.000007
0.9050,-0.066089,0.173845,-0.395787,0.1686,-0.2966,0.6862,0.22,0.000007
0.9060,-0.065919,0.173540,-0.395083,0.1705,-0.3054,0.7037,0.22,0.000007
0.9070,-0.065746,0.173226,-0.394362,0.1725,-0.3140,0.7211,0.21,0.000007
0.9080,-0.065572,0.172903,-0.393624,0.1745,-0.3224,0.7382,0.21,0.000007
0.9090,-0.065395,0.172573,-0.392868,0.1766,-0.3306,0.7552,0.21,0.000007
0.9100,-0.065216,0.172234,-0.392097,0.1787,-0.3387,0.7719,0.21,0.000007
0.9110,-0.065035,0.171888,-0.391308,0.1809,-0.3465,0.7884,0.21,0.000007
0.9120,-0.064852,0.171533,-0.390503,0.1831,-0.3541,0.8048,0.21,0.000007
0.9130,-0.064667,0.171172,-0.389682,0.1854,-0.3615,0.8209,0.21,0.000007
0.9140,-0.064479,0.170803,-0.388846,0.1878,-0.3688,0.8369,0.21,0.000007
0.9150,-0.064289,0.170427,-0.387993,0.1902,-0.3758,0.8526,0.21,0.000007
0.9160,-0.064096,0.170045,-0.387125,0.1926,-0.3827,0.8682,0.20,0.000007
0.9170,-0.063901,0.169655,-0.386241,0.1951,-0.3893,0.8835,0.20,0.000007
0.9180,-0.063704,0.169260,-0.385342,0.1976,-0.3958,0.8987,0.20,0.000007
0.9190,-0.063503,0.168858,-0.384429,0.2002,-0.4020,0.9137,0.20,0.000007
0.9200,-0.063300,0.168449,-0.383500,0.2029,-0.4081,0.9284,0.20,0.000007
0.9210,-0.063095,0.168035,-0.382557,0.2055,-0.4140,0.9430,0.20,0.000007
0.9220,-0.062887,0.167616,-0.381600,0.2082,-0.4197,0.9574,0.20,0.000007
0.9230,-0.062676,0.167190,-0.380628,0.2110,-0.4252,0.9716,0.20,0.000007
0.9240,-0.062462,0.166760,-0.379643,0.2138,-0.4306,0.9856,0.20,0.000007
0.9250,-0.062245,0.166324,-0.378643,0.2167,-0.4358,0.9994,0.19,0.000007
0.9260,-0.062026,0.165883,-0.377630,0.2196,-0.4408,1.0130,0.19,0.000007
0.9270,-0.061803,0.165438,-0.376604,0.2225,-0.4456,1.0265,0.19,0.000007
0.9280,-0.061578,0.164987,-0.375564,0.2254,-0.4503,1.0398,0.19,0.000007
0.9290,-0.061349,0.164533,-0.374511,0.2284,-0.4547,1.0529,0.19,0.000007
0.9300,-0.061118,0.164074,-0.373446,0.2315,-0.4591,1.0658,0.19,0.000007
0.9310,-0.060883,0.163610,-0.372367,0.2346,-0.4632,1.0785,0.19,0.000007
0.9320,-0.060646,0.163143,-0.371276,0.2377,-0.4673,1.0911,0.19,0.000007
0.9330,-0.060405,0.162672,-0.370172,0.2408,-0.4711,1.1035,0.19,0.000007
0.9340,-0.060161,0.162197,-0.369057,0.2440,-0.4748,1.1157,0.18,0.000007
0.9350,-0.059914,0.161719,-0.367929,0.2472,-0.4784,1.1278,0.18,0.000007
0.9360,-0.059663,0.161237,-0.366789,0.2504,-0.4818,1.1397,0.18,0.000007
0.9370,-0.059409,0.160752,-0.365638,0.2537,-0.4851,1.1514,0.18,0.000007
0.9380,-0.059152,0.160264,-0.364475,0.2570,-0.4882,1.1630,0.18,0.000007
0.9390,-0.058892,0.159772,-0.363300,0.2603,-0.4912,1.1745,0.18,0.000007
0.9400,-0.058629,0.159278,-0.362115,0.2636,-0.4941,1.1857,0.18,0.000007
0.9410,-0.058362,0.158781,-0.360918,0.2670,-0.4969,1.1969,0.18,0.000007
0.9420,-0.058091,0.158282,-0.359710,0.2704,-0.4995,1.2078,0.18,0.000007
0.9430,-0.057817,0.157780,-0.358491,0.2738,-0.5020,1.2187,0.18,0.000007
0.9440,-0.057540,0.157276,-0.357262,0.2772,-0.5044,1.2294,0.17,0.000007
0.9450,-0.057260,0.156769,-0.356022,0.2806,-0.5066,1.2399,0.17,0.000007
0.9460,-0.056976,0.156260,-0.354772,0.2841,-0.5088,1.2503,0.17,0.000007
0.9470,-0.056688,0.155749,-0.353511,0.2875,-0.5109,1.2606,0.17,0.000007
0.9480,-0.056397,0.155236,-0.352240,0.2910,-0.5128,1.2708,0.17,0.000007
0.9490,-0.056103,0.154722,-0.350959,0.2945,-0.5147,1.2808,0.17,0.000007
0.9500,-0.055805,0.154205,-0.349669,0.2980,-0.5164,1.2907,0.17,0.000007
0.9510,-0.055503,0.153687,-0.348368,0.3015,-0.5181,1.3004,0.17,0.000007
0.9520,-0.055198,0.153168,-0.347058,0.3050,-0.5197,1.3101,0.17,0.000007
0.9530,-0.054889,0.152646,-0.345739,0.3086,-0.5212,1.3196,0.17,0.000007
0.9540,-0.054577,0.152124,-0.344410,0.3121,-0.5226,1.3290,0.17,0.000007
0.9550,-0.054262,0.151600,-0.343071,0.3156,-0.5239,1.3383,0.17,0.000006
0.9560,-0.053943,0.151075,-0.341724,0.3192,-0.5251,1.3475,0.16,0.000006
0.9570,-0.053620,0.150548,-0.340367,0.3227,-0.5263,1.3566,0.16,0.000006
0.9580,-0.053294,0.150021,-0.339002,0.3263,-0.5274,1.3655,0.16,0.000006
0.9590,-0.052964,0.149493,-0.337627,0.3298,-0.5285,1.3744,0.16,0.000006
0.9600,-0.052630,0.148963,-0.336244,0.3333,-0.5294,1.3831,0.16,0.000006
0.9610,-0.052294,0.148433,-0.334852,0.3369,-0.5304,1.3918,0.16,0.000006
0.9620,-0.051953,0.147902,-0.333452,0.3404,-0.5312,1.4003,0.16,0.000006
0.9630,-0.051609,0.147370,-0.332043,0.3439,-0.5320,1.4088,0.16,0.000006
0.9640,-0.051262,0.146837,-0.330626,0.3475,-0.5328,1.4171,0.16,0.000006
0.9650,-0.050911,0.146303,-0.329201,0.3510,-0.5335,1.4254,0.16,0.000006
0.9660,-0.050556,0.145769,-0.327767,0.3545,-0.5341,1.4336,0.16,0.000006
0.9670,-0.050198,0.145235,-0.326326,0.3580,-0.5347,1.4416,0.16,0.000006
0.9680,-0.049837,0.144699,-0.324876,0.3615,-0.5353,1.4496,0.16,0.000006
0.9690,-0.049472,0.144164,-0.323418,0.3650,-0.5358,1.4576,0.15,0.000006
0.9700,-0.049103,0.143627,-0.321953,0.3684,-0.5363,1.4654,0.15,0.000006
0.9710,-0.048731,0.143091,-0.320480,0.3719,-0.5367,1.4731,0.15,0.000006
0.9720,-0.048356,0.142553,-0.318999,0.3753,-0.5371,1.4808,0.15,0.000006
0.9730,-0.047977,0.142016,-0.317511,0.3787,-0.5375,1.4884,0.15,0.000006
0.9740,-0.047595,0.141478,-0.316015,0.3821,-0.5379,1.4959,0.15,0.000006
0.9750,-0.047210,0.140940,-0.314512,0.3855,-0.5382,1.5033,0.15,0.000006
0.9760,-0.046821,0.140401,-0.313001,0.3889,-0.5385,1.5107,0.15,0.000006
0.9770,-0.046429,0.139862,-0.311483,0.3923,-0.5388,1.5180,0.15,0.000006
0.9780,-0.046033,0.139323,-0.309958,0.3956,-0.5391,1.5252,0.15,0.000006
0.9790,-0.045634,0.138784,-0.308425,0.3989,-0.5393,1.5323,0.15,0.000006
0.9800,-0.045232,0.138244,-0.306886,0.4022,-0.5396,1.5394,0.15,0.000006
0.9810,-0.044826,0.137705,-0.305340,0.4055,-0.5398,1.5464,0.15,0.000006
0.9820,-0.044418,0.137165,-0.303786,0.4087,-0.5400,1.5534,0.15,0.000006
0.9830,-0.044006,0.136624,-0.302226,0.4120,-0.5402,1.5602,0.14,0.000006
0.9840,-0.043590,0.136084,-0.300659,0.4152,-0.5404,1.5671,0.14,0.000006
0.9850,-0.043172,0.135544,-0.299085,0.4183,-0.5406,1.5738,0.14,0.000006
0.9860,-0.042751,0.135003,-0.297505,0.4215,-0.5408,1.5805,0.14,0.000006
0.9870,-0.042326,0.134462,-0.295918,0.4246,-0.5409,1.5871,0.14,0.000006
0.9880,-0.041898,0.133921,-0.294324,0.4277,-0.5411,1.5937,0.14,0.000006
0.9890,-0.041468,0.133379,-0.292724,0.4308,-0.5413,1.6002,0.14,0.000006
0.9900,-0.041034,0.132838,-0.291117,0.4338,-0.5415,1.6067,0.14,0.000006
0.9910,-0.040597,0.132296,-0.289504,0.4368,-0.5416,1.6131,0.14,0.000006
0.9920,-0.040157,0.131755,-0.287884,0.4398,-0.5418,1.6195,0.14,0.000006
0.9930,-0.039714,0.131213,-0.286259,0.4428,-0.5420,1.6258,0.14,0.000006
0.9940,-0.039269,0.130670,-0.284627,0.4457,-0.5422,1.6320,0.14,0.000006
0.9950,-0.038820,0.130128,-0.282988,0.4486,-0.5424,1.6382,0.14,0.000006
0.9960,-0.038369,0.129585,-0.281344,0.4514,-0.5426,1.6443,0.14,0.000006
0.9970,-0.037914,0.129043,-0.279694,0.4543,-0.5428,1.6504,0.14,0.000006
0.9980,-0.037457,0.128499,-0.278037,0.4571,-0.5431,1.6565,0.14,0.000006
0.9990,-0.036997,0.127956,-0.276375,0.4598,-0.5433,1.6625,0.13,0.000006
1.0000,-0.036535,0.127413,-0.274706,0.4626,-0.5435,1.6684,0.13,0.000006
1.0100,-0.031767,0.121960,-0.257706,0.4879,-0.5470,1.7253,0.13,0.000006
1.0200,-0.026766,0.116460,-0.240159,0.5094,-0.5527,1.7780,0.12,0.000006
1.0300,-0.021573,0.110889,-0.222108,0.5268,-0.5612,1.8267,0.12,0.000006
1.0400,-0.016230,0.105217,-0.203590,0.5399,-0.5727,1.8718,0.11,0.000006
1.0500,-0.010780,0.099411,-0.184641,0.5485,-0.5875,1.9132,0.10,0.000006
1.0600,-0.005269,0.093439,-0.165298,0.5526,-0.6056,1.9511,0.10,0.000006
1.0700,0.000258,0.087268,-0.145595,0.5521,-0.6270,1.9854,0.09,0.000006
1.0800,0.005756,0.080867,-0.125570,0.5472,-0.6513,2.0159,0.08,0.000006
1.0900,0.011181,0.074206,-0.105261,0.5380,-0.6785,2.0426,0.08,0.000006
1.1000,0.016490,0.067261,-0.084707,0.5245,-0.7080,2.0653,0.07,0.000006
1.1100,0.021642,0.060008,-0.063949,0.5070,-0.7396,2.0838,0.06,0.000006
1.1200,0.026599,0.052431,-0.043031,0.4858,-0.7726,2.0978,0.06,0.000006
1.1300,0.031325,0.044518,-0.021997,0.4612,-0.8066,2.1072,0.05,0.000006
1.1400,0.035787,0.036264,-0.000898,0.4335,-0.8409,2.1115,0.04,0.000006
1.1500,0.039956,0.027668,0.020216,0.4030,-0.8747,2.1104,0.03,0.000006
1.1600,0.043808,0.018740,0.041287,0.3703,-0.9074,2.1035,0.02,0.000006
1.1700,0.047323,0.009496,0.062255,0.3358,-0.9379,2.0904,0.01,0.000006
1.1800,0.050484,-0.000038,0.083056,0.2999,-0.9656,2.0705,0.01,0.000006
1.1900,0.053282,-0.009828,0.103618,0.2632,-0.9894,2.0434,-0.00,0.000006
1.2000,0.055710,-0.019831,0.123866,0.2261,-1.0083,2.0084,-0.01,0.000006
1.2100,0.057767,-0.029992,0.143718,0.1891,-1.0215,1.9649,-0.02,0.000006
1.2200,0.059457,-0.040248,0.163086,0.1528,-1.0280,1.9124,-0.03,0.000006
1.2300,0.060791,-0.050528,0.181877,0.1177,-1.0268,1.8503,-0.05,0.000006
1.2400,0.061782,-0.060751,0.199992,0.0841,-1.0172,1.7781,-0.06,0.000006
1.2500,0.062447,-0.070827,0.217326,0.0525,-0.9984,1.6953,-0.07,0.000006
1.2600,0.062809,-0.080663,0.233773,0.0232,-0.9699,1.6016,-0.08,0.000006
1.2700,0.062892,-0.090159,0.249223,-0.0035,-0.9314,1.4969,-0.09,0.000006
1.2800,0.062723,-0.099213,0.263565,-0.0275,-0.8827,1.3813,-0.11,0.000006
1.2900,0.062329,-0.107725,0.276692,-0.0486,-0.8239,1.2551,-0.12,0.000006
1.3000,0.061741,-0.115596,0.288502,-0.0669,-0.7557,1.1190,-0.13,0.000007
1.3100,0.060983,-0.122736,0.298901,-0.0826,-0.6787,0.9739,-0.14,0.000007
1.3200,0.060082,-0.129065,0.307806,-0.0959,-0.5944,0.8212,-0.15,0.000007
1.3300,0.059060,-0.134518,0.315150,-0.1072,-0.5043,0.6627,-0.16,0.000007
1.3400,0.057932,-0.139045,0.320885,-0.1171,-0.4101,0.5001,-0.17,0.000007
1.3500,0.056711,-0.142619,0.324983,-0.1261,-0.3142,0.3358,-0.17,0.000007
1.3600,0.055403,-0.145234,0.327439,-0.1347,-0.2185,0.1720,-0.17,0.000007
1.3700,0.054007,-0.146904,0.328271,-0.1436,-0.1255,0.0110,-0.18,0.000007
1.3800,0.052518,-0.147668,0.327517,-0.1533,-0.0370,-0.1451,-0.18,0.000007
1.3900,0.050926,-0.147579,0.325238,-0.1643,0.0453,-0.2945,-0.17,0.000007
1.4000,0.049216,-0.146708,0.321509,-0.1767,0.1201,-0.4358,-0.17,0.000007
1.4100,0.047373,-0.145133,0.316416,-0.1907,0.1867,-0.5679,-0.17,0.000007
1.4200,0.045381,-0.142940,0.310055,-0.2063,0.2448,-0.6905,-0.16,0.000007
1.4300,0.043226,-0.140210,0.302522,-0.2233,0.2947,-0.8032,-0.16,0.000007
1.4400,0.040895,-0.137025,0.293915,-0.2412,0.3369,-0.9064,-0.15,0.000007
1.4500,0.038381,-0.133455,0.284327,-0.2598,0.3724,-1.0005,-0.14,0.000007
1.4600,0.035680,-0.129564,0.273845,-0.2785,0.4021,-1.0861,-0.14,0.000007
1.4700,0.032793,-0.125402,0.262550,-0.2970,0.4271,-1.1639,-0.13,0.000006
1.4800,0.029725,-0.121010,0.250516,-0.3146,0.4485,-1.2346,-0.13,0.000006
1.4900,0.026487,-0.116420,0.237812,-0.3311,0.4673,-1.2988,-0.12,0.000006
1.5000,0.023093,-0.111653,0.224498,-0.3459,0.4842,-1.3571,-0.12,0.000006
1.5100,0.019561,-0.106723,0.210632,-0.3589,0.5001,-1.4100,-0.11,0.000006
1.5200,0.015910,-0.101637,0.196265,-0.3697,0.5155,-1.4579,-0.10,0.000006
1.5300,0.012166,-0.096397,0.181445,-0.3780,0.5309,-1.5010,-0.10,0.000006
1.5400,0.008351,-0.091002,0.166218,-0.3838,0.5466,-1.5397,-0.09,0.000006
1.5500,0.004494,-0.085447,0.150628,-0.3869,0.5629,-1.5741,-0.09,0.000006
1.5600,0.000620,-0.079725,0.134717,-0.3873,0.5799,-1.6043,-0.08,0.000006
1.5700,-0.003242,-0.073829,0.118528,-0.3849,0.5977,-1.6304,-0.08,0.000006
1.5800,-0.007066,-0.067751,0.102099,-0.3798,0.6161,-1.6523,-0.07,0.000006
1.5900,-0.010823,-0.061486,0.085475,-0.3720,0.6351,-1.6701,-0.06,0.000006
1.6000,-0.014487,-0.055030,0.068695,-0.3616,0.6544,-1.6837,-0.06,0.000006
1.6100,-0.018035,-0.048378,0.051804,-0.3488,0.6739,-1.6930,-0.05,0.000006
1.6200,-0.021441,-0.041533,0.034844,-0.3337,0.6932,-1.6978,-0.04,0.000006
1.6300,-0.024686,-0.034498,0.017861,-0.3166,0.7119,-1.6980,-0.04,0.000006
1.6400,-0.027749,-0.027280,0.000903,-0.2976,0.7297,-1.6934,-0.03,0.000006
1.6500,-0.030613,-0.019891,-0.015983,-0.2770,0.7462,-1.6838,-0.02,0.000006
1.6600,-0.033263,-0.012347,-0.032743,-0.2551,0.7608,-1.6690,-0.01,0.000006
1.6700,-0.035689,-0.004670,-0.049327,-0.2322,0.7731,-1.6488,-0.01,0.000006
1.6800,-0.037880,0.003116,-0.065677,-0.2084,0.7826,-1.6229,0.00,0.000006
1.6900,-0.039832,0.010979,-0.081736,-0.1842,0.7888,-1.5911,0.01,0.000006
1.7000,-0.041540,0.018885,-0.097443,-0.1598,0.7913,-1.5532,0.02,0.000006
1.7100,-0.043004,0.026792,-0.112737,-0.1355,0.7896,-1.5090,0.02,0.000006
1.7200,-0.044227,0.034657,-0.127553,-0.1116,0.7833,-1.4582,0.03,0.000006
1.7300,-0.045214,0.042433,-0.141826,-0.0882,0.7720,-1.4009,0.04,0.000006
1.7400,-0.045971,0.050066,-0.155489,-0.0657,0.7555,-1.3370,0.05,0.000006
1.7500,-0.046509,0.057506,-0.168476,-0.0441,0.7336,-1.2664,0.06,0.000006
1.7600,-0.046837,0.064695,-0.180721,-0.0238,0.7061,-1.1892,0.07,0.000006
1.7700,-0.046968,0.071580,-0.192159,-0.0047,0.6732,-1.1058,0.08,0.000006
1.7800,-0.046916,0.078106,-0.202729,0.0131,0.6350,-1.0163,0.08,0.000006
1.7900,-0.046694,0.084222,-0.212374,0.0295,0.5917,-0.9212,0.09,0.000006
1.8000,-0.046315,0.089878,-0.221040,0.0446,0.5438,-0.8212,0.10,0.000006
1.8100,-0.045792,0.095033,-0.228681,0.0584,0.4918,-0.7168,0.10,0.000006
1.8200,-0.045136,0.099649,-0.235258,0.0711,0.4364,-0.6090,0.11,0.000007
1.8300,-0.044360,0.103695,-0.240742,0.0829,0.3784,-0.4985,0.12,0.000007
1.8400,-0.043471,0.107151,-0.245111,0.0938,0.3186,-0.3863,0.12,0.000007
1.8500,-0.042476,0.110004,-0.248353,0.1041,0.2579,-0.2735,0.12,0.000007
1.8600,-0.041381,0.112248,-0.250468,0.1140,0.1972,-0.1610,0.13,0.000007
1.8700,-0.040188,0.113890,-0.251465,0.1236,0.1373,-0.0498,0.13,0.000007
1.8800,-0.038899,0.114941,-0.251362,0.1332,0.0791,0.0591,0.13,0.000007
1.8900,-0.037515,0.115423,-0.250186,0.1428,0.0232,0.1650,0.13,0.000007
1.9000,-0.036033,0.115361,-0.247972,0.1526,-0.0298,0.2671,0.13,0.000007
1.9100,-0.034452,0.114786,-0.244760,0.1626,-0.0796,0.3648,0.13,0.000007
1.9200,-0.032771,0.113732,-0.240596,0.1727,-0.1259,0.4577,0.12,0.000007
1.9300,-0.030988,0.112236,-0.235532,0.1830,-0.1685,0.5456,0.12,0.000007
1.9400,-0.029101,0.110333,-0.229617,0.1933,-0.2076,0.6282,0.12,0.000007
1.9500,-0.027111,0.108059,-0.222906,0.2035,-0.2431,0.7054,0.11,0.000007
1.9600,-0.025021,0.105448,-0.215451,0.2135,-0.2754,0.7773,0.11,0.000006
1.9700,-0.022832,0.102530,-0.207307,0.2231,-0.3048,0.8440,0.11,0.000006
1.9800,-0.020551,0.099334,-0.198525,0.2321,-0.3314,0.9055,0.10,0.000006
1.9900,-0.018184,0.095883,-0.189155,0.2404,-0.3558,0.9620,0.10,0.000006
2.0000,-0.015740,0.092201,-0.179247,0.2477,-0.3782,1.0137,0.10,0.000006
2.0100,-0.013228,0.088304,-0.168847,0.2539,-0.3988,1.0608,0.09,0.000006
2.0200,-0.010660,0.084209,-0.158001,0.2590,-0.4181,1.1034,0.09,0.000006
2.0300,-0.008049,0.079928,-0.146753,0.2627,-0.4362,1.1416,0.08,0.000006
2.0400,-0.005408,0.075471,-0.135147,0.2649,-0.4533,1.1756,0.08,0.000006
2.0500,-0.002753,0.070848,-0.123223,0.2657,-0.4696,1.2055,0.07,0.000006
2.0600,-0.000099,0.066066,-0.111022,0.2650,-0.4852,1.2314,0.07,0.000006
2.0700,0.002540,0.061132,-0.098585,0.2627,-0.5001,1.2532,0.06,0.000006
2.0800,0.005147,0.056052,-0.085951,0.2588,-0.5143,1.2712,0.06,0.000006
2.0900,0.007707,0.050834,-0.073159,0.2535,-0.5279,1.2852,0.05,0.000006
2.1000,0.010205,0.045483,-0.060248,0.2466,-0.5408,1.2953,0.05,0.000006
2.1100,0.012627,0.040008,-0.047258,0.2384,-0.5528,1.3014,0.04,0.000006
2.1200,0.014959,0.034419,-0.034229,0.2288,-0.5638,1.3035,0.04,0.000006
2.1300,0.017188,0.028725,-0.021201,0.2180,-0.5737,1.3017,0.03,0.000006
2.1400,0.019303,0.022939,-0.008214,0.2061,-0.5824,1.2957,0.02,0.000006
2.1500,0.021294,0.017075,0.004691,0.1932,-0.5895,1.2856,0.02,0.000006
2.1600,0.023152,0.011149,0.017473,0.1795,-0.5949,1.2713,0.01,0.000006
2.1700,0.024869,0.005180,0.030087,0.1652,-0.5983,1.2528,0.01,0.000006
2.1800,0.026439,-0.000813,0.042493,0.1503,-0.5997,1.2299,-0.00,0.000006
2.1900,0.027858,-0.006806,0.054647,0.1350,-0.5987,1.2028,-0.01,0.000006
2.2000,0.029122,-0.012776,0.066504,0.1194,-0.5952,1.1712,-0.01,0.000006
2.2100,0.030231,-0.018697,0.078022,0.1038,-0.5890,1.1352,-0.02,0.000006
2.2200,0.031184,-0.024540,0.089156,0.0883,-0.5800,1.0949,-0.02,0.000006
2.2300,0.031981,-0.030277,0.099863,0.0729,-0.5681,1.0503,-0.03,0.000006
2.2400,0.032627,-0.035878,0.110101,0.0578,-0.5531,1.0014,-0.04,0.000006
2.2500,0.033123,-0.041313,0.119827,0.0431,-0.5351,0.9484,-0.04,0.000006
2.2600,0.033475,-0.046551,0.129001,0.0288,-0.5141,0.8915,-0.05,0.000006
2.2700,0.033687,-0.051563,0.137586,0.0151,-0.4901,0.8309,-0.05,0.000006
2.2800,0.033766,-0.056319,0.145545,0.0020,-0.4633,0.7668,-0.06,0.000006
2.2900,0.033716,-0.060793,0.152846,-0.0105,-0.4339,0.6995,-0.06,0.000006
2.3000,0.033545,-0.064959,0.159458,-0.0224,-0.4021,0.6295,-0.07,0.000006
2.3100,0.033258,-0.068794,0.165356,-0.0337,-0.3681,0.5570,-0.07,0.000006
2.3200,0.032861,-0.072279,0.170517,-0.0444,-0.3322,0.4825,-0.08,0.000006
2.3300,0.032361,-0.075397,0.174925,-0.0545,-0.2949,0.4065,-0.08,0.000006
2.3400,0.031763,-0.078135,0.178568,-0.0641,-0.2565,0.3295,-0.08,0.000006
2.3500,0.031071,-0.080485,0.181436,-0.0733,-0.2173,0.2519,-0.09,0.000006
2.3600,0.030289,-0.082440,0.183528,-0.0820,-0.1778,0.1743,-0.09,0.000006
2.3700,0.029422,-0.084000,0.184846,-0.0904,-0.1383,0.0971,-0.09,0.000006
2.3800,0.028473,-0.085167,0.185397,-0.0985,-0.0991,0.0209,-0.09,0.000006
2.3900,0.027445,-0.085946,0.185193,-0.1063,-0.0607,-0.0541,-0.09,0.000006
2.4000,0.026341,-0.086347,0.184248,-0.1138,-0.0233,-0.1272,-0.09,0.000006
2.4100,0.025162,-0.086379,0.182583,-0.1212,0.0129,-0.1983,-0.09,0.000006
2.4200,0.023911,-0.086057,0.180221,-0.1282,0.0477,-0.2669,-0.09,0.000006
2.4300,0.022591,-0.085396,0.177187,-0.1351,0.0809,-0.3328,-0.09,0.000006
2.4400,0.021204,-0.084412,0.173509,-0.1416,0.1125,-0.3958,-0.09,0.000006
2.4500,0.019753,-0.083121,0.169219,-0.1479,0.1423,-0.4558,-0.09,0.000006
2.4600,0.018241,-0.081543,0.164347,-0.1538,0.1704,-0.5125,-0.08,0.000006
2.4700,0.016673,-0.079693,0.158926,-0.1593,0.1967,-0.5658,-0.08,0.000006
2.4800,0.015052,-0.077589,0.152990,-0.1643,0.2214,-0.6158,-0.08,0.000006
2.4900,0.013384,-0.075247,0.146573,-0.1688,0.2444,-0.6623,-0.08,0.000006
2.5000,0.011674,-0.072684,0.139710,-0.1727,0.2659,-0.7054,-0.07,0.000006
2.5100,0.009929,-0.069913,0.132434,-0.1759,0.2860,-0.7451,-0.07,0.000006
2.5200,0.008155,-0.066950,0.124781,-0.1784,0.3046,-0.7813,-0.07,0.000006
2.5300,0.006360,-0.063807,0.116785,-0.1802,0.3220,-0.8141,-0.07,0.000006
2.5400,0.004552,-0.060498,0.108479,-0.1812,0.3381,-0.8436,-0.06,0.000006
2.5500,0.002739,-0.057033,0.099897,-0.1813,0.3531,-0.8696,-0.06,0.000006
2.5600,0.000929,-0.053424,0.091073,-0.1806,0.3670,-0.8923,-0.05,0.000006
2.5700,-0.000869,-0.049683,0.082040,-0.1790,0.3798,-0.9117,-0.05,0.000006
2.5800,-0.002645,-0.045820,0.072831,-0.1765,0.3915,-0.9279,-0.05,0.000006
2.5900,-0.004393,-0.041845,0.063480,-0.1732,0.4022,-0.9407,-0.04,0.000006
2.6000,-0.006102,-0.037769,0.054018,-0.1690,0.4118,-0.9502,-0.04,0.000006
2.6100,-0.007766,-0.033604,0.044478,-0.1640,0.4203,-0.9565,-0.03,0.000006
2.6200,-0.009375,-0.029360,0.034893,-0.1583,0.4276,-0.9596,-0.03,0.000006
2.6300,-0.010922,-0.025050,0.025295,-0.1518,0.4337,-0.9594,-0.03,0.000006
2.6400,-0.012401,-0.020684,0.015717,-0.1446,0.4386,-0.9560,-0.02,0.000006
2.6500,-0.013805,-0.016277,0.006191,-0.1368,0.4422,-0.9493,-0.02,0.000006
2.6600,-0.015128,-0.011843,-0.003251,-0.1285,0.4443,-0.9395,-0.01,0.000006
2.6700,-0.016365,-0.007394,-0.012576,-0.1198,0.4450,-0.9264,-0.01,0.000006
2.6800,-0.017513,-0.002948,-0.021754,-0.1106,0.4442,-0.9102,-0.00,0.000006
2.6900,-0.018567,0.001482,-0.030752,-0.1011,0.4417,-0.8908,0.00,0.000006
2.7000,-0.019524,0.005878,-0.039539,-0.0913,0.4376,-0.8683,0.01,0.000006
2.7100,-0.020383,0.010223,-0.048085,-0.0814,0.4317,-0.8428,0.01,0.000006
2.7200,-0.021142,0.014500,-0.056359,-0.0714,0.4241,-0.8143,0.01,0.000006
2.7300,-0.021801,0.018691,-0.064331,-0.0614,0.4148,-0.7829,0.02,0.000006
2.7400,-0.022359,0.022779,-0.071974,-0.0513,0.4036,-0.7487,0.02,0.000006
2.7500,-0.022818,0.026745,-0.079260,-0.0414,0.3907,-0.7118,0.03,0.000006
2.7600,-0.023178,0.030572,-0.086163,-0.0316,0.3760,-0.6723,0.03,0.000006
2.7700,-0.023441,0.034244,-0.092658,-0.0220,0.3596,-0.6305,0.04,0.000006
2.7800,-0.023609,0.037743,-0.098722,-0.0126,0.3417,-0.5865,0.04,0.000006
2.7900,-0.023685,0.041054,-0.104335,-0.0035,0.3222,-0.5404,0.04,0.000006
2.8000,-0.023672,0.044162,-0.109477,0.0053,0.3013,-0.4926,0.05,0.000006
2.8100,-0.023571,0.047054,-0.114132,0.0139,0.2792,-0.4431,0.05,0.000006
2.8200,-0.023387,0.049719,-0.118286,0.0221,0.2559,-0.3924,0.05,0.000006
2.8300,-0.023121,0.052146,-0.121925,0.0301,0.2317,-0.3406,0.05,0.000006
2.8400,-0.022778,0.054327,-0.125043,0.0377,0.2067,-0.2880,0.06,0.000006
2.8500,-0.022361,0.056253,-0.127631,0.0450,0.1811,-0.2349,0.06,0.000006
2.8600,-0.021872,0.057922,-0.129686,0.0520,0.1551,-0.1815,0.06,0.000006
2.8700,-0.021314,0.059329,-0.131206,0.0588,0.1289,-0.1281,0.06,0.000006
2.8800,-0.020691,0.060473,-0.132195,0.0652,0.1025,-0.0750,0.06,0.000006
2.8900,-0.020005,0.061353,-0.132655,0.0713,0.0763,-0.0224,0.06,0.000006
2.9000,-0.019259,0.061973,-0.132593,0.0772,0.0503,0.0294,0.06,0.000006
2.9100,-0.018457,0.062336,-0.132019,0.0827,0.0248,0.0802,0.06,0.000006
2.9200,-0.017600,0.062446,-0.130944,0.0880,-0.0002,0.1297,0.06,0.000006
2.9300,-0.016692,0.062309,-0.129380,0.0930,-0.0246,0.1779,0.06,0.000006
2.9400,-0.015736,0.061933,-0.127344,0.0977,-0.0482,0.2244,0.06,0.000006
2.9500,-0.014735,0.061325,-0.124852,0.1020,-0.0710,0.2692,0.06,0.000006
2.9600,-0.013692,0.060494,-0.121923,0.1061,-0.0929,0.3121,0.06,0.000006
2.9700,-0.012611,0.059449,-0.118575,0.1098,-0.1138,0.3529,0.06,0.000006
2.9800,-0.011495,0.058200,-0.114831,0.1131,-0.1338,0.3917,0.06,0.000006
2.9900,-0.010348,0.056756,-0.110711,0.1160,-0.1528,0.4282,0.06,0.000006
3.0000,-0.009174,0.055129,-0.106239,0.1185,-0.1707,0.4625,0.06,0.000006
3.0100,-0.007977,0.053327,-0.101437,0.1206,-0.1877,0.4944,0.05,0.000006
3.0200,-0.006762,0.051362,-0.096328,0.1222,-0.2036,0.5239,0.05,0.000006
3.0300,-0.005534,0.049243,-0.090938,0.1233,-0.2185,0.5510,0.05,0.000006
3.0400,-0.004297,0.046981,-0.085291,0.1239,-0.2324,0.5756,0.05,0.000006
3.0500,-0.003057,0.044585,-0.079410,0.1241,-0.2453,0.5978,0.05,0.000006
3.0600,-0.001817,0.042066,-0.073322,0.1237,-0.2572,0.6175,0.04,0.000006
3.0700,-0.000585,0.039434,-0.067051,0.1228,-0.2681,0.6347,0.04,0.000006
3.0800,0.000636,0.036698,-0.060621,0.1214,-0.2780,0.6493,0.04,0.000006
3.0900,0.001841,0.033868,-0.054059,0.1195,-0.2869,0.6615,0.03,0.000006
3.1000,0.003023,0.030954,-0.047388,0.1171,-0.2948,0.6712,0.03,0.000006
3.1100,0.004178,0.027967,-0.040634,0.1142,-0.3017,0.6784,0.03,0.000006
3.1200,0.005302,0.024917,-0.033822,0.1108,-0.3076,0.6831,0.03,0.000006
3.1300,0.006389,0.021813,-0.026976,0.1070,-0.3125,0.6854,0.02,0.000006
3.1400,0.007436,0.018666,-0.020122,0.1027,-0.3163,0.6852,0.02,0.000006
3.1500,0.008438,0.015486,-0.013282,0.0981,-0.3191,0.6826,0.02,0.000006
3.1600,0.009392,0.012286,-0.006482,0.0931,-0.3207,0.6776,0.01,0.000006
3.1700,0.010293,0.009074,0.000255,0.0877,-0.3213,0.6702,0.01,0.000006
3.1800,0.011140,0.005863,0.006906,0.0821,-0.3207,0.6605,0.01,0.000006
3.1900,0.011928,0.002664,0.013446,0.0762,-0.3190,0.6485,0.00,0.000006
3.2000,0.012657,-0.000511,0.019855,0.0701,-0.3162,0.6343,-0.00,0.000006
3.2100,0.013324,-0.003652,0.026109,0.0638,-0.3122,0.6179,-0.00,0.000006
3.2200,0.013927,-0.006747,0.032187,0.0574,-0.3070,0.5993,-0.01,0.000006
3.2300,0.014465,-0.009784,0.038069,0.0509,-0.3007,0.5788,-0.01,0.000006
3.2400,0.014937,-0.012751,0.043735,0.0443,-0.2933,0.5563,-0.01,0.000006
3.2500,0.015344,-0.015638,0.049165,0.0377,-0.2847,0.5319,-0.02,0.000006
3.2600,0.015685,-0.018434,0.054341,0.0311,-0.2751,0.5057,-0.02,0.000006
3.2700,0.015959,-0.021127,0.059247,0.0245,-0.2644,0.4779,-0.02,0.000006
3.2800,0.016168,-0.023707,0.063866,0.0180,-0.2527,0.4486,-0.02,0.000006
3.2900,0.016313,-0.026165,0.068184,0.0115,-0.2401,0.4178,-0.03,0.000006
3.3000,0.016393,-0.028492,0.072187,0.0052,-0.2265,0.3858,-0.03,0.000006
3.3100,0.016411,-0.030679,0.075864,-0.0010,-0.2122,0.3527,-0.03,0.000006
3.3200,0.016368,-0.032718,0.079203,-0.0070,-0.1971,0.3185,-0.03,0.000006
3.3300,0.016265,-0.034603,0.082197,-0.0129,-0.1813,0.2835,-0.04,0.000006
3.3400,0.016105,-0.036326,0.084837,-0.0186,-0.1650,0.2479,-0.04,0.000006
3.3500,0.015888,-0.037884,0.087117,-0.0242,-0.1482,0.2118,-0.04,0.000006
3.3600,0.015617,-0.039272,0.089034,-0.0295,-0.1310,0.1753,-0.04,0.000006
3.3700,0.015294,-0.040486,0.090585,-0.0346,-0.1135,0.1386,-0.04,0.000006
3.3800,0.014920,-0.041524,0.091769,-0.0396,-0.0959,0.1019,-0.04,0.000006
3.3900,0.014498,-0.042386,0.092587,-0.0443,-0.0781,0.0653,-0.04,0.000006
3.4000,0.014030,-0.043069,0.093040,-0.0488,-0.0604,0.0291,-0.04,0.000006
3.4100,0.013519,-0.043575,0.093133,-0.0531,-0.0427,-0.0068,-0.04,0.000006
3.4200,0.012966,-0.043905,0.092871,-0.0571,-0.0252,-0.0420,-0.05,0.000006
3.4300,0.012374,-0.044062,0.092261,-0.0609,-0.0079,-0.0765,-0.05,0.000006
3.4400,0.011745,-0.044047,0.091309,-0.0645,0.0091,-0.1102,-0.05,0.000006
3.4500,0.011082,-0.043865,0.090027,-0.0678,0.0257,-0.1429,-0.04,0.000006
3.4600,0.010388,-0.043519,0.088424,-0.0708,0.0418,-0.1745,-0.04,0.000006
3.4700,0.009664,-0.043014,0.086511,-0.0736,0.0575,-0.2049,-0.04,0.000006
3.4800,0.008915,-0.042356,0.084301,-0.0761,0.0726,-0.2340,-0.04,0.000006
3.4900,0.008142,-0.041549,0.081807,-0.0783,0.0871,-0.2617,-0.04,0.000006
3.5000,0.007349,-0.040601,0.079044,-0.0802,0.1010,-0.2880,-0.04,0.000006
3.5100,0.006538,-0.039517,0.076026,-0.0818,0.1143,-0.3128,-0.04,0.000006
3.5200,0.005713,-0.038304,0.072768,-0.0831,0.1269,-0.3361,-0.04,0.000006
3.5300,0.004876,-0.036968,0.069288,-0.0841,0.1389,-0.3577,-0.04,0.000006
3.5400,0.004032,-0.035517,0.065600,-0.0847,0.1501,-0.3776,-0.04,0.000006
3.5500,0.003183,-0.033958,0.061722,-0.0850,0.1606,-0.3958,-0.03,0.000006
3.5600,0.002332,-0.032298,0.057672,-0.0850,0.1703,-0.4123,-0.03,0.000006
3.5700,0.001483,-0.030545,0.053466,-0.0847,0.1793,-0.4270,-0.03,0.000006
3.5800,0.000640,-0.028705,0.049123,-0.0840,0.1876,-0.4400,-0.03,0.000006
3.5900,-0.000196,-0.026788,0.044661,-0.0831,0.1951,-0.4511,-0.03,0.000006
3.6000,-0.001020,-0.024799,0.040096,-0.0818,0.2018,-0.4605,-0.03,0.000006
3.6100,-0.001828,-0.022748,0.035448,-0.0801,0.2077,-0.4681,-0.02,0.000006
3.6200,-0.002619,-0.020642,0.030734,-0.0782,0.2129,-0.4738,-0.02,0.000006
3.6300,-0.003390,-0.018489,0.025973,-0.0760,0.2172,-0.4778,-0.02,0.000006
3.6400,-0.004136,-0.016297,0.021182,-0.0735,0.2207,-0.4800,-0.02,0.000006
3.6500,-0.004856,-0.014074,0.016378,-0.0707,0.2235,-0.4804,-0.01,0.000006
3.6600,-0.005547,-0.011828,0.011581,-0.0677,0.2254,-0.4790,-0.01,0.000006
3.6700,-0.006206,-0.009567,0.006806,-0.0645,0.2265,-0.4759,-0.01,0.000006
3.6800,-0.006832,-0.007300,0.002071,-0.0610,0.2268,-0.4712,-0.01,0.000006
3.6900,-0.007422,-0.005034,-0.002607,-0.0573,0.2263,-0.4648,-0.01,0.000006
3.7000,-0.007975,-0.002778,-0.007211,-0.0535,0.2249,-0.4567,-0.00,0.000006
3.7100,-0.008488,-0.000540,-0.011727,-0.0495,0.2228,-0.4471,-0.00,0.000006
3.7200,-0.008961,0.001673,-0.016137,-0.0454,0.2198,-0.4359,0.00,0.000006
3.7300,-0.009392,0.003851,-0.020428,-0.0412,0.2161,-0.4233,0.00,0.000006
3.7400,-0.009781,0.005988,-0.024585,-0.0369,0.2116,-0.4092,0.01,0.000006
3.7500,-0.010126,0.008076,-0.028594,-0.0325,0.2063,-0.3938,0.01,0.000006
3.7600,-0.010427,0.010106,-0.032442,-0.0281,0.2003,-0.3772,0.01,0.000006
3.7700,-0.010684,0.012073,-0.036116,-0.0237,0.1936,-0.3593,0.01,0.000006
3.7800,-0.010896,0.013969,-0.039605,-0.0192,0.1862,-0.3403,0.01,0.000006
3.7900,-0.011064,0.015788,-0.042898,-0.0148,0.1782,-0.3202,0.02,0.000006
3.8000,-0.011187,0.017523,-0.045985,-0.0104,0.1696,-0.2992,0.02,0.000006
3.8100,-0.011267,0.019168,-0.048857,-0.0060,0.1603,-0.2773,0.02,0.000006
3.8200,-0.011304,0.020719,-0.051506,-0.0017,0.1506,-0.2546,0.02,0.000006
3.8300,-0.011298,0.022169,-0.053924,0.0025,0.1404,-0.2313,0.02,0.000006
3.8400,-0.011250,0.023515,-0.056106,0.0066,0.1298,-0.2074,0.02,0.000006
3.8500,-0.011161,0.024753,-0.058047,0.0107,0.1188,-0.1830,0.03,0.000006
3.8600,-0.011033,0.025879,-0.059741,0.0146,0.1075,-0.1583,0.03,0.000006
3.8700,-0.010865,0.026890,-0.061187,0.0184,0.0959,-0.1333,0.03,0.000006
3.8800,-0.010661,0.027784,-0.062382,0.0221,0.0841,-0.1082,0.03,0.000006
3.8900,-0.010420,0.028559,-0.063325,0.0257,0.0721,-0.0829,0.03,0.000006
3.9000,-0.010145,0.029214,-0.064016,0.0291,0.0601,-0.0578,0.03,0.000006
3.9100,-0.009836,0.029748,-0.064456,0.0323,0.0480,-0.0328,0.03,0.000006
3.9200,-0.009496,0.030162,-0.064647,0.0354,0.0359,-0.0080,0.03,0.000006
3.9300,-0.009126,0.030455,-0.064593,0.0383,0.0239,0.0164,0.03,0.000006
3.9400,-0.008728,0.030628,-0.064296,0.0410,0.0120,0.0404,0.03,0.000006
3.9500,-0.008304,0.030683,-0.063762,0.0436,0.0002,0.0639,0.03,0.000006
3.9600,-0.007855,0.030621,-0.062997,0.0460,-0.0113,0.0868,0.03,0.000006
3.9700,-0.007383,0.030446,-0.062007,0.0481,-0.0226,0.1089,0.03,0.000006
3.9800,-0.006891,0.030158,-0.060799,0.0501,-0.0337,0.1304,0.03,0.000006
3.9900,-0.006380,0.029762,-0.059381,0.0519,-0.0444,0.1510,0.03,0.000006
4.0000,-0.005852,0.029261,-0.057762,0.0534,-0.0547,0.1707,0.03,0.000006
4.0100,-0.005310,0.028658,-0.055950,0.0548,-0.0647,0.1895,0.03,0.000006
4.0200,-0.004756,0.027958,-0.053957,0.0559,-0.0743,0.2073,0.03,0.000006
4.0300,-0.004191,0.027165,-0.051791,0.0569,-0.0834,0.2240,0.03,0.000006
4.0400,-0.003618,0.026282,-0.049463,0.0576,-0.0921,0.2397,0.03,0.000006
4.0500,-0.003039,0.025316,-0.046986,0.0581,-0.1003,0.2542,0.03,0.000006
4.0600,-0.002457,0.024270,-0.044369,0.0583,-0.1080,0.2676,0.02,0.000006
4.0700,-0.001874,0.023150,-0.041626,0.0584,-0.1152,0.2797,0.02,0.000006
4.0800,-0.001291,0.021961,-0.038768,0.0582,-0.1219,0.2907,0.02,0.000006
4.0900,-0.000711,0.020708,-0.035807,0.0578,-0.1280,0.3004,0.02,0.000006
4.1000,-0.000137,0.019397,-0.032755,0.0571,-0.1336,0.3088,0.02,0.000006
4.1100,0.000430,0.018033,-0.029626,0.0563,-0.1386,0.3160,0.02,0.000006
4.1200,0.000988,0.016622,-0.026432,0.0553,-0.1430,0.3220,0.02,0.000006
4.1300,0.001534,0.015170,-0.023185,0.0540,-0.1469,0.3267,0.02,0.000006
4.1400,0.002066,0.013683,-0.019899,0.0526,-0.1502,0.3301,0.01,0.000006
4.1500,0.002584,0.012165,-0.016586,0.0510,-0.1529,0.3322,0.01,0.000006
4.1600,0.003084,0.010624,-0.013258,0.0492,-0.1550,0.3331,0.01,0.000006
4.1700,0.003565,0.009065,-0.009928,0.0472,-0.1566,0.3327,0.01,0.000006
4.1800,0.004026,0.007494,-0.006608,0.0451,-0.1575,0.3312,0.01,0.000006
4.1900,0.004465,0.005916,-0.003310,0.0429,-0.1579,0.3284,0.01,0.000006
4.2000,0.004880,0.004338,-0.000047,0.0405,-0.1577,0.3245,0.00,0.000006
4.2100,0.005271,0.002765,0.003171,0.0380,-0.1569,0.3194,0.00,0.000006
4.2200,0.005637,0.001203,0.006331,0.0353,-0.1555,0.3132,0.00,0.000006
4.2300,0.005975,-0.000342,0.009424,0.0326,-0.1536,0.3059,-0.00,0.000006
4.2400,0.006286,-0.001865,0.012439,0.0298,-0.1512,0.2976,-0.00,0.000006
4.2500,0.006568,-0.003361,0.015365,0.0269,-0.1482,0.2883,-0.00,0.000006
4.2600,0.006822,-0.004824,0.018192,0.0240,-0.1447,0.2781,-0.00,0.000006
4.2700,0.007045,-0.006249,0.020913,0.0210,-0.1406,0.2669,-0.01,0.000006
4.2800,0.007239,-0.007631,0.023517,0.0180,-0.1362,0.2549,-0.01,0.000006
4.2900,0.007403,-0.008966,0.025996,0.0150,-0.1312,0.2422,-0.01,0.000006
4.3000,0.007537,-0.010248,0.028344,0.0120,-0.1258,0.2286,-0.01,0.000006
4.3100,0.007640,-0.011475,0.030553,0.0090,-0.1200,0.2144,-0.01,0.000006
4.3200,0.007714,-0.012642,0.032617,0.0060,-0.1138,0.1996,-0.01,0.000006
4.3300,0.007757,-0.013744,0.034529,0.0030,-0.1073,0.1843,-0.01,0.000006
4.3400,0.007771,-0.014780,0.036285,0.0001,-0.1004,0.1685,-0.02,0.000006
4.3500,0.007756,-0.015745,0.037881,-0.0028,-0.0933,0.1522,-0.02,0.000006
4.3600,0.007712,-0.016638,0.039312,-0.0056,-0.0859,0.1356,-0.02,0.000006
4.3700,0.007640,-0.017455,0.040576,-0.0084,-0.0783,0.1188,-0.02,0.000006
4.3800,0.007542,-0.018194,0.041670,-0.0111,-0.0704,0.1017,-0.02,0.000006
4.3900,0.007416,-0.018855,0.042592,-0.0137,-0.0624,0.0845,-0.02,0.000006
4.4000,0.007265,-0.019435,0.043342,-0.0162,-0.0543,0.0672,-0.02,0.000006
4.4100,0.007090,-0.019933,0.043918,-0.0186,-0.0461,0.0499,-0.02,0.000006
4.4200,0.006890,-0.020350,0.044322,-0.0210,-0.0379,0.0326,-0.02,0.000006
4.4300,0.006669,-0.020683,0.044554,-0.0232,-0.0296,0.0155,-0.02,0.000006
4.4400,0.006425,-0.020934,0.044617,-0.0253,-0.0214,-0.0014,-0.02,0.000006
4.4500,0.006162,-0.021103,0.044511,-0.0272,-0.0132,-0.0180,-0.02,0.000006
4.4600,0.005879,-0.021190,0.044241,-0.0291,-0.0051,-0.0344,-0.02,0.000006
4.4700,0.005579,-0.021196,0.043809,-0.0308,0.0030,-0.0503,-0.02,0.000006
4.4800,0.005263,-0.021123,0.043220,-0.0323,0.0108,-0.0659,-0.02,0.000006
4.4900,0.004931,-0.020972,0.042478,-0.0338,0.0186,-0.0809,-0.02,0.000006
4.5000,0.004586,-0.020745,0.041588,-0.0351,0.0261,-0.0955,-0.02,0.000006
4.5100,0.004229,-0.020444,0.040556,-0.0362,0.0334,-0.1094,-0.02,0.000006
4.5200,0.003861,-0.020071,0.039387,-0.0372,0.0404,-0.1228,-0.02,0.000006
4.5300,0.003484,-0.019629,0.038089,-0.0381,0.0472,-0.1355,-0.02,0.000006
4.5400,0.003099,-0.019120,0.036668,-0.0388,0.0538,-0.1475,-0.02,0.000006
4.5500,0.002708,-0.018548,0.035131,-0.0393,0.0600,-0.1587,-0.02,0.000006
4.5600,0.002313,-0.017916,0.033485,-0.0397,0.0659,-0.1692,-0.02,0.000006
4.5700,0.001914,-0.017226,0.031738,-0.0400,0.0715,-0.1790,-0.02,0.000006
4.5800,0.001514,-0.016482,0.029899,-0.0400,0.0767,-0.1879,-0.02,0.000006
4.5900,0.001114,-0.015688,0.027975,-0.0400,0.0816,-0.1959,-0.02,0.000006
4.6000,0.000715,-0.014847,0.025975,-0.0398,0.0861,-0.2032,-0.02,0.000006
4.6100,0.000319,-0.013964,0.023908,-0.0394,0.0902,-0.2096,-0.01,0.000006
4.6200,-0.000072,-0.013042,0.021781,-0.0389,0.0939,-0.2151,-0.01,0.000006
4.6300,-0.000458,-0.012084,0.019604,-0.0383,0.0972,-0.2197,-0.01,0.000006
4.6400,-0.000836,-0.011096,0.017385,-0.0375,0.1001,-0.2235,-0.01,0.000006
4.6500,-0.001206,-0.010080,0.015134,-0.0366,0.1026,-0.2263,-0.01,0.000006
4.6600,-0.001566,-0.009042,0.012859,-0.0355,0.1047,-0.2283,-0.01,0.000006
4.6700,-0.001915,-0.007985,0.010569,-0.0344,0.1064,-0.2295,-0.01,0.000006
4.6800,-0.002252,-0.006913,0.008272,-0.0331,0.1077,-0.2297,-0.01,0.000006
4.6900,-0.002576,-0.005831,0.005978,-0.0317,0.1086,-0.2291,-0.01,0.000006
4.7000,-0.002885,-0.004742,0.003694,-0.0302,0.1090,-0.2277,-0.00,0.000006
4.7100,-0.003179,-0.003651,0.001428,-0.0287,0.1091,-0.2254,-0.00,0.000006
4.7200,-0.003457,-0.002562,-0.000810,-0.0270,0.1087,-0.2224,-0.00,0.000006
4.7300,-0.003717,-0.001479,-0.003013,-0.0253,0.1080,-0.2185,-0.00,0.000006
4.7400,-0.003960,-0.000405,-0.005173,-0.0235,0.1068,-0.2139,-0.00,0.000006
4.7500,-0.004185,0.000655,-0.007284,-0.0216,0.1053,-0.2086,0.00,0.000006
4.7600,-0.004390,0.001698,-0.009337,-0.0197,0.1034,-0.2026,0.00,0.000006
4.7700,-0.004576,0.002720,-0.011326,-0.0177,0.1011,-0.1959,0.00,0.000006
4.7800,-0.004742,0.003718,-0.013245,-0.0157,0.0985,-0.1885,0.00,0.000006
4.7900,-0.004888,0.004687,-0.015087,-0.0137,0.0956,-0.1806,0.00,0.000006
4.8000,-0.005014,0.005626,-0.016846,-0.0116,0.0924,-0.1721,0.01,0.000006
4.8100,-0.005119,0.006530,-0.018518,-0.0096,0.0888,-0.1631,0.01,0.000006
4.8200,-0.005203,0.007397,-0.020097,-0.0075,0.0850,-0.1536,0.01,0.000006
4.8300,-0.005267,0.008224,-0.021578,-0.0054,0.0808,-0.1436,0.01,0.000006
4.8400,-0.005310,0.009009,-0.022957,-0.0034,0.0765,-0.1333,0.01,0.000006
4.8500,-0.005332,0.009748,-0.024232,-0.0013,0.0719,-0.1226,0.01,0.000006
4.8600,-0.005335,0.010441,-0.025397,0.0007,0.0671,-0.1116,0.01,0.000006
4.8700,-0.005317,0.011085,-0.026451,0.0026,0.0621,-0.1003,0.01,0.000006
4.8800,-0.005280,0.011678,-0.027391,0.0046,0.0570,-0.0888,0.01,0.000006
4.8900,-0.005224,0.012219,-0.028216,0.0064,0.0517,-0.0772,0.01,0.000006
4.9000,-0.005150,0.012706,-0.028923,0.0083,0.0463,-0.0654,0.01,0.000006
4.9100,-0.005057,0.013139,-0.029513,0.0101,0.0408,-0.0536,0.01,0.000006
4.9200,-0.004947,0.013516,-0.029983,0.0118,0.0352,-0.0417,0.01,0.000006
4.9300,-0.004820,0.013837,-0.030335,0.0134,0.0296,-0.0299,0.01,0.000006
4.9400,-0.004678,0.014102,-0.030569,0.0150,0.0239,-0.0181,0.01,0.000006
4.9500,-0.004519,0.014310,-0.030685,0.0165,0.0183,-0.0064,0.01,0.000006
4.9600,-0.004347,0.014462,-0.030685,0.0179,0.0126,0.0052,0.01,0.000006
4.9700,-0.004161,0.014558,-0.030571,0.0192,0.0070,0.0165,0.01,0.000006
4.9800,-0.003962,0.014597,-0.030344,0.0204,0.0015,0.0277,0.01,0.000006
4.9900,-0.003751,0.014582,-0.030007,0.0216,-0.0040,0.0385,0.01,0.000006
5.0000,-0.003529,0.014512,-0.029564,0.0226,-0.0094,0.0491,0.01,0.000006
5.0100,-0.003298,0.014390,-0.029016,0.0236,-0.0146,0.0593,0.01,0.000006
5.0200,-0.003057,0.014215,-0.028369,0.0244,-0.0197,0.0692,0.01,0.000006
5.0300,-0.002809,0.013990,-0.027625,0.0252,-0.0247,0.0786,0.01,0.000006
5.0400,-0.002553,0.013717,-0.026789,0.0258,-0.0295,0.0876,0.01,0.000006
5.0500,-0.002292,0.013396,-0.025865,0.0264,-0.0341,0.0962,0.01,0.000006
5.0600,-0.002026,0.013030,-0.024859,0.0268,-0.0386,0.1042,0.01,0.000006
5.0700,-0.001756,0.012621,-0.023774,0.0271,-0.0428,0.1118,0.01,0.000006
5.0800,-0.001484,0.012171,-0.022617,0.0273,-0.0468,0.1189,0.01,0.000006
5.0900,-0.001210,0.011682,-0.021392,0.0275,-0.0505,0.1253,0.01,0.000006
5.1000,-0.000935,0.011157,-0.020105,0.0275,-0.0541,0.1313,0.01,0.000006
5.1100,-0.000661,0.010598,-0.018763,0.0274,-0.0573,0.1366,0.01,0.000006
5.1200,-0.000388,0.010008,-0.017369,0.0272,-0.0603,0.1414,0.01,0.000006
5.1300,-0.000118,0.009389,-0.015932,0.0269,-0.0631,0.1456,0.01,0.000006
5.1400,0.000149,0.008745,-0.014456,0.0265,-0.0656,0.1492,0.01,0.000006
5.1500,0.000412,0.008077,-0.012947,0.0260,-0.0677,0.1521,0.01,0.000006
5.1600,0.000669,0.007388,-0.011412,0.0255,-0.0697,0.1545,0.01,0.000006
5.1700,0.000920,0.006683,-0.009857,0.0248,-0.0713,0.1563,0.01,0.000006
5.1800,0.001164,0.005962,-0.008288,0.0241,-0.0726,0.1574,0.01,0.000006
5.1900,0.001401,0.005230,-0.006710,0.0232,-0.0737,0.1580,0.01,0.000006
5.2000,0.001628,0.004489,-0.005130,0.0223,-0.0744,0.1579,0.00,0.000006
5.2100,0.001846,0.003741,-0.003554,0.0214,-0.0749,0.1573,0.00,0.000006
5.2200,0.002054,0.002991,-0.001987,0.0203,-0.0751,0.1561,0.00,0.000006
5.2300,0.002252,0.002240,-0.000435,0.0192,-0.0750,0.1543,0.00,0.000006
5.2400,0.002438,0.001491,0.001096,0.0181,-0.0747,0.1520,0.00,0.000006
5.2500,0.002612,0.000748,0.002600,0.0169,-0.0740,0.1492,0.00,0.000006
5.2600,0.002774,0.000012,0.004074,0.0156,-0.0731,0.1458,-0.00,0.000006
5.2700,0.002923,-0.000713,0.005511,0.0143,-0.0720,0.1419,-0.00,0.000006
5.2800,0.003060,-0.001425,0.006907,0.0130,-0.0706,0.1376,-0.00,0.000006
5.2900,0.003182,-0.002122,0.008258,0.0117,-0.0689,0.1328,-0.00,0.000006
5.3000,0.003292,-0.002801,0.009558,0.0103,-0.0670,0.1276,-0.00,0.000006
5.3100,0.003387,-0.003459,0.010804,0.0089,-0.0649,0.1220,-0.00,0.000006
5.3200,0.003468,-0.004096,0.011991,0.0075,-0.0626,0.1161,-0.00,0.000006
5.3300,0.003535,-0.004708,0.013117,0.0061,-0.0601,0.1097,-0.00,0.000006
5.3400,0.003588,-0.005294,0.014178,0.0047,-0.0573,0.1031,-0.01,0.000006
5.3500,0.003627,-0.005851,0.015171,0.0032,-0.0544,0.0961,-0.01,0.000006
5.3600,0.003651,-0.006379,0.016093,0.0018,-0.0514,0.0889,-0.01,0.000006
5.3700,0.003662,-0.006875,0.016942,0.0005,-0.0482,0.0815,-0.01,0.000006
5.3800,0.003659,-0.007339,0.017715,-0.0009,-0.0449,0.0739,-0.01,0.000006
5.3900,0.003643,-0.007769,0.018412,-0.0023,-0.0414,0.0661,-0.01,0.000006
5.4000,0.003613,-0.008163,0.019029,-0.0036,-0.0378,0.0582,-0.01,0.000006
5.4100,0.003570,-0.008521,0.019567,-0.0049,-0.0342,0.0502,-0.01,0.000006
5.4200,0.003514,-0.008842,0.020024,-0.0061,-0.0304,0.0421,-0.01,0.000006
5.4300,0.003447,-0.009126,0.020400,-0.0073,-0.0267,0.0339,-0.01,0.000006
5.4400,0.003367,-0.009372,0.020695,-0.0085,-0.0228,0.0258,-0.01,0.000006
5.4500,0.003276,-0.009578,0.020908,-0.0096,-0.0190,0.0177,-0.01,0.000006
5.4600,0.003174,-0.009747,0.021040,-0.0107,-0.0151,0.0096,-0.01,0.000006
5.4700,0.003062,-0.009876,0.021092,-0.0117,-0.0112,0.0016,-0.01,0.000006
5.4800,0.002940,-0.009967,0.021064,-0.0126,-0.0073,-0.0063,-0.01,0.000006
5.4900,0.002809,-0.010019,0.020959,-0.0135,-0.0035,-0.0140,-0.01,0.000006
5.5000,0.002669,-0.010033,0.020776,-0.0143,0.0003,-0.0216,-0.01,0.000006
5.5100,0.002522,-0.010010,0.020519,-0.0151,0.0040,-0.0290,-0.01,0.000006
5.5200,0.002367,-0.009949,0.020190,-0.0158,0.0077,-0.0362,-0.01,0.000006
5.5300,0.002206,-0.009853,0.019790,-0.0164,0.0113,-0.0431,-0.01,0.000006
5.5400,0.002039,-0.009721,0.019322,-0.0170,0.0148,-0.0498,-0.01,0.000006
5.5500,0.001866,-0.009555,0.018789,-0.0175,0.0181,-0.0562,-0.01,0.000006
5.5600,0.001689,-0.009355,0.018193,-0.0179,0.0214,-0.0622,-0.01,0.000006
5.5700,0.001509,-0.009124,0.017539,-0.0182,0.0245,-0.0680,-0.01,0.000006
5.5800,0.001325,-0.008862,0.016829,-0.0185,0.0275,-0.0734,-0.01,0.000006
5.5900,0.001139,-0.008571,0.016066,-0.0187,0.0304,-0.0785,-0.01,0.000006
5.6000,0.000952,-0.008252,0.015255,-0.0188,0.0331,-0.0832,-0.01,0.000006
5.6100,0.000763,-0.007908,0.014398,-0.0189,0.0356,-0.0876,-0.01,0.000006
5.6200,0.000575,-0.007539,0.013501,-0.0188,0.0380,-0.0915,-0.01,0.000006
5.6300,0.000387,-0.007147,0.012566,-0.0187,0.0402,-0.0950,-0.01,0.000006
5.6400,0.000200,-0.006734,0.011598,-0.0186,0.0422,-0.0982,-0.01,0.000006
5.6500,0.000016,-0.006302,0.010601,-0.0184,0.0440,-0.1009,-0.01,0.000006
5.6600,-0.000166,-0.005853,0.009578,-0.0181,0.0456,-0.1032,-0.01,0.000006
5.6700,-0.000345,-0.005389,0.008535,-0.0177,0.0471,-0.1051,-0.01,0.000006
5.6800,-0.000520,-0.004911,0.007476,-0.0173,0.0483,-0.1066,-0.00,0.000006
5.6900,-0.000691,-0.004422,0.006403,-0.0168,0.0494,-0.1077,-0.00,0.000006
5.7000,-0.000856,-0.003924,0.005323,-0.0163,0.0502,-0.1083,-0.00,0.000006
5.7100,-0.001016,-0.003418,0.004238,-0.0157,0.0509,-0.1086,-0.00,0.000006
5.7200,-0.001170,-0.002907,0.003153,-0.0151,0.0513,-0.1084,-0.00,0.000006
5.7300,-0.001317,-0.002392,0.002072,-0.0144,0.0516,-0.1078,-0.00,0.000006
5.7400,-0.001457,-0.001876,0.000999,-0.0137,0.0516,-0.1068,-0.00,0.000006
5.7500,-0.001590,-0.001361,-0.000062,-0.0129,0.0515,-0.1055,-0.00,0.000006
5.7600,-0.001715,-0.000847,-0.001108,-0.0121,0.0512,-0.1038,-0.00,0.000006
5.7700,-0.001832,-0.000338,-0.002135,-0.0113,0.0507,-0.1017,-0.00,0.000006
5.7800,-0.001940,0.000165,-0.003139,-0.0104,0.0500,-0.0993,0.00,0.000006
5.7900,-0.002039,0.000660,-0.004116,-0.0095,0.0491,-0.0965,0.00,0.000006
5.8000,-0.002129,0.001146,-0.005065,-0.0086,0.0481,-0.0934,0.00,0.000006
5.8100,-0.002210,0.001620,-0.005980,-0.0077,0.0469,-0.0900,0.00,0.000006
5.8200,-0.002282,0.002082,-0.006860,-0.0067,0.0455,-0.0863,0.00,0.000006
5.8300,-0.002344,0.002529,-0.007702,-0.0058,0.0440,-0.0824,0.00,0.000006
5.8400,-0.002397,0.002960,-0.008504,-0.0048,0.0424,-0.0782,0.00,0.000006
5.8500,-0.002439,0.003374,-0.009262,-0.0038,0.0406,-0.0738,0.00,0.000006
5.8600,-0.002472,0.003770,-0.009974,-0.0029,0.0387,-0.0692,0.00,0.000006
5.8700,-0.002496,0.004146,-0.010639,-0.0019,0.0367,-0.0643,0.00,0.000006
5.8800,-0.002510,0.004501,-0.011255,-0.0009,0.0345,-0.0593,0.00,0.000006
5.8900,-0.002514,0.004834,-0.011820,0.0000,0.0323,-0.0542,0.00,0.000006
5.9000,-0.002508,0.005144,-0.012333,0.0009,0.0300,-0.0489,0.01,0.000006
5.9100,-0.002494,0.005431,-0.012793,0.0019,0.0276,-0.0435,0.01,0.000006
5.9200,-0.002470,0.005693,-0.013198,0.0028,0.0251,-0.0381,0.01,0.000006
5.9300,-0.002438,0.005930,-0.013548,0.0036,0.0226,-0.0325,0.01,0.000006
5.9400,-0.002397,0.006142,-0.013843,0.0045,0.0200,-0.0270,0.01,0.000006
5.9500,-0.002348,0.006327,-0.014082,0.0053,0.0174,-0.0214,0.01,0.000006
5.9600,-0.002290,0.006487,-0.014265,0.0061,0.0148,-0.0158,0.01,0.000006
5.9700,-0.002225,0.006620,-0.014392,0.0068,0.0121,-0.0102,0.01,0.000006
5.9800,-0.002153,0.006726,-0.014464,0.0076,0.0094,-0.0047,0.01,0.000006
5.9900,-0.002074,0.006806,-0.014481,0.0082,0.0068,0.0008,0.01,0.000006
6.0000,-0.001988,0.006859,-0.014444,0.0089,0.0041,0.0061,0.01,0.000006
6.0100,-0.001896,0.006886,-0.014354,0.0095,0.0015,0.0114,0.01,0.000006
6.0200,-0.001798,0.006887,-0.014211,0.0100,-0.0011,0.0166,0.01,0.000006
6.0300,-0.001695,0.006862,-0.014018,0.0105,-0.0036,0.0216,0.01,0.000006
6.0400,-0.001587,0.006813,-0.013775,0.0110,-0.0061,0.0265,0.01,0.000006
6.0500,-0.001475,0.006738,-0.013484,0.0114,-0.0085,0.0312,0.01,0.000006
6.0600,-0.001359,0.006639,-0.013148,0.0118,-0.0109,0.0357,0.01,0.000006
6.0700,-0.001240,0.006518,-0.012767,0.0121,-0.0132,0.0400,0.01,0.000006
6.0800,-0.001117,0.006373,-0.012344,0.0123,-0.0154,0.0441,0.01,0.000006
6.0900,-0.000992,0.006207,-0.011882,0.0126,-0.0175,0.0480,0.01,0.000006
6.1000,-0.000866,0.006021,-0.011382,0.0127,-0.0196,0.0516,0.01,0.000006
6.1100,-0.000738,0.005814,-0.010847,0.0128,-0.0215,0.0550,0.01,0.000006
6.1200,-0.000609,0.005589,-0.010279,0.0129,-0.0233,0.0582,0.01,0.000006
6.1300,-0.000480,0.005347,-0.009681,0.0129,-0.0250,0.0611,0.01,0.000006
6.1400,-0.000350,0.005088,-0.009056,0.0129,-0.0266,0.0637,0.01,0.000006
6.1500,-0.000222,0.004814,-0.008406,0.0128,-0.0281,0.0660,0.00,0.000006
6.1600,-0.000094,0.004526,-0.007734,0.0127,-0.0294,0.0681,0.00,0.000006
6.1700,0.000032,0.004225,-0.007043,0.0125,-0.0306,0.0699,0.00,0.000006
6.1800,0.000156,0.003913,-0.006336,0.0123,-0.0317,0.0713,0.00,0.000006
6.1900,0.000278,0.003591,-0.005616,0.0121,-0.0326,0.0726,0.00,0.000006
6.2000,0.000397,0.003260,-0.004885,0.0118,-0.0334,0.0735,0.00,0.000006
6.2100,0.000513,0.002922,-0.004147,0.0114,-0.0341,0.0741,0.00,0.000006
6.2200,0.000625,0.002577,-0.003404,0.0111,-0.0346,0.0745,0.00,0.000006
6.2300,0.000734,0.002229,-0.002659,0.0106,-0.0350,0.0745,0.00,0.000006
6.2400,0.000838,0.001877,-0.001914,0.0102,-0.0353,0.0743,0.00,0.000006
6.2500,0.000937,0.001523,-0.001174,0.0097,-0.0354,0.0738,0.00,0.000006
6.2600,0.001031,0.001168,-0.000439,0.0092,-0.0354,0.0731,0.00,0.000006
6.2700,0.001121,0.000815,0.000286,0.0087,-0.0353,0.0721,0.00,0.000006
6.2800,0.001204,0.000463,0.001000,0.0081,-0.0350,0.0708,0.00,0.000006
6.2900,0.001283,0.000115,0.001699,0.0075,-0.0346,0.0693,0.00,0.000006
6.3000,0.001355,-0.000229,0.002383,0.0069,-0.0341,0.0675,-0.00,0.000006
6.3100,0.001421,-0.000567,0.003047,0.0063,-0.0335,0.0655,-0.00,0.000006
6.3200,0.001481,-0.000898,0.003691,0.0057,-0.0327,0.0634,-0.00,0.000006
6.3300,0.001534,-0.001221,0.004311,0.0051,-0.0319,0.0610,-0.00,0.000006
6.3400,0.001581,-0.001534,0.004907,0.0044,-0.0309,0.0584,-0.00,0.000006
6.3500,0.001621,-0.001838,0.005475,0.0037,-0.0298,0.0556,-0.00,0.000006
6.3600,0.001655,-0.002130,0.006016,0.0031,-0.0287,0.0527,-0.00,0.000006
6.3700,0.001682,-0.002410,0.006525,0.0024,-0.0274,0.0496,-0.00,0.000006
6.3800,0.001703,-0.002677,0.007004,0.0017,-0.0261,0.0464,-0.00,0.000006
6.3900,0.001717,-0.002930,0.007449,0.0011,-0.0247,0.0430,-0.00,0.000006
6.4000,0.001724,-0.003168,0.007860,0.0004,-0.0232,0.0395,-0.00,0.000006
6.4100,0.001724,-0.003392,0.008236,-0.0002,-0.0216,0.0360,-0.00,0.000006
6.4200,0.001719,-0.003599,0.008576,-0.0009,-0.0200,0.0323,-0.00,0.000006
6.4300,0.001707,-0.003790,0.008878,-0.0015,-0.0184,0.0286,-0.00,0.000006
6.4400,0.001689,-0.003965,0.009144,-0.0021,-0.0166,0.0249,-0.00,0.000006
6.4500,0.001664,-0.004121,0.009372,-0.0027,-0.0149,0.0210,-0.00,0.000006
6.4600,0.001634,-0.004261,0.009561,-0.0033,-0.0131,0.0172,-0.00,0.000006
6.4700,0.001599,-0.004382,0.009712,-0.0038,-0.0113,0.0134,-0.00,0.000006
6.4800,0.001557,-0.004485,0.009825,-0.0044,-0.0095,0.0096,-0.00,0.000006
6.4900,0.001511,-0.004571,0.009899,-0.0049,-0.0077,0.0057,-0.00,0.000006
6.5000,0.001460,-0.004637,0.009936,-0.0053,-0.0059,0.0020,-0.00,0.000006
6.5100,0.001404,-0.004686,0.009935,-0.0058,-0.0040,-0.0018,-0.00,0.000006
6.5200,0.001343,-0.004717,0.009897,-0.0062,-0.0022,-0.0054,-0.00,0.000006
6.5300,0.001279,-0.004729,0.009823,-0.0066,-0.0004,-0.0090,-0.00,0.000006
6.5400,0.001211,-0.004724,0.009713,-0.0070,0.0013,-0.0125,-0.00,0.000006
6.5500,0.001139,-0.004701,0.009569,-0.0073,0.0031,-0.0159,-0.00,0.000006
6.5600,0.001064,-0.004661,0.009391,-0.0076,0.0048,-0.0193,-0.00,0.000006
6.5700,0.000986,-0.004604,0.009181,-0.0079,0.0064,-0.0224,-0.00,0.000006
6.5800,0.000905,-0.004531,0.008940,-0.0082,0.0080,-0.0255,-0.00,0.000006
6.5900,0.000823,-0.004442,0.008669,-0.0084,0.0096,-0.0284,-0.00,0.000006
6.6000,0.000738,-0.004338,0.008370,-0.0085,0.0111,-0.0312,-0.00,0.000006
6.6100,0.000652,-0.004220,0.008043,-0.0087,0.0125,-0.0338,-0.00,0.000006
6.6200,0.000565,-0.004087,0.007692,-0.0088,0.0139,-0.0362,-0.00,0.000006
6.6300,0.000477,-0.003941,0.007317,-0.0088,0.0152,-0.0385,-0.00,0.000006
6.6400,0.000388,-0.003782,0.006920,-0.0089,0.0164,-0.0406,-0.00,0.000006
6.6500,0.000299,-0.003612,0.006503,-0.0089,0.0175,-0.0425,-0.00,0.000006
6.6600,0.000211,-0.003431,0.006068,-0.0088,0.0186,-0.0443,-0.00,0.000006
6.6700,0.000123,-0.003239,0.005617,-0.0088,0.0196,-0.0458,-0.00,0.000006
6.6800,0.000035,-0.003038,0.005152,-0.0087,0.0205,-0.0472,-0.00,0.000006
6.6900,-0.000051,-0.002829,0.004673,-0.0086,0.0213,-0.0483,-0.00,0.000006
6.7000,-0.000136,-0.002613,0.004185,-0.0084,0.0220,-0.0493,-0.00,0.000006
6.7100,-0.000219,-0.002389,0.003688,-0.0082,0.0226,-0.0500,-0.00,0.000006
6.7200,-0.000300,-0.002160,0.003184,-0.0080,0.0231,-0.0506,-0.00,0.000006
6.7300,-0.000378,-0.001927,0.002676,-0.0078,0.0235,-0.0510,-0.00,0.000006
6.7400,-0.000454,-0.001689,0.002165,-0.0075,0.0239,-0.0511,-0.00,0.000006
6.7500,-0.000528,-0.001449,0.001654,-0.0072,0.0241,-0.0511,-0.00,0.000006
6.7600,-0.000598,-0.001207,0.001144,-0.0069,0.0243,-0.0509,-0.00,0.000006
6.7700,-0.000665,-0.000964,0.000637,-0.0066,0.0243,-0.0505,-0.00,0.000006
6.7800,-0.000729,-0.000720,0.000135,-0.0062,0.0243,-0.0499,-0.00,0.000006
6.7900,-0.000789,-0.000478,-0.000361,-0.0058,0.0242,-0.0492,-0.00,0.000006
6.8000,-0.000845,-0.000237,-0.000848,-0.0054,0.0240,-0.0483,-0.00,0.000006
6.8100,-0.000897,0.000001,-0.001324,-0.0050,0.0237,-0.0472,0.00,0.000006
6.8200,-0.000945,0.000235,-0.001789,-0.0046,0.0233,-0.0459,0.00,0.000006
6.8300,-0.000989,0.000466,-0.002240,-0.0042,0.0228,-0.0445,0.00,0.000006
6.8400,-0.001029,0.000691,-0.002677,-0.0038,0.0223,-0.0429,0.00,0.000006
6.8500,-0.001064,0.000911,-0.003097,-0.0033,0.0217,-0.0413,0.00,0.000006
6.8600,-0.001095,0.001124,-0.003500,-0.0029,0.0210,-0.0394,0.00,0.000006
6.8700,-0.001121,0.001329,-0.003884,-0.0024,0.0202,-0.0375,0.00,0.000006
6.8800,-0.001142,0.001527,-0.004248,-0.0020,0.0194,-0.0355,0.00,0.000006
6.8900,-0.001160,0.001716,-0.004590,-0.0015,0.0185,-0.0333,0.00,0.000006
6.9000,-0.001172,0.001896,-0.004911,-0.0010,0.0176,-0.0311,0.00,0.000006
6.9100,-0.001180,0.002067,-0.005209,-0.0006,0.0166,-0.0287,0.00,0.000006
6.9200,-0.001184,0.002227,-0.005483,-0.0001,0.0156,-0.0263,0.00,0.000006
6.9300,-0.001183,0.002377,-0.005733,0.0003,0.0145,-0.0239,0.00,0.000006
6.9400,-0.001177,0.002515,-0.005957,0.0007,0.0134,-0.0213,0.00,0.000006
6.9500,-0.001167,0.002643,-0.006157,0.0012,0.0122,-0.0188,0.00,0.000006
6.9600,-0.001154,0.002758,-0.006330,0.0016,0.0110,-0.0162,0.00,0.000006
6.9700,-0.001136,0.002862,-0.006478,0.0020,0.0098,-0.0136,0.00,0.000006
6.9800,-0.001114,0.002953,-0.006599,0.0024,0.0086,-0.0109,0.00,0.000006
6.9900,-0.001088,0.003032,-0.006694,0.0027,0.0074,-0.0083,0.00,0.000006
7.0000,-0.001058,0.003099,-0.006763,0.0031,0.0061,-0.0057,0.00,0.000006
7.0100,-0.001026,0.003153,-0.006805,0.0034,0.0049,-0.0031,0.00,0.000006
7.0200,-0.000989,0.003195,-0.006821,0.0038,0.0036,-0.0005,0.00,0.000006
7.0300,-0.000950,0.003224,-0.006812,0.0041,0.0024,0.0021,0.00,0.000006
7.0400,-0.000907,0.003241,-0.006778,0.0044,0.0011,0.0046,0.00,0.000006
7.0500,-0.000862,0.003246,-0.006719,0.0046,-0.0001,0.0070,0.00,0.000006
7.0600,-0.000814,0.003238,-0.006636,0.0049,-0.0013,0.0094,0.00,0.000006
7.0700,-0.000764,0.003218,-0.006529,0.0051,-0.0025,0.0117,0.00,0.000006
7.0800,-0.000712,0.003187,-0.006400,0.0053,-0.0036,0.0139,0.00,0.000006
7.0900,-0.000658,0.003144,-0.006248,0.0055,-0.0048,0.0161,0.00,0.000006
7.1000,-0.000602,0.003091,-0.006076,0.0056,-0.0059,0.0182,0.00,0.000006
7.1100,-0.000545,0.003026,-0.005883,0.0058,-0.0069,0.0201,0.00,0.000006
7.1200,-0.000487,0.002951,-0.005671,0.0059,-0.0079,0.0220,0.00,0.000006
7.1300,-0.000427,0.002867,-0.005442,0.0060,-0.0089,0.0238,0.00,0.000006
7.1400,-0.000367,0.002772,-0.005195,0.0060,-0.0098,0.0254,0.00,0.000006
7.1500,-0.000307,0.002669,-0.004932,0.0061,-0.0107,0.0269,0.00,0.000006
7.1600,-0.000246,0.002558,-0.004655,0.0061,-0.0115,0.0283,0.00,0.000006
7.1700,-0.000185,0.002438,-0.004365,0.0061,-0.0123,0.0296,0.00,0.000006
7.1800,-0.000124,0.002311,-0.004063,0.0061,-0.0130,0.0307,0.00,0.000006
7.1900,-0.000064,0.002178,-0.003750,0.0060,-0.0136,0.0318,0.00,0.000006
7.2000,-0.000004,0.002038,-0.003427,0.0059,-0.0142,0.0326,0.00,0.000006
7.2100,0.000054,0.001893,-0.003096,0.0058,-0.0148,0.0334,0.00,0.000006
7.2200,0.000112,0.001742,-0.002759,0.0057,-0.0152,0.0340,0.00,0.000006
7.2300,0.000169,0.001588,-0.002416,0.0056,-0.0156,0.0345,0.00,0.000006
7.2400,0.000224,0.001430,-0.002070,0.0054,-0.0160,0.0348,0.00,0.000006
7.2500,0.000277,0.001268,-0.001720,0.0053,-0.0162,0.0350,0.00,0.000006
7.2600,0.000329,0.001105,-0.001369,0.0051,-0.0165,0.0351,0.00,0.000006
7.2700,0.000378,0.000939,-0.001018,0.0049,-0.0166,0.0350,0.00,0.000006
7.2800,0.000426,0.000773,-0.000669,0.0047,-0.0167,0.0349,0.00,0.000006
7.2900,0.000471,0.000606,-0.000322,0.0044,-0.0167,0.0345,0.00,0.000006
7.3000,0.000514,0.000439,0.000021,0.0042,-0.0167,0.0341,0.00,0.000006
7.3100,0.000554,0.000273,0.000359,0.0039,-0.0166,0.0336,0.00,0.000006
7.3200,0.000592,0.000108,0.000691,0.0036,-0.0164,0.0329,0.00,0.000006
7.3300,0.000627,-0.000054,0.001016,0.0034,-0.0162,0.0321,-0.00,0.000006
7.3400,0.000659,-0.000215,0.001332,0.0031,-0.0159,0.0312,-0.00,0.000006
7.3500,0.000688,-0.000372,0.001638,0.0028,-0.0155,0.0302,-0.00,0.000006
7.3600,0.000714,-0.000525,0.001934,0.0025,-0.0152,0.0291,-0.00,0.000006
7.3700,0.000737,-0.000674,0.002219,0.0022,-0.0147,0.0279,-0.00,0.000006
7.3800,0.000757,-0.000819,0.002491,0.0019,-0.0142,0.0266,-0.00,0.000006
7.3900,0.000774,-0.000958,0.002750,0.0016,-0.0137,0.0253,-0.00,0.000006
7.4000,0.000788,-0.001092,0.002995,0.0012,-0.0131,0.0238,-0.00,0.000006
7.4100,0.000799,-0.001220,0.003225,0.0009,-0.0125,0.0223,-0.00,0.000006
7.4200,0.000806,-0.001341,0.003440,0.0006,-0.0118,0.0208,-0.00,0.000006
7.4300,0.000811,-0.001456,0.003639,0.0003,-0.0112,0.0192,-0.00,0.000006
7.4400,0.000812,-0.001563,0.003821,-0.0000,-0.0104,0.0175,-0.00,0.000006
7.4500,0.000811,-0.001663,0.003987,-0.0003,-0.0097,0.0158,-0.00,0.000006
7.4600,0.000806,-0.001756,0.004136,-0.0006,-0.0089,0.0141,-0.00,0.000006
7.4700,0.000798,-0.001841,0.004267,-0.0009,-0.0081,0.0123,-0.00,0.000006
7.4800,0.000788,-0.001917,0.004380,-0.0012,-0.0073,0.0105,-0.00,0.000006
7.4900,0.000775,-0.001986,0.004475,-0.0014,-0.0065,0.0087,-0.00,0.000006
7.5000,0.000759,-0.002046,0.004552,-0.0017,-0.0056,0.0069,-0.00,0.000006
7.5100,0.000740,-0.002097,0.004611,-0.0020,-0.0048,0.0051,-0.00,0.000006
7.5200,0.000719,-0.002140,0.004652,-0.0022,-0.0039,0.0033,-0.00,0.000006
7.5300,0.000696,-0.002175,0.004675,-0.0024,-0.0030,0.0015,-0.00,0.000006
7.5400,0.000670,-0.002200,0.004681,-0.0027,-0.0022,-0.0002,-0.00,0.000006
7.5500,0.000642,-0.002217,0.004669,-0.0029,-0.0013,-0.0020,-0.00,0.000006
7.5600,0.000613,-0.002226,0.004640,-0.0031,-0.0005,-0.0037,-0.00,0.000006
7.5700,0.000581,-0.002227,0.004594,-0.0032,0.0003,-0.0054,-0.00,0.000006
7.5800,0.000548,-0.002219,0.004531,-0.0034,0.0012,-0.0070,-0.00,0.000006
7.5900,0.000513,-0.002202,0.004453,-0.0036,0.0020,-0.0086,-0.00,0.000006
7.6000,0.000477,-0.002178,0.004359,-0.0037,0.0028,-0.0101,-0.00,0.000006
7.6100,0.000439,-0.002146,0.004250,-0.0038,0.0035,-0.0115,-0.00,0.000006
7.6200,0.000400,-0.002107,0.004127,-0.0039,0.0043,-0.0129,-0.00,0.000006
7.6300,0.000361,-0.002060,0.003990,-0.0040,0.0050,-0.0143,-0.00,0.000006
7.6400,0.000321,-0.002007,0.003841,-0.0041,0.0057,-0.0155,-0.00,0.000006
7.6500,0.000280,-0.001946,0.003679,-0.0041,0.0063,-0.0167,-0.00,0.000006
7.6600,0.000238,-0.001880,0.003506,-0.0042,0.0069,-0.0178,-0.00,0.000006
7.6700,0.000197,-0.001807,0.003323,-0.0042,0.0075,-0.0188,-0.00,0.000006
7.6800,0.000155,-0.001729,0.003129,-0.0042,0.0081,-0.0197,-0.00,0.000006
7.6900,0.000113,-0.001645,0.002927,-0.0042,0.0086,-0.0206,-0.00,0.000006
7.7000,0.000072,-0.001556,0.002717,-0.0041,0.0091,-0.0213,-0.00,0.000006
7.7100,0.000030,-0.001463,0.002500,-0.0041,0.0095,-0.0220,-0.00,0.000006
7.7200,-0.000010,-0.001366,0.002277,-0.0040,0.0099,-0.0226,-0.00,0.000006
7.7300,-0.000051,-0.001265,0.002048,-0.0040,0.0102,-0.0231,-0.00,0.000006
7.7400,-0.000090,-0.001161,0.001816,-0.0039,0.0105,-0.0235,-0.00,0.000006
7.7500,-0.000128,-0.001054,0.001579,-0.0038,0.0108,-0.0237,-0.00,0.000006
7.7600,-0.000166,-0.000944,0.001341,-0.0037,0.0110,-0.0240,-0.00,0.000006
7.7700,-0.000202,-0.000833,0.001100,-0.0036,0.0112,-0.0241,-0.00,0.000006
7.7800,-0.000237,-0.000720,0.000860,-0.0034,0.0113,-0.0241,-0.00,0.000006
7.7900,-0.000271,-0.000607,0.000619,-0.0033,0.0114,-0.0240,-0.00,0.000006
7.8000,-0.000303,-0.000492,0.000380,-0.0031,0.0115,-0.0239,-0.00,0.000006
7.8100,-0.000333,-0.000378,0.000142,-0.0030,0.0115,-0.0236,-0.00,0.000006
7.8200,-0.000362,-0.000263,-0.000092,-0.0028,0.0114,-0.0233,-0.00,0.000006
7.8300,-0.000389,-0.000150,-0.000323,-0.0026,0.0113,-0.0229,-0.00,0.000006
7.8400,-0.000414,-0.000037,-0.000549,-0.0024,0.0112,-0.0224,-0.00,0.000006
7.8500,-0.000438,0.000074,-0.000770,-0.0022,0.0110,-0.0218,0.00,0.000006
7.8600,-0.000459,0.000183,-0.000984,-0.0020,0.0108,-0.0212,0.00,0.000006
7.8700,-0.000478,0.000290,-0.001192,-0.0018,0.0106,-0.0205,0.00,0.000006
7.8800,-0.000496,0.000395,-0.001393,-0.0016,0.0103,-0.0197,0.00,0.000006
7.8900,-0.000511,0.000496,-0.001585,-0.0014,0.0100,-0.0189,0.00,0.000006
7.9000,-0.000524,0.000594,-0.001769,-0.0012,0.0096,-0.0180,0.00,0.000006
7.9100,-0.000535,0.000688,-0.001944,-0.0010,0.0093,-0.0170,0.00,0.000006
7.9200,-0.000544,0.000779,-0.002109,-0.0008,0.0089,-0.0160,0.00,0.000006
7.9300,-0.000550,0.000865,-0.002263,-0.0006,0.0084,-0.0150,0.00,0.000006
7.9400,-0.000555,0.000947,-0.002407,-0.0004,0.0080,-0.0139,0.00,0.000006
7.9500,-0.000557,0.001024,-0.002540,-0.0001,0.0075,-0.0128,0.00,0.000006
7.9600,-0.000557,0.001096,-0.002661,0.0001,0.0070,-0.0116,0.00,0.000006
7.9700,-0.000555,0.001163,-0.002771,0.0003,0.0065,-0.0104,0.00,0.000006
7.9800,-0.000551,0.001225,-0.002869,0.0005,0.0059,-0.0092,0.00,0.000006
7.9900,-0.000546,0.001281,-0.002955,0.0007,0.0054,-0.0080,0.00,0.000006
8.0000,-0.000538,0.001332,-0.003028,0.0009,0.0048,-0.0068,0.00,0.000006
8.0100,-0.000528,0.001377,-0.003090,0.0011,0.0042,-0.0056,0.00,0.000006
8.0200,-0.000517,0.001416,-0.003138,0.0012,0.0037,-0.0043,0.00,0.000006
8.0300,-0.000503,0.001450,-0.003175,0.0014,0.0031,-0.0031,0.00,0.000006
8.0400,-0.000488,0.001477,-0.003199,0.0016,0.0025,-0.0019,0.00,0.000006
8.0500,-0.000472,0.001499,-0.003211,0.0017,0.0019,-0.0006,0.00,0.000006
8.0600,-0.000454,0.001514,-0.003211,0.0019,0.0013,0.0006,0.00,0.000006
8.0700,-0.000434,0.001524,-0.003198,0.0020,0.0007,0.0018,0.00,0.000006
8.0800,-0.000413,0.001528,-0.003175,0.0021,0.0001,0.0029,0.00,0.000006
8.0900,-0.000391,0.001527,-0.003139,0.0023,-0.0004,0.0040,0.00,0.000006
8.1000,-0.000368,0.001519,-0.003093,0.0024,-0.0010,0.0052,0.00,0.000006
8.1100,-0.000344,0.001506,-0.003035,0.0025,-0.0015,0.0062,0.00,0.000006
8.1200,-0.000319,0.001488,-0.002967,0.0026,-0.0021,0.0072,0.00,0.000006
8.1300,-0.000293,0.001464,-0.002889,0.0026,-0.0026,0.0082,0.00,0.000006
8.1400,-0.000266,0.001436,-0.002802,0.0027,-0.0031,0.0092,0.00,0.000006
8.1500,-0.000238,0.001402,-0.002705,0.0028,-0.0036,0.0101,0.00,0.000006
8.1600,-0.000211,0.001364,-0.002600,0.0028,-0.0040,0.0109,0.00,0.000006
8.1700,-0.000182,0.001321,-0.002486,0.0028,-0.0045,0.0117,0.00,0.000006
8.1800,-0.000154,0.001274,-0.002365,0.0029,-0.0049,0.0124,0.00,0.000006
8.1900,-0.000125,0.001222,-0.002237,0.0029,-0.0053,0.0131,0.00,0.000006
8.2000,-0.000097,0.001167,-0.002102,0.0029,-0.0057,0.0137,0.00,0.000006
8.2100,-0.000068,0.001109,-0.001962,0.0029,-0.0060,0.0143,0.00,0.000006
8.2200,-0.000040,0.001047,-0.001816,0.0028,-0.0063,0.0148,0.00,0.000006
8.2300,-0.000011,0.000982,-0.001665,0.0028,-0.0066,0.0152,0.00,0.000006
8.2400,0.000016,0.000915,-0.001511,0.0028,-0.0069,0.0156,0.00,0.000006
8.2500,0.000044,0.000845,-0.001353,0.0027,-0.0071,0.0159,0.00,0.000006
8.2600,0.000071,0.000772,-0.001192,0.0027,-0.0073,0.0162,0.00,0.000006
8.2700,0.000097,0.000698,-0.001030,0.0026,-0.0075,0.0163,0.00,0.000006
8.2800,0.000122,0.000623,-0.000865,0.0025,-0.0076,0.0165,0.00,0.000006
8.2900,0.000147,0.000546,-0.000700,0.0024,-0.0077,0.0165,0.00,0.000006
8.3000,0.000170,0.000469,-0.000535,0.0023,-0.0078,0.0165,0.00,0.000006
8.3100,0.000193,0.000390,-0.000370,0.0022,-0.0078,0.0165,0.00,0.000006
8.3200,0.000215,0.000312,-0.000206,0.0021,-0.0079,0.0163,0.00,0.000006
8.3300,0.000235,0.000233,-0.000044,0.0020,-0.0079,0.0161,0.00,0.000006
8.3400,0.000255,0.000155,0.000116,0.0019,-0.0078,0.0159,0.00,0.000006
8.3500,0.000273,0.000077,0.000273,0.0018,-0.0077,0.0156,0.00,0.000006
8.3600,0.000290,-0.000000,0.000427,0.0016,-0.0076,0.0152,-0.00,0.000006
8.3700,0.000305,-0.000076,0.000578,0.0015,-0.0075,0.0148,-0.00,0.000006
8.3800,0.000320,-0.000150,0.000723,0.0014,-0.0074,0.0144,-0.00,0.000006
8.3900,0.000332,-0.000223,0.000865,0.0012,-0.0072,0.0139,-0.00,0.000006
8.4000,0.000344,-0.000294,0.001000,0.0011,-0.0070,0.0133,-0.00,0.000006
8.4100,0.000354,-0.000363,0.001130,0.0009,-0.0068,0.0127,-0.00,0.000006
8.4200,0.000362,-0.000429,0.001255,0.0008,-0.0065,0.0121,-0.00,0.000006
8.4300,0.000369,-0.000493,0.001372,0.0006,-0.0063,0.0115,-0.00,0.000006
8.4400,0.000375,-0.000554,0.001483,0.0005,-0.0060,0.0108,-0.00,0.000006
8.4500,0.000379,-0.000613,0.001587,0.0003,-0.0057,0.0100,-0.00,0.000006
8.4600,0.000381,-0.000668,0.001683,0.0002,-0.0054,0.0093,-0.00,0.000006
8.4700,0.000382,-0.000719,0.001771,0.0000,-0.0050,0.0085,-0.00,0.000006
8.4800,0.000382,-0.000768,0.001852,-0.0001,-0.0047,0.0077,-0.00,0.000006
8.4900,0.000380,-0.000813,0.001925,-0.0002,-0.0043,0.0069,-0.00,0.000006
8.5000,0.000377,-0.000854,0.001989,-0.0004,-0.0039,0.0061,-0.00,0.000006
8.5100,0.000373,-0.000891,0.002045,-0.0005,-0.0036,0.0052,-0.00,0.000006
8.5200,0.000367,-0.000925,0.002093,-0.0006,-0.0032,0.0044,-0.00,0.000006
